Command line invocation:
    /Applications/Xcode.app/Contents/Developer/usr/bin/xcodebuild test-without-building -xctestrun /tmp/tacticalgo-gamefeel-products-20261010-0222/Simulator.xctestrun -destination "platform=iOS Simulator,id=176A7ED7-D56A-41F7-B56C-CBEB9B9774A3" "-only-testing:TacticalGoUITests/PlayableGameTests/testHeroVoiceActualOwnerSixEventsSettingsAndCancellation" "-only-testing:TacticalGoUITests/PlayableGameTests/testThreeHeroSummonsAreRealNativeActionsWithVoiceAndUndo" "-only-testing:TacticalGoUITests/PlayableGameTests/testMagicHandBothOwnersBothTargetsPreviewCancelConfirmAndUndo" "-only-testing:TacticalGoUITests/PlayableGameTests/testWarriorAndRogueNativeSkillsBothOwnersCancelAndUndo" "-only-testing:TacticalGoUITests/PlayableGameTests/testGameFeelCommittedFrameTimingCaptureAndReducedAudioAudit" "-only-testing:TacticalGoUITests/PlayableGameTests/testCozy390RealPushCapturePreviewUndoAndBackground" "-only-testing:TacticalGoUITests/PlayableGameTests/testCozy320NineDenseAndReducedResult" "-only-testing:TacticalGoUITests/PlayableGameTests/testCozyActualVisibleAudioOwnerCancellationAudit" "-only-testing:TacticalGoUITests/PlayableGameTests/testSoundSettingsPersistInComputerMatch" "-only-testing:TacticalGoUITests/PlayableGameTests/testEasyDefaultDifficultyAndSwitchDuringComputerPreview" "-only-testing:TacticalGoUITests/PlayableGameTests/testWhiteHumanGetsComputerBlackOpeningAndHumanUndo" "-only-testing:TacticalGoUITests/PlayableGameTests/testComputerActionsArePresentedSeparatelyBeforeHandover" "-only-testing:TacticalGoUITests/PlayableGameTests/testUndoAfterFirstComputerActionCancelsRemainingPlayback" "-only-testing:TacticalGoUITests/PlayableGameTests/testBackgroundDuringFinalLandingRestoresHumanTurnMessage" "-only-testing:TacticalGoUITests/PlayableGameTests/testMagePushAndCaptureArePresentedFromRealBotEvents" "-only-testing:TacticalGoUITests/PlayableGameTests/testSoloModeComputerCompletesTurnAndUndoReturnsHumanDecision" "-only-testing:TacticalGoUITests/PlayableGameTests/testThinkingUndoDiscardsEvenNonCooperativeLateResult" "-only-testing:TacticalGoUITests/PlayableGameTests/testRestartAndExitInvalidatePendingComputerTurn" "-only-testing:TacticalGoUITests/PlayableGameTests/testSavedMatchRestartsWithResourcesAndUndo" "-only-testing:TacticalGoUITests/PlayableGameTests/testSavedComputerCommittedStepResumesRemainingAP" "-only-testing:TacticalGoUITests/PlayableGameTests/testReplayReadOnlyExportAndReturnToLiveGame" "-only-testing:TacticalGoUITests/PlayableGameTests/testOriginalMatchCandidateCopyKeepsBothSavedRuleVersionsAndResumes" -resultBundlePath artifacts/ios/game-feel-voice-01/S6-native-phone-final.xcresult

2026-10-10 02:20:43.815 xcodebuild[29583:297679] [MT] IDERunDestination: Supported platforms for the buildables in the current scheme is empty.
Writing result bundle at path:
	/Users/pc49-58/.codex/worktrees/cozy-02-integration/TacticalGo/artifacts/ios/game-feel-voice-01/S6-native-phone-final.xcresult

2026-10-10 02:20:43.821 xcodebuild[29583:297679] [MT] IDERunDestination: Supported platforms for the buildables in the current scheme is empty.
--- xcodebuild: WARNING: Using the first of multiple matching destinations:
{ platform:iOS Simulator, arch:arm64, id:176A7ED7-D56A-41F7-B56C-CBEB9B9774A3, OS:18.0, name:TacticalGo ANIM-01 390 }
{ platform:iOS Simulator, arch:x86_64, id:176A7ED7-D56A-41F7-B56C-CBEB9B9774A3, OS:18.0, name:TacticalGo ANIM-01 390 }
2026-10-10 02:20:45.000 xcodebuild[29583:297679] [MT] IDERunDestination: Supported platforms for the buildables in the current scheme is empty.
2026-10-10 02:20:46.646392+0800 TacticalGoUITests-Runner[29589:297966] [Default] Running tests...
Test Suite 'Selected tests' started at 2026-10-10 02:20:47.299.
Test Suite 'TacticalGoUITests.xctest' started at 2026-10-10 02:20:47.300.
Test Suite 'PlayableGameTests' started at 2026-10-10 02:20:47.300.
Test Case '-[TacticalGoUITests.PlayableGameTests testBackgroundDuringFinalLandingRestoresHumanTurnMessage]' started.
    t =     0.00s Start Test at 2026-10-10 02:20:47.300
    t =     0.05s Set Up
    t =     0.05s Open com.tacticalgo.prototype
    t =     0.05s     Launch com.tacticalgo.prototype
2026-10-10 02:20:47.647 xcodebuild[29583:297679] [MT] IDELaunchParametersSnapshot: The operation couldn’t be completed. (DebuggerLLDB.DebuggerVersionStore.StoreError error 0.)
2026-10-10 02:20:47.647 xcodebuild[29583:297679] [MT] IDELaunchParametersSnapshot: no debugger version
    t =     0.76s         Setting up automation session
    t =     1.42s         Wait for com.tacticalgo.prototype to idle
    t =     3.11s Waiting 10.0s for "matchMode" SegmentedControl to exist
    t =     4.17s     Checking `Expect predicate `existsNoRetry == 1` for object "matchMode" SegmentedControl`
    t =     4.17s         Checking existence of `"matchMode" SegmentedControl`
    t =     4.27s Tap "電腦對戰" Button
    t =     4.27s     Wait for com.tacticalgo.prototype to idle
    t =     4.27s     Find the "電腦對戰" Button
    t =     4.29s     Check for interrupting elements affecting "電腦對戰" Button
    t =     4.31s     Synthesize event
    t =     4.60s     Wait for com.tacticalgo.prototype to idle
    t =     4.82s Find the "startMatch" Button
    t =     4.86s Swipe up Target Application 'com.tacticalgo.prototype'
    t =     4.86s     Wait for com.tacticalgo.prototype to idle
    t =     4.86s     Find the Target Application 'com.tacticalgo.prototype'
    t =     4.87s     Check for interrupting elements affecting "TacticalGo" Application
    t =     4.89s     Synthesize event
    t =     5.30s     Wait for com.tacticalgo.prototype to idle
    t =     5.85s Find the "startMatch" Button
    t =     5.88s Tap "startMatch" Button
    t =     5.88s     Wait for com.tacticalgo.prototype to idle
    t =     5.88s     Find the "startMatch" Button
    t =     5.90s     Check for interrupting elements affecting "startMatch" Button
    t =     5.91s     Synthesize event
    t =     6.20s     Wait for com.tacticalgo.prototype to idle
    t =     6.56s Find the "currentTurn" StaticText
    t =     6.59s Waiting 10.0s for "playArena" Other to exist
    t =     7.65s     Checking `Expect predicate `existsNoRetry == 1` for object "playArena" Other`
    t =     7.65s         Checking existence of `"playArena" Other`
    t =     7.69s Tap "playArena" Other[0.50, 0.61]
    t =     7.69s     Wait for com.tacticalgo.prototype to idle
    t =     7.69s     Find the "playArena" Other
    t =     7.72s     Check for interrupting elements affecting "playArena" Other
    t =     7.74s     Synthesize event
    t =     7.74s         Find the "playArena" Other
    t =     7.77s         Find the "playArena" Other
    t =     7.81s         Find the "playArena" Other
    t =     8.12s     Wait for com.tacticalgo.prototype to idle
    t =     8.12s Find the "playConfirm" Button
    t =     8.15s Find the "playArena" Other
    t =     8.18s Tap "playConfirm" Button
    t =     8.18s     Wait for com.tacticalgo.prototype to idle
    t =     8.18s     Find the "playConfirm" Button
    t =     8.21s     Check for interrupting elements affecting "playConfirm" Button
    t =     8.23s     Synthesize event
    t =     8.52s     Wait for com.tacticalgo.prototype to idle
    t =     9.59s Checking `Expect predicate `value == "1/2 準備"` for object "playMessage" StaticText`
    t =     9.59s     Find the "playMessage" StaticText
    t =     9.64s Tap "botReviewAdvance" Button
    t =     9.64s     Wait for com.tacticalgo.prototype to idle
    t =     9.64s     Find the "botReviewAdvance" Button
    t =     9.67s     Check for interrupting elements affecting "botReviewAdvance" Button
    t =     9.70s     Synthesize event
    t =     9.99s     Wait for com.tacticalgo.prototype to idle
    t =    11.04s Checking `Expect predicate `value == "1/2 落定"` for object "playMessage" StaticText`
    t =    11.04s     Find the "playMessage" StaticText
    t =    11.09s Tap "botReviewAdvance" Button
    t =    11.09s     Wait for com.tacticalgo.prototype to idle
    t =    11.09s     Find the "botReviewAdvance" Button
    t =    11.12s     Check for interrupting elements affecting "botReviewAdvance" Button
    t =    11.18s     Synthesize event
    t =    11.47s     Wait for com.tacticalgo.prototype to idle
    t =    12.55s Checking `Expect predicate `value == "2/2 準備"` for object "playMessage" StaticText`
    t =    12.55s     Find the "playMessage" StaticText
    t =    12.60s Tap "botReviewAdvance" Button
    t =    12.60s     Wait for com.tacticalgo.prototype to idle
    t =    12.60s     Find the "botReviewAdvance" Button
    t =    12.63s     Check for interrupting elements affecting "botReviewAdvance" Button
    t =    12.67s     Synthesize event
    t =    12.96s     Wait for com.tacticalgo.prototype to idle
    t =    14.02s Checking `Expect predicate `value == "2/2 落定"` for object "playMessage" StaticText`
    t =    14.02s     Find the "playMessage" StaticText
    t =    14.06s Pressing Home button
    t =    14.53s Open com.tacticalgo.prototype
    t =    14.53s     Activate com.tacticalgo.prototype
    t =    14.99s         Wait for com.tacticalgo.prototype to idle
    t =    15.03s Waiting 5.0s for "botStatus" Any to exist
    t =    16.08s     Checking `Expect predicate `existsNoRetry == 1` for object "botStatus" Any`
    t =    16.09s         Checking existence of `"botStatus" Any`
    t =    17.22s Checking `Expect predicate `value == "已完成1電腦回合"` for object "botStatus" Any`
    t =    17.22s     Find the "botStatus" Any
    t =    17.26s Find the "currentTurn" StaticText
    t =    17.30s Find the "mode-soldier" Button
    t =    17.34s Find the "playMessage" StaticText
    t =    17.50s Added attachment named 'BOT-01-background-final-landing-restored'
    t =    17.50s Tear Down
Test Case '-[TacticalGoUITests.PlayableGameTests testBackgroundDuringFinalLandingRestoresHumanTurnMessage]' passed (17.786 seconds).
Test Case '-[TacticalGoUITests.PlayableGameTests testComputerActionsArePresentedSeparatelyBeforeHandover]' started.
    t =     0.00s Start Test at 2026-10-10 02:21:05.087
    t =     0.03s Set Up
    t =     0.03s Open com.tacticalgo.prototype
    t =     0.03s     Launch com.tacticalgo.prototype
    t =     0.03s         Terminate com.tacticalgo.prototype:29598
2026-10-10 02:21:06.154 xcodebuild[29583:297679] [MT] IDELaunchParametersSnapshot: The operation couldn’t be completed. (DebuggerLLDB.DebuggerVersionStore.StoreError error 0.)
2026-10-10 02:21:06.154 xcodebuild[29583:297679] [MT] IDELaunchParametersSnapshot: no debugger version
    t =     1.30s         Setting up automation session
    t =     2.04s         Wait for com.tacticalgo.prototype to idle
    t =     3.52s Waiting 10.0s for "matchMode" SegmentedControl to exist
    t =     4.56s     Checking `Expect predicate `existsNoRetry == 1` for object "matchMode" SegmentedControl`
    t =     4.56s         Checking existence of `"matchMode" SegmentedControl`
    t =     4.65s Tap "電腦對戰" Button
    t =     4.65s     Wait for com.tacticalgo.prototype to idle
    t =     4.66s     Find the "電腦對戰" Button
    t =     4.69s     Check for interrupting elements affecting "電腦對戰" Button
    t =     4.71s     Synthesize event
    t =     5.02s     Wait for com.tacticalgo.prototype to idle
    t =     5.23s Find the "startMatch" Button
    t =     5.26s Swipe up Target Application 'com.tacticalgo.prototype'
    t =     5.26s     Wait for com.tacticalgo.prototype to idle
    t =     5.26s     Find the Target Application 'com.tacticalgo.prototype'
    t =     5.27s     Check for interrupting elements affecting "TacticalGo" Application
    t =     5.29s     Synthesize event
    t =     5.71s     Wait for com.tacticalgo.prototype to idle
    t =     6.27s Find the "startMatch" Button
    t =     6.40s Tap "startMatch" Button
    t =     6.40s     Wait for com.tacticalgo.prototype to idle
    t =     6.41s     Find the "startMatch" Button
    t =     6.42s     Check for interrupting elements affecting "startMatch" Button
    t =     6.45s     Synthesize event
    t =     6.73s     Wait for com.tacticalgo.prototype to idle
    t =     6.93s Find the "currentTurn" StaticText
    t =     7.01s Waiting 10.0s for "playArena" Other to exist
    t =     8.06s     Checking `Expect predicate `existsNoRetry == 1` for object "playArena" Other`
    t =     8.06s         Checking existence of `"playArena" Other`
    t =     8.10s Tap "playArena" Other[0.50, 0.61]
    t =     8.10s     Wait for com.tacticalgo.prototype to idle
    t =     8.10s     Find the "playArena" Other
    t =     8.14s     Check for interrupting elements affecting "playArena" Other
    t =     8.16s     Synthesize event
    t =     8.16s         Find the "playArena" Other
    t =     8.20s         Find the "playArena" Other
    t =     8.24s         Find the "playArena" Other
    t =     8.56s     Wait for com.tacticalgo.prototype to idle
    t =     8.56s Find the "playConfirm" Button
    t =     8.64s Find the "playArena" Other
    t =     8.68s Tap "playConfirm" Button
    t =     8.68s     Wait for com.tacticalgo.prototype to idle
    t =     8.69s     Find the "playConfirm" Button
    t =     8.73s     Check for interrupting elements affecting "playConfirm" Button
    t =     8.76s     Synthesize event
    t =     9.06s     Wait for com.tacticalgo.prototype to idle
    t =    10.11s Checking `Expect predicate `value == "1/2 準備"` for object "playMessage" StaticText`
    t =    10.11s     Find the "playMessage" StaticText
    t =    10.18s Find the "playMessage" StaticText
    t =    10.22s Checking existence of `"2 AP" StaticText`
    t =    10.39s Added attachment named 'BOT-01-step-1-target-before-commit'
    t =    10.39s Tap "botReviewAdvance" Button
    t =    10.39s     Wait for com.tacticalgo.prototype to idle
    t =    10.39s     Find the "botReviewAdvance" Button
    t =    10.43s     Check for interrupting elements affecting "botReviewAdvance" Button
    t =    10.46s     Synthesize event
    t =    10.75s     Wait for com.tacticalgo.prototype to idle
    t =    11.80s Checking `Expect predicate `value == "1/2 落定"` for object "playMessage" StaticText`
    t =    11.80s     Find the "playMessage" StaticText
    t =    11.85s Checking existence of `"1 AP" StaticText`
    t =    11.91s Find the "mode-soldier" Button
    t =    12.09s Added attachment named 'BOT-01-step-1-action-landed'
    t =    12.09s Tap "botReviewAdvance" Button
    t =    12.09s     Wait for com.tacticalgo.prototype to idle
    t =    12.09s     Find the "botReviewAdvance" Button
    t =    12.15s     Check for interrupting elements affecting "botReviewAdvance" Button
    t =    12.19s     Synthesize event
    t =    12.50s     Wait for com.tacticalgo.prototype to idle
    t =    13.55s Checking `Expect predicate `value == "2/2 準備"` for object "playMessage" StaticText`
    t =    13.55s     Find the "playMessage" StaticText
    t =    13.63s Find the "playMessage" StaticText
    t =    13.66s Find the "playMessage" StaticText
    t =    13.70s Checking existence of `"1 AP" StaticText`
    t =    13.84s Added attachment named 'BOT-01-step-2-target-before-commit'
    t =    13.84s Tap "botReviewAdvance" Button
    t =    13.84s     Wait for com.tacticalgo.prototype to idle
    t =    13.85s     Find the "botReviewAdvance" Button
    t =    13.89s     Check for interrupting elements affecting "botReviewAdvance" Button
    t =    13.92s     Synthesize event
    t =    14.21s     Wait for com.tacticalgo.prototype to idle
    t =    15.27s Checking `Expect predicate `value == "2/2 落定"` for object "playMessage" StaticText`
    t =    15.27s     Find the "playMessage" StaticText
    t =    15.33s Find the "mode-soldier" Button
    t =    15.46s Added attachment named 'BOT-01-step-2-action-landed'
    t =    15.46s Tap "botReviewAdvance" Button
    t =    15.46s     Wait for com.tacticalgo.prototype to idle
    t =    15.46s     Find the "botReviewAdvance" Button
    t =    15.50s     Check for interrupting elements affecting "botReviewAdvance" Button
    t =    15.53s     Synthesize event
    t =    15.82s     Wait for com.tacticalgo.prototype to idle
    t =    15.83s Waiting 5.0s for "botStatus" Any to exist
    t =    16.88s     Checking `Expect predicate `existsNoRetry == 1` for object "botStatus" Any`
    t =    16.88s         Checking existence of `"botStatus" Any`
    t =    17.96s Checking `Expect predicate `value == "已完成1電腦回合"` for object "botStatus" Any`
    t =    17.96s     Find the "botStatus" Any
    t =    18.01s Find the "mode-soldier" Button
    t =    18.04s Find the "currentTurn" StaticText
    t =    18.08s Tear Down
Test Case '-[TacticalGoUITests.PlayableGameTests testComputerActionsArePresentedSeparatelyBeforeHandover]' passed (18.296 seconds).
Test Case '-[TacticalGoUITests.PlayableGameTests testCozy320NineDenseAndReducedResult]' started.
    t =     0.00s Start Test at 2026-10-10 02:21:23.384
    t =     0.02s Set Up
    t =     0.02s Open com.tacticalgo.prototype
    t =     0.03s     Launch com.tacticalgo.prototype
    t =     0.03s         Terminate com.tacticalgo.prototype:29699
2026-10-10 02:21:24.453 xcodebuild[29583:297679] [MT] IDELaunchParametersSnapshot: The operation couldn’t be completed. (DebuggerLLDB.DebuggerVersionStore.StoreError error 0.)
2026-10-10 02:21:24.453 xcodebuild[29583:297679] [MT] IDELaunchParametersSnapshot: no debugger version
    t =     1.28s         Setting up automation session
    t =     1.81s         Wait for com.tacticalgo.prototype to idle
    t =     3.77s Waiting 10.0s for "playArena" Other to exist
    t =     4.82s     Checking `Expect predicate `existsNoRetry == 1` for object "playArena" Other`
    t =     4.82s         Checking existence of `"playArena" Other`
    t =     4.93s Find the "playArena" Other
    t =     4.97s Find the "playArena" Other
    t =     5.09s Added attachment named 'cozy-320-9-dense'
    t =     5.09s Terminate com.tacticalgo.prototype:29792
    t =     6.15s Open com.tacticalgo.prototype
    t =     6.15s     Launch com.tacticalgo.prototype
2026-10-10 02:21:29.540 xcodebuild[29583:297679] [MT] IDELaunchParametersSnapshot: The operation couldn’t be completed. (DebuggerLLDB.DebuggerVersionStore.StoreError error 0.)
2026-10-10 02:21:29.540 xcodebuild[29583:297679] [MT] IDELaunchParametersSnapshot: no debugger version
    t =     6.36s         Setting up automation session
    t =     6.92s         Wait for com.tacticalgo.prototype to idle
2026-10-10 02:21:31.535 xcodebuild[29583:297679] [MT] IDERunDestination: Supported platforms for the buildables in the current scheme is empty.
    t =     8.27s Waiting 10.0s for "playArena" Other to exist
    t =     9.32s     Checking `Expect predicate `existsNoRetry == 1` for object "playArena" Other`
    t =     9.32s         Checking existence of `"playArena" Other`
    t =     9.42s Tap "playArena" Other[0.50, 0.42]
    t =     9.42s     Wait for com.tacticalgo.prototype to idle
    t =     9.42s     Find the "playArena" Other
    t =     9.46s     Check for interrupting elements affecting "playArena" Other
    t =     9.48s     Synthesize event
    t =     9.48s         Find the "playArena" Other
    t =     9.52s         Find the "playArena" Other
    t =     9.56s         Find the "playArena" Other
    t =     9.87s     Wait for com.tacticalgo.prototype to idle
    t =     9.88s Find the "push-Up" Button
    t =     9.92s Tap "push-Up" Button
    t =     9.92s     Wait for com.tacticalgo.prototype to idle
    t =     9.92s     Find the "push-Up" Button
    t =     9.96s     Check for interrupting elements affecting "push-Up" Button
    t =     9.98s     Synthesize event
    t =    10.27s     Wait for com.tacticalgo.prototype to idle
    t =    10.27s Find the "playConfirm" Button
    t =    10.32s Find the "playConfirm" Button
    t =    10.35s Tap "playConfirm" Button
    t =    10.35s     Wait for com.tacticalgo.prototype to idle
    t =    10.36s     Find the "playConfirm" Button
    t =    10.39s     Check for interrupting elements affecting "playConfirm" Button
    t =    10.42s     Synthesize event
    t =    10.70s     Wait for com.tacticalgo.prototype to idle
    t =    10.70s Waiting 5.0s for "黑方獲勝" StaticText to exist
    t =    11.75s     Checking `Expect predicate `existsNoRetry == 1` for object "黑方獲勝" StaticText`
    t =    11.75s         Checking existence of `"黑方獲勝" StaticText`
    t =    11.80s Swipe down Target Application 'com.tacticalgo.prototype'
    t =    11.80s     Wait for com.tacticalgo.prototype to idle
    t =    11.80s     Find the Target Application 'com.tacticalgo.prototype'
    t =    11.82s     Check for interrupting elements affecting "TacticalGo" Application
    t =    11.85s     Synthesize event
    t =    12.27s     Wait for com.tacticalgo.prototype to idle
    t =    12.85s Added attachment named 'cozy-320-9-reduced-captured'
    t =    12.85s Tear Down
Test Case '-[TacticalGoUITests.PlayableGameTests testCozy320NineDenseAndReducedResult]' passed (13.071 seconds).
Test Case '-[TacticalGoUITests.PlayableGameTests testCozy390RealPushCapturePreviewUndoAndBackground]' started.
    t =     0.00s Start Test at 2026-10-10 02:21:36.455
    t =     0.02s Set Up
    t =     0.02s Open com.tacticalgo.prototype
    t =     0.02s     Launch com.tacticalgo.prototype
    t =     0.02s         Terminate com.tacticalgo.prototype:29820
2026-10-10 02:21:37.544 xcodebuild[29583:297679] [MT] IDELaunchParametersSnapshot: The operation couldn’t be completed. (DebuggerLLDB.DebuggerVersionStore.StoreError error 0.)
2026-10-10 02:21:37.544 xcodebuild[29583:297679] [MT] IDELaunchParametersSnapshot: no debugger version
    t =     1.30s         Setting up automation session
    t =     1.79s         Wait for com.tacticalgo.prototype to idle
    t =     3.11s Get all elements bound by index for: Elements matching predicate '"blueResources" IN identifiers'
    t =     3.21s Find the "blueResources" StaticText
    t =     3.24s Find the "blueResources" StaticText
    t =     3.27s Find the "blueResources" StaticText
    t =     3.30s Find the "blueResources" StaticText
    t =     3.42s Added attachment named 'cozy-390-7-before'
    t =     3.42s Waiting 10.0s for "playArena" Other to exist
    t =     4.45s     Checking `Expect predicate `existsNoRetry == 1` for object "playArena" Other`
    t =     4.45s         Checking existence of `"playArena" Other`
    t =     4.49s Tap "playArena" Other[0.63, 0.51]
    t =     4.49s     Wait for com.tacticalgo.prototype to idle
    t =     4.49s     Find the "playArena" Other
    t =     4.52s     Check for interrupting elements affecting "playArena" Other
    t =     4.54s     Synthesize event
    t =     4.54s         Find the "playArena" Other
    t =     4.57s         Find the "playArena" Other
    t =     4.60s         Find the "playArena" Other
    t =     4.92s     Wait for com.tacticalgo.prototype to idle
    t =     4.92s Find the "push-Up" Button
    t =     4.97s Tap "push-Up" Button
    t =     4.97s     Wait for com.tacticalgo.prototype to idle
    t =     4.97s     Find the "push-Up" Button
    t =     5.00s     Check for interrupting elements affecting "push-Up" Button
    t =     5.03s     Synthesize event
    t =     5.31s     Wait for com.tacticalgo.prototype to idle
    t =     5.32s Get all elements bound by index for: Elements matching predicate '"blueResources" IN identifiers'
    t =     5.36s Find the "blueResources" StaticText
    t =     5.39s Find the "blueResources" StaticText
    t =     5.42s Find the "blueResources" StaticText
    t =     5.45s Find the "blueResources" StaticText
    t =     5.57s Added attachment named 'cozy-390-7-preview'
    t =     5.58s Find the "playConfirm" Button
    t =     5.61s Find the "playConfirm" Button
    t =     5.64s Tap "playConfirm" Button
    t =     5.64s     Wait for com.tacticalgo.prototype to idle
    t =     5.65s     Find the "playConfirm" Button
    t =     5.68s     Check for interrupting elements affecting "playConfirm" Button
    t =     5.70s     Synthesize event
    t =     5.99s     Wait for com.tacticalgo.prototype to idle
    t =     5.99s Waiting 5.0s for "黑方獲勝" StaticText to exist
    t =     7.05s     Checking `Expect predicate `existsNoRetry == 1` for object "黑方獲勝" StaticText`
    t =     7.05s         Checking existence of `"黑方獲勝" StaticText`
    t =     7.20s Added attachment named 'cozy-390-7-captured'
    t =     7.20s Tap "undoOrCancel" Button
    t =     7.20s     Wait for com.tacticalgo.prototype to idle
    t =     7.20s     Find the "undoOrCancel" Button
    t =     7.23s     Check for interrupting elements affecting "undoOrCancel" Button
    t =     7.25s     Synthesize event
    t =     7.54s     Wait for com.tacticalgo.prototype to idle
    t =     7.54s Get all elements bound by index for: Elements matching predicate '"blueResources" IN identifiers'
    t =     7.58s Find the "blueResources" StaticText
    t =     7.61s Find the "blueResources" StaticText
    t =     7.65s Find the "blueResources" StaticText
    t =     7.68s Find the "blueResources" StaticText
    t =     7.71s Pressing Home button
    t =     8.18s Open com.tacticalgo.prototype
    t =     8.18s     Activate com.tacticalgo.prototype
    t =     8.64s         Wait for com.tacticalgo.prototype to idle
    t =     8.66s Get all elements bound by index for: Elements matching predicate '"blueResources" IN identifiers'
    t =     8.70s Find the "blueResources" StaticText
    t =     8.73s Find the "blueResources" StaticText
    t =     8.76s Find the "blueResources" StaticText
    t =     8.79s Find the "blueResources" StaticText
    t =     8.82s Tear Down
Test Case '-[TacticalGoUITests.PlayableGameTests testCozy390RealPushCapturePreviewUndoAndBackground]' passed (9.038 seconds).
Test Case '-[TacticalGoUITests.PlayableGameTests testCozyActualVisibleAudioOwnerCancellationAudit]' started.
    t =     0.00s Start Test at 2026-10-10 02:21:45.493
    t =     0.02s Set Up
    t =     0.02s Open com.tacticalgo.prototype
    t =     0.03s     Launch com.tacticalgo.prototype
    t =     0.03s         Terminate com.tacticalgo.prototype:29842
2026-10-10 02:21:46.570 xcodebuild[29583:297679] [MT] IDELaunchParametersSnapshot: The operation couldn’t be completed. (DebuggerLLDB.DebuggerVersionStore.StoreError error 0.)
2026-10-10 02:21:46.570 xcodebuild[29583:297679] [MT] IDELaunchParametersSnapshot: no debugger version
    t =     1.29s         Setting up automation session
    t =     1.74s         Wait for com.tacticalgo.prototype to idle
    t =     3.04s Waiting 10.0s for "cozyAudit" StaticText to exist
    t =     4.06s     Checking `Expect predicate `existsNoRetry == 1` for object "cozyAudit" StaticText`
    t =     4.06s         Checking existence of `"cozyAudit" StaticText`
    t =     4.16s Waiting 10.0s for "cozyAudit" StaticText to exist
2026-10-10 02:21:50.719 xcodebuild[29583:297679] [MT] IDERunDestination: Supported platforms for the buildables in the current scheme is empty.
    t =     5.22s     Checking `Expect predicate `existsNoRetry == 1` for object "cozyAudit" StaticText`
    t =     5.22s         Checking existence of `"cozyAudit" StaticText`
    t =     6.29s Checking `Expect predicate `label BEGINSWITH "PASS"` for object "cozyAudit" StaticText`
    t =     6.29s     Find the "cozyAudit" StaticText
    t =     6.33s     Capturing element debug description
    t =     6.36s         Requesting snapshot of accessibility hierarchy for app with pid 29854
    t =     6.42s         Find: Descendants matching type StaticText
    t =     6.42s         Find: Elements matching predicate '"cozyAudit" IN identifiers'
    t =     6.42s         Requesting snapshot of accessibility hierarchy for app with pid 29854
    t =     6.48s         Find: Descendants matching type StaticText
    t =     6.48s         Requesting snapshot of accessibility hierarchy for app with pid 29854
    t =     7.28s Checking `Expect predicate `label BEGINSWITH "PASS"` for object "cozyAudit" StaticText`
    t =     7.28s     Find the "cozyAudit" StaticText
    t =     7.33s     Capturing element debug description
    t =     7.35s         Requesting snapshot of accessibility hierarchy for app with pid 29854
    t =     7.40s         Find: Descendants matching type StaticText
    t =     7.40s         Find: Elements matching predicate '"cozyAudit" IN identifiers'
    t =     7.40s         Requesting snapshot of accessibility hierarchy for app with pid 29854
    t =     7.46s         Find: Descendants matching type StaticText
    t =     7.46s         Requesting snapshot of accessibility hierarchy for app with pid 29854
    t =     8.28s Checking `Expect predicate `label BEGINSWITH "PASS"` for object "cozyAudit" StaticText`
    t =     8.28s     Find the "cozyAudit" StaticText
    t =     8.33s     Capturing element debug description
    t =     8.35s         Requesting snapshot of accessibility hierarchy for app with pid 29854
    t =     8.41s         Find: Descendants matching type StaticText
    t =     8.41s         Find: Elements matching predicate '"cozyAudit" IN identifiers'
    t =     8.41s         Requesting snapshot of accessibility hierarchy for app with pid 29854
    t =     8.47s         Find: Descendants matching type StaticText
    t =     8.47s         Requesting snapshot of accessibility hierarchy for app with pid 29854
    t =     9.35s Checking `Expect predicate `label BEGINSWITH "PASS"` for object "cozyAudit" StaticText`
    t =     9.35s     Find the "cozyAudit" StaticText
    t =     9.39s     Capturing element debug description
    t =     9.42s         Requesting snapshot of accessibility hierarchy for app with pid 29854
    t =     9.47s         Find: Descendants matching type StaticText
    t =     9.47s         Find: Elements matching predicate '"cozyAudit" IN identifiers'
    t =     9.47s         Requesting snapshot of accessibility hierarchy for app with pid 29854
    t =     9.53s         Find: Descendants matching type StaticText
    t =     9.53s         Requesting snapshot of accessibility hierarchy for app with pid 29854
    t =    10.28s Checking `Expect predicate `label BEGINSWITH "PASS"` for object "cozyAudit" StaticText`
    t =    10.28s     Find the "cozyAudit" StaticText
    t =    10.33s     Capturing element debug description
    t =    10.35s         Requesting snapshot of accessibility hierarchy for app with pid 29854
    t =    10.41s         Find: Descendants matching type StaticText
    t =    10.41s         Find: Elements matching predicate '"cozyAudit" IN identifiers'
    t =    10.41s         Requesting snapshot of accessibility hierarchy for app with pid 29854
    t =    10.46s         Find: Descendants matching type StaticText
    t =    10.47s         Requesting snapshot of accessibility hierarchy for app with pid 29854
    t =    11.34s Checking `Expect predicate `label BEGINSWITH "PASS"` for object "cozyAudit" StaticText`
    t =    11.34s     Find the "cozyAudit" StaticText
    t =    11.37s     Capturing element debug description
    t =    11.40s         Requesting snapshot of accessibility hierarchy for app with pid 29854
    t =    11.45s         Find: Descendants matching type StaticText
    t =    11.46s         Find: Elements matching predicate '"cozyAudit" IN identifiers'
    t =    11.46s         Requesting snapshot of accessibility hierarchy for app with pid 29854
    t =    11.51s         Find: Descendants matching type StaticText
    t =    11.52s         Requesting snapshot of accessibility hierarchy for app with pid 29854
    t =    12.29s Checking `Expect predicate `label BEGINSWITH "PASS"` for object "cozyAudit" StaticText`
    t =    12.29s     Find the "cozyAudit" StaticText
    t =    12.33s     Capturing element debug description
    t =    12.36s         Requesting snapshot of accessibility hierarchy for app with pid 29854
    t =    12.40s         Find: Descendants matching type StaticText
    t =    12.40s         Find: Elements matching predicate '"cozyAudit" IN identifiers'
    t =    12.41s         Requesting snapshot of accessibility hierarchy for app with pid 29854
    t =    12.46s         Find: Descendants matching type StaticText
    t =    12.46s         Requesting snapshot of accessibility hierarchy for app with pid 29854
    t =    13.36s Checking `Expect predicate `label BEGINSWITH "PASS"` for object "cozyAudit" StaticText`
    t =    13.36s     Find the "cozyAudit" StaticText
    t =    13.40s     Capturing element debug description
    t =    13.43s         Requesting snapshot of accessibility hierarchy for app with pid 29854
    t =    13.48s         Find: Descendants matching type StaticText
    t =    13.48s         Find: Elements matching predicate '"cozyAudit" IN identifiers'
    t =    13.49s         Requesting snapshot of accessibility hierarchy for app with pid 29854
    t =    13.54s         Find: Descendants matching type StaticText
    t =    13.54s         Requesting snapshot of accessibility hierarchy for app with pid 29854
2026-10-10 02:21:59.657 xcodebuild[29583:297679] [MT] IDERunDestination: Supported platforms for the buildables in the current scheme is empty.
    t =    14.32s Checking `Expect predicate `label BEGINSWITH "PASS"` for object "cozyAudit" StaticText`
    t =    14.32s     Find the "cozyAudit" StaticText
    t =    14.37s     Capturing element debug description
    t =    14.39s         Requesting snapshot of accessibility hierarchy for app with pid 29854
    t =    14.45s         Find: Descendants matching type StaticText
    t =    14.45s         Find: Elements matching predicate '"cozyAudit" IN identifiers'
    t =    14.45s         Requesting snapshot of accessibility hierarchy for app with pid 29854
    t =    14.50s         Find: Descendants matching type StaticText
    t =    14.51s         Requesting snapshot of accessibility hierarchy for app with pid 29854
    t =    15.34s Checking `Expect predicate `label BEGINSWITH "PASS"` for object "cozyAudit" StaticText`
    t =    15.34s     Find the "cozyAudit" StaticText
    t =    15.38s     Capturing element debug description
    t =    15.52s         Requesting snapshot of accessibility hierarchy for app with pid 29854
    t =    15.57s         Find: Descendants matching type StaticText
    t =    15.58s         Find: Elements matching predicate '"cozyAudit" IN identifiers'
    t =    15.58s         Requesting snapshot of accessibility hierarchy for app with pid 29854
    t =    15.64s         Find: Descendants matching type StaticText
    t =    15.65s         Requesting snapshot of accessibility hierarchy for app with pid 29854
    t =    16.31s Checking `Expect predicate `label BEGINSWITH "PASS"` for object "cozyAudit" StaticText`
    t =    16.31s     Find the "cozyAudit" StaticText
    t =    16.44s Added attachment named 'cozy-real-owner-audit'
    t =    16.44s Tear Down
Test Case '-[TacticalGoUITests.PlayableGameTests testCozyActualVisibleAudioOwnerCancellationAudit]' passed (16.650 seconds).
Test Case '-[TacticalGoUITests.PlayableGameTests testEasyDefaultDifficultyAndSwitchDuringComputerPreview]' started.
    t =     0.00s Start Test at 2026-10-10 02:22:02.143
    t =     0.02s Set Up
    t =     0.02s Open com.tacticalgo.prototype
    t =     0.02s     Launch com.tacticalgo.prototype
    t =     0.02s         Terminate com.tacticalgo.prototype:29854
2026-10-10 02:22:03.224 xcodebuild[29583:297679] [MT] IDELaunchParametersSnapshot: The operation couldn’t be completed. (DebuggerLLDB.DebuggerVersionStore.StoreError error 0.)
2026-10-10 02:22:03.224 xcodebuild[29583:297679] [MT] IDELaunchParametersSnapshot: no debugger version
    t =     1.29s         Setting up automation session
    t =     1.89s         Wait for com.tacticalgo.prototype to idle
    t =     3.13s Tap "電腦對戰" Button
    t =     3.13s     Wait for com.tacticalgo.prototype to idle
    t =     3.13s     Find the "電腦對戰" Button
    t =     3.20s     Check for interrupting elements affecting "電腦對戰" Button
    t =     3.21s     Synthesize event
    t =     3.50s     Wait for com.tacticalgo.prototype to idle
    t =     3.72s Find the "簡單" Button
    t =     3.75s Tap "標準" Button
    t =     3.75s     Wait for com.tacticalgo.prototype to idle
    t =     3.75s     Find the "標準" Button
    t =     3.76s     Check for interrupting elements affecting "標準" Button
    t =     3.78s     Synthesize event
    t =     4.06s     Wait for com.tacticalgo.prototype to idle
    t =     4.27s Find the "startMatch" Button
    t =     4.31s Swipe up Target Application 'com.tacticalgo.prototype'
    t =     4.31s     Wait for com.tacticalgo.prototype to idle
    t =     4.31s     Find the Target Application 'com.tacticalgo.prototype'
    t =     4.32s     Check for interrupting elements affecting "TacticalGo" Application
    t =     4.33s     Synthesize event
    t =     4.76s     Wait for com.tacticalgo.prototype to idle
    t =     5.31s Find the "startMatch" Button
    t =     5.34s Tap "startMatch" Button
    t =     5.34s     Wait for com.tacticalgo.prototype to idle
    t =     5.34s     Find the "startMatch" Button
    t =     5.36s     Check for interrupting elements affecting "startMatch" Button
    t =     5.37s     Synthesize event
    t =     5.66s     Wait for com.tacticalgo.prototype to idle
    t =     5.76s Waiting 10.0s for "playArena" Other to exist
    t =     6.81s     Checking `Expect predicate `existsNoRetry == 1` for object "playArena" Other`
    t =     6.81s         Checking existence of `"playArena" Other`
    t =     6.85s Tap "playArena" Other[0.50, 0.61]
    t =     6.85s     Wait for com.tacticalgo.prototype to idle
    t =     6.85s     Find the "playArena" Other
    t =     6.88s     Check for interrupting elements affecting "playArena" Other
    t =     6.90s     Synthesize event
    t =     6.91s         Find the "playArena" Other
    t =     6.94s         Find the "playArena" Other
    t =     6.97s         Find the "playArena" Other
    t =     7.28s     Wait for com.tacticalgo.prototype to idle
    t =     7.29s Find the "playConfirm" Button
    t =     7.32s Tap "playConfirm" Button
    t =     7.32s     Wait for com.tacticalgo.prototype to idle
    t =     7.33s     Find the "playConfirm" Button
    t =     7.36s     Check for interrupting elements affecting "playConfirm" Button
    t =     7.40s     Synthesize event
    t =     7.69s     Wait for com.tacticalgo.prototype to idle
    t =     8.72s Checking `Expect predicate `value == "1/2 準備"` for object "playMessage" StaticText`
    t =     8.72s     Find the "playMessage" StaticText
    t =     8.76s Checking existence of `"2 AP" StaticText`
    t =     8.79s Tap "對戰選單" Button
    t =     8.79s     Wait for com.tacticalgo.prototype to idle
    t =     8.79s     Find the "對戰選單" Button
    t =     8.82s     Check for interrupting elements affecting "對戰選單" Button
    t =     8.84s     Synthesize event
    t =     9.23s     Wait for com.tacticalgo.prototype to idle
    t =     9.24s Tap "改為簡單" Button
    t =     9.24s     Wait for com.tacticalgo.prototype to idle
    t =     9.24s     Find the "改為簡單" Button
    t =     9.28s     Check for interrupting elements affecting "difficulty-easy" Button
    t =     9.31s     Synthesize event
    t =     9.60s     Wait for com.tacticalgo.prototype to idle
    t =    10.62s Checking `Expect predicate `value == "1/2 準備"` for object "playMessage" StaticText`
    t =    10.62s     Find the "playMessage" StaticText
    t =    10.67s Checking existence of `"2 AP" StaticText`
    t =    10.71s Tap "對戰選單" Button
    t =    10.71s     Wait for com.tacticalgo.prototype to idle
    t =    10.71s     Find the "對戰選單" Button
    t =    10.74s     Check for interrupting elements affecting "對戰選單" Button
    t =    10.76s     Synthesize event
    t =    11.05s     Wait for com.tacticalgo.prototype to idle
    t =    11.05s Checking existence of `"難度：簡單 ✓" Button`
    t =    11.10s Tap "難度：簡單 ✓" Button
    t =    11.10s     Wait for com.tacticalgo.prototype to idle
    t =    11.10s     Find the "難度：簡單 ✓" Button
    t =    11.14s     Check for interrupting elements affecting "difficulty-easy" Button
    t =    11.17s     Synthesize event
    t =    11.46s     Wait for com.tacticalgo.prototype to idle
    t =    11.57s Added attachment named 'BOT-03a-easy-replaces-standard-before-commit'
    t =    11.57s Tap "botReviewAdvance" Button
    t =    11.57s     Wait for com.tacticalgo.prototype to idle
    t =    11.58s     Find the "botReviewAdvance" Button
    t =    11.61s     Check for interrupting elements affecting "botReviewAdvance" Button
    t =    11.63s     Synthesize event
    t =    11.64s         Scroll element to visible
    t =    11.64s         Find the "botReviewAdvance" Button
    t =    11.68s         Computed hit point {-1, -1} after scrolling to visible
    t =    11.96s     Wait for com.tacticalgo.prototype to idle
    t =    12.97s Checking `Expect predicate `value == "1/2 落定"` for object "playMessage" StaticText`
    t =    12.97s     Find the "playMessage" StaticText
    t =    13.02s Checking existence of `"1 AP" StaticText`
    t =    13.05s Tap "對戰選單" Button
    t =    13.05s     Wait for com.tacticalgo.prototype to idle
    t =    13.05s     Find the "對戰選單" Button
    t =    13.08s     Check for interrupting elements affecting "對戰選單" Button
    t =    13.10s     Synthesize event
    t =    13.39s     Wait for com.tacticalgo.prototype to idle
    t =    13.40s Tap "改為標準" Button
    t =    13.40s     Wait for com.tacticalgo.prototype to idle
    t =    13.40s     Find the "改為標準" Button
    t =    13.45s     Check for interrupting elements affecting "difficulty-standard" Button
    t =    13.48s     Synthesize event
    t =    13.77s     Wait for com.tacticalgo.prototype to idle
    t =    14.81s Checking `Expect predicate `value == "1/1 準備"` for object "playMessage" StaticText`
    t =    14.81s     Find the "playMessage" StaticText
    t =    14.84s Checking existence of `"1 AP" StaticText`
    t =    14.96s Added attachment named 'BOT-03a-standard-replans-only-remaining-1AP'
    t =    14.96s Tap "botReviewAdvance" Button
    t =    14.96s     Wait for com.tacticalgo.prototype to idle
    t =    14.96s     Find the "botReviewAdvance" Button
    t =    14.99s     Check for interrupting elements affecting "botReviewAdvance" Button
    t =    15.02s     Synthesize event
    t =    15.31s     Wait for com.tacticalgo.prototype to idle
    t =    16.36s Checking `Expect predicate `value == "1/1 落定"` for object "playMessage" StaticText`
    t =    16.37s     Find the "playMessage" StaticText
    t =    16.42s Tap "botReviewAdvance" Button
    t =    16.42s     Wait for com.tacticalgo.prototype to idle
    t =    16.42s     Find the "botReviewAdvance" Button
    t =    16.46s     Check for interrupting elements affecting "botReviewAdvance" Button
    t =    16.48s     Synthesize event
    t =    16.77s     Wait for com.tacticalgo.prototype to idle
    t =    16.78s Waiting 5.0s for "botStatus" Any to exist
    t =    17.81s     Checking `Expect predicate `existsNoRetry == 1` for object "botStatus" Any`
    t =    17.81s         Checking existence of `"botStatus" Any`
    t =    18.90s Checking `Expect predicate `value == "已完成1電腦回合"` for object "botStatus" Any`
    t =    18.90s     Find the "botStatus" Any
    t =    18.94s Find the "currentTurn" StaticText
    t =    18.97s Checking existence of `"2 AP" StaticText`
    t =    19.00s Tear Down
Test Case '-[TacticalGoUITests.PlayableGameTests testEasyDefaultDifficultyAndSwitchDuringComputerPreview]' passed (19.219 seconds).
Test Case '-[TacticalGoUITests.PlayableGameTests testGameFeelCommittedFrameTimingCaptureAndReducedAudioAudit]' started.
    t =     0.00s Start Test at 2026-10-10 02:22:21.363
    t =     0.03s Set Up
    t =     0.03s Open com.tacticalgo.prototype
    t =     0.03s     Launch com.tacticalgo.prototype
    t =     0.03s         Terminate com.tacticalgo.prototype:29912
2026-10-10 02:22:22.444 xcodebuild[29583:297679] [MT] IDELaunchParametersSnapshot: The operation couldn’t be completed. (DebuggerLLDB.DebuggerVersionStore.StoreError error 0.)
2026-10-10 02:22:22.444 xcodebuild[29583:297679] [MT] IDELaunchParametersSnapshot: no debugger version
    t =     1.29s         Setting up automation session
    t =     1.93s         Wait for com.tacticalgo.prototype to idle
    t =     3.23s Waiting 10.0s for "gameFeelAudit" StaticText to exist
    t =     4.24s     Checking `Expect predicate `existsNoRetry == 1` for object "gameFeelAudit" StaticText`
    t =     4.24s         Checking existence of `"gameFeelAudit" StaticText`
    t =     5.37s Checking `Expect predicate `label BEGINSWITH "PASS"` for object "gameFeelAudit" StaticText`
    t =     5.37s     Find the "gameFeelAudit" StaticText
    t =     5.50s Added attachment named 'GAME-FEEL-real-receipt-frame-audit'
    t =     5.50s Tear Down
Test Case '-[TacticalGoUITests.PlayableGameTests testGameFeelCommittedFrameTimingCaptureAndReducedAudioAudit]' passed (5.731 seconds).
Test Case '-[TacticalGoUITests.PlayableGameTests testHeroVoiceActualOwnerSixEventsSettingsAndCancellation]' started.
    t =     0.00s Start Test at 2026-10-10 02:22:27.094
    t =     0.02s Set Up
    t =     0.02s Open com.tacticalgo.prototype
    t =     0.02s     Launch com.tacticalgo.prototype
    t =     0.02s         Terminate com.tacticalgo.prototype:29971
2026-10-10 02:22:28.184 xcodebuild[29583:297679] [MT] IDELaunchParametersSnapshot: The operation couldn’t be completed. (DebuggerLLDB.DebuggerVersionStore.StoreError error 0.)
2026-10-10 02:22:28.184 xcodebuild[29583:297679] [MT] IDELaunchParametersSnapshot: no debugger version
    t =     1.29s         Setting up automation session
    t =     1.87s         Wait for com.tacticalgo.prototype to idle
    t =     3.18s Waiting 10.0s for "voiceAudit" StaticText to exist
    t =     4.21s     Checking `Expect predicate `existsNoRetry == 1` for object "voiceAudit" StaticText`
    t =     4.21s         Checking existence of `"voiceAudit" StaticText`
    t =     5.32s Checking `Expect predicate `label BEGINSWITH "PASS"` for object "voiceAudit" StaticText`
    t =     5.32s     Find the "voiceAudit" StaticText
    t =     5.37s     Capturing element debug description
    t =     5.40s         Requesting snapshot of accessibility hierarchy for app with pid 29977
    t =     5.46s         Find: Descendants matching type StaticText
    t =     5.46s         Find: Elements matching predicate '"voiceAudit" IN identifiers'
    t =     5.46s         Requesting snapshot of accessibility hierarchy for app with pid 29977
    t =     5.51s         Find: Descendants matching type StaticText
    t =     5.52s         Requesting snapshot of accessibility hierarchy for app with pid 29977
    t =     6.31s Checking `Expect predicate `label BEGINSWITH "PASS"` for object "voiceAudit" StaticText`
    t =     6.31s     Find the "voiceAudit" StaticText
    t =     6.36s     Capturing element debug description
    t =     6.38s         Requesting snapshot of accessibility hierarchy for app with pid 29977
    t =     6.43s         Find: Descendants matching type StaticText
    t =     6.43s         Find: Elements matching predicate '"voiceAudit" IN identifiers'
    t =     6.44s         Requesting snapshot of accessibility hierarchy for app with pid 29977
    t =     6.49s         Find: Descendants matching type StaticText
    t =     6.49s         Requesting snapshot of accessibility hierarchy for app with pid 29977
    t =     7.31s Checking `Expect predicate `label BEGINSWITH "PASS"` for object "voiceAudit" StaticText`
    t =     7.31s     Find the "voiceAudit" StaticText
    t =     7.36s     Capturing element debug description
    t =     7.39s         Requesting snapshot of accessibility hierarchy for app with pid 29977
    t =     7.43s         Find: Descendants matching type StaticText
    t =     7.44s         Find: Elements matching predicate '"voiceAudit" IN identifiers'
    t =     7.44s         Requesting snapshot of accessibility hierarchy for app with pid 29977
    t =     7.49s         Find: Descendants matching type StaticText
    t =     7.49s         Requesting snapshot of accessibility hierarchy for app with pid 29977
    t =     8.36s Checking `Expect predicate `label BEGINSWITH "PASS"` for object "voiceAudit" StaticText`
    t =     8.36s     Find the "voiceAudit" StaticText
    t =     8.40s     Capturing element debug description
    t =     8.43s         Requesting snapshot of accessibility hierarchy for app with pid 29977
    t =     8.49s         Find: Descendants matching type StaticText
    t =     8.49s         Find: Elements matching predicate '"voiceAudit" IN identifiers'
    t =     8.50s         Requesting snapshot of accessibility hierarchy for app with pid 29977
    t =     8.55s         Find: Descendants matching type StaticText
    t =     8.55s         Requesting snapshot of accessibility hierarchy for app with pid 29977
    t =     9.36s Checking `Expect predicate `label BEGINSWITH "PASS"` for object "voiceAudit" StaticText`
    t =     9.36s     Find the "voiceAudit" StaticText
    t =     9.40s     Capturing element debug description
    t =     9.43s         Requesting snapshot of accessibility hierarchy for app with pid 29977
    t =     9.49s         Find: Descendants matching type StaticText
    t =     9.49s         Find: Elements matching predicate '"voiceAudit" IN identifiers'
    t =     9.49s         Requesting snapshot of accessibility hierarchy for app with pid 29977
    t =     9.54s         Find: Descendants matching type StaticText
    t =     9.55s         Requesting snapshot of accessibility hierarchy for app with pid 29977
2026-10-10 02:22:36.752 xcodebuild[29583:297679] [MT] IDERunDestination: Supported platforms for the buildables in the current scheme is empty.
    t =    10.32s Checking `Expect predicate `label BEGINSWITH "PASS"` for object "voiceAudit" StaticText`
    t =    10.32s     Find the "voiceAudit" StaticText
    t =    10.36s     Capturing element debug description
    t =    10.39s         Requesting snapshot of accessibility hierarchy for app with pid 29977
    t =    10.44s         Find: Descendants matching type StaticText
    t =    10.44s         Find: Elements matching predicate '"voiceAudit" IN identifiers'
    t =    10.44s         Requesting snapshot of accessibility hierarchy for app with pid 29977
    t =    10.49s         Find: Descendants matching type StaticText
    t =    10.49s         Requesting snapshot of accessibility hierarchy for app with pid 29977
2026-10-10 02:22:38.477 xcodebuild[29583:297679] [MT] IDERunDestination: Supported platforms for the buildables in the current scheme is empty.
    t =    11.38s Checking `Expect predicate `label BEGINSWITH "PASS"` for object "voiceAudit" StaticText`
    t =    11.38s     Find the "voiceAudit" StaticText
    t =    11.42s     Capturing element debug description
    t =    11.45s         Requesting snapshot of accessibility hierarchy for app with pid 29977
    t =    11.52s         Find: Descendants matching type StaticText
    t =    11.52s         Find: Elements matching predicate '"voiceAudit" IN identifiers'
    t =    11.53s         Requesting snapshot of accessibility hierarchy for app with pid 29977
    t =    11.60s         Find: Descendants matching type StaticText
    t =    11.61s         Requesting snapshot of accessibility hierarchy for app with pid 29977
    t =    12.34s Checking `Expect predicate `label BEGINSWITH "PASS"` for object "voiceAudit" StaticText`
    t =    12.34s     Find the "voiceAudit" StaticText
2026-10-10 02:22:39.442 xcodebuild[29583:297679] [MT] IDERunDestination: Supported platforms for the buildables in the current scheme is empty.
    t =    12.38s     Capturing element debug description
    t =    12.42s         Requesting snapshot of accessibility hierarchy for app with pid 29977
    t =    12.48s         Find: Descendants matching type StaticText
    t =    12.48s         Find: Elements matching predicate '"voiceAudit" IN identifiers'
    t =    12.48s         Requesting snapshot of accessibility hierarchy for app with pid 29977
    t =    12.53s         Find: Descendants matching type StaticText
    t =    12.53s         Requesting snapshot of accessibility hierarchy for app with pid 29977
    t =    13.31s Checking `Expect predicate `label BEGINSWITH "PASS"` for object "voiceAudit" StaticText`
    t =    13.31s     Find the "voiceAudit" StaticText
    t =    13.35s     Capturing element debug description
    t =    13.37s         Requesting snapshot of accessibility hierarchy for app with pid 29977
    t =    13.42s         Find: Descendants matching type StaticText
    t =    13.43s         Find: Elements matching predicate '"voiceAudit" IN identifiers'
    t =    13.43s         Requesting snapshot of accessibility hierarchy for app with pid 29977
    t =    13.48s         Find: Descendants matching type StaticText
    t =    13.48s         Requesting snapshot of accessibility hierarchy for app with pid 29977
    t =    14.31s Checking `Expect predicate `label BEGINSWITH "PASS"` for object "voiceAudit" StaticText`
    t =    14.31s     Find the "voiceAudit" StaticText
    t =    14.34s     Capturing element debug description
    t =    14.36s         Requesting snapshot of accessibility hierarchy for app with pid 29977
    t =    14.41s         Find: Descendants matching type StaticText
    t =    14.41s         Find: Elements matching predicate '"voiceAudit" IN identifiers'
    t =    14.42s         Requesting snapshot of accessibility hierarchy for app with pid 29977
    t =    14.47s         Find: Descendants matching type StaticText
    t =    14.47s         Requesting snapshot of accessibility hierarchy for app with pid 29977
    t =    15.39s Checking `Expect predicate `label BEGINSWITH "PASS"` for object "voiceAudit" StaticText`
    t =    15.39s     Find the "voiceAudit" StaticText
    t =    15.43s     Capturing element debug description
    t =    15.46s         Requesting snapshot of accessibility hierarchy for app with pid 29977
    t =    15.60s         Find: Descendants matching type StaticText
    t =    15.60s         Find: Elements matching predicate '"voiceAudit" IN identifiers'
    t =    15.60s         Requesting snapshot of accessibility hierarchy for app with pid 29977
    t =    15.68s         Find: Descendants matching type StaticText
    t =    15.68s         Requesting snapshot of accessibility hierarchy for app with pid 29977
    t =    16.35s Checking `Expect predicate `label BEGINSWITH "PASS"` for object "voiceAudit" StaticText`
    t =    16.36s     Find the "voiceAudit" StaticText
    t =    16.41s     Capturing element debug description
    t =    16.44s         Requesting snapshot of accessibility hierarchy for app with pid 29977
    t =    16.49s         Find: Descendants matching type StaticText
    t =    16.49s         Find: Elements matching predicate '"voiceAudit" IN identifiers'
    t =    16.49s         Requesting snapshot of accessibility hierarchy for app with pid 29977
    t =    16.54s         Find: Descendants matching type StaticText
    t =    16.54s         Requesting snapshot of accessibility hierarchy for app with pid 29977
    t =    17.37s Checking `Expect predicate `label BEGINSWITH "PASS"` for object "voiceAudit" StaticText`
    t =    17.37s     Find the "voiceAudit" StaticText
    t =    17.43s     Capturing element debug description
    t =    17.45s         Requesting snapshot of accessibility hierarchy for app with pid 29977
    t =    17.50s         Find: Descendants matching type StaticText
    t =    17.50s         Find: Elements matching predicate '"voiceAudit" IN identifiers'
    t =    17.51s         Requesting snapshot of accessibility hierarchy for app with pid 29977
    t =    17.55s         Find: Descendants matching type StaticText
    t =    17.56s         Requesting snapshot of accessibility hierarchy for app with pid 29977
    t =    18.32s Checking `Expect predicate `label BEGINSWITH "PASS"` for object "voiceAudit" StaticText`
    t =    18.32s     Find the "voiceAudit" StaticText
    t =    18.40s     Capturing element debug description
    t =    18.45s         Requesting snapshot of accessibility hierarchy for app with pid 29977
    t =    18.50s         Find: Descendants matching type StaticText
    t =    18.50s         Find: Elements matching predicate '"voiceAudit" IN identifiers'
    t =    18.50s         Requesting snapshot of accessibility hierarchy for app with pid 29977
    t =    18.55s         Find: Descendants matching type StaticText
    t =    18.55s         Requesting snapshot of accessibility hierarchy for app with pid 29977
    t =    19.31s Checking `Expect predicate `label BEGINSWITH "PASS"` for object "voiceAudit" StaticText`
    t =    19.32s     Find the "voiceAudit" StaticText
    t =    19.36s     Capturing element debug description
    t =    19.38s         Requesting snapshot of accessibility hierarchy for app with pid 29977
    t =    19.43s         Find: Descendants matching type StaticText
    t =    19.43s         Find: Elements matching predicate '"voiceAudit" IN identifiers'
    t =    19.44s         Requesting snapshot of accessibility hierarchy for app with pid 29977
    t =    19.49s         Find: Descendants matching type StaticText
    t =    19.49s         Requesting snapshot of accessibility hierarchy for app with pid 29977
    t =    20.35s Checking `Expect predicate `label BEGINSWITH "PASS"` for object "voiceAudit" StaticText`
    t =    20.35s     Find the "voiceAudit" StaticText
    t =    20.38s     Capturing element debug description
    t =    20.40s         Requesting snapshot of accessibility hierarchy for app with pid 29977
    t =    20.45s         Find: Descendants matching type StaticText
    t =    20.46s         Find: Elements matching predicate '"voiceAudit" IN identifiers'
    t =    20.46s         Requesting snapshot of accessibility hierarchy for app with pid 29977
    t =    20.51s         Find: Descendants matching type StaticText
    t =    20.51s         Requesting snapshot of accessibility hierarchy for app with pid 29977
    t =    21.39s Checking `Expect predicate `label BEGINSWITH "PASS"` for object "voiceAudit" StaticText`
    t =    21.40s     Find the "voiceAudit" StaticText
    t =    21.44s     Capturing element debug description
    t =    21.47s         Requesting snapshot of accessibility hierarchy for app with pid 29977
    t =    21.52s         Find: Descendants matching type StaticText
    t =    21.52s         Find: Elements matching predicate '"voiceAudit" IN identifiers'
    t =    21.53s         Requesting snapshot of accessibility hierarchy for app with pid 29977
    t =    21.58s         Find: Descendants matching type StaticText
    t =    21.58s         Requesting snapshot of accessibility hierarchy for app with pid 29977
    t =    22.38s Checking `Expect predicate `label BEGINSWITH "PASS"` for object "voiceAudit" StaticText`
    t =    22.38s     Find the "voiceAudit" StaticText
    t =    22.46s     Capturing element debug description
    t =    22.51s         Requesting snapshot of accessibility hierarchy for app with pid 29977
    t =    22.56s         Find: Descendants matching type StaticText
    t =    22.56s         Find: Elements matching predicate '"voiceAudit" IN identifiers'
    t =    22.57s         Requesting snapshot of accessibility hierarchy for app with pid 29977
    t =    22.62s         Find: Descendants matching type StaticText
    t =    22.62s         Requesting snapshot of accessibility hierarchy for app with pid 29977
    t =    23.32s Checking `Expect predicate `label BEGINSWITH "PASS"` for object "voiceAudit" StaticText`
    t =    23.32s     Find the "voiceAudit" StaticText
    t =    23.37s     Capturing element debug description
    t =    23.40s         Requesting snapshot of accessibility hierarchy for app with pid 29977
    t =    23.45s         Find: Descendants matching type StaticText
    t =    23.45s         Find: Elements matching predicate '"voiceAudit" IN identifiers'
    t =    23.46s         Requesting snapshot of accessibility hierarchy for app with pid 29977
    t =    23.50s         Find: Descendants matching type StaticText
    t =    23.51s         Requesting snapshot of accessibility hierarchy for app with pid 29977
    t =    24.36s Checking `Expect predicate `label BEGINSWITH "PASS"` for object "voiceAudit" StaticText`
    t =    24.36s     Find the "voiceAudit" StaticText
    t =    24.41s     Capturing element debug description
    t =    24.44s         Requesting snapshot of accessibility hierarchy for app with pid 29977
    t =    24.49s         Find: Descendants matching type StaticText
    t =    24.49s         Find: Elements matching predicate '"voiceAudit" IN identifiers'
    t =    24.50s         Requesting snapshot of accessibility hierarchy for app with pid 29977
    t =    24.56s         Find: Descendants matching type StaticText
    t =    24.56s         Requesting snapshot of accessibility hierarchy for app with pid 29977
    t =    25.36s Checking `Expect predicate `label BEGINSWITH "PASS"` for object "voiceAudit" StaticText`
    t =    25.36s     Find the "voiceAudit" StaticText
    t =    25.41s     Capturing element debug description
    t =    25.43s         Requesting snapshot of accessibility hierarchy for app with pid 29977
    t =    25.48s         Find: Descendants matching type StaticText
    t =    25.48s         Find: Elements matching predicate '"voiceAudit" IN identifiers'
    t =    25.49s         Requesting snapshot of accessibility hierarchy for app with pid 29977
    t =    25.54s         Find: Descendants matching type StaticText
    t =    25.54s         Requesting snapshot of accessibility hierarchy for app with pid 29977
    t =    26.39s Checking `Expect predicate `label BEGINSWITH "PASS"` for object "voiceAudit" StaticText`
    t =    26.39s     Find the "voiceAudit" StaticText
    t =    26.53s Added attachment named 'VO-01-actual-owner-six-events-and-settings'
    t =    26.53s Tear Down
Test Case '-[TacticalGoUITests.PlayableGameTests testHeroVoiceActualOwnerSixEventsSettingsAndCancellation]' passed (26.749 seconds).
Test Case '-[TacticalGoUITests.PlayableGameTests testMagePushAndCaptureArePresentedFromRealBotEvents]' started.
    t =     0.00s Start Test at 2026-10-10 02:22:53.845
    t =     0.03s Set Up
    t =     0.03s Open com.tacticalgo.prototype
    t =     0.03s     Launch com.tacticalgo.prototype
    t =     0.03s         Terminate com.tacticalgo.prototype:29977
2026-10-10 02:22:54.954 xcodebuild[29583:297679] [MT] IDELaunchParametersSnapshot: The operation couldn’t be completed. (DebuggerLLDB.DebuggerVersionStore.StoreError error 0.)
2026-10-10 02:22:54.954 xcodebuild[29583:297679] [MT] IDELaunchParametersSnapshot: no debugger version
    t =     1.33s         Setting up automation session
    t =     1.88s         Wait for com.tacticalgo.prototype to idle
    t =     4.50s Checking `Expect predicate `value == "1/2 準備"` for object "playMessage" StaticText`
    t =     4.50s     Find the "playMessage" StaticText
    t =     4.60s     Capturing element debug description
    t =     4.64s         Requesting snapshot of accessibility hierarchy for app with pid 30031
    t =     4.69s         Find: Descendants matching type StaticText
    t =     4.69s         Find: Elements matching predicate '"playMessage" IN identifiers'
    t =     4.70s         Requesting snapshot of accessibility hierarchy for app with pid 30031
    t =     4.75s         Find: Descendants matching type StaticText
    t =     4.75s         Requesting snapshot of accessibility hierarchy for app with pid 30031
    t =     5.53s Checking `Expect predicate `value == "1/2 準備"` for object "playMessage" StaticText`
    t =     5.53s     Find the "playMessage" StaticText
    t =     5.59s Find the "playMessage" StaticText
    t =     5.71s Added attachment named 'BOT-01-mage-push-target-and-arrow'
    t =     5.71s Tap "botReviewAdvance" Button
    t =     5.71s     Wait for com.tacticalgo.prototype to idle
    t =     5.71s     Find the "botReviewAdvance" Button
    t =     5.75s     Check for interrupting elements affecting "botReviewAdvance" Button
    t =     5.77s     Synthesize event
    t =     6.06s     Wait for com.tacticalgo.prototype to idle
    t =     7.09s Checking `Expect predicate `value == "1/2 落定"` for object "playMessage" StaticText`
    t =     7.09s     Find the "playMessage" StaticText
    t =     7.14s Checking existence of `"1 AP" StaticText`
    t =     7.27s Added attachment named 'BOT-01-mage-push-landed'
    t =     7.27s Tap "botReviewAdvance" Button
    t =     7.27s     Wait for com.tacticalgo.prototype to idle
    t =     7.27s     Find the "botReviewAdvance" Button
    t =     7.30s     Check for interrupting elements affecting "botReviewAdvance" Button
    t =     7.33s     Synthesize event
    t =     7.62s     Wait for com.tacticalgo.prototype to idle
    t =     8.66s Checking `Expect predicate `value == "2/2 準備"` for object "playMessage" StaticText`
    t =     8.66s     Find the "playMessage" StaticText
    t =     8.71s Find the "playMessage" StaticText
    t =     8.75s Tap "botReviewAdvance" Button
    t =     8.75s     Wait for com.tacticalgo.prototype to idle
    t =     8.75s     Find the "botReviewAdvance" Button
    t =     8.78s     Check for interrupting elements affecting "botReviewAdvance" Button
    t =     8.81s     Synthesize event
    t =     9.09s     Wait for com.tacticalgo.prototype to idle
    t =    10.10s Checking `Expect predicate `value == "2/2 落定"` for object "playMessage" StaticText`
    t =    10.11s     Find the "playMessage" StaticText
    t =    10.15s Checking existence of `"白方獲勝" StaticText`
    t =    10.19s Tap "botReviewAdvance" Button
    t =    10.19s     Wait for com.tacticalgo.prototype to idle
    t =    10.19s     Find the "botReviewAdvance" Button
    t =    10.22s     Check for interrupting elements affecting "botReviewAdvance" Button
    t =    10.25s     Synthesize event
    t =    10.54s     Wait for com.tacticalgo.prototype to idle
    t =    10.55s Waiting 5.0s for "botStatus" Any to exist
    t =    11.56s     Checking `Expect predicate `existsNoRetry == 1` for object "botStatus" Any`
    t =    11.56s         Checking existence of `"botStatus" Any`
    t =    12.62s Checking `Expect predicate `value == "已完成1電腦回合"` for object "botStatus" Any`
    t =    12.62s     Find the "botStatus" Any
    t =    12.67s Checking existence of `"白方獲勝" StaticText`
    t =    12.79s Added attachment named 'BOT-01-mage-push-place-capture-victory'
    t =    12.79s Tear Down
Test Case '-[TacticalGoUITests.PlayableGameTests testMagePushAndCaptureArePresentedFromRealBotEvents]' passed (13.005 seconds).
Test Case '-[TacticalGoUITests.PlayableGameTests testMagicHandBothOwnersBothTargetsPreviewCancelConfirmAndUndo]' started.
    t =     0.00s Start Test at 2026-10-10 02:23:06.851
    t =     0.02s Set Up
    t =     0.02s Open com.tacticalgo.prototype
    t =     0.02s     Launch com.tacticalgo.prototype
    t =     0.02s         Terminate com.tacticalgo.prototype:30031
2026-10-10 02:23:07.916 xcodebuild[29583:297679] [MT] IDELaunchParametersSnapshot: The operation couldn’t be completed. (DebuggerLLDB.DebuggerVersionStore.StoreError error 0.)
2026-10-10 02:23:07.916 xcodebuild[29583:297679] [MT] IDELaunchParametersSnapshot: no debugger version
    t =     1.27s         Setting up automation session
    t =     1.83s         Wait for com.tacticalgo.prototype to idle
    t =     3.14s Waiting 10.0s for "2 AP" StaticText to exist
    t =     4.15s     Checking `Expect predicate `existsNoRetry == 1` for object "2 AP" StaticText`
    t =     4.15s         Checking existence of `"2 AP" StaticText`
    t =     4.25s Waiting 10.0s for "playArena" Other to exist
    t =     5.27s     Checking `Expect predicate `existsNoRetry == 1` for object "playArena" Other`
    t =     5.27s         Checking existence of `"playArena" Other`
    t =     5.31s Tap "playArena" Other[0.63, 0.51]
    t =     5.31s     Wait for com.tacticalgo.prototype to idle
    t =     5.31s     Find the "playArena" Other
    t =     5.34s     Check for interrupting elements affecting "playArena" Other
    t =     5.36s     Synthesize event
    t =     5.36s         Find the "playArena" Other
    t =     5.40s         Find the "playArena" Other
    t =     5.43s         Find the "playArena" Other
    t =     5.73s     Wait for com.tacticalgo.prototype to idle
    t =     5.73s Find the "push-Up" Button
    t =     5.77s Tap "push-Up" Button
    t =     5.77s     Wait for com.tacticalgo.prototype to idle
    t =     5.78s     Find the "push-Up" Button
    t =     5.81s     Check for interrupting elements affecting "push-Up" Button
    t =     5.83s     Synthesize event
    t =     6.12s     Wait for com.tacticalgo.prototype to idle
    t =     6.13s Checking existence of `"2 AP" StaticText`
    t =     6.25s Added attachment named 'MAGIC-false-false-preview-source-and-empty-destination'
    t =     6.25s Tap "undoOrCancel" Button
    t =     6.25s     Wait for com.tacticalgo.prototype to idle
    t =     6.25s     Find the "undoOrCancel" Button
    t =     6.29s     Check for interrupting elements affecting "undoOrCancel" Button
    t =     6.31s     Synthesize event
    t =     6.60s     Wait for com.tacticalgo.prototype to idle
    t =     6.61s Checking existence of `"2 AP" StaticText`
    t =     6.64s Find the "heroStage" StaticText
    t =     6.67s Swipe down Target Application 'com.tacticalgo.prototype'
    t =     6.67s     Wait for com.tacticalgo.prototype to idle
    t =     6.67s     Find the Target Application 'com.tacticalgo.prototype'
    t =     6.69s     Check for interrupting elements affecting "TacticalGo" Application
    t =     6.71s     Synthesize event
    t =     7.13s     Wait for com.tacticalgo.prototype to idle
    t =     7.61s Waiting 10.0s for "playArena" Other to exist
2026-10-10 02:23:15.251 xcodebuild[29583:297679] [MT] IDERunDestination: Supported platforms for the buildables in the current scheme is empty.
    t =     8.63s     Checking `Expect predicate `existsNoRetry == 1` for object "playArena" Other`
    t =     8.63s         Checking existence of `"playArena" Other`
    t =     8.67s Tap "playArena" Other[0.63, 0.51]
    t =     8.67s     Wait for com.tacticalgo.prototype to idle
    t =     8.68s     Find the "playArena" Other
    t =     8.71s     Check for interrupting elements affecting "playArena" Other
    t =     8.73s     Synthesize event
    t =     8.73s         Find the "playArena" Other
    t =     8.76s         Find the "playArena" Other
    t =     8.80s         Find the "playArena" Other
    t =     9.10s     Wait for com.tacticalgo.prototype to idle
    t =     9.11s Find the "push-Up" Button
    t =     9.16s Tap "push-Up" Button
    t =     9.16s     Wait for com.tacticalgo.prototype to idle
    t =     9.16s     Find the "push-Up" Button
    t =     9.20s     Check for interrupting elements affecting "push-Up" Button
    t =     9.23s     Synthesize event
    t =     9.52s     Wait for com.tacticalgo.prototype to idle
    t =     9.52s Find the "playConfirm" Button
    t =     9.57s Find the "playConfirm" Button
    t =     9.61s Tap "playConfirm" Button
    t =     9.61s     Wait for com.tacticalgo.prototype to idle
    t =     9.61s     Find the "playConfirm" Button
    t =     9.64s     Check for interrupting elements affecting "playConfirm" Button
    t =     9.67s     Synthesize event
    t =     9.96s     Wait for com.tacticalgo.prototype to idle
    t =     9.96s Checking existence of `"1 AP" StaticText`
    t =     9.99s Find the "heroStage" StaticText
    t =    10.12s Added attachment named 'MAGIC-false-false-committed-landed'
    t =    10.12s Tap "undoOrCancel" Button
    t =    10.12s     Wait for com.tacticalgo.prototype to idle
    t =    10.12s     Find the "undoOrCancel" Button
    t =    10.15s     Check for interrupting elements affecting "undoOrCancel" Button
    t =    10.19s     Synthesize event
    t =    10.47s     Wait for com.tacticalgo.prototype to idle
    t =    10.47s Checking existence of `"2 AP" StaticText`
    t =    10.51s Pressing Home button
    t =    10.97s Open com.tacticalgo.prototype
    t =    10.97s     Activate com.tacticalgo.prototype
    t =    11.43s         Wait for com.tacticalgo.prototype to idle
    t =    11.46s Checking existence of `"2 AP" StaticText`
    t =    11.49s Terminate com.tacticalgo.prototype:30073
    t =    12.54s Open com.tacticalgo.prototype
    t =    12.54s     Launch com.tacticalgo.prototype
2026-10-10 02:23:19.389 xcodebuild[29583:297679] [MT] IDELaunchParametersSnapshot: The operation couldn’t be completed. (DebuggerLLDB.DebuggerVersionStore.StoreError error 0.)
2026-10-10 02:23:19.389 xcodebuild[29583:297679] [MT] IDELaunchParametersSnapshot: no debugger version
    t =    12.75s         Setting up automation session
    t =    13.41s         Wait for com.tacticalgo.prototype to idle
    t =    14.98s Waiting 10.0s for "2 AP" StaticText to exist
    t =    16.01s     Checking `Expect predicate `existsNoRetry == 1` for object "2 AP" StaticText`
    t =    16.01s         Checking existence of `"2 AP" StaticText`
    t =    16.18s Waiting 10.0s for "playArena" Other to exist
    t =    17.20s     Checking `Expect predicate `existsNoRetry == 1` for object "playArena" Other`
    t =    17.20s         Checking existence of `"playArena" Other`
    t =    17.24s Tap "playArena" Other[0.63, 0.51]
    t =    17.24s     Wait for com.tacticalgo.prototype to idle
    t =    17.24s     Find the "playArena" Other
    t =    17.27s     Check for interrupting elements affecting "playArena" Other
    t =    17.30s     Synthesize event
    t =    17.30s         Find the "playArena" Other
    t =    17.33s         Find the "playArena" Other
    t =    17.36s         Find the "playArena" Other
    t =    17.68s     Wait for com.tacticalgo.prototype to idle
    t =    17.68s Find the "push-Up" Button
    t =    17.73s Tap "push-Up" Button
    t =    17.73s     Wait for com.tacticalgo.prototype to idle
    t =    17.73s     Find the "push-Up" Button
    t =    17.76s     Check for interrupting elements affecting "push-Up" Button
    t =    17.78s     Synthesize event
    t =    18.07s     Wait for com.tacticalgo.prototype to idle
    t =    18.07s Checking existence of `"2 AP" StaticText`
    t =    18.21s Added attachment named 'MAGIC-false-true-preview-source-and-empty-destination'
    t =    18.21s Tap "undoOrCancel" Button
    t =    18.21s     Wait for com.tacticalgo.prototype to idle
    t =    18.21s     Find the "undoOrCancel" Button
    t =    18.24s     Check for interrupting elements affecting "undoOrCancel" Button
    t =    18.27s     Synthesize event
    t =    18.56s     Wait for com.tacticalgo.prototype to idle
    t =    18.56s Checking existence of `"2 AP" StaticText`
    t =    18.60s Find the "heroStage" StaticText
    t =    18.63s Swipe down Target Application 'com.tacticalgo.prototype'
    t =    18.63s     Wait for com.tacticalgo.prototype to idle
    t =    18.63s     Find the Target Application 'com.tacticalgo.prototype'
    t =    18.65s     Check for interrupting elements affecting "TacticalGo" Application
    t =    18.68s     Synthesize event
    t =    19.10s     Wait for com.tacticalgo.prototype to idle
    t =    19.57s Waiting 10.0s for "playArena" Other to exist
    t =    20.63s     Checking `Expect predicate `existsNoRetry == 1` for object "playArena" Other`
    t =    20.63s         Checking existence of `"playArena" Other`
    t =    20.68s Tap "playArena" Other[0.63, 0.51]
    t =    20.68s     Wait for com.tacticalgo.prototype to idle
    t =    20.68s     Find the "playArena" Other
    t =    20.72s     Check for interrupting elements affecting "playArena" Other
    t =    20.76s     Synthesize event
    t =    20.76s         Find the "playArena" Other
    t =    20.80s         Find the "playArena" Other
    t =    20.85s         Find the "playArena" Other
    t =    21.17s     Wait for com.tacticalgo.prototype to idle
    t =    21.17s Find the "push-Up" Button
    t =    21.27s Tap "push-Up" Button
    t =    21.27s     Wait for com.tacticalgo.prototype to idle
    t =    21.27s     Find the "push-Up" Button
    t =    21.31s     Check for interrupting elements affecting "push-Up" Button
    t =    21.35s     Synthesize event
    t =    21.64s     Wait for com.tacticalgo.prototype to idle
    t =    21.64s Find the "playConfirm" Button
    t =    21.92s Find the "playConfirm" Button
    t =    21.98s Tap "playConfirm" Button
    t =    21.98s     Wait for com.tacticalgo.prototype to idle
    t =    21.99s     Find the "playConfirm" Button
    t =    22.03s     Check for interrupting elements affecting "playConfirm" Button
    t =    22.06s     Synthesize event
    t =    22.35s     Wait for com.tacticalgo.prototype to idle
    t =    22.36s Checking existence of `"1 AP" StaticText`
    t =    22.51s Find the "heroStage" StaticText
    t =    22.66s Added attachment named 'MAGIC-false-true-committed-landed'
    t =    22.66s Tap "undoOrCancel" Button
    t =    22.66s     Wait for com.tacticalgo.prototype to idle
    t =    22.66s     Find the "undoOrCancel" Button
    t =    22.77s     Check for interrupting elements affecting "undoOrCancel" Button
    t =    22.85s     Synthesize event
    t =    23.15s     Wait for com.tacticalgo.prototype to idle
    t =    23.16s Checking existence of `"2 AP" StaticText`
    t =    23.26s Pressing Home button
    t =    23.73s Open com.tacticalgo.prototype
    t =    23.73s     Activate com.tacticalgo.prototype
    t =    24.29s         Wait for com.tacticalgo.prototype to idle
    t =    24.33s Checking existence of `"2 AP" StaticText`
    t =    24.43s Terminate com.tacticalgo.prototype:30146
    t =    25.45s Open com.tacticalgo.prototype
    t =    25.45s     Launch com.tacticalgo.prototype
2026-10-10 02:23:32.311 xcodebuild[29583:297679] [MT] IDELaunchParametersSnapshot: The operation couldn’t be completed. (DebuggerLLDB.DebuggerVersionStore.StoreError error 0.)
2026-10-10 02:23:32.311 xcodebuild[29583:297679] [MT] IDELaunchParametersSnapshot: no debugger version
    t =    25.68s         Setting up automation session
    t =    26.85s         Wait for com.tacticalgo.prototype to idle
    t =    28.89s Waiting 10.0s for "2 AP" StaticText to exist
    t =    29.93s     Checking `Expect predicate `existsNoRetry == 1` for object "2 AP" StaticText`
    t =    29.93s         Checking existence of `"2 AP" StaticText`
    t =    30.04s Waiting 10.0s for "playArena" Other to exist
    t =    31.08s     Checking `Expect predicate `existsNoRetry == 1` for object "playArena" Other`
    t =    31.09s         Checking existence of `"playArena" Other`
    t =    31.13s Tap "playArena" Other[0.63, 0.51]
    t =    31.13s     Wait for com.tacticalgo.prototype to idle
    t =    31.13s     Find the "playArena" Other
    t =    31.17s     Check for interrupting elements affecting "playArena" Other
    t =    31.19s     Synthesize event
    t =    31.19s         Find the "playArena" Other
    t =    31.23s         Find the "playArena" Other
    t =    31.27s         Find the "playArena" Other
    t =    31.59s     Wait for com.tacticalgo.prototype to idle
    t =    31.60s Find the "push-Up" Button
    t =    31.64s Tap "push-Up" Button
    t =    31.65s     Wait for com.tacticalgo.prototype to idle
    t =    31.65s     Find the "push-Up" Button
    t =    31.68s     Check for interrupting elements affecting "push-Up" Button
    t =    31.71s     Synthesize event
    t =    32.00s     Wait for com.tacticalgo.prototype to idle
    t =    32.00s Checking existence of `"2 AP" StaticText`
    t =    32.14s Added attachment named 'MAGIC-true-false-preview-source-and-empty-destination'
    t =    32.14s Tap "undoOrCancel" Button
    t =    32.14s     Wait for com.tacticalgo.prototype to idle
    t =    32.15s     Find the "undoOrCancel" Button
    t =    32.18s     Check for interrupting elements affecting "undoOrCancel" Button
    t =    32.31s     Synthesize event
    t =    32.70s     Wait for com.tacticalgo.prototype to idle
    t =    32.71s Checking existence of `"2 AP" StaticText`
    t =    32.75s Find the "heroStage" StaticText
    t =    32.78s Swipe down Target Application 'com.tacticalgo.prototype'
    t =    32.78s     Wait for com.tacticalgo.prototype to idle
    t =    32.79s     Find the Target Application 'com.tacticalgo.prototype'
    t =    32.81s     Check for interrupting elements affecting "TacticalGo" Application
    t =    32.83s     Synthesize event
    t =    33.25s     Wait for com.tacticalgo.prototype to idle
    t =    33.74s Waiting 10.0s for "playArena" Other to exist
    t =    34.76s     Checking `Expect predicate `existsNoRetry == 1` for object "playArena" Other`
    t =    34.77s         Checking existence of `"playArena" Other`
    t =    34.82s Tap "playArena" Other[0.63, 0.51]
    t =    34.82s     Wait for com.tacticalgo.prototype to idle
    t =    34.82s     Find the "playArena" Other
    t =    34.85s     Check for interrupting elements affecting "playArena" Other
    t =    34.87s     Synthesize event
    t =    34.88s         Find the "playArena" Other
    t =    34.91s         Find the "playArena" Other
    t =    34.94s         Find the "playArena" Other
    t =    35.26s     Wait for com.tacticalgo.prototype to idle
    t =    35.26s Find the "push-Up" Button
    t =    35.31s Tap "push-Up" Button
    t =    35.31s     Wait for com.tacticalgo.prototype to idle
    t =    35.31s     Find the "push-Up" Button
    t =    35.34s     Check for interrupting elements affecting "push-Up" Button
    t =    35.37s     Synthesize event
    t =    35.66s     Wait for com.tacticalgo.prototype to idle
    t =    35.67s Find the "playConfirm" Button
    t =    35.72s Find the "playConfirm" Button
    t =    35.75s Tap "playConfirm" Button
    t =    35.75s     Wait for com.tacticalgo.prototype to idle
    t =    35.76s     Find the "playConfirm" Button
    t =    35.79s     Check for interrupting elements affecting "playConfirm" Button
    t =    35.81s     Synthesize event
    t =    36.10s     Wait for com.tacticalgo.prototype to idle
    t =    36.10s Checking existence of `"1 AP" StaticText`
    t =    36.15s Find the "heroStage" StaticText
    t =    36.26s Added attachment named 'MAGIC-true-false-committed-landed'
    t =    36.26s Tap "undoOrCancel" Button
    t =    36.26s     Wait for com.tacticalgo.prototype to idle
    t =    36.27s     Find the "undoOrCancel" Button
    t =    36.31s     Check for interrupting elements affecting "undoOrCancel" Button
    t =    36.34s     Synthesize event
    t =    36.63s     Wait for com.tacticalgo.prototype to idle
    t =    36.63s Checking existence of `"2 AP" StaticText`
    t =    36.68s Pressing Home button
    t =    37.15s Open com.tacticalgo.prototype
    t =    37.15s     Activate com.tacticalgo.prototype
    t =    37.62s         Wait for com.tacticalgo.prototype to idle
    t =    37.65s Checking existence of `"2 AP" StaticText`
    t =    37.69s Terminate com.tacticalgo.prototype:30251
    t =    38.72s Open com.tacticalgo.prototype
    t =    38.72s     Launch com.tacticalgo.prototype
2026-10-10 02:23:45.572 xcodebuild[29583:297679] [MT] IDELaunchParametersSnapshot: The operation couldn’t be completed. (DebuggerLLDB.DebuggerVersionStore.StoreError error 0.)
2026-10-10 02:23:45.572 xcodebuild[29583:297679] [MT] IDELaunchParametersSnapshot: no debugger version
    t =    38.93s         Setting up automation session
    t =    39.38s         Wait for com.tacticalgo.prototype to idle
    t =    40.67s Waiting 10.0s for "2 AP" StaticText to exist
    t =    41.69s     Checking `Expect predicate `existsNoRetry == 1` for object "2 AP" StaticText`
    t =    41.69s         Checking existence of `"2 AP" StaticText`
    t =    41.78s Waiting 10.0s for "playArena" Other to exist
    t =    42.82s     Checking `Expect predicate `existsNoRetry == 1` for object "playArena" Other`
    t =    42.82s         Checking existence of `"playArena" Other`
    t =    42.87s Tap "playArena" Other[0.63, 0.51]
    t =    42.87s     Wait for com.tacticalgo.prototype to idle
    t =    42.87s     Find the "playArena" Other
    t =    42.90s     Check for interrupting elements affecting "playArena" Other
    t =    42.93s     Synthesize event
    t =    42.93s         Find the "playArena" Other
    t =    42.96s         Find the "playArena" Other
    t =    42.99s         Find the "playArena" Other
    t =    43.30s     Wait for com.tacticalgo.prototype to idle
    t =    43.31s Find the "push-Up" Button
    t =    43.35s Tap "push-Up" Button
    t =    43.35s     Wait for com.tacticalgo.prototype to idle
    t =    43.36s     Find the "push-Up" Button
    t =    43.39s     Check for interrupting elements affecting "push-Up" Button
    t =    43.41s     Synthesize event
    t =    43.70s     Wait for com.tacticalgo.prototype to idle
    t =    43.71s Checking existence of `"2 AP" StaticText`
    t =    43.85s Added attachment named 'MAGIC-true-true-preview-source-and-empty-destination'
    t =    43.85s Tap "undoOrCancel" Button
    t =    43.85s     Wait for com.tacticalgo.prototype to idle
    t =    43.85s     Find the "undoOrCancel" Button
    t =    43.88s     Check for interrupting elements affecting "undoOrCancel" Button
    t =    43.91s     Synthesize event
    t =    44.19s     Wait for com.tacticalgo.prototype to idle
    t =    44.20s Checking existence of `"2 AP" StaticText`
    t =    44.23s Find the "heroStage" StaticText
    t =    44.27s Swipe down Target Application 'com.tacticalgo.prototype'
    t =    44.27s     Wait for com.tacticalgo.prototype to idle
    t =    44.27s     Find the Target Application 'com.tacticalgo.prototype'
    t =    44.28s     Check for interrupting elements affecting "TacticalGo" Application
    t =    44.31s     Synthesize event
    t =    44.73s     Wait for com.tacticalgo.prototype to idle
    t =    45.21s Waiting 10.0s for "playArena" Other to exist
    t =    46.23s     Checking `Expect predicate `existsNoRetry == 1` for object "playArena" Other`
    t =    46.23s         Checking existence of `"playArena" Other`
    t =    46.28s Tap "playArena" Other[0.63, 0.51]
    t =    46.28s     Wait for com.tacticalgo.prototype to idle
    t =    46.28s     Find the "playArena" Other
    t =    46.32s     Check for interrupting elements affecting "playArena" Other
    t =    46.34s     Synthesize event
    t =    46.34s         Find the "playArena" Other
    t =    46.37s         Find the "playArena" Other
    t =    46.41s         Find the "playArena" Other
    t =    46.72s     Wait for com.tacticalgo.prototype to idle
    t =    46.73s Find the "push-Up" Button
    t =    46.78s Tap "push-Up" Button
    t =    46.78s     Wait for com.tacticalgo.prototype to idle
    t =    46.78s     Find the "push-Up" Button
    t =    46.81s     Check for interrupting elements affecting "push-Up" Button
    t =    46.84s     Synthesize event
    t =    47.13s     Wait for com.tacticalgo.prototype to idle
    t =    47.13s Find the "playConfirm" Button
    t =    47.18s Find the "playConfirm" Button
    t =    47.21s Tap "playConfirm" Button
    t =    47.21s     Wait for com.tacticalgo.prototype to idle
    t =    47.21s     Find the "playConfirm" Button
    t =    47.24s     Check for interrupting elements affecting "playConfirm" Button
    t =    47.27s     Synthesize event
    t =    47.55s     Wait for com.tacticalgo.prototype to idle
    t =    47.55s Checking existence of `"1 AP" StaticText`
    t =    47.59s Find the "heroStage" StaticText
    t =    47.72s Added attachment named 'MAGIC-true-true-committed-landed'
    t =    47.72s Tap "undoOrCancel" Button
    t =    47.72s     Wait for com.tacticalgo.prototype to idle
    t =    47.72s     Find the "undoOrCancel" Button
    t =    47.75s     Check for interrupting elements affecting "undoOrCancel" Button
    t =    47.79s     Synthesize event
    t =    48.07s     Wait for com.tacticalgo.prototype to idle
    t =    48.08s Checking existence of `"2 AP" StaticText`
    t =    48.12s Pressing Home button
    t =    48.59s Open com.tacticalgo.prototype
    t =    48.60s     Activate com.tacticalgo.prototype
    t =    49.05s         Wait for com.tacticalgo.prototype to idle
    t =    49.07s Checking existence of `"2 AP" StaticText`
    t =    49.11s Terminate com.tacticalgo.prototype:30305
    t =    50.16s Tear Down
Test Case '-[TacticalGoUITests.PlayableGameTests testMagicHandBothOwnersBothTargetsPreviewCancelConfirmAndUndo]' passed (50.240 seconds).
Test Case '-[TacticalGoUITests.PlayableGameTests testOriginalMatchCandidateCopyKeepsBothSavedRuleVersionsAndResumes]' started.
    t =     0.00s Start Test at 2026-10-10 02:23:57.092
    t =     0.03s Set Up
    t =     0.04s Open com.tacticalgo.prototype
    t =     0.04s     Launch com.tacticalgo.prototype
2026-10-10 02:23:57.146 xcodebuild[29583:297679] [MT] IDELaunchParametersSnapshot: The operation couldn’t be completed. (DebuggerLLDB.DebuggerVersionStore.StoreError error 0.)
2026-10-10 02:23:57.146 xcodebuild[29583:297679] [MT] IDELaunchParametersSnapshot: no debugger version
    t =     0.26s         Setting up automation session
    t =     0.70s         Wait for com.tacticalgo.prototype to idle
    t =     2.01s Find the "startMatch" Button
    t =     2.09s Tap "startMatch" Button
    t =     2.09s     Wait for com.tacticalgo.prototype to idle
    t =     2.09s     Find the "startMatch" Button
    t =     2.10s     Check for interrupting elements affecting "startMatch" Button
    t =     2.12s     Synthesize event
    t =     2.40s     Wait for com.tacticalgo.prototype to idle
    t =     2.52s Waiting 10.0s for "playArena" Other to exist
    t =     3.52s     Checking `Expect predicate `existsNoRetry == 1` for object "playArena" Other`
    t =     3.52s         Checking existence of `"playArena" Other`
    t =     3.57s Tap "playArena" Other[0.36, 0.72]
    t =     3.57s     Wait for com.tacticalgo.prototype to idle
    t =     3.57s     Find the "playArena" Other
    t =     3.60s     Check for interrupting elements affecting "playArena" Other
    t =     3.62s     Synthesize event
    t =     3.62s         Find the "playArena" Other
    t =     3.65s         Find the "playArena" Other
    t =     3.68s         Find the "playArena" Other
    t =     3.99s     Wait for com.tacticalgo.prototype to idle
    t =     3.99s Tap "playConfirm" Button
    t =     3.99s     Wait for com.tacticalgo.prototype to idle
    t =     4.00s     Find the "playConfirm" Button
    t =     4.03s     Check for interrupting elements affecting "playConfirm" Button
    t =     4.06s     Synthesize event
    t =     4.35s     Wait for com.tacticalgo.prototype to idle
    t =     4.35s Tap "對戰選單" Button
    t =     4.35s     Wait for com.tacticalgo.prototype to idle
    t =     4.35s     Find the "對戰選單" Button
    t =     4.40s     Check for interrupting elements affecting "對戰選單" Button
    t =     4.42s     Synthesize event
    t =     4.71s     Wait for com.tacticalgo.prototype to idle
    t =     4.71s Tap "candidateCopy" Button
    t =     4.71s     Wait for com.tacticalgo.prototype to idle
    t =     4.72s     Find the "candidateCopy" Button
    t =     4.76s     Check for interrupting elements affecting "candidateCopy" Button
    t =     4.79s     Synthesize event
    t =     5.08s     Wait for com.tacticalgo.prototype to idle
    t =     5.08s Waiting 10.0s for "candidateRulesBanner" StaticText to exist
    t =     6.12s     Checking `Expect predicate `existsNoRetry == 1` for object "candidateRulesBanner" StaticText`
    t =     6.12s         Checking existence of `"candidateRulesBanner" StaticText`
    t =     6.18s Tap "對戰選單" Button
    t =     6.18s     Wait for com.tacticalgo.prototype to idle
    t =     6.18s     Find the "對戰選單" Button
    t =     6.21s     Check for interrupting elements affecting "對戰選單" Button
    t =     6.24s     Synthesize event
    t =     6.53s     Wait for com.tacticalgo.prototype to idle
    t =     6.53s Tap "matchRecords" Button
    t =     6.53s     Wait for com.tacticalgo.prototype to idle
    t =     6.54s     Find the "matchRecords" Button
    t =     6.59s     Check for interrupting elements affecting "matchRecords" Button
    t =     6.62s     Synthesize event
    t =     6.91s     Wait for com.tacticalgo.prototype to idle
    t =     6.97s Waiting 10.0s for "原版規則" StaticText to exist
    t =     7.99s     Checking `Expect predicate `existsNoRetry == 1` for object "原版規則" StaticText`
    t =     7.99s         Checking existence of `"原版規則" StaticText`
    t =     8.07s Checking existence of `"候選技能" StaticText`
    t =     8.16s Added attachment named 'original-and-candidate-records-preserved'
    t =     8.16s Tap "recordsDone" Button
    t =     8.16s     Wait for com.tacticalgo.prototype to idle
    t =     8.16s     Find the "recordsDone" Button
    t =     8.22s     Check for interrupting elements affecting "recordsDone" Button
    t =     8.26s     Synthesize event
    t =     8.55s     Wait for com.tacticalgo.prototype to idle
    t =     8.91s Terminate com.tacticalgo.prototype:30334
    t =     9.99s Open com.tacticalgo.prototype
    t =     9.99s     Launch com.tacticalgo.prototype
2026-10-10 02:24:07.087 xcodebuild[29583:297679] [MT] IDELaunchParametersSnapshot: The operation couldn’t be completed. (DebuggerLLDB.DebuggerVersionStore.StoreError error 0.)
2026-10-10 02:24:07.087 xcodebuild[29583:297679] [MT] IDELaunchParametersSnapshot: no debugger version
    t =    10.21s         Setting up automation session
    t =    10.78s         Wait for com.tacticalgo.prototype to idle
    t =    12.07s Waiting 10.0s for "resumeMatch" Button to exist
    t =    13.09s     Checking `Expect predicate `existsNoRetry == 1` for object "resumeMatch" Button`
    t =    13.09s         Checking existence of `"resumeMatch" Button`
    t =    13.16s Tap "resumeMatch" Button
    t =    13.16s     Wait for com.tacticalgo.prototype to idle
    t =    13.16s     Find the "resumeMatch" Button
    t =    13.18s     Check for interrupting elements affecting "resumeMatch" Button
    t =    13.19s     Synthesize event
    t =    13.48s     Wait for com.tacticalgo.prototype to idle
    t =    13.61s Waiting 10.0s for "candidateRulesBanner" StaticText to exist
    t =    14.68s     Checking `Expect predicate `existsNoRetry == 1` for object "candidateRulesBanner" StaticText`
    t =    14.68s         Checking existence of `"candidateRulesBanner" StaticText`
    t =    14.73s Tap "undoOrCancel" Button
    t =    14.73s     Wait for com.tacticalgo.prototype to idle
    t =    14.73s     Find the "undoOrCancel" Button
    t =    14.76s     Check for interrupting elements affecting "undoOrCancel" Button
    t =    14.79s     Synthesize event
    t =    15.08s     Wait for com.tacticalgo.prototype to idle
    t =    15.08s Find the "currentTurn" StaticText
    t =    15.12s Checking existence of `"1 AP" StaticText`
    t =    15.15s Tear Down
Test Case '-[TacticalGoUITests.PlayableGameTests testOriginalMatchCandidateCopyKeepsBothSavedRuleVersionsAndResumes]' passed (15.381 seconds).
Test Case '-[TacticalGoUITests.PlayableGameTests testReplayReadOnlyExportAndReturnToLiveGame]' started.
    t =     0.00s Start Test at 2026-10-10 02:24:12.475
    t =     0.03s Set Up
    t =     0.03s Open com.tacticalgo.prototype
    t =     0.03s     Launch com.tacticalgo.prototype
    t =     0.03s         Terminate com.tacticalgo.prototype:30362
2026-10-10 02:24:13.553 xcodebuild[29583:297679] [MT] IDELaunchParametersSnapshot: The operation couldn’t be completed. (DebuggerLLDB.DebuggerVersionStore.StoreError error 0.)
2026-10-10 02:24:13.553 xcodebuild[29583:297679] [MT] IDELaunchParametersSnapshot: no debugger version
    t =     1.29s         Setting up automation session
    t =     1.74s         Wait for com.tacticalgo.prototype to idle
    t =     2.97s Find the "startMatch" Button
    t =     3.05s Tap "startMatch" Button
    t =     3.05s     Wait for com.tacticalgo.prototype to idle
    t =     3.05s     Find the "startMatch" Button
    t =     3.06s     Check for interrupting elements affecting "startMatch" Button
    t =     3.07s     Synthesize event
    t =     3.36s     Wait for com.tacticalgo.prototype to idle
    t =     3.46s Waiting 10.0s for "playArena" Other to exist
    t =     4.49s     Checking `Expect predicate `existsNoRetry == 1` for object "playArena" Other`
    t =     4.49s         Checking existence of `"playArena" Other`
    t =     4.54s Tap "playArena" Other[0.13, 0.18]
    t =     4.54s     Wait for com.tacticalgo.prototype to idle
    t =     4.55s     Find the "playArena" Other
    t =     4.58s     Check for interrupting elements affecting "playArena" Other
    t =     4.60s     Synthesize event
    t =     4.60s         Find the "playArena" Other
    t =     4.63s         Find the "playArena" Other
    t =     4.66s         Find the "playArena" Other
    t =     4.98s     Wait for com.tacticalgo.prototype to idle
    t =     4.98s Tap "playConfirm" Button
    t =     4.98s     Wait for com.tacticalgo.prototype to idle
    t =     4.98s     Find the "playConfirm" Button
    t =     5.02s     Check for interrupting elements affecting "playConfirm" Button
    t =     5.04s     Synthesize event
    t =     5.34s     Wait for com.tacticalgo.prototype to idle
    t =     5.34s Waiting 10.0s for "playArena" Other to exist
    t =     6.37s     Checking `Expect predicate `existsNoRetry == 1` for object "playArena" Other`
    t =     6.37s         Checking existence of `"playArena" Other`
    t =     6.40s Tap "playArena" Other[0.25, 0.18]
    t =     6.40s     Wait for com.tacticalgo.prototype to idle
    t =     6.40s     Find the "playArena" Other
    t =     6.43s     Check for interrupting elements affecting "playArena" Other
    t =     6.45s     Synthesize event
    t =     6.45s         Find the "playArena" Other
    t =     6.48s         Find the "playArena" Other
    t =     6.52s         Find the "playArena" Other
    t =     6.83s     Wait for com.tacticalgo.prototype to idle
    t =     6.84s Tap "playConfirm" Button
    t =     6.84s     Wait for com.tacticalgo.prototype to idle
    t =     6.84s     Find the "playConfirm" Button
    t =     6.88s     Check for interrupting elements affecting "playConfirm" Button
    t =     6.90s     Synthesize event
    t =     7.19s     Wait for com.tacticalgo.prototype to idle
    t =     7.19s Checking existence of `"1 AP" StaticText`
    t =     7.24s Tap "對戰選單" Button
    t =     7.24s     Wait for com.tacticalgo.prototype to idle
    t =     7.24s     Find the "對戰選單" Button
    t =     7.28s     Check for interrupting elements affecting "對戰選單" Button
    t =     7.31s     Synthesize event
    t =     7.60s     Wait for com.tacticalgo.prototype to idle
    t =     7.60s Tap "存局與棋譜" Button
    t =     7.60s     Wait for com.tacticalgo.prototype to idle
    t =     7.61s     Find the "存局與棋譜" Button
    t =     7.65s     Check for interrupting elements affecting "matchRecords" Button
    t =     7.68s     Synthesize event
    t =     7.97s     Wait for com.tacticalgo.prototype to idle
    t =     8.27s Waiting 10.0s for Button (First Match) to exist
    t =     9.27s     Checking `Expect predicate `existsNoRetry == 1` for object Button (First Match)`
    t =     9.27s         Checking existence of `Button (First Match)`
    t =     9.36s Tap Button (First Match)
    t =     9.36s     Wait for com.tacticalgo.prototype to idle
    t =     9.36s     Find the Button (First Match)
    t =     9.43s     Check for interrupting elements affecting "replay-93A9D4CE-5129-4B3F-8B74-4D5CF7FCD7DF" Button
    t =     9.46s     Synthesize event
    t =     9.74s     Wait for com.tacticalgo.prototype to idle
    t =    10.20s Find the "replayStep" StaticText
    t =    10.27s Tap "replayNext" Button
    t =    10.27s     Wait for com.tacticalgo.prototype to idle
    t =    10.27s     Find the "replayNext" Button
    t =    10.32s     Check for interrupting elements affecting "replayNext" Button
    t =    10.35s     Synthesize event
    t =    10.64s     Wait for com.tacticalgo.prototype to idle
    t =    10.64s Find the "replayStep" StaticText
    t =    10.71s Tap "replayLast" Button
    t =    10.71s     Wait for com.tacticalgo.prototype to idle
    t =    10.71s     Find the "replayLast" Button
    t =    10.75s     Check for interrupting elements affecting "replayLast" Button
    t =    10.78s     Synthesize event
    t =    11.08s     Wait for com.tacticalgo.prototype to idle
    t =    11.09s Find the "replayResources" StaticText
    t =    11.16s Tap "exportReplay" Button
    t =    11.16s     Wait for com.tacticalgo.prototype to idle
    t =    11.16s     Find the "exportReplay" Button
    t =    11.20s     Check for interrupting elements affecting "exportReplay" Button
    t =    11.24s     Synthesize event
    t =    11.53s     Wait for com.tacticalgo.prototype to idle
    t =    11.53s Waiting 10.0s for "shareReplay" Button to exist
    t =    12.54s     Checking `Expect predicate `existsNoRetry == 1` for object "shareReplay" Button`
    t =    12.54s         Checking existence of `"shareReplay" Button`
    t =    12.66s Added attachment named 'replay-last-frame-and-export'
    t =    12.66s Tap Button (First Match)
    t =    12.66s     Wait for com.tacticalgo.prototype to idle
    t =    12.66s     Find the Button (First Match)
    t =    12.71s     Check for interrupting elements affecting "存局與棋譜" Button
    t =    12.74s     Synthesize event
    t =    13.03s     Wait for com.tacticalgo.prototype to idle
    t =    13.38s Tap "recordsDone" Button
    t =    13.38s     Wait for com.tacticalgo.prototype to idle
    t =    13.38s     Find the "recordsDone" Button
    t =    13.43s     Check for interrupting elements affecting "recordsDone" Button
    t =    13.46s     Synthesize event
    t =    13.75s     Wait for com.tacticalgo.prototype to idle
    t =    14.11s Find the "currentTurn" StaticText
    t =    14.16s Checking existence of `"1 AP" StaticText`
    t =    14.19s Tap "undoOrCancel" Button
    t =    14.19s     Wait for com.tacticalgo.prototype to idle
    t =    14.19s     Find the "undoOrCancel" Button
    t =    14.22s     Check for interrupting elements affecting "undoOrCancel" Button
    t =    14.25s     Synthesize event
    t =    14.54s     Wait for com.tacticalgo.prototype to idle
    t =    14.54s Checking existence of `"2 AP" StaticText`
    t =    14.59s Tear Down
Test Case '-[TacticalGoUITests.PlayableGameTests testReplayReadOnlyExportAndReturnToLiveGame]' passed (14.806 seconds).
Test Case '-[TacticalGoUITests.PlayableGameTests testRestartAndExitInvalidatePendingComputerTurn]' started.
    t =     0.00s Start Test at 2026-10-10 02:24:27.282
    t =     0.03s Set Up
    t =     0.03s Open com.tacticalgo.prototype
    t =     0.04s     Launch com.tacticalgo.prototype
    t =     0.04s         Terminate com.tacticalgo.prototype:30382
2026-10-10 02:24:28.386 xcodebuild[29583:297679] [MT] IDELaunchParametersSnapshot: The operation couldn’t be completed. (DebuggerLLDB.DebuggerVersionStore.StoreError error 0.)
2026-10-10 02:24:28.386 xcodebuild[29583:297679] [MT] IDELaunchParametersSnapshot: no debugger version
    t =     1.31s         Setting up automation session
    t =     1.88s         Wait for com.tacticalgo.prototype to idle
    t =     3.39s Waiting 10.0s for "playArena" Other to exist
    t =     4.40s     Checking `Expect predicate `existsNoRetry == 1` for object "playArena" Other`
    t =     4.40s         Checking existence of `"playArena" Other`
    t =     4.49s Tap "playArena" Other[0.50, 0.61]
    t =     4.49s     Wait for com.tacticalgo.prototype to idle
    t =     4.49s     Find the "playArena" Other
    t =     4.52s     Check for interrupting elements affecting "playArena" Other
    t =     4.55s     Synthesize event
    t =     4.55s         Find the "playArena" Other
    t =     4.58s         Find the "playArena" Other
    t =     4.61s         Find the "playArena" Other
    t =     4.93s     Wait for com.tacticalgo.prototype to idle
    t =     4.93s Tap "playConfirm" Button
    t =     4.93s     Wait for com.tacticalgo.prototype to idle
    t =     4.93s     Find the "playConfirm" Button
    t =     4.97s     Check for interrupting elements affecting "playConfirm" Button
    t =     5.00s     Synthesize event
    t =     5.29s     Wait for com.tacticalgo.prototype to idle
    t =     5.29s Waiting 5.0s for "電腦思考中" StaticText to exist
    t =     6.32s     Checking `Expect predicate `existsNoRetry == 1` for object "電腦思考中" StaticText`
    t =     6.32s         Checking existence of `"電腦思考中" StaticText`
    t =     6.38s Tap "對戰選單" Button
    t =     6.38s     Wait for com.tacticalgo.prototype to idle
    t =     6.38s     Find the "對戰選單" Button
    t =     6.42s     Check for interrupting elements affecting "對戰選單" Button
    t =     6.44s     Synthesize event
    t =     6.73s     Wait for com.tacticalgo.prototype to idle
    t =     6.73s Tap "重新開始" Button
    t =     6.73s     Wait for com.tacticalgo.prototype to idle
    t =     6.73s     Find the "重新開始" Button
    t =     6.78s     Check for interrupting elements affecting "重新開始" Button
    t =     6.81s     Synthesize event
    t =     7.10s     Wait for com.tacticalgo.prototype to idle
    t =     8.17s Checking `Expect predicate `label == "完成0／作廢1"` for object "botDebugStatus" StaticText`
    t =     8.17s     Find the "botDebugStatus" StaticText
    t =     8.22s     Capturing element debug description
    t =     8.26s         Requesting snapshot of accessibility hierarchy for app with pid 30417
    t =     8.31s         Find: Descendants matching type StaticText
    t =     8.31s         Find: Elements matching predicate '"botDebugStatus" IN identifiers'
    t =     8.31s         Requesting snapshot of accessibility hierarchy for app with pid 30417
    t =     8.36s         Find: Descendants matching type StaticText
    t =     8.36s         Requesting snapshot of accessibility hierarchy for app with pid 30417
    t =     9.13s Checking `Expect predicate `label == "完成0／作廢1"` for object "botDebugStatus" StaticText`
    t =     9.13s     Find the "botDebugStatus" StaticText
    t =     9.18s     Capturing element debug description
    t =     9.21s         Requesting snapshot of accessibility hierarchy for app with pid 30417
    t =     9.26s         Find: Descendants matching type StaticText
    t =     9.26s         Find: Elements matching predicate '"botDebugStatus" IN identifiers'
    t =     9.26s         Requesting snapshot of accessibility hierarchy for app with pid 30417
    t =     9.31s         Find: Descendants matching type StaticText
    t =     9.31s         Requesting snapshot of accessibility hierarchy for app with pid 30417
    t =    10.17s Checking `Expect predicate `label == "完成0／作廢1"` for object "botDebugStatus" StaticText`
    t =    10.17s     Find the "botDebugStatus" StaticText
    t =    10.22s     Capturing element debug description
    t =    10.25s         Requesting snapshot of accessibility hierarchy for app with pid 30417
    t =    10.30s         Find: Descendants matching type StaticText
    t =    10.30s         Find: Elements matching predicate '"botDebugStatus" IN identifiers'
    t =    10.31s         Requesting snapshot of accessibility hierarchy for app with pid 30417
    t =    10.36s         Find: Descendants matching type StaticText
    t =    10.36s         Requesting snapshot of accessibility hierarchy for app with pid 30417
    t =    11.13s Checking `Expect predicate `label == "完成0／作廢1"` for object "botDebugStatus" StaticText`
    t =    11.13s     Find the "botDebugStatus" StaticText
    t =    11.18s     Capturing element debug description
    t =    11.21s         Requesting snapshot of accessibility hierarchy for app with pid 30417
    t =    11.26s         Find: Descendants matching type StaticText
    t =    11.26s         Find: Elements matching predicate '"botDebugStatus" IN identifiers'
    t =    11.27s         Requesting snapshot of accessibility hierarchy for app with pid 30417
    t =    11.32s         Find: Descendants matching type StaticText
    t =    11.32s         Requesting snapshot of accessibility hierarchy for app with pid 30417
    t =    12.17s Checking `Expect predicate `label == "完成0／作廢1"` for object "botDebugStatus" StaticText`
    t =    12.17s     Find the "botDebugStatus" StaticText
    t =    12.22s     Capturing element debug description
    t =    12.26s         Requesting snapshot of accessibility hierarchy for app with pid 30417
    t =    12.31s         Find: Descendants matching type StaticText
    t =    12.31s         Find: Elements matching predicate '"botDebugStatus" IN identifiers'
    t =    12.31s         Requesting snapshot of accessibility hierarchy for app with pid 30417
    t =    12.36s         Find: Descendants matching type StaticText
    t =    12.36s         Requesting snapshot of accessibility hierarchy for app with pid 30417
    t =    13.13s Checking `Expect predicate `label == "完成0／作廢1"` for object "botDebugStatus" StaticText`
    t =    13.13s     Find the "botDebugStatus" StaticText
    t =    13.19s     Capturing element debug description
    t =    13.22s         Requesting snapshot of accessibility hierarchy for app with pid 30417
    t =    13.27s         Find: Descendants matching type StaticText
    t =    13.27s         Find: Elements matching predicate '"botDebugStatus" IN identifiers'
    t =    13.27s         Requesting snapshot of accessibility hierarchy for app with pid 30417
    t =    13.32s         Find: Descendants matching type StaticText
    t =    13.32s         Requesting snapshot of accessibility hierarchy for app with pid 30417
    t =    14.20s Checking `Expect predicate `label == "完成0／作廢1"` for object "botDebugStatus" StaticText`
    t =    14.20s     Find the "botDebugStatus" StaticText
    t =    14.26s     Capturing element debug description
    t =    14.29s         Requesting snapshot of accessibility hierarchy for app with pid 30417
    t =    14.34s         Find: Descendants matching type StaticText
    t =    14.34s         Find: Elements matching predicate '"botDebugStatus" IN identifiers'
    t =    14.34s         Requesting snapshot of accessibility hierarchy for app with pid 30417
    t =    14.39s         Find: Descendants matching type StaticText
    t =    14.39s         Requesting snapshot of accessibility hierarchy for app with pid 30417
    t =    15.17s Checking `Expect predicate `label == "完成0／作廢1"` for object "botDebugStatus" StaticText`
    t =    15.17s     Find the "botDebugStatus" StaticText
    t =    15.23s     Capturing element debug description
    t =    15.26s         Requesting snapshot of accessibility hierarchy for app with pid 30417
    t =    15.31s         Find: Descendants matching type StaticText
    t =    15.31s         Find: Elements matching predicate '"botDebugStatus" IN identifiers'
    t =    15.31s         Requesting snapshot of accessibility hierarchy for app with pid 30417
    t =    15.36s         Find: Descendants matching type StaticText
    t =    15.36s         Requesting snapshot of accessibility hierarchy for app with pid 30417
    t =    16.13s Checking `Expect predicate `label == "完成0／作廢1"` for object "botDebugStatus" StaticText`
    t =    16.13s     Find the "botDebugStatus" StaticText
    t =    16.18s     Capturing element debug description
    t =    16.21s         Requesting snapshot of accessibility hierarchy for app with pid 30417
    t =    16.26s         Find: Descendants matching type StaticText
    t =    16.26s         Find: Elements matching predicate '"botDebugStatus" IN identifiers'
    t =    16.27s         Requesting snapshot of accessibility hierarchy for app with pid 30417
    t =    16.31s         Find: Descendants matching type StaticText
    t =    16.32s         Requesting snapshot of accessibility hierarchy for app with pid 30417
    t =    17.17s Checking `Expect predicate `label == "完成0／作廢1"` for object "botDebugStatus" StaticText`
    t =    17.17s     Find the "botDebugStatus" StaticText
    t =    17.22s     Capturing element debug description
    t =    17.25s         Requesting snapshot of accessibility hierarchy for app with pid 30417
    t =    17.30s         Find: Descendants matching type StaticText
    t =    17.30s         Find: Elements matching predicate '"botDebugStatus" IN identifiers'
    t =    17.31s         Requesting snapshot of accessibility hierarchy for app with pid 30417
    t =    17.36s         Find: Descendants matching type StaticText
    t =    17.36s         Requesting snapshot of accessibility hierarchy for app with pid 30417
    t =    18.13s Checking `Expect predicate `label == "完成0／作廢1"` for object "botDebugStatus" StaticText`
    t =    18.13s     Find the "botDebugStatus" StaticText
    t =    18.19s     Capturing element debug description
    t =    18.22s         Requesting snapshot of accessibility hierarchy for app with pid 30417
    t =    18.27s         Find: Descendants matching type StaticText
    t =    18.27s         Find: Elements matching predicate '"botDebugStatus" IN identifiers'
    t =    18.27s         Requesting snapshot of accessibility hierarchy for app with pid 30417
    t =    18.32s         Find: Descendants matching type StaticText
    t =    18.33s         Requesting snapshot of accessibility hierarchy for app with pid 30417
    t =    19.20s Checking `Expect predicate `label == "完成0／作廢1"` for object "botDebugStatus" StaticText`
    t =    19.20s     Find the "botDebugStatus" StaticText
    t =    19.25s     Capturing element debug description
    t =    19.29s         Requesting snapshot of accessibility hierarchy for app with pid 30417
    t =    19.34s         Find: Descendants matching type StaticText
    t =    19.34s         Find: Elements matching predicate '"botDebugStatus" IN identifiers'
    t =    19.34s         Requesting snapshot of accessibility hierarchy for app with pid 30417
    t =    19.39s         Find: Descendants matching type StaticText
    t =    19.39s         Requesting snapshot of accessibility hierarchy for app with pid 30417
    t =    20.15s Checking `Expect predicate `label == "完成0／作廢1"` for object "botDebugStatus" StaticText`
    t =    20.15s     Find the "botDebugStatus" StaticText
    t =    20.21s     Capturing element debug description
    t =    20.24s         Requesting snapshot of accessibility hierarchy for app with pid 30417
    t =    20.29s         Find: Descendants matching type StaticText
    t =    20.29s         Find: Elements matching predicate '"botDebugStatus" IN identifiers'
    t =    20.29s         Requesting snapshot of accessibility hierarchy for app with pid 30417
    t =    20.34s         Find: Descendants matching type StaticText
    t =    20.34s         Requesting snapshot of accessibility hierarchy for app with pid 30417
    t =    21.22s Checking `Expect predicate `label == "完成0／作廢1"` for object "botDebugStatus" StaticText`
    t =    21.22s     Find the "botDebugStatus" StaticText
    t =    21.27s     Capturing element debug description
    t =    21.30s         Requesting snapshot of accessibility hierarchy for app with pid 30417
    t =    21.35s         Find: Descendants matching type StaticText
    t =    21.35s         Find: Elements matching predicate '"botDebugStatus" IN identifiers'
    t =    21.36s         Requesting snapshot of accessibility hierarchy for app with pid 30417
    t =    21.41s         Find: Descendants matching type StaticText
    t =    21.41s         Requesting snapshot of accessibility hierarchy for app with pid 30417
    t =    22.16s Checking `Expect predicate `label == "完成0／作廢1"` for object "botDebugStatus" StaticText`
    t =    22.16s     Find the "botDebugStatus" StaticText
    t =    22.22s     Capturing element debug description
    t =    22.25s         Requesting snapshot of accessibility hierarchy for app with pid 30417
    t =    22.30s         Find: Descendants matching type StaticText
    t =    22.30s         Find: Elements matching predicate '"botDebugStatus" IN identifiers'
    t =    22.30s         Requesting snapshot of accessibility hierarchy for app with pid 30417
    t =    22.35s         Find: Descendants matching type StaticText
    t =    22.35s         Requesting snapshot of accessibility hierarchy for app with pid 30417
    t =    23.22s Checking `Expect predicate `label == "完成0／作廢1"` for object "botDebugStatus" StaticText`
    t =    23.22s     Find the "botDebugStatus" StaticText
    t =    23.28s     Capturing element debug description
    t =    23.31s         Requesting snapshot of accessibility hierarchy for app with pid 30417
    t =    23.36s         Find: Descendants matching type StaticText
    t =    23.36s         Find: Elements matching predicate '"botDebugStatus" IN identifiers'
    t =    23.36s         Requesting snapshot of accessibility hierarchy for app with pid 30417
    t =    23.41s         Find: Descendants matching type StaticText
    t =    23.41s         Requesting snapshot of accessibility hierarchy for app with pid 30417
    t =    24.17s Checking `Expect predicate `label == "完成0／作廢1"` for object "botDebugStatus" StaticText`
    t =    24.17s     Find the "botDebugStatus" StaticText
    t =    24.21s     Capturing element debug description
    t =    24.23s         Requesting snapshot of accessibility hierarchy for app with pid 30417
    t =    24.28s         Find: Descendants matching type StaticText
    t =    24.28s         Find: Elements matching predicate '"botDebugStatus" IN identifiers'
    t =    24.29s         Requesting snapshot of accessibility hierarchy for app with pid 30417
    t =    24.34s         Find: Descendants matching type StaticText
    t =    24.34s         Requesting snapshot of accessibility hierarchy for app with pid 30417
    t =    25.20s Checking `Expect predicate `label == "完成0／作廢1"` for object "botDebugStatus" StaticText`
    t =    25.20s     Find the "botDebugStatus" StaticText
    t =    25.26s     Capturing element debug description
    t =    25.29s         Requesting snapshot of accessibility hierarchy for app with pid 30417
    t =    25.34s         Find: Descendants matching type StaticText
    t =    25.34s         Find: Elements matching predicate '"botDebugStatus" IN identifiers'
    t =    25.34s         Requesting snapshot of accessibility hierarchy for app with pid 30417
    t =    25.39s         Find: Descendants matching type StaticText
    t =    25.39s         Requesting snapshot of accessibility hierarchy for app with pid 30417
    t =    26.17s Checking `Expect predicate `label == "完成0／作廢1"` for object "botDebugStatus" StaticText`
    t =    26.17s     Find the "botDebugStatus" StaticText
    t =    26.21s     Capturing element debug description
    t =    26.25s         Requesting snapshot of accessibility hierarchy for app with pid 30417
    t =    26.30s         Find: Descendants matching type StaticText
    t =    26.30s         Find: Elements matching predicate '"botDebugStatus" IN identifiers'
    t =    26.30s         Requesting snapshot of accessibility hierarchy for app with pid 30417
    t =    26.35s         Find: Descendants matching type StaticText
    t =    26.36s         Requesting snapshot of accessibility hierarchy for app with pid 30417
    t =    27.14s Checking `Expect predicate `label == "完成0／作廢1"` for object "botDebugStatus" StaticText`
    t =    27.14s     Find the "botDebugStatus" StaticText
    t =    27.19s     Capturing element debug description
    t =    27.22s         Requesting snapshot of accessibility hierarchy for app with pid 30417
    t =    27.27s         Find: Descendants matching type StaticText
    t =    27.28s         Find: Elements matching predicate '"botDebugStatus" IN identifiers'
    t =    27.28s         Requesting snapshot of accessibility hierarchy for app with pid 30417
    t =    27.33s         Find: Descendants matching type StaticText
    t =    27.33s         Requesting snapshot of accessibility hierarchy for app with pid 30417
    t =    28.17s Checking `Expect predicate `label == "完成0／作廢1"` for object "botDebugStatus" StaticText`
    t =    28.17s     Find the "botDebugStatus" StaticText
    t =    28.22s     Capturing element debug description
    t =    28.25s         Requesting snapshot of accessibility hierarchy for app with pid 30417
    t =    28.30s         Find: Descendants matching type StaticText
    t =    28.30s         Find: Elements matching predicate '"botDebugStatus" IN identifiers'
    t =    28.30s         Requesting snapshot of accessibility hierarchy for app with pid 30417
    t =    28.35s         Find: Descendants matching type StaticText
    t =    28.35s         Requesting snapshot of accessibility hierarchy for app with pid 30417
    t =    29.20s Checking `Expect predicate `label == "完成0／作廢1"` for object "botDebugStatus" StaticText`
    t =    29.20s     Find the "botDebugStatus" StaticText
    t =    29.26s     Capturing element debug description
    t =    29.29s         Requesting snapshot of accessibility hierarchy for app with pid 30417
    t =    29.34s         Find: Descendants matching type StaticText
    t =    29.34s         Find: Elements matching predicate '"botDebugStatus" IN identifiers'
    t =    29.34s         Requesting snapshot of accessibility hierarchy for app with pid 30417
    t =    29.39s         Find: Descendants matching type StaticText
    t =    29.39s         Requesting snapshot of accessibility hierarchy for app with pid 30417
    t =    30.16s Checking `Expect predicate `label == "完成0／作廢1"` for object "botDebugStatus" StaticText`
    t =    30.16s     Find the "botDebugStatus" StaticText
    t =    30.22s     Capturing element debug description
    t =    30.25s         Requesting snapshot of accessibility hierarchy for app with pid 30417
    t =    30.30s         Find: Descendants matching type StaticText
    t =    30.30s         Find: Elements matching predicate '"botDebugStatus" IN identifiers'
    t =    30.30s         Requesting snapshot of accessibility hierarchy for app with pid 30417
    t =    30.35s         Find: Descendants matching type StaticText
    t =    30.35s         Requesting snapshot of accessibility hierarchy for app with pid 30417
    t =    31.13s Checking `Expect predicate `label == "完成0／作廢1"` for object "botDebugStatus" StaticText`
    t =    31.13s     Find the "botDebugStatus" StaticText
    t =    31.19s     Capturing element debug description
    t =    31.22s         Requesting snapshot of accessibility hierarchy for app with pid 30417
    t =    31.27s         Find: Descendants matching type StaticText
    t =    31.27s         Find: Elements matching predicate '"botDebugStatus" IN identifiers'
    t =    31.27s         Requesting snapshot of accessibility hierarchy for app with pid 30417
    t =    31.32s         Find: Descendants matching type StaticText
    t =    31.32s         Requesting snapshot of accessibility hierarchy for app with pid 30417
    t =    32.20s Checking `Expect predicate `label == "完成0／作廢1"` for object "botDebugStatus" StaticText`
    t =    32.20s     Find the "botDebugStatus" StaticText
    t =    32.25s     Capturing element debug description
    t =    32.28s         Requesting snapshot of accessibility hierarchy for app with pid 30417
    t =    32.33s         Find: Descendants matching type StaticText
    t =    32.33s         Find: Elements matching predicate '"botDebugStatus" IN identifiers'
    t =    32.33s         Requesting snapshot of accessibility hierarchy for app with pid 30417
    t =    32.38s         Find: Descendants matching type StaticText
    t =    32.38s         Requesting snapshot of accessibility hierarchy for app with pid 30417
    t =    33.14s Checking `Expect predicate `label == "完成0／作廢1"` for object "botDebugStatus" StaticText`
    t =    33.14s     Find the "botDebugStatus" StaticText
    t =    33.22s     Capturing element debug description
    t =    33.26s         Requesting snapshot of accessibility hierarchy for app with pid 30417
    t =    33.31s         Find: Descendants matching type StaticText
    t =    33.31s         Find: Elements matching predicate '"botDebugStatus" IN identifiers'
    t =    33.31s         Requesting snapshot of accessibility hierarchy for app with pid 30417
    t =    33.36s         Find: Descendants matching type StaticText
    t =    33.36s         Requesting snapshot of accessibility hierarchy for app with pid 30417
    t =    34.13s Checking `Expect predicate `label == "完成0／作廢1"` for object "botDebugStatus" StaticText`
    t =    34.14s     Find the "botDebugStatus" StaticText
    t =    34.19s     Capturing element debug description
    t =    34.22s         Requesting snapshot of accessibility hierarchy for app with pid 30417
    t =    34.27s         Find: Descendants matching type StaticText
    t =    34.27s         Find: Elements matching predicate '"botDebugStatus" IN identifiers'
    t =    34.28s         Requesting snapshot of accessibility hierarchy for app with pid 30417
    t =    34.33s         Find: Descendants matching type StaticText
    t =    34.33s         Requesting snapshot of accessibility hierarchy for app with pid 30417
    t =    35.20s Checking `Expect predicate `label == "完成0／作廢1"` for object "botDebugStatus" StaticText`
    t =    35.20s     Find the "botDebugStatus" StaticText
    t =    35.25s     Capturing element debug description
    t =    35.28s         Requesting snapshot of accessibility hierarchy for app with pid 30417
    t =    35.33s         Find: Descendants matching type StaticText
    t =    35.33s         Find: Elements matching predicate '"botDebugStatus" IN identifiers'
    t =    35.34s         Requesting snapshot of accessibility hierarchy for app with pid 30417
    t =    35.38s         Find: Descendants matching type StaticText
    t =    35.39s         Requesting snapshot of accessibility hierarchy for app with pid 30417
    t =    36.17s Checking `Expect predicate `label == "完成0／作廢1"` for object "botDebugStatus" StaticText`
    t =    36.17s     Find the "botDebugStatus" StaticText
    t =    36.22s     Capturing element debug description
    t =    36.26s         Requesting snapshot of accessibility hierarchy for app with pid 30417
    t =    36.30s         Find: Descendants matching type StaticText
    t =    36.31s         Find: Elements matching predicate '"botDebugStatus" IN identifiers'
    t =    36.31s         Requesting snapshot of accessibility hierarchy for app with pid 30417
    t =    36.36s         Find: Descendants matching type StaticText
    t =    36.36s         Requesting snapshot of accessibility hierarchy for app with pid 30417
    t =    37.13s Checking `Expect predicate `label == "完成0／作廢1"` for object "botDebugStatus" StaticText`
    t =    37.13s     Find the "botDebugStatus" StaticText
    t =    37.19s     Capturing element debug description
    t =    37.22s         Requesting snapshot of accessibility hierarchy for app with pid 30417
    t =    37.27s         Find: Descendants matching type StaticText
    t =    37.27s         Find: Elements matching predicate '"botDebugStatus" IN identifiers'
    t =    37.27s         Requesting snapshot of accessibility hierarchy for app with pid 30417
    t =    37.32s         Find: Descendants matching type StaticText
    t =    37.33s         Requesting snapshot of accessibility hierarchy for app with pid 30417
    t =    38.22s Checking `Expect predicate `label == "完成0／作廢1"` for object "botDebugStatus" StaticText`
    t =    38.22s     Find the "botDebugStatus" StaticText
    t =    38.28s Find the "currentTurn" StaticText
    t =    38.31s Checking existence of `"1 AP" StaticText`
    t =    38.35s Waiting 10.0s for "playArena" Other to exist
    t =    39.36s     Checking `Expect predicate `existsNoRetry == 1` for object "playArena" Other`
    t =    39.36s         Checking existence of `"playArena" Other`
    t =    39.41s Tap "playArena" Other[0.50, 0.61]
    t =    39.41s     Wait for com.tacticalgo.prototype to idle
    t =    39.41s     Find the "playArena" Other
    t =    39.45s     Check for interrupting elements affecting "playArena" Other
    t =    39.47s     Synthesize event
    t =    39.47s         Find the "playArena" Other
    t =    39.50s         Find the "playArena" Other
    t =    39.54s         Find the "playArena" Other
    t =    39.85s     Wait for com.tacticalgo.prototype to idle
    t =    39.86s Find the "playConfirm" Button
    t =    39.90s Tap "playConfirm" Button
    t =    39.90s     Wait for com.tacticalgo.prototype to idle
    t =    39.90s     Find the "playConfirm" Button
    t =    39.93s     Check for interrupting elements affecting "playConfirm" Button
    t =    39.96s     Synthesize event
    t =    40.25s     Wait for com.tacticalgo.prototype to idle
    t =    40.25s Waiting 5.0s for "電腦思考中" StaticText to exist
    t =    41.27s     Checking `Expect predicate `existsNoRetry == 1` for object "電腦思考中" StaticText`
    t =    41.27s         Checking existence of `"電腦思考中" StaticText`
    t =    41.32s Tap "返回選角" Button
    t =    41.32s     Wait for com.tacticalgo.prototype to idle
    t =    41.32s     Find the "返回選角" Button
    t =    41.36s     Check for interrupting elements affecting "chevron.left" Button
    t =    41.38s     Synthesize event
    t =    41.67s     Wait for com.tacticalgo.prototype to idle
    t =    42.01s Get all elements bound by index for: Elements matching predicate '"返回選角" IN identifiers'
    t =    42.07s Tap "返回選角" Button
    t =    42.07s     Wait for com.tacticalgo.prototype to idle
    t =    42.07s     Find the "返回選角" Button
    t =    42.11s     Check for interrupting elements affecting "exitMatchConfirmed" Button
    t =    42.15s     Synthesize event
    t =    42.44s     Wait for com.tacticalgo.prototype to idle
    t =    42.66s Waiting 5.0s for "startMatch" Button to exist
    t =    43.67s     Checking `Expect predicate `existsNoRetry == 1` for object "startMatch" Button`
    t =    43.67s         Checking existence of `"startMatch" Button`
    t =    43.70s Find the "startMatch" Button
    t =    43.73s Swipe up Target Application 'com.tacticalgo.prototype'
    t =    43.73s     Wait for com.tacticalgo.prototype to idle
    t =    43.73s     Find the Target Application 'com.tacticalgo.prototype'
    t =    43.74s     Check for interrupting elements affecting "TacticalGo" Application
    t =    43.75s     Synthesize event
    t =    44.17s     Wait for com.tacticalgo.prototype to idle
    t =    44.79s Find the "startMatch" Button
    t =    44.83s Tap "startMatch" Button
    t =    44.83s     Wait for com.tacticalgo.prototype to idle
    t =    44.83s     Find the "startMatch" Button
    t =    44.84s     Check for interrupting elements affecting "startMatch" Button
    t =    44.86s     Synthesize event
    t =    45.15s     Wait for com.tacticalgo.prototype to idle
    t =    46.17s Checking `Expect predicate `label == "完成0／作廢1"` for object "botDebugStatus" StaticText`
    t =    46.17s     Find the "botDebugStatus" StaticText
    t =    46.23s     Capturing element debug description
    t =    46.26s         Requesting snapshot of accessibility hierarchy for app with pid 30417
    t =    46.31s         Find: Descendants matching type StaticText
    t =    46.31s         Find: Elements matching predicate '"botDebugStatus" IN identifiers'
    t =    46.32s         Requesting snapshot of accessibility hierarchy for app with pid 30417
    t =    46.36s         Find: Descendants matching type StaticText
    t =    46.37s         Requesting snapshot of accessibility hierarchy for app with pid 30417
    t =    47.23s Checking `Expect predicate `label == "完成0／作廢1"` for object "botDebugStatus" StaticText`
    t =    47.23s     Find the "botDebugStatus" StaticText
    t =    47.29s     Capturing element debug description
    t =    47.32s         Requesting snapshot of accessibility hierarchy for app with pid 30417
    t =    47.37s         Find: Descendants matching type StaticText
    t =    47.37s         Find: Elements matching predicate '"botDebugStatus" IN identifiers'
    t =    47.38s         Requesting snapshot of accessibility hierarchy for app with pid 30417
    t =    47.42s         Find: Descendants matching type StaticText
    t =    47.43s         Requesting snapshot of accessibility hierarchy for app with pid 30417
    t =    48.19s Checking `Expect predicate `label == "完成0／作廢1"` for object "botDebugStatus" StaticText`
    t =    48.19s     Find the "botDebugStatus" StaticText
    t =    48.25s     Capturing element debug description
    t =    48.28s         Requesting snapshot of accessibility hierarchy for app with pid 30417
    t =    48.33s         Find: Descendants matching type StaticText
    t =    48.33s         Find: Elements matching predicate '"botDebugStatus" IN identifiers'
    t =    48.33s         Requesting snapshot of accessibility hierarchy for app with pid 30417
    t =    48.38s         Find: Descendants matching type StaticText
    t =    48.38s         Requesting snapshot of accessibility hierarchy for app with pid 30417
    t =    49.16s Checking `Expect predicate `label == "完成0／作廢1"` for object "botDebugStatus" StaticText`
    t =    49.16s     Find the "botDebugStatus" StaticText
    t =    49.21s     Capturing element debug description
    t =    49.24s         Requesting snapshot of accessibility hierarchy for app with pid 30417
    t =    49.29s         Find: Descendants matching type StaticText
    t =    49.30s         Find: Elements matching predicate '"botDebugStatus" IN identifiers'
    t =    49.30s         Requesting snapshot of accessibility hierarchy for app with pid 30417
    t =    49.35s         Find: Descendants matching type StaticText
    t =    49.35s         Requesting snapshot of accessibility hierarchy for app with pid 30417
    t =    50.22s Checking `Expect predicate `label == "完成0／作廢1"` for object "botDebugStatus" StaticText`
    t =    50.22s     Find the "botDebugStatus" StaticText
    t =    50.27s     Capturing element debug description
    t =    50.31s         Requesting snapshot of accessibility hierarchy for app with pid 30417
    t =    50.36s         Find: Descendants matching type StaticText
    t =    50.36s         Find: Elements matching predicate '"botDebugStatus" IN identifiers'
    t =    50.36s         Requesting snapshot of accessibility hierarchy for app with pid 30417
    t =    50.41s         Find: Descendants matching type StaticText
    t =    50.41s         Requesting snapshot of accessibility hierarchy for app with pid 30417
    t =    51.19s Checking `Expect predicate `label == "完成0／作廢1"` for object "botDebugStatus" StaticText`
    t =    51.19s     Find the "botDebugStatus" StaticText
    t =    51.24s     Capturing element debug description
    t =    51.27s         Requesting snapshot of accessibility hierarchy for app with pid 30417
    t =    51.32s         Find: Descendants matching type StaticText
    t =    51.33s         Find: Elements matching predicate '"botDebugStatus" IN identifiers'
    t =    51.33s         Requesting snapshot of accessibility hierarchy for app with pid 30417
    t =    51.38s         Find: Descendants matching type StaticText
    t =    51.38s         Requesting snapshot of accessibility hierarchy for app with pid 30417
    t =    52.15s Checking `Expect predicate `label == "完成0／作廢1"` for object "botDebugStatus" StaticText`
    t =    52.15s     Find the "botDebugStatus" StaticText
    t =    52.21s     Capturing element debug description
    t =    52.24s         Requesting snapshot of accessibility hierarchy for app with pid 30417
    t =    52.29s         Find: Descendants matching type StaticText
    t =    52.29s         Find: Elements matching predicate '"botDebugStatus" IN identifiers'
    t =    52.30s         Requesting snapshot of accessibility hierarchy for app with pid 30417
    t =    52.35s         Find: Descendants matching type StaticText
    t =    52.35s         Requesting snapshot of accessibility hierarchy for app with pid 30417
    t =    53.21s Checking `Expect predicate `label == "完成0／作廢1"` for object "botDebugStatus" StaticText`
    t =    53.21s     Find the "botDebugStatus" StaticText
    t =    53.26s     Capturing element debug description
    t =    53.29s         Requesting snapshot of accessibility hierarchy for app with pid 30417
    t =    53.34s         Find: Descendants matching type StaticText
    t =    53.34s         Find: Elements matching predicate '"botDebugStatus" IN identifiers'
    t =    53.35s         Requesting snapshot of accessibility hierarchy for app with pid 30417
    t =    53.40s         Find: Descendants matching type StaticText
    t =    53.40s         Requesting snapshot of accessibility hierarchy for app with pid 30417
    t =    54.16s Checking `Expect predicate `label == "完成0／作廢1"` for object "botDebugStatus" StaticText`
    t =    54.16s     Find the "botDebugStatus" StaticText
    t =    54.22s     Capturing element debug description
    t =    54.25s         Requesting snapshot of accessibility hierarchy for app with pid 30417
    t =    54.30s         Find: Descendants matching type StaticText
    t =    54.30s         Find: Elements matching predicate '"botDebugStatus" IN identifiers'
    t =    54.30s         Requesting snapshot of accessibility hierarchy for app with pid 30417
    t =    54.35s         Find: Descendants matching type StaticText
    t =    54.36s         Requesting snapshot of accessibility hierarchy for app with pid 30417
    t =    55.20s Checking `Expect predicate `label == "完成0／作廢1"` for object "botDebugStatus" StaticText`
    t =    55.20s     Find the "botDebugStatus" StaticText
    t =    55.26s     Capturing element debug description
    t =    55.29s         Requesting snapshot of accessibility hierarchy for app with pid 30417
    t =    55.34s         Find: Descendants matching type StaticText
    t =    55.34s         Find: Elements matching predicate '"botDebugStatus" IN identifiers'
    t =    55.35s         Requesting snapshot of accessibility hierarchy for app with pid 30417
    t =    55.40s         Find: Descendants matching type StaticText
    t =    55.40s         Requesting snapshot of accessibility hierarchy for app with pid 30417
    t =    56.16s Checking `Expect predicate `label == "完成0／作廢1"` for object "botDebugStatus" StaticText`
    t =    56.16s     Find the "botDebugStatus" StaticText
    t =    56.22s     Capturing element debug description
    t =    56.25s         Requesting snapshot of accessibility hierarchy for app with pid 30417
    t =    56.30s         Find: Descendants matching type StaticText
    t =    56.30s         Find: Elements matching predicate '"botDebugStatus" IN identifiers'
    t =    56.30s         Requesting snapshot of accessibility hierarchy for app with pid 30417
    t =    56.35s         Find: Descendants matching type StaticText
    t =    56.35s         Requesting snapshot of accessibility hierarchy for app with pid 30417
    t =    57.22s Checking `Expect predicate `label == "完成0／作廢1"` for object "botDebugStatus" StaticText`
    t =    57.22s     Find the "botDebugStatus" StaticText
    t =    57.28s     Capturing element debug description
    t =    57.31s         Requesting snapshot of accessibility hierarchy for app with pid 30417
    t =    57.36s         Find: Descendants matching type StaticText
    t =    57.36s         Find: Elements matching predicate '"botDebugStatus" IN identifiers'
    t =    57.36s         Requesting snapshot of accessibility hierarchy for app with pid 30417
    t =    57.41s         Find: Descendants matching type StaticText
    t =    57.41s         Requesting snapshot of accessibility hierarchy for app with pid 30417
    t =    58.17s Checking `Expect predicate `label == "完成0／作廢1"` for object "botDebugStatus" StaticText`
    t =    58.17s     Find the "botDebugStatus" StaticText
    t =    58.22s     Capturing element debug description
    t =    58.25s         Requesting snapshot of accessibility hierarchy for app with pid 30417
    t =    58.30s         Find: Descendants matching type StaticText
    t =    58.30s         Find: Elements matching predicate '"botDebugStatus" IN identifiers'
    t =    58.31s         Requesting snapshot of accessibility hierarchy for app with pid 30417
    t =    58.36s         Find: Descendants matching type StaticText
    t =    58.36s         Requesting snapshot of accessibility hierarchy for app with pid 30417
    t =    59.23s Checking `Expect predicate `label == "完成0／作廢1"` for object "botDebugStatus" StaticText`
    t =    59.23s     Find the "botDebugStatus" StaticText
    t =    59.28s     Capturing element debug description
    t =    59.31s         Requesting snapshot of accessibility hierarchy for app with pid 30417
    t =    59.36s         Find: Descendants matching type StaticText
    t =    59.37s         Find: Elements matching predicate '"botDebugStatus" IN identifiers'
    t =    59.37s         Requesting snapshot of accessibility hierarchy for app with pid 30417
    t =    59.42s         Find: Descendants matching type StaticText
    t =    59.42s         Requesting snapshot of accessibility hierarchy for app with pid 30417
    t =    60.17s Checking `Expect predicate `label == "完成0／作廢1"` for object "botDebugStatus" StaticText`
    t =    60.17s     Find the "botDebugStatus" StaticText
    t =    60.22s     Capturing element debug description
    t =    60.26s         Requesting snapshot of accessibility hierarchy for app with pid 30417
    t =    60.31s         Find: Descendants matching type StaticText
    t =    60.31s         Find: Elements matching predicate '"botDebugStatus" IN identifiers'
    t =    60.31s         Requesting snapshot of accessibility hierarchy for app with pid 30417
    t =    60.36s         Find: Descendants matching type StaticText
    t =    60.37s         Requesting snapshot of accessibility hierarchy for app with pid 30417
    t =    61.23s Checking `Expect predicate `label == "完成0／作廢1"` for object "botDebugStatus" StaticText`
    t =    61.23s     Find the "botDebugStatus" StaticText
    t =    61.29s     Capturing element debug description
    t =    61.32s         Requesting snapshot of accessibility hierarchy for app with pid 30417
    t =    61.37s         Find: Descendants matching type StaticText
    t =    61.37s         Find: Elements matching predicate '"botDebugStatus" IN identifiers'
    t =    61.38s         Requesting snapshot of accessibility hierarchy for app with pid 30417
    t =    61.43s         Find: Descendants matching type StaticText
    t =    61.43s         Requesting snapshot of accessibility hierarchy for app with pid 30417
    t =    62.20s Checking `Expect predicate `label == "完成0／作廢1"` for object "botDebugStatus" StaticText`
    t =    62.20s     Find the "botDebugStatus" StaticText
    t =    62.24s     Capturing element debug description
    t =    62.27s         Requesting snapshot of accessibility hierarchy for app with pid 30417
    t =    62.33s         Find: Descendants matching type StaticText
    t =    62.33s         Find: Elements matching predicate '"botDebugStatus" IN identifiers'
    t =    62.33s         Requesting snapshot of accessibility hierarchy for app with pid 30417
    t =    62.38s         Find: Descendants matching type StaticText
    t =    62.39s         Requesting snapshot of accessibility hierarchy for app with pid 30417
    t =    63.17s Checking `Expect predicate `label == "完成0／作廢1"` for object "botDebugStatus" StaticText`
    t =    63.17s     Find the "botDebugStatus" StaticText
    t =    63.21s     Capturing element debug description
    t =    63.25s         Requesting snapshot of accessibility hierarchy for app with pid 30417
    t =    63.30s         Find: Descendants matching type StaticText
    t =    63.30s         Find: Elements matching predicate '"botDebugStatus" IN identifiers'
    t =    63.30s         Requesting snapshot of accessibility hierarchy for app with pid 30417
    t =    63.36s         Find: Descendants matching type StaticText
    t =    63.36s         Requesting snapshot of accessibility hierarchy for app with pid 30417
    t =    64.15s Checking `Expect predicate `label == "完成0／作廢1"` for object "botDebugStatus" StaticText`
    t =    64.15s     Find the "botDebugStatus" StaticText
    t =    64.20s     Capturing element debug description
    t =    64.23s         Requesting snapshot of accessibility hierarchy for app with pid 30417
    t =    64.28s         Find: Descendants matching type StaticText
    t =    64.28s         Find: Elements matching predicate '"botDebugStatus" IN identifiers'
    t =    64.29s         Requesting snapshot of accessibility hierarchy for app with pid 30417
    t =    64.34s         Find: Descendants matching type StaticText
    t =    64.34s         Requesting snapshot of accessibility hierarchy for app with pid 30417
    t =    65.23s Checking `Expect predicate `label == "完成0／作廢1"` for object "botDebugStatus" StaticText`
    t =    65.23s     Find the "botDebugStatus" StaticText
    t =    65.28s     Capturing element debug description
    t =    65.31s         Requesting snapshot of accessibility hierarchy for app with pid 30417
    t =    65.36s         Find: Descendants matching type StaticText
    t =    65.36s         Find: Elements matching predicate '"botDebugStatus" IN identifiers'
    t =    65.37s         Requesting snapshot of accessibility hierarchy for app with pid 30417
    t =    65.42s         Find: Descendants matching type StaticText
    t =    65.43s         Requesting snapshot of accessibility hierarchy for app with pid 30417
    t =    66.20s Checking `Expect predicate `label == "完成0／作廢1"` for object "botDebugStatus" StaticText`
    t =    66.20s     Find the "botDebugStatus" StaticText
    t =    66.24s     Capturing element debug description
    t =    66.28s         Requesting snapshot of accessibility hierarchy for app with pid 30417
    t =    66.34s         Find: Descendants matching type StaticText
    t =    66.34s         Find: Elements matching predicate '"botDebugStatus" IN identifiers'
    t =    66.35s         Requesting snapshot of accessibility hierarchy for app with pid 30417
    t =    66.41s         Find: Descendants matching type StaticText
    t =    66.41s         Requesting snapshot of accessibility hierarchy for app with pid 30417
    t =    67.17s Checking `Expect predicate `label == "完成0／作廢1"` for object "botDebugStatus" StaticText`
    t =    67.17s     Find the "botDebugStatus" StaticText
    t =    67.21s     Capturing element debug description
    t =    67.25s         Requesting snapshot of accessibility hierarchy for app with pid 30417
    t =    67.31s         Find: Descendants matching type StaticText
    t =    67.31s         Find: Elements matching predicate '"botDebugStatus" IN identifiers'
    t =    67.32s         Requesting snapshot of accessibility hierarchy for app with pid 30417
    t =    67.38s         Find: Descendants matching type StaticText
    t =    67.38s         Requesting snapshot of accessibility hierarchy for app with pid 30417
    t =    68.19s Checking `Expect predicate `label == "完成0／作廢1"` for object "botDebugStatus" StaticText`
    t =    68.19s     Find the "botDebugStatus" StaticText
    t =    68.24s     Capturing element debug description
    t =    68.27s         Requesting snapshot of accessibility hierarchy for app with pid 30417
    t =    68.33s         Find: Descendants matching type StaticText
    t =    68.33s         Find: Elements matching predicate '"botDebugStatus" IN identifiers'
    t =    68.33s         Requesting snapshot of accessibility hierarchy for app with pid 30417
    t =    68.39s         Find: Descendants matching type StaticText
    t =    68.40s         Requesting snapshot of accessibility hierarchy for app with pid 30417
    t =    69.15s Checking `Expect predicate `label == "完成0／作廢1"` for object "botDebugStatus" StaticText`
    t =    69.15s     Find the "botDebugStatus" StaticText
    t =    69.20s     Capturing element debug description
    t =    69.25s         Requesting snapshot of accessibility hierarchy for app with pid 30417
    t =    69.30s         Find: Descendants matching type StaticText
    t =    69.31s         Find: Elements matching predicate '"botDebugStatus" IN identifiers'
    t =    69.31s         Requesting snapshot of accessibility hierarchy for app with pid 30417
    t =    69.37s         Find: Descendants matching type StaticText
    t =    69.37s         Requesting snapshot of accessibility hierarchy for app with pid 30417
    t =    70.20s Checking `Expect predicate `label == "完成0／作廢1"` for object "botDebugStatus" StaticText`
    t =    70.20s     Find the "botDebugStatus" StaticText
    t =    70.25s     Capturing element debug description
    t =    70.28s         Requesting snapshot of accessibility hierarchy for app with pid 30417
    t =    70.34s         Find: Descendants matching type StaticText
    t =    70.34s         Find: Elements matching predicate '"botDebugStatus" IN identifiers'
    t =    70.34s         Requesting snapshot of accessibility hierarchy for app with pid 30417
    t =    70.40s         Find: Descendants matching type StaticText
    t =    70.41s         Requesting snapshot of accessibility hierarchy for app with pid 30417
    t =    71.17s Checking `Expect predicate `label == "完成0／作廢1"` for object "botDebugStatus" StaticText`
    t =    71.17s     Find the "botDebugStatus" StaticText
    t =    71.21s     Capturing element debug description
    t =    71.24s         Requesting snapshot of accessibility hierarchy for app with pid 30417
    t =    71.29s         Find: Descendants matching type StaticText
    t =    71.30s         Find: Elements matching predicate '"botDebugStatus" IN identifiers'
    t =    71.30s         Requesting snapshot of accessibility hierarchy for app with pid 30417
    t =    71.35s         Find: Descendants matching type StaticText
    t =    71.35s         Requesting snapshot of accessibility hierarchy for app with pid 30417
    t =    72.23s Checking `Expect predicate `label == "完成0／作廢1"` for object "botDebugStatus" StaticText`
    t =    72.23s     Find the "botDebugStatus" StaticText
    t =    72.28s     Capturing element debug description
    t =    72.31s         Requesting snapshot of accessibility hierarchy for app with pid 30417
    t =    72.36s         Find: Descendants matching type StaticText
    t =    72.36s         Find: Elements matching predicate '"botDebugStatus" IN identifiers'
    t =    72.36s         Requesting snapshot of accessibility hierarchy for app with pid 30417
    t =    72.41s         Find: Descendants matching type StaticText
    t =    72.42s         Requesting snapshot of accessibility hierarchy for app with pid 30417
    t =    73.22s Checking `Expect predicate `label == "完成0／作廢1"` for object "botDebugStatus" StaticText`
    t =    73.22s     Find the "botDebugStatus" StaticText
    t =    73.26s Find the "currentTurn" StaticText
    t =    73.39s Added attachment named 'BOT-01-stale-result-rejected-after-restart-and-exit'
    t =    73.39s Tear Down
Test Case '-[TacticalGoUITests.PlayableGameTests testRestartAndExitInvalidatePendingComputerTurn]' passed (73.609 seconds).
Test Case '-[TacticalGoUITests.PlayableGameTests testSavedComputerCommittedStepResumesRemainingAP]' started.
    t =     0.00s Start Test at 2026-10-10 02:25:40.892
    t =     0.02s Set Up
    t =     0.02s Open com.tacticalgo.prototype
    t =     0.02s     Launch com.tacticalgo.prototype
    t =     0.02s         Terminate com.tacticalgo.prototype:30417
2026-10-10 02:25:42.012 xcodebuild[29583:297679] [MT] IDELaunchParametersSnapshot: The operation couldn’t be completed. (DebuggerLLDB.DebuggerVersionStore.StoreError error 0.)
2026-10-10 02:25:42.012 xcodebuild[29583:297679] [MT] IDELaunchParametersSnapshot: no debugger version
    t =     1.32s         Setting up automation session
    t =     2.01s         Wait for com.tacticalgo.prototype to idle
    t =     3.25s Waiting 10.0s for "matchMode" SegmentedControl to exist
    t =     4.26s     Checking `Expect predicate `existsNoRetry == 1` for object "matchMode" SegmentedControl`
    t =     4.26s         Checking existence of `"matchMode" SegmentedControl`
    t =     4.34s Tap "電腦對戰" Button
    t =     4.34s     Wait for com.tacticalgo.prototype to idle
    t =     4.34s     Find the "電腦對戰" Button
    t =     4.36s     Check for interrupting elements affecting "電腦對戰" Button
    t =     4.37s     Synthesize event
    t =     4.66s     Wait for com.tacticalgo.prototype to idle
    t =     4.88s Find the "startMatch" Button
    t =     4.91s Swipe up Target Application 'com.tacticalgo.prototype'
    t =     4.91s     Wait for com.tacticalgo.prototype to idle
    t =     4.92s     Find the Target Application 'com.tacticalgo.prototype'
    t =     4.93s     Check for interrupting elements affecting "TacticalGo" Application
    t =     4.94s     Synthesize event
    t =     5.35s     Wait for com.tacticalgo.prototype to idle
    t =     6.01s Find the "startMatch" Button
    t =     6.05s Tap "startMatch" Button
    t =     6.05s     Wait for com.tacticalgo.prototype to idle
    t =     6.05s     Find the "startMatch" Button
    t =     6.07s     Check for interrupting elements affecting "startMatch" Button
    t =     6.08s     Synthesize event
    t =     6.37s     Wait for com.tacticalgo.prototype to idle
    t =     6.49s Find the "currentTurn" StaticText
    t =     6.52s Waiting 10.0s for "playArena" Other to exist
    t =     7.54s     Checking `Expect predicate `existsNoRetry == 1` for object "playArena" Other`
    t =     7.54s         Checking existence of `"playArena" Other`
    t =     7.58s Tap "playArena" Other[0.50, 0.61]
    t =     7.58s     Wait for com.tacticalgo.prototype to idle
    t =     7.58s     Find the "playArena" Other
    t =     7.62s     Check for interrupting elements affecting "playArena" Other
    t =     7.64s     Synthesize event
    t =     7.64s         Find the "playArena" Other
    t =     7.67s         Find the "playArena" Other
    t =     7.70s         Find the "playArena" Other
    t =     8.01s     Wait for com.tacticalgo.prototype to idle
    t =     8.01s Find the "playConfirm" Button
    t =     8.05s Find the "playArena" Other
    t =     8.08s Tap "playConfirm" Button
    t =     8.08s     Wait for com.tacticalgo.prototype to idle
    t =     8.09s     Find the "playConfirm" Button
    t =     8.12s     Check for interrupting elements affecting "playConfirm" Button
    t =     8.14s     Synthesize event
    t =     8.42s     Wait for com.tacticalgo.prototype to idle
    t =     9.45s Checking `Expect predicate `value == "1/2 準備"` for object "playMessage" StaticText`
    t =     9.45s     Find the "playMessage" StaticText
    t =     9.50s Tap "botReviewAdvance" Button
    t =     9.50s     Wait for com.tacticalgo.prototype to idle
    t =     9.50s     Find the "botReviewAdvance" Button
    t =     9.54s     Check for interrupting elements affecting "botReviewAdvance" Button
    t =     9.57s     Synthesize event
    t =     9.85s     Wait for com.tacticalgo.prototype to idle
    t =    10.86s Checking `Expect predicate `value == "1/2 落定"` for object "playMessage" StaticText`
    t =    10.86s     Find the "playMessage" StaticText
    t =    10.91s Checking existence of `"1 AP" StaticText`
    t =    10.95s Terminate com.tacticalgo.prototype:30604
    t =    11.99s Open com.tacticalgo.prototype
    t =    11.99s     Launch com.tacticalgo.prototype
2026-10-10 02:25:52.888 xcodebuild[29583:297679] [MT] IDELaunchParametersSnapshot: The operation couldn’t be completed. (DebuggerLLDB.DebuggerVersionStore.StoreError error 0.)
2026-10-10 02:25:52.888 xcodebuild[29583:297679] [MT] IDELaunchParametersSnapshot: no debugger version
    t =    12.20s         Setting up automation session
    t =    12.67s         Wait for com.tacticalgo.prototype to idle
    t =    13.89s Tap "resumeMatch" Button
    t =    13.89s     Wait for com.tacticalgo.prototype to idle
    t =    13.89s     Find the "resumeMatch" Button
    t =    13.96s     Check for interrupting elements affecting "resumeMatch" Button
    t =    13.97s     Synthesize event
    t =    14.26s     Wait for com.tacticalgo.prototype to idle
    t =    15.42s Checking `Expect predicate `value == "1/1 準備"` for object "playMessage" StaticText`
    t =    15.42s     Find the "playMessage" StaticText
    t =    15.48s Checking existence of `"1 AP" StaticText`
    t =    15.52s Tap "botReviewAdvance" Button
    t =    15.52s     Wait for com.tacticalgo.prototype to idle
    t =    15.52s     Find the "botReviewAdvance" Button
    t =    15.55s     Check for interrupting elements affecting "botReviewAdvance" Button
    t =    15.58s     Synthesize event
    t =    15.87s     Wait for com.tacticalgo.prototype to idle
    t =    16.89s Checking `Expect predicate `value == "1/1 落定"` for object "playMessage" StaticText`
    t =    16.89s     Find the "playMessage" StaticText
    t =    16.95s Tap "botReviewAdvance" Button
    t =    16.95s     Wait for com.tacticalgo.prototype to idle
    t =    16.95s     Find the "botReviewAdvance" Button
    t =    16.98s     Check for interrupting elements affecting "botReviewAdvance" Button
    t =    17.01s     Synthesize event
    t =    17.30s     Wait for com.tacticalgo.prototype to idle
    t =    17.30s Waiting 5.0s for "botStatus" Any to exist
    t =    18.33s     Checking `Expect predicate `existsNoRetry == 1` for object "botStatus" Any`
    t =    18.33s         Checking existence of `"botStatus" Any`
    t =    19.39s Checking `Expect predicate `value == "已完成1電腦回合"` for object "botStatus" Any`
    t =    19.39s     Find the "botStatus" Any
    t =    19.43s Find the "currentTurn" StaticText
    t =    19.47s Checking existence of `"2 AP" StaticText`
    t =    19.50s Tap "undoOrCancel" Button
    t =    19.50s     Wait for com.tacticalgo.prototype to idle
    t =    19.50s     Find the "undoOrCancel" Button
    t =    19.53s     Check for interrupting elements affecting "undoOrCancel" Button
    t =    19.56s     Synthesize event
    t =    19.85s     Wait for com.tacticalgo.prototype to idle
    t =    19.86s Checking existence of `"1 AP" StaticText`
    t =    20.00s Added attachment named 'saved-computer-resume-remaining-ap'
    t =    20.00s Tear Down
Test Case '-[TacticalGoUITests.PlayableGameTests testSavedComputerCommittedStepResumesRemainingAP]' passed (20.221 seconds).
Test Case '-[TacticalGoUITests.PlayableGameTests testSavedMatchRestartsWithResourcesAndUndo]' started.
    t =     0.00s Start Test at 2026-10-10 02:26:01.114
    t =     0.03s Set Up
    t =     0.03s Open com.tacticalgo.prototype
    t =     0.03s     Launch com.tacticalgo.prototype
    t =     0.03s         Terminate com.tacticalgo.prototype:30618
2026-10-10 02:26:02.185 xcodebuild[29583:297679] [MT] IDELaunchParametersSnapshot: The operation couldn’t be completed. (DebuggerLLDB.DebuggerVersionStore.StoreError error 0.)
2026-10-10 02:26:02.185 xcodebuild[29583:297679] [MT] IDELaunchParametersSnapshot: no debugger version
    t =     1.28s         Setting up automation session
    t =     1.86s         Wait for com.tacticalgo.prototype to idle
    t =     3.06s Find the "startMatch" Button
    t =     3.13s Tap "startMatch" Button
    t =     3.13s     Wait for com.tacticalgo.prototype to idle
    t =     3.14s     Find the "startMatch" Button
    t =     3.15s     Check for interrupting elements affecting "startMatch" Button
    t =     3.16s     Synthesize event
    t =     3.45s     Wait for com.tacticalgo.prototype to idle
    t =     3.54s Waiting 10.0s for "playArena" Other to exist
    t =     4.55s     Checking `Expect predicate `existsNoRetry == 1` for object "playArena" Other`
    t =     4.55s         Checking existence of `"playArena" Other`
    t =     4.61s Tap "playArena" Other[0.13, 0.18]
    t =     4.61s     Wait for com.tacticalgo.prototype to idle
    t =     4.61s     Find the "playArena" Other
    t =     4.65s     Check for interrupting elements affecting "playArena" Other
    t =     4.67s     Synthesize event
    t =     4.67s         Find the "playArena" Other
    t =     4.70s         Find the "playArena" Other
    t =     4.73s         Find the "playArena" Other
    t =     5.04s     Wait for com.tacticalgo.prototype to idle
    t =     5.04s Tap "playConfirm" Button
    t =     5.04s     Wait for com.tacticalgo.prototype to idle
    t =     5.05s     Find the "playConfirm" Button
    t =     5.08s     Check for interrupting elements affecting "playConfirm" Button
    t =     5.11s     Synthesize event
    t =     5.40s     Wait for com.tacticalgo.prototype to idle
    t =     5.40s Find the "currentTurn" StaticText
    t =     5.44s Checking existence of `"2 AP" StaticText`
    t =     5.47s Terminate com.tacticalgo.prototype:30633
    t =     6.50s Open com.tacticalgo.prototype
    t =     6.50s     Launch com.tacticalgo.prototype
2026-10-10 02:26:07.612 xcodebuild[29583:297679] [MT] IDELaunchParametersSnapshot: The operation couldn’t be completed. (DebuggerLLDB.DebuggerVersionStore.StoreError error 0.)
2026-10-10 02:26:07.612 xcodebuild[29583:297679] [MT] IDELaunchParametersSnapshot: no debugger version
    t =     6.70s         Setting up automation session
    t =     7.17s         Wait for com.tacticalgo.prototype to idle
    t =     8.39s Waiting 10.0s for "resumeMatch" Button to exist
    t =     9.39s     Checking `Expect predicate `existsNoRetry == 1` for object "resumeMatch" Button`
    t =     9.39s         Checking existence of `"resumeMatch" Button`
    t =     9.46s Tap "resumeMatch" Button
    t =     9.46s     Wait for com.tacticalgo.prototype to idle
    t =     9.46s     Find the "resumeMatch" Button
    t =     9.48s     Check for interrupting elements affecting "resumeMatch" Button
    t =     9.49s     Synthesize event
    t =     9.78s     Wait for com.tacticalgo.prototype to idle
    t =     9.89s Find the "currentTurn" StaticText
    t =     9.92s Checking existence of `"2 AP" StaticText`
    t =     9.95s Tap "以格點清單操作棋盤" Button
    t =     9.95s     Wait for com.tacticalgo.prototype to idle
    t =     9.96s     Find the "以格點清單操作棋盤" Button
    t =     9.99s     Check for interrupting elements affecting "square.grid.3x3" Button
    t =    10.01s     Synthesize event
    t =    10.30s     Wait for com.tacticalgo.prototype to idle
    t =    10.38s Find the "cell-0-0" Button
    t =    10.45s Tap "完成" Button
    t =    10.45s     Wait for com.tacticalgo.prototype to idle
    t =    10.88s     Find the "完成" Button
    t =    10.96s     Check for interrupting elements affecting "完成" Button
    t =    11.00s     Synthesize event
    t =    11.29s     Wait for com.tacticalgo.prototype to idle
    t =    11.66s Tap "undoOrCancel" Button
    t =    11.66s     Wait for com.tacticalgo.prototype to idle
    t =    11.67s     Find the "undoOrCancel" Button
    t =    11.71s     Check for interrupting elements affecting "undoOrCancel" Button
    t =    11.73s     Synthesize event
    t =    12.02s     Wait for com.tacticalgo.prototype to idle
    t =    12.03s Find the "currentTurn" StaticText
    t =    12.07s Checking existence of `"1 AP" StaticText`
    t =    12.19s Added attachment named 'saved-match-relaunch-and-undo'
    t =    12.19s Terminate com.tacticalgo.prototype:30640
    t =    13.27s Open com.tacticalgo.prototype
    t =    13.27s     Launch com.tacticalgo.prototype
2026-10-10 02:26:14.385 xcodebuild[29583:297679] [MT] IDELaunchParametersSnapshot: The operation couldn’t be completed. (DebuggerLLDB.DebuggerVersionStore.StoreError error 0.)
2026-10-10 02:26:14.385 xcodebuild[29583:297679] [MT] IDELaunchParametersSnapshot: no debugger version
    t =    13.48s         Setting up automation session
    t =    13.93s         Wait for com.tacticalgo.prototype to idle
    t =    15.14s Tap "resumeMatch" Button
    t =    15.14s     Wait for com.tacticalgo.prototype to idle
    t =    15.15s     Find the "resumeMatch" Button
    t =    15.21s     Check for interrupting elements affecting "resumeMatch" Button
    t =    15.23s     Synthesize event
    t =    15.52s     Wait for com.tacticalgo.prototype to idle
    t =    15.61s Tap "以格點清單操作棋盤" Button
    t =    15.61s     Wait for com.tacticalgo.prototype to idle
    t =    15.61s     Find the "以格點清單操作棋盤" Button
    t =    15.64s     Check for interrupting elements affecting "square.grid.3x3" Button
    t =    15.67s     Synthesize event
    t =    15.95s     Wait for com.tacticalgo.prototype to idle
    t =    16.00s Find the "cell-0-0" Button
    t =    16.07s Tear Down
Test Case '-[TacticalGoUITests.PlayableGameTests testSavedMatchRestartsWithResourcesAndUndo]' passed (16.288 seconds).
Test Case '-[TacticalGoUITests.PlayableGameTests testSoloModeComputerCompletesTurnAndUndoReturnsHumanDecision]' started.
    t =     0.00s Start Test at 2026-10-10 02:26:17.402
    t =     0.02s Set Up
    t =     0.03s Open com.tacticalgo.prototype
    t =     0.03s     Launch com.tacticalgo.prototype
    t =     0.03s         Terminate com.tacticalgo.prototype:30665
2026-10-10 02:26:18.486 xcodebuild[29583:297679] [MT] IDELaunchParametersSnapshot: The operation couldn’t be completed. (DebuggerLLDB.DebuggerVersionStore.StoreError error 0.)
2026-10-10 02:26:18.486 xcodebuild[29583:297679] [MT] IDELaunchParametersSnapshot: no debugger version
    t =     1.29s         Setting up automation session
    t =     1.73s         Wait for com.tacticalgo.prototype to idle
    t =     2.94s Waiting 10.0s for "matchMode" SegmentedControl to exist
    t =     3.96s     Checking `Expect predicate `existsNoRetry == 1` for object "matchMode" SegmentedControl`
    t =     3.96s         Checking existence of `"matchMode" SegmentedControl`
    t =     4.03s Tap "電腦對戰" Button
    t =     4.03s     Wait for com.tacticalgo.prototype to idle
    t =     4.03s     Find the "電腦對戰" Button
    t =     4.05s     Check for interrupting elements affecting "電腦對戰" Button
    t =     4.06s     Synthesize event
    t =     4.35s     Wait for com.tacticalgo.prototype to idle
    t =     4.57s Tap "choose-rogue" Button
    t =     4.57s     Wait for com.tacticalgo.prototype to idle
    t =     4.57s     Find the "choose-rogue" Button
    t =     4.60s     Check for interrupting elements affecting "choose-rogue" Button
    t =     4.61s     Synthesize event
    t =     4.91s     Wait for com.tacticalgo.prototype to idle
    t =     4.91s Find the "startMatch" Button
    t =     5.05s Swipe up Target Application 'com.tacticalgo.prototype'
    t =     5.05s     Wait for com.tacticalgo.prototype to idle
    t =     5.06s     Find the Target Application 'com.tacticalgo.prototype'
    t =     5.07s     Check for interrupting elements affecting "TacticalGo" Application
    t =     5.09s     Synthesize event
    t =     5.50s     Wait for com.tacticalgo.prototype to idle
    t =     6.09s Find the "startMatch" Button
    t =     6.11s Find the "9 × 9" Button
    t =     6.13s Tap "startMatch" Button
    t =     6.13s     Wait for com.tacticalgo.prototype to idle
    t =     6.13s     Find the "startMatch" Button
    t =     6.14s     Check for interrupting elements affecting "startMatch" Button
    t =     6.16s     Synthesize event
    t =     6.45s     Wait for com.tacticalgo.prototype to idle
    t =     6.56s Find the "currentTurn" StaticText
    t =     6.60s Waiting 10.0s for "playArena" Other to exist
    t =     7.61s     Checking `Expect predicate `existsNoRetry == 1` for object "playArena" Other`
    t =     7.61s         Checking existence of `"playArena" Other`
    t =     7.66s Tap "playArena" Other[0.50, 0.61]
    t =     7.66s     Wait for com.tacticalgo.prototype to idle
    t =     7.66s     Find the "playArena" Other
    t =     7.70s     Check for interrupting elements affecting "playArena" Other
    t =     7.72s     Synthesize event
    t =     7.72s         Find the "playArena" Other
    t =     7.75s         Find the "playArena" Other
    t =     7.79s         Find the "playArena" Other
    t =     8.10s     Wait for com.tacticalgo.prototype to idle
    t =     8.10s Tap "playConfirm" Button
    t =     8.10s     Wait for com.tacticalgo.prototype to idle
    t =     8.11s     Find the "playConfirm" Button
    t =     8.15s     Check for interrupting elements affecting "playConfirm" Button
    t =     8.17s     Synthesize event
    t =     8.46s     Wait for com.tacticalgo.prototype to idle
    t =     8.47s Waiting 5.0s for "botStatus" Any to exist
    t =     9.48s     Checking `Expect predicate `existsNoRetry == 1` for object "botStatus" Any`
    t =     9.48s         Checking existence of `"botStatus" Any`
    t =    10.57s Checking `Expect predicate `value == "已完成1電腦回合"` for object "botStatus" Any`
    t =    10.57s     Find the "botStatus" Any
    t =    10.62s     Capturing element debug description
    t =    10.65s         Requesting snapshot of accessibility hierarchy for app with pid 30672
    t =    10.70s         Find: Descendants matching type Any
    t =    10.70s         Find: Elements matching predicate '"botStatus" IN identifiers'
    t =    10.70s         Requesting snapshot of accessibility hierarchy for app with pid 30672
    t =    10.75s         Find: Descendants matching type Any
    t =    10.76s         Requesting snapshot of accessibility hierarchy for app with pid 30672
    t =    11.58s Checking `Expect predicate `value == "已完成1電腦回合"` for object "botStatus" Any`
    t =    11.58s     Find the "botStatus" StaticText
    t =    11.63s     Capturing element debug description
    t =    11.66s         Requesting snapshot of accessibility hierarchy for app with pid 30672
    t =    11.71s         Find: Descendants matching type Any
    t =    11.72s         Find: Elements matching predicate '"botStatus" IN identifiers'
    t =    11.72s         Requesting snapshot of accessibility hierarchy for app with pid 30672
    t =    11.77s         Find: Descendants matching type Any
    t =    11.77s         Requesting snapshot of accessibility hierarchy for app with pid 30672
    t =    12.55s Checking `Expect predicate `value == "已完成1電腦回合"` for object "botStatus" Any`
    t =    12.55s     Find the "botStatus" StaticText
BOT-01 native observed confirm-to-reply seconds: 4.499794006347656
    t =    12.60s Find the "currentTurn" StaticText
    t =    12.64s Checking existence of `"2 AP" StaticText`
    t =    12.67s Find the "mode-soldier" Button
    t =    12.78s Added attachment named 'BOT-01-real-computer-turn'
    t =    12.78s Tap "undoOrCancel" Button
    t =    12.79s     Wait for com.tacticalgo.prototype to idle
    t =    12.79s     Find the "undoOrCancel" Button
    t =    12.82s     Check for interrupting elements affecting "undoOrCancel" Button
    t =    12.84s     Synthesize event
    t =    13.13s     Wait for com.tacticalgo.prototype to idle
    t =    13.13s Find the "currentTurn" StaticText
    t =    13.17s Checking existence of `"1 AP" StaticText`
    t =    13.20s Waiting 10.0s for "playArena" Other to exist
    t =    14.21s     Checking `Expect predicate `existsNoRetry == 1` for object "playArena" Other`
    t =    14.21s         Checking existence of `"playArena" Other`
    t =    14.26s Tap "playArena" Other[0.50, 0.61]
    t =    14.26s     Wait for com.tacticalgo.prototype to idle
    t =    14.27s     Find the "playArena" Other
    t =    14.30s     Check for interrupting elements affecting "playArena" Other
    t =    14.32s     Synthesize event
    t =    14.33s         Find the "playArena" Other
    t =    14.36s         Find the "playArena" Other
    t =    14.39s         Find the "playArena" Other
    t =    14.70s     Wait for com.tacticalgo.prototype to idle
    t =    14.71s Find the "playConfirm" Button
    t =    14.84s Added attachment named 'BOT-01-undo-human-boundary'
    t =    14.84s Tear Down
Test Case '-[TacticalGoUITests.PlayableGameTests testSoloModeComputerCompletesTurnAndUndoReturnsHumanDecision]' passed (15.067 seconds).
Test Case '-[TacticalGoUITests.PlayableGameTests testSoundSettingsPersistInComputerMatch]' started.
    t =     0.00s Start Test at 2026-10-10 02:26:32.471
    t =     0.03s Set Up
    t =     0.03s Open com.tacticalgo.prototype
    t =     0.03s     Launch com.tacticalgo.prototype
    t =     0.03s         Terminate com.tacticalgo.prototype:30672
2026-10-10 02:26:33.551 xcodebuild[29583:297679] [MT] IDELaunchParametersSnapshot: The operation couldn’t be completed. (DebuggerLLDB.DebuggerVersionStore.StoreError error 0.)
2026-10-10 02:26:33.551 xcodebuild[29583:297679] [MT] IDELaunchParametersSnapshot: no debugger version
    t =     1.29s         Setting up automation session
    t =     1.94s         Wait for com.tacticalgo.prototype to idle
    t =     3.28s Tap "對戰選單" Button
    t =     3.28s     Wait for com.tacticalgo.prototype to idle
    t =     3.29s     Find the "對戰選單" Button
    t =     3.38s     Check for interrupting elements affecting "對戰選單" Button
    t =     3.40s     Synthesize event
    t =     3.70s     Wait for com.tacticalgo.prototype to idle
    t =     3.70s Tap "聲音設定" Button
    t =     3.70s     Wait for com.tacticalgo.prototype to idle
    t =     3.70s     Find the "聲音設定" Button
    t =     3.74s     Check for interrupting elements affecting "audioSettings" Button
    t =     3.77s     Synthesize event
    t =     4.06s     Wait for com.tacticalgo.prototype to idle
    t =     4.12s Waiting 5.0s for "audioMute" Switch to exist
    t =     5.15s     Checking `Expect predicate `existsNoRetry == 1` for object "audioMute" Switch`
    t =     5.15s         Checking existence of `"audioMute" Switch`
    t =     5.24s Find the "audioMute" Switch
    t =     5.29s Tap "audioMute" Switch[0.92, 0.50]
    t =     5.29s     Wait for com.tacticalgo.prototype to idle
    t =     5.29s     Find the "audioMute" Switch
    t =     5.34s     Check for interrupting elements affecting "audioMute" Switch
    t =     5.38s     Synthesize event
    t =     5.38s         Find the "audioMute" Switch
    t =     5.43s         Find the "audioMute" Switch
    t =     5.48s         Find the "audioMute" Switch
    t =     5.81s     Wait for com.tacticalgo.prototype to idle
    t =     5.82s Find the "audioMute" Switch
    t =     5.88s Set normalized position of "sfxVolume" Slider to 0.35
    t =     5.88s     Wait for com.tacticalgo.prototype to idle
    t =     5.89s     Find the "sfxVolume" Slider
    t =     5.94s     Check for interrupting elements affecting "sfxVolume" Slider
    t =     5.98s     Synthesize event
    t =     6.63s     Wait for com.tacticalgo.prototype to idle
    t =     6.64s Set normalized position of "musicVolume" Slider to 0.20
    t =     6.64s     Wait for com.tacticalgo.prototype to idle
    t =     6.64s     Find the "musicVolume" Slider
    t =     6.71s     Check for interrupting elements affecting "musicVolume" Slider
    t =     6.75s     Synthesize event
    t =     7.28s     Wait for com.tacticalgo.prototype to idle
    t =     7.29s Find the "voiceEnabled" Switch
    t =     7.35s Tap "voiceEnabled" Switch[0.92, 0.50]
    t =     7.35s     Wait for com.tacticalgo.prototype to idle
    t =     7.35s     Find the "voiceEnabled" Switch
    t =     7.40s     Check for interrupting elements affecting "voiceEnabled" Switch
    t =     7.44s     Synthesize event
    t =     7.44s         Find the "voiceEnabled" Switch
    t =     7.49s         Find the "voiceEnabled" Switch
    t =     7.54s         Find the "voiceEnabled" Switch
    t =     7.88s     Wait for com.tacticalgo.prototype to idle
    t =     7.90s Find the "voiceEnabled" Switch
    t =     7.97s Set normalized position of "voiceVolume" Slider to 0.40
    t =     7.97s     Wait for com.tacticalgo.prototype to idle
    t =     7.97s     Find the "voiceVolume" Slider
    t =     8.02s     Check for interrupting elements affecting "voiceVolume" Slider
    t =     8.06s     Synthesize event
    t =     8.75s     Wait for com.tacticalgo.prototype to idle
    t =     8.75s Find the "voiceVolume" Slider
    t =     8.87s Added attachment named 'BOT-03a-integrated-sound-settings'
    t =     8.87s Tap "audioSettingsDone" Button
    t =     8.87s     Wait for com.tacticalgo.prototype to idle
    t =     8.87s     Find the "audioSettingsDone" Button
    t =     8.92s     Check for interrupting elements affecting "audioSettingsDone" Button
    t =     8.96s     Synthesize event
    t =     9.25s     Wait for com.tacticalgo.prototype to idle
    t =     9.62s Terminate com.tacticalgo.prototype:30705
    t =    10.66s Open com.tacticalgo.prototype
    t =    10.66s     Launch com.tacticalgo.prototype
2026-10-10 02:26:43.129 xcodebuild[29583:297679] [MT] IDELaunchParametersSnapshot: The operation couldn’t be completed. (DebuggerLLDB.DebuggerVersionStore.StoreError error 0.)
2026-10-10 02:26:43.129 xcodebuild[29583:297679] [MT] IDELaunchParametersSnapshot: no debugger version
    t =    10.86s         Setting up automation session
    t =    11.34s         Wait for com.tacticalgo.prototype to idle
    t =    12.61s Tap "對戰選單" Button
    t =    12.61s     Wait for com.tacticalgo.prototype to idle
    t =    12.62s     Find the "對戰選單" Button
    t =    12.70s     Check for interrupting elements affecting "對戰選單" Button
    t =    12.72s     Synthesize event
    t =    13.01s     Wait for com.tacticalgo.prototype to idle
    t =    13.02s Tap "聲音設定" Button
    t =    13.02s     Wait for com.tacticalgo.prototype to idle
    t =    13.02s     Find the "聲音設定" Button
    t =    13.06s     Check for interrupting elements affecting "audioSettings" Button
    t =    13.09s     Synthesize event
    t =    13.38s     Wait for com.tacticalgo.prototype to idle
    t =    13.69s Find the "audioMute" Switch
    t =    13.77s Find the "voiceEnabled" Switch
    t =    13.82s Find the "voiceVolume" Slider
    t =    13.87s Tap "voiceEnabled" Switch[0.92, 0.50]
    t =    13.87s     Wait for com.tacticalgo.prototype to idle
    t =    13.87s     Find the "voiceEnabled" Switch
    t =    13.92s     Check for interrupting elements affecting "voiceEnabled" Switch
    t =    13.96s     Synthesize event
    t =    13.96s         Find the "voiceEnabled" Switch
    t =    14.01s         Find the "voiceEnabled" Switch
    t =    14.06s         Find the "voiceEnabled" Switch
    t =    14.39s     Wait for com.tacticalgo.prototype to idle
    t =    14.41s Tap "audioMute" Switch[0.92, 0.50]
    t =    14.41s     Wait for com.tacticalgo.prototype to idle
    t =    14.42s     Find the "audioMute" Switch
    t =    14.47s     Check for interrupting elements affecting "audioMute" Switch
    t =    14.51s     Synthesize event
    t =    14.51s         Find the "audioMute" Switch
    t =    14.56s         Find the "audioMute" Switch
    t =    14.62s         Find the "audioMute" Switch
    t =    14.95s     Wait for com.tacticalgo.prototype to idle
    t =    14.98s Tap "audioSettingsDone" Button
    t =    14.98s     Wait for com.tacticalgo.prototype to idle
    t =    14.98s     Find the "audioSettingsDone" Button
    t =    15.06s     Check for interrupting elements affecting "audioSettingsDone" Button
    t =    15.10s     Synthesize event
    t =    15.40s     Wait for com.tacticalgo.prototype to idle
    t =    15.76s Tear Down
Test Case '-[TacticalGoUITests.PlayableGameTests testSoundSettingsPersistInComputerMatch]' passed (15.998 seconds).
Test Case '-[TacticalGoUITests.PlayableGameTests testThinkingUndoDiscardsEvenNonCooperativeLateResult]' started.
    t =     0.00s Start Test at 2026-10-10 02:26:48.469
    t =     0.02s Set Up
    t =     0.02s Open com.tacticalgo.prototype
    t =     0.02s     Launch com.tacticalgo.prototype
    t =     0.02s         Terminate com.tacticalgo.prototype:30718
2026-10-10 02:26:49.555 xcodebuild[29583:297679] [MT] IDELaunchParametersSnapshot: The operation couldn’t be completed. (DebuggerLLDB.DebuggerVersionStore.StoreError error 0.)
2026-10-10 02:26:49.555 xcodebuild[29583:297679] [MT] IDELaunchParametersSnapshot: no debugger version
    t =     1.30s         Setting up automation session
    t =     1.83s         Wait for com.tacticalgo.prototype to idle
    t =     3.40s Waiting 10.0s for "playArena" Other to exist
    t =     4.41s     Checking `Expect predicate `existsNoRetry == 1` for object "playArena" Other`
    t =     4.41s         Checking existence of `"playArena" Other`
    t =     4.52s Tap "playArena" Other[0.50, 0.61]
    t =     4.52s     Wait for com.tacticalgo.prototype to idle
    t =     4.52s     Find the "playArena" Other
    t =     4.55s     Check for interrupting elements affecting "playArena" Other
    t =     4.58s     Synthesize event
    t =     4.58s         Find the "playArena" Other
    t =     4.61s         Find the "playArena" Other
    t =     4.64s         Find the "playArena" Other
    t =     4.95s     Wait for com.tacticalgo.prototype to idle
    t =     4.95s Tap "playConfirm" Button
    t =     4.95s     Wait for com.tacticalgo.prototype to idle
    t =     4.96s     Find the "playConfirm" Button
    t =     5.00s     Check for interrupting elements affecting "playConfirm" Button
    t =     5.02s     Synthesize event
    t =     5.31s     Wait for com.tacticalgo.prototype to idle
    t =     5.32s Waiting 5.0s for "電腦思考中" StaticText to exist
    t =     6.37s     Checking `Expect predicate `existsNoRetry == 1` for object "電腦思考中" StaticText`
    t =     6.37s         Checking existence of `"電腦思考中" StaticText`
    t =     6.41s Find the "mode-soldier" Button
    t =     6.44s Find the "playConfirm" Button
    t =     6.47s Tap "undoOrCancel" Button
    t =     6.47s     Wait for com.tacticalgo.prototype to idle
    t =     6.47s     Find the "undoOrCancel" Button
    t =     6.50s     Check for interrupting elements affecting "undoOrCancel" Button
    t =     6.52s     Synthesize event
    t =     6.81s     Wait for com.tacticalgo.prototype to idle
    t =     6.81s Find the "currentTurn" StaticText
    t =     6.85s Checking existence of `"1 AP" StaticText`
    t =     7.91s Checking `Expect predicate `label == "完成0／作廢1"` for object "botDebugStatus" StaticText`
    t =     7.91s     Find the "botDebugStatus" StaticText
    t =     7.96s     Capturing element debug description
    t =     7.99s         Requesting snapshot of accessibility hierarchy for app with pid 30745
    t =     8.04s         Find: Descendants matching type StaticText
    t =     8.05s         Find: Elements matching predicate '"botDebugStatus" IN identifiers'
    t =     8.05s         Requesting snapshot of accessibility hierarchy for app with pid 30745
    t =     8.10s         Find: Descendants matching type StaticText
    t =     8.10s         Requesting snapshot of accessibility hierarchy for app with pid 30745
    t =     8.97s Checking `Expect predicate `label == "完成0／作廢1"` for object "botDebugStatus" StaticText`
    t =     8.97s     Find the "botDebugStatus" StaticText
    t =     9.02s     Capturing element debug description
    t =     9.06s         Requesting snapshot of accessibility hierarchy for app with pid 30745
    t =     9.11s         Find: Descendants matching type StaticText
    t =     9.11s         Find: Elements matching predicate '"botDebugStatus" IN identifiers'
    t =     9.11s         Requesting snapshot of accessibility hierarchy for app with pid 30745
    t =     9.16s         Find: Descendants matching type StaticText
    t =     9.17s         Requesting snapshot of accessibility hierarchy for app with pid 30745
    t =     9.95s Checking `Expect predicate `label == "完成0／作廢1"` for object "botDebugStatus" StaticText`
    t =     9.95s     Find the "botDebugStatus" StaticText
    t =     9.99s     Capturing element debug description
    t =    10.02s         Requesting snapshot of accessibility hierarchy for app with pid 30745
    t =    10.07s         Find: Descendants matching type StaticText
    t =    10.07s         Find: Elements matching predicate '"botDebugStatus" IN identifiers'
    t =    10.08s         Requesting snapshot of accessibility hierarchy for app with pid 30745
    t =    10.13s         Find: Descendants matching type StaticText
    t =    10.13s         Requesting snapshot of accessibility hierarchy for app with pid 30745
    t =    10.91s Checking `Expect predicate `label == "完成0／作廢1"` for object "botDebugStatus" StaticText`
    t =    10.91s     Find the "botDebugStatus" StaticText
    t =    10.96s     Capturing element debug description
    t =    10.99s         Requesting snapshot of accessibility hierarchy for app with pid 30745
    t =    11.04s         Find: Descendants matching type StaticText
    t =    11.04s         Find: Elements matching predicate '"botDebugStatus" IN identifiers'
    t =    11.04s         Requesting snapshot of accessibility hierarchy for app with pid 30745
    t =    11.09s         Find: Descendants matching type StaticText
    t =    11.10s         Requesting snapshot of accessibility hierarchy for app with pid 30745
    t =    11.95s Checking `Expect predicate `label == "完成0／作廢1"` for object "botDebugStatus" StaticText`
    t =    11.95s     Find the "botDebugStatus" StaticText
    t =    12.00s     Capturing element debug description
    t =    12.04s         Requesting snapshot of accessibility hierarchy for app with pid 30745
    t =    12.09s         Find: Descendants matching type StaticText
    t =    12.09s         Find: Elements matching predicate '"botDebugStatus" IN identifiers'
    t =    12.10s         Requesting snapshot of accessibility hierarchy for app with pid 30745
    t =    12.15s         Find: Descendants matching type StaticText
    t =    12.15s         Requesting snapshot of accessibility hierarchy for app with pid 30745
    t =    12.88s Checking `Expect predicate `label == "完成0／作廢1"` for object "botDebugStatus" StaticText`
    t =    12.88s     Find the "botDebugStatus" StaticText
    t =    12.93s     Capturing element debug description
    t =    12.96s         Requesting snapshot of accessibility hierarchy for app with pid 30745
    t =    13.01s         Find: Descendants matching type StaticText
    t =    13.01s         Find: Elements matching predicate '"botDebugStatus" IN identifiers'
    t =    13.02s         Requesting snapshot of accessibility hierarchy for app with pid 30745
    t =    13.07s         Find: Descendants matching type StaticText
    t =    13.07s         Requesting snapshot of accessibility hierarchy for app with pid 30745
    t =    13.97s Checking `Expect predicate `label == "完成0／作廢1"` for object "botDebugStatus" StaticText`
    t =    13.97s     Find the "botDebugStatus" StaticText
    t =    14.02s     Capturing element debug description
    t =    14.06s         Requesting snapshot of accessibility hierarchy for app with pid 30745
    t =    14.11s         Find: Descendants matching type StaticText
    t =    14.11s         Find: Elements matching predicate '"botDebugStatus" IN identifiers'
    t =    14.11s         Requesting snapshot of accessibility hierarchy for app with pid 30745
    t =    14.16s         Find: Descendants matching type StaticText
    t =    14.17s         Requesting snapshot of accessibility hierarchy for app with pid 30745
    t =    14.93s Checking `Expect predicate `label == "完成0／作廢1"` for object "botDebugStatus" StaticText`
    t =    14.93s     Find the "botDebugStatus" StaticText
    t =    14.98s     Capturing element debug description
    t =    15.02s         Requesting snapshot of accessibility hierarchy for app with pid 30745
    t =    15.07s         Find: Descendants matching type StaticText
    t =    15.07s         Find: Elements matching predicate '"botDebugStatus" IN identifiers'
    t =    15.07s         Requesting snapshot of accessibility hierarchy for app with pid 30745
    t =    15.12s         Find: Descendants matching type StaticText
    t =    15.13s         Requesting snapshot of accessibility hierarchy for app with pid 30745
    t =    15.95s Checking `Expect predicate `label == "完成0／作廢1"` for object "botDebugStatus" StaticText`
    t =    15.95s     Find the "botDebugStatus" StaticText
    t =    16.00s     Capturing element debug description
    t =    16.03s         Requesting snapshot of accessibility hierarchy for app with pid 30745
    t =    16.08s         Find: Descendants matching type StaticText
    t =    16.09s         Find: Elements matching predicate '"botDebugStatus" IN identifiers'
    t =    16.09s         Requesting snapshot of accessibility hierarchy for app with pid 30745
    t =    16.14s         Find: Descendants matching type StaticText
    t =    16.14s         Requesting snapshot of accessibility hierarchy for app with pid 30745
    t =    16.95s Checking `Expect predicate `label == "完成0／作廢1"` for object "botDebugStatus" StaticText`
    t =    16.95s     Find the "botDebugStatus" StaticText
    t =    17.00s     Capturing element debug description
    t =    17.04s         Requesting snapshot of accessibility hierarchy for app with pid 30745
    t =    17.09s         Find: Descendants matching type StaticText
    t =    17.09s         Find: Elements matching predicate '"botDebugStatus" IN identifiers'
    t =    17.09s         Requesting snapshot of accessibility hierarchy for app with pid 30745
    t =    17.14s         Find: Descendants matching type StaticText
    t =    17.15s         Requesting snapshot of accessibility hierarchy for app with pid 30745
    t =    17.88s Checking `Expect predicate `label == "完成0／作廢1"` for object "botDebugStatus" StaticText`
    t =    17.89s     Find the "botDebugStatus" StaticText
    t =    17.94s     Capturing element debug description
    t =    17.97s         Requesting snapshot of accessibility hierarchy for app with pid 30745
    t =    18.02s         Find: Descendants matching type StaticText
    t =    18.02s         Find: Elements matching predicate '"botDebugStatus" IN identifiers'
    t =    18.02s         Requesting snapshot of accessibility hierarchy for app with pid 30745
    t =    18.08s         Find: Descendants matching type StaticText
    t =    18.08s         Requesting snapshot of accessibility hierarchy for app with pid 30745
    t =    18.94s Checking `Expect predicate `label == "完成0／作廢1"` for object "botDebugStatus" StaticText`
    t =    18.94s     Find the "botDebugStatus" StaticText
    t =    18.98s     Capturing element debug description
    t =    19.02s         Requesting snapshot of accessibility hierarchy for app with pid 30745
    t =    19.07s         Find: Descendants matching type StaticText
    t =    19.07s         Find: Elements matching predicate '"botDebugStatus" IN identifiers'
    t =    19.07s         Requesting snapshot of accessibility hierarchy for app with pid 30745
    t =    19.12s         Find: Descendants matching type StaticText
    t =    19.13s         Requesting snapshot of accessibility hierarchy for app with pid 30745
    t =    19.94s Checking `Expect predicate `label == "完成0／作廢1"` for object "botDebugStatus" StaticText`
    t =    19.94s     Find the "botDebugStatus" StaticText
    t =    19.99s     Capturing element debug description
    t =    20.02s         Requesting snapshot of accessibility hierarchy for app with pid 30745
    t =    20.07s         Find: Descendants matching type StaticText
    t =    20.07s         Find: Elements matching predicate '"botDebugStatus" IN identifiers'
    t =    20.08s         Requesting snapshot of accessibility hierarchy for app with pid 30745
    t =    20.13s         Find: Descendants matching type StaticText
    t =    20.13s         Requesting snapshot of accessibility hierarchy for app with pid 30745
    t =    20.98s Checking `Expect predicate `label == "完成0／作廢1"` for object "botDebugStatus" StaticText`
    t =    20.98s     Find the "botDebugStatus" StaticText
    t =    21.02s     Capturing element debug description
    t =    21.05s         Requesting snapshot of accessibility hierarchy for app with pid 30745
    t =    21.11s         Find: Descendants matching type StaticText
    t =    21.12s         Find: Elements matching predicate '"botDebugStatus" IN identifiers'
    t =    21.12s         Requesting snapshot of accessibility hierarchy for app with pid 30745
    t =    21.18s         Find: Descendants matching type StaticText
    t =    21.18s         Requesting snapshot of accessibility hierarchy for app with pid 30745
    t =    21.90s Checking `Expect predicate `label == "完成0／作廢1"` for object "botDebugStatus" StaticText`
    t =    21.90s     Find the "botDebugStatus" StaticText
    t =    21.94s     Capturing element debug description
    t =    21.99s         Requesting snapshot of accessibility hierarchy for app with pid 30745
    t =    22.05s         Find: Descendants matching type StaticText
    t =    22.05s         Find: Elements matching predicate '"botDebugStatus" IN identifiers'
    t =    22.05s         Requesting snapshot of accessibility hierarchy for app with pid 30745
    t =    22.12s         Find: Descendants matching type StaticText
    t =    22.12s         Requesting snapshot of accessibility hierarchy for app with pid 30745
    t =    22.90s Checking `Expect predicate `label == "完成0／作廢1"` for object "botDebugStatus" StaticText`
    t =    22.90s     Find the "botDebugStatus" StaticText
    t =    22.94s     Capturing element debug description
    t =    22.99s         Requesting snapshot of accessibility hierarchy for app with pid 30745
    t =    23.05s         Find: Descendants matching type StaticText
    t =    23.06s         Find: Elements matching predicate '"botDebugStatus" IN identifiers'
    t =    23.06s         Requesting snapshot of accessibility hierarchy for app with pid 30745
    t =    23.13s         Find: Descendants matching type StaticText
    t =    23.13s         Requesting snapshot of accessibility hierarchy for app with pid 30745
    t =    23.90s Checking `Expect predicate `label == "完成0／作廢1"` for object "botDebugStatus" StaticText`
    t =    23.91s     Find the "botDebugStatus" StaticText
    t =    23.95s     Capturing element debug description
    t =    23.98s         Requesting snapshot of accessibility hierarchy for app with pid 30745
    t =    24.03s         Find: Descendants matching type StaticText
    t =    24.03s         Find: Elements matching predicate '"botDebugStatus" IN identifiers'
    t =    24.03s         Requesting snapshot of accessibility hierarchy for app with pid 30745
    t =    24.08s         Find: Descendants matching type StaticText
    t =    24.09s         Requesting snapshot of accessibility hierarchy for app with pid 30745
    t =    24.95s Checking `Expect predicate `label == "完成0／作廢1"` for object "botDebugStatus" StaticText`
    t =    24.95s     Find the "botDebugStatus" StaticText
    t =    24.99s     Capturing element debug description
    t =    25.04s         Requesting snapshot of accessibility hierarchy for app with pid 30745
    t =    25.10s         Find: Descendants matching type StaticText
    t =    25.11s         Find: Elements matching predicate '"botDebugStatus" IN identifiers'
    t =    25.11s         Requesting snapshot of accessibility hierarchy for app with pid 30745
    t =    25.18s         Find: Descendants matching type StaticText
    t =    25.18s         Requesting snapshot of accessibility hierarchy for app with pid 30745
    t =    25.90s Checking `Expect predicate `label == "完成0／作廢1"` for object "botDebugStatus" StaticText`
    t =    25.90s     Find the "botDebugStatus" StaticText
    t =    25.94s     Capturing element debug description
    t =    25.97s         Requesting snapshot of accessibility hierarchy for app with pid 30745
    t =    26.02s         Find: Descendants matching type StaticText
    t =    26.02s         Find: Elements matching predicate '"botDebugStatus" IN identifiers'
    t =    26.03s         Requesting snapshot of accessibility hierarchy for app with pid 30745
    t =    26.08s         Find: Descendants matching type StaticText
    t =    26.08s         Requesting snapshot of accessibility hierarchy for app with pid 30745
    t =    26.91s Checking `Expect predicate `label == "完成0／作廢1"` for object "botDebugStatus" StaticText`
    t =    26.91s     Find the "botDebugStatus" StaticText
    t =    26.97s     Capturing element debug description
    t =    27.00s         Requesting snapshot of accessibility hierarchy for app with pid 30745
    t =    27.05s         Find: Descendants matching type StaticText
    t =    27.06s         Find: Elements matching predicate '"botDebugStatus" IN identifiers'
    t =    27.06s         Requesting snapshot of accessibility hierarchy for app with pid 30745
    t =    27.11s         Find: Descendants matching type StaticText
    t =    27.11s         Requesting snapshot of accessibility hierarchy for app with pid 30745
    t =    27.91s Checking `Expect predicate `label == "完成0／作廢1"` for object "botDebugStatus" StaticText`
    t =    27.91s     Find the "botDebugStatus" StaticText
    t =    27.96s     Capturing element debug description
    t =    28.01s         Requesting snapshot of accessibility hierarchy for app with pid 30745
    t =    28.08s         Find: Descendants matching type StaticText
    t =    28.08s         Find: Elements matching predicate '"botDebugStatus" IN identifiers'
    t =    28.09s         Requesting snapshot of accessibility hierarchy for app with pid 30745
    t =    28.14s         Find: Descendants matching type StaticText
    t =    28.14s         Requesting snapshot of accessibility hierarchy for app with pid 30745
    t =    28.97s Checking `Expect predicate `label == "完成0／作廢1"` for object "botDebugStatus" StaticText`
    t =    28.97s     Find the "botDebugStatus" StaticText
    t =    29.02s     Capturing element debug description
    t =    29.05s         Requesting snapshot of accessibility hierarchy for app with pid 30745
    t =    29.10s         Find: Descendants matching type StaticText
    t =    29.10s         Find: Elements matching predicate '"botDebugStatus" IN identifiers'
    t =    29.10s         Requesting snapshot of accessibility hierarchy for app with pid 30745
    t =    29.16s         Find: Descendants matching type StaticText
    t =    29.16s         Requesting snapshot of accessibility hierarchy for app with pid 30745
    t =    29.93s Checking `Expect predicate `label == "完成0／作廢1"` for object "botDebugStatus" StaticText`
    t =    29.93s     Find the "botDebugStatus" StaticText
    t =    29.98s     Capturing element debug description
    t =    30.01s         Requesting snapshot of accessibility hierarchy for app with pid 30745
    t =    30.06s         Find: Descendants matching type StaticText
    t =    30.06s         Find: Elements matching predicate '"botDebugStatus" IN identifiers'
    t =    30.07s         Requesting snapshot of accessibility hierarchy for app with pid 30745
    t =    30.12s         Find: Descendants matching type StaticText
    t =    30.12s         Requesting snapshot of accessibility hierarchy for app with pid 30745
    t =    30.88s Checking `Expect predicate `label == "完成0／作廢1"` for object "botDebugStatus" StaticText`
    t =    30.89s     Find the "botDebugStatus" StaticText
    t =    30.93s     Capturing element debug description
    t =    30.96s         Requesting snapshot of accessibility hierarchy for app with pid 30745
    t =    31.01s         Find: Descendants matching type StaticText
    t =    31.01s         Find: Elements matching predicate '"botDebugStatus" IN identifiers'
    t =    31.02s         Requesting snapshot of accessibility hierarchy for app with pid 30745
    t =    31.07s         Find: Descendants matching type StaticText
    t =    31.07s         Requesting snapshot of accessibility hierarchy for app with pid 30745
    t =    31.88s Checking `Expect predicate `label == "完成0／作廢1"` for object "botDebugStatus" StaticText`
    t =    31.88s     Find the "botDebugStatus" StaticText
    t =    31.94s     Capturing element debug description
    t =    31.97s         Requesting snapshot of accessibility hierarchy for app with pid 30745
    t =    32.02s         Find: Descendants matching type StaticText
    t =    32.02s         Find: Elements matching predicate '"botDebugStatus" IN identifiers'
    t =    32.02s         Requesting snapshot of accessibility hierarchy for app with pid 30745
    t =    32.07s         Find: Descendants matching type StaticText
    t =    32.08s         Requesting snapshot of accessibility hierarchy for app with pid 30745
    t =    32.96s Checking `Expect predicate `label == "完成0／作廢1"` for object "botDebugStatus" StaticText`
    t =    32.96s     Find the "botDebugStatus" StaticText
    t =    33.00s     Capturing element debug description
    t =    33.03s         Requesting snapshot of accessibility hierarchy for app with pid 30745
    t =    33.08s         Find: Descendants matching type StaticText
    t =    33.08s         Find: Elements matching predicate '"botDebugStatus" IN identifiers'
    t =    33.09s         Requesting snapshot of accessibility hierarchy for app with pid 30745
    t =    33.14s         Find: Descendants matching type StaticText
    t =    33.14s         Requesting snapshot of accessibility hierarchy for app with pid 30745
    t =    33.91s Checking `Expect predicate `label == "完成0／作廢1"` for object "botDebugStatus" StaticText`
    t =    33.91s     Find the "botDebugStatus" StaticText
    t =    33.97s     Capturing element debug description
    t =    34.00s         Requesting snapshot of accessibility hierarchy for app with pid 30745
    t =    34.05s         Find: Descendants matching type StaticText
    t =    34.05s         Find: Elements matching predicate '"botDebugStatus" IN identifiers'
    t =    34.06s         Requesting snapshot of accessibility hierarchy for app with pid 30745
    t =    34.10s         Find: Descendants matching type StaticText
    t =    34.11s         Requesting snapshot of accessibility hierarchy for app with pid 30745
    t =    34.90s Checking `Expect predicate `label == "完成0／作廢1"` for object "botDebugStatus" StaticText`
    t =    34.90s     Find the "botDebugStatus" StaticText
    t =    34.95s     Capturing element debug description
    t =    34.99s         Requesting snapshot of accessibility hierarchy for app with pid 30745
    t =    35.04s         Find: Descendants matching type StaticText
    t =    35.04s         Find: Elements matching predicate '"botDebugStatus" IN identifiers'
    t =    35.04s         Requesting snapshot of accessibility hierarchy for app with pid 30745
    t =    35.09s         Find: Descendants matching type StaticText
    t =    35.10s         Requesting snapshot of accessibility hierarchy for app with pid 30745
    t =    35.88s Checking `Expect predicate `label == "完成0／作廢1"` for object "botDebugStatus" StaticText`
    t =    35.88s     Find the "botDebugStatus" StaticText
    t =    35.93s     Capturing element debug description
    t =    35.96s         Requesting snapshot of accessibility hierarchy for app with pid 30745
    t =    36.01s         Find: Descendants matching type StaticText
    t =    36.01s         Find: Elements matching predicate '"botDebugStatus" IN identifiers'
    t =    36.02s         Requesting snapshot of accessibility hierarchy for app with pid 30745
    t =    36.07s         Find: Descendants matching type StaticText
    t =    36.07s         Requesting snapshot of accessibility hierarchy for app with pid 30745
    t =    36.98s Checking `Expect predicate `label == "完成0／作廢1"` for object "botDebugStatus" StaticText`
    t =    36.98s     Find the "botDebugStatus" StaticText
    t =    37.02s     Capturing element debug description
    t =    37.06s         Requesting snapshot of accessibility hierarchy for app with pid 30745
    t =    37.11s         Find: Descendants matching type StaticText
    t =    37.11s         Find: Elements matching predicate '"botDebugStatus" IN identifiers'
    t =    37.11s         Requesting snapshot of accessibility hierarchy for app with pid 30745
    t =    37.16s         Find: Descendants matching type StaticText
    t =    37.17s         Requesting snapshot of accessibility hierarchy for app with pid 30745
    t =    37.97s Checking `Expect predicate `label == "完成0／作廢1"` for object "botDebugStatus" StaticText`
    t =    37.97s     Find the "botDebugStatus" StaticText
    t =    38.02s Find the "currentTurn" StaticText
    t =    38.06s Checking existence of `"1 AP" StaticText`
    t =    38.19s Added attachment named 'BOT-01-stale-result-rejected-after-undo'
    t =    38.19s Tear Down
Test Case '-[TacticalGoUITests.PlayableGameTests testThinkingUndoDiscardsEvenNonCooperativeLateResult]' passed (38.415 seconds).
Test Case '-[TacticalGoUITests.PlayableGameTests testThreeHeroSummonsAreRealNativeActionsWithVoiceAndUndo]' started.
    t =     0.00s Start Test at 2026-10-10 02:27:26.886
    t =     0.03s Set Up
    t =     0.03s Open com.tacticalgo.prototype
    t =     0.03s     Launch com.tacticalgo.prototype
    t =     0.03s         Terminate com.tacticalgo.prototype:30745
2026-10-10 02:27:27.953 xcodebuild[29583:297679] [MT] IDELaunchParametersSnapshot: The operation couldn’t be completed. (DebuggerLLDB.DebuggerVersionStore.StoreError error 0.)
2026-10-10 02:27:27.953 xcodebuild[29583:297679] [MT] IDELaunchParametersSnapshot: no debugger version
    t =     1.27s         Setting up automation session
    t =     1.82s         Wait for com.tacticalgo.prototype to idle
    t =     3.13s Waiting 10.0s for "2 AP" StaticText to exist
    t =     4.15s     Checking `Expect predicate `existsNoRetry == 1` for object "2 AP" StaticText`
    t =     4.15s         Checking existence of `"2 AP" StaticText`
    t =     4.35s Added attachment named 'SUMMON-warrior-before'
    t =     4.35s Waiting 10.0s for "playArena" Other to exist
    t =     5.36s     Checking `Expect predicate `existsNoRetry == 1` for object "playArena" Other`
    t =     5.36s         Checking existence of `"playArena" Other`
    t =     5.40s Tap "playArena" Other[0.50, 0.61]
    t =     5.40s     Wait for com.tacticalgo.prototype to idle
    t =     5.41s     Find the "playArena" Other
    t =     5.44s     Check for interrupting elements affecting "playArena" Other
    t =     5.46s     Synthesize event
    t =     5.46s         Find the "playArena" Other
    t =     5.49s         Find the "playArena" Other
    t =     5.53s         Find the "playArena" Other
    t =     5.83s     Wait for com.tacticalgo.prototype to idle
    t =     5.84s Checking existence of `"2 AP" StaticText`
    t =     5.97s Added attachment named 'SUMMON-warrior-preview-original-board'
    t =     5.97s Find the "playConfirm" Button
    t =     6.00s Find the "playConfirm" Button
    t =     6.03s Tap "playConfirm" Button
    t =     6.03s     Wait for com.tacticalgo.prototype to idle
    t =     6.03s     Find the "playConfirm" Button
    t =     6.06s     Check for interrupting elements affecting "playConfirm" Button
    t =     6.09s     Synthesize event
    t =     6.37s     Wait for com.tacticalgo.prototype to idle
    t =     7.37s Checking `Expect predicate `label == "voice-warrior-summon"` for object "heroStage" StaticText`
    t =     7.37s     Find the "heroStage" StaticText
    t =     7.42s Checking existence of `"1 AP" StaticText`
    t =     7.54s Added attachment named 'SUMMON-warrior-settled'
    t =     7.54s Tap "undoOrCancel" Button
    t =     7.54s     Wait for com.tacticalgo.prototype to idle
    t =     7.54s     Find the "undoOrCancel" Button
    t =     7.58s     Check for interrupting elements affecting "undoOrCancel" Button
    t =     7.60s     Synthesize event
    t =     7.89s     Wait for com.tacticalgo.prototype to idle
    t =     7.90s Checking existence of `"2 AP" StaticText`
    t =     7.94s Terminate com.tacticalgo.prototype:30838
    t =     8.96s Open com.tacticalgo.prototype
    t =     8.96s     Launch com.tacticalgo.prototype
2026-10-10 02:27:35.848 xcodebuild[29583:297679] [MT] IDELaunchParametersSnapshot: The operation couldn’t be completed. (DebuggerLLDB.DebuggerVersionStore.StoreError error 0.)
2026-10-10 02:27:35.848 xcodebuild[29583:297679] [MT] IDELaunchParametersSnapshot: no debugger version
    t =     9.17s         Setting up automation session
    t =     9.68s         Wait for com.tacticalgo.prototype to idle
    t =    10.96s Waiting 10.0s for "2 AP" StaticText to exist
    t =    11.96s     Checking `Expect predicate `existsNoRetry == 1` for object "2 AP" StaticText`
    t =    11.96s         Checking existence of `"2 AP" StaticText`
    t =    12.16s Added attachment named 'SUMMON-mage-before'
    t =    12.17s Waiting 10.0s for "playArena" Other to exist
    t =    13.20s     Checking `Expect predicate `existsNoRetry == 1` for object "playArena" Other`
    t =    13.20s         Checking existence of `"playArena" Other`
    t =    13.25s Tap "playArena" Other[0.50, 0.61]
    t =    13.25s     Wait for com.tacticalgo.prototype to idle
    t =    13.25s     Find the "playArena" Other
    t =    13.28s     Check for interrupting elements affecting "playArena" Other
    t =    13.31s     Synthesize event
    t =    13.31s         Find the "playArena" Other
    t =    13.34s         Find the "playArena" Other
    t =    13.37s         Find the "playArena" Other
    t =    13.68s     Wait for com.tacticalgo.prototype to idle
    t =    13.68s Checking existence of `"2 AP" StaticText`
    t =    13.81s Added attachment named 'SUMMON-mage-preview-original-board'
    t =    13.82s Find the "playConfirm" Button
    t =    13.85s Find the "playConfirm" Button
    t =    13.88s Tap "playConfirm" Button
    t =    13.88s     Wait for com.tacticalgo.prototype to idle
    t =    13.88s     Find the "playConfirm" Button
    t =    13.91s     Check for interrupting elements affecting "playConfirm" Button
    t =    13.94s     Synthesize event
    t =    14.22s     Wait for com.tacticalgo.prototype to idle
    t =    15.23s Checking `Expect predicate `label == "voice-mage-summon"` for object "heroStage" StaticText`
    t =    15.23s     Find the "heroStage" StaticText
    t =    15.29s Checking existence of `"1 AP" StaticText`
    t =    15.41s Added attachment named 'SUMMON-mage-settled'
    t =    15.41s Tap "undoOrCancel" Button
    t =    15.41s     Wait for com.tacticalgo.prototype to idle
    t =    15.41s     Find the "undoOrCancel" Button
    t =    15.44s     Check for interrupting elements affecting "undoOrCancel" Button
    t =    15.46s     Synthesize event
    t =    15.75s     Wait for com.tacticalgo.prototype to idle
    t =    15.76s Checking existence of `"2 AP" StaticText`
    t =    15.81s Terminate com.tacticalgo.prototype:30850
    t =    16.85s Open com.tacticalgo.prototype
    t =    16.85s     Launch com.tacticalgo.prototype
2026-10-10 02:27:43.740 xcodebuild[29583:297679] [MT] IDELaunchParametersSnapshot: The operation couldn’t be completed. (DebuggerLLDB.DebuggerVersionStore.StoreError error 0.)
2026-10-10 02:27:43.740 xcodebuild[29583:297679] [MT] IDELaunchParametersSnapshot: no debugger version
    t =    17.06s         Setting up automation session
    t =    17.52s         Wait for com.tacticalgo.prototype to idle
    t =    18.80s Waiting 10.0s for "2 AP" StaticText to exist
    t =    19.81s     Checking `Expect predicate `existsNoRetry == 1` for object "2 AP" StaticText`
    t =    19.82s         Checking existence of `"2 AP" StaticText`
    t =    19.99s Added attachment named 'SUMMON-rogue-before'
    t =    20.00s Waiting 10.0s for "playArena" Other to exist
    t =    21.01s     Checking `Expect predicate `existsNoRetry == 1` for object "playArena" Other`
    t =    21.02s         Checking existence of `"playArena" Other`
    t =    21.05s Tap "playArena" Other[0.50, 0.61]
    t =    21.05s     Wait for com.tacticalgo.prototype to idle
    t =    21.06s     Find the "playArena" Other
    t =    21.09s     Check for interrupting elements affecting "playArena" Other
    t =    21.11s     Synthesize event
    t =    21.11s         Find the "playArena" Other
    t =    21.14s         Find the "playArena" Other
    t =    21.18s         Find the "playArena" Other
    t =    21.49s     Wait for com.tacticalgo.prototype to idle
    t =    21.49s Checking existence of `"2 AP" StaticText`
    t =    21.60s Added attachment named 'SUMMON-rogue-preview-original-board'
    t =    21.61s Find the "playConfirm" Button
    t =    21.64s Find the "playConfirm" Button
    t =    21.67s Tap "playConfirm" Button
    t =    21.67s     Wait for com.tacticalgo.prototype to idle
    t =    21.67s     Find the "playConfirm" Button
    t =    21.70s     Check for interrupting elements affecting "playConfirm" Button
    t =    21.72s     Synthesize event
    t =    22.00s     Wait for com.tacticalgo.prototype to idle
    t =    23.02s Checking `Expect predicate `label == "voice-rogue-summon"` for object "heroStage" StaticText`
    t =    23.02s     Find the "heroStage" StaticText
    t =    23.06s Checking existence of `"1 AP" StaticText`
    t =    23.18s Added attachment named 'SUMMON-rogue-settled'
    t =    23.18s Tap "undoOrCancel" Button
    t =    23.18s     Wait for com.tacticalgo.prototype to idle
    t =    23.18s     Find the "undoOrCancel" Button
    t =    23.21s     Check for interrupting elements affecting "undoOrCancel" Button
    t =    23.23s     Synthesize event
    t =    23.52s     Wait for com.tacticalgo.prototype to idle
    t =    23.52s Checking existence of `"2 AP" StaticText`
    t =    23.56s Terminate com.tacticalgo.prototype:30881
    t =    24.59s Tear Down
Test Case '-[TacticalGoUITests.PlayableGameTests testThreeHeroSummonsAreRealNativeActionsWithVoiceAndUndo]' passed (24.618 seconds).
Test Case '-[TacticalGoUITests.PlayableGameTests testUndoAfterFirstComputerActionCancelsRemainingPlayback]' started.
    t =     0.00s Start Test at 2026-10-10 02:27:51.504
    t =     0.02s Set Up
    t =     0.02s Open com.tacticalgo.prototype
    t =     0.02s     Launch com.tacticalgo.prototype
2026-10-10 02:27:51.595 xcodebuild[29583:297679] [MT] IDELaunchParametersSnapshot: The operation couldn’t be completed. (DebuggerLLDB.DebuggerVersionStore.StoreError error 0.)
2026-10-10 02:27:51.595 xcodebuild[29583:297679] [MT] IDELaunchParametersSnapshot: no debugger version
    t =     0.30s         Setting up automation session
    t =     0.88s         Wait for com.tacticalgo.prototype to idle
    t =     2.07s Waiting 10.0s for "matchMode" SegmentedControl to exist
    t =     3.08s     Checking `Expect predicate `existsNoRetry == 1` for object "matchMode" SegmentedControl`
    t =     3.08s         Checking existence of `"matchMode" SegmentedControl`
    t =     3.13s Tap "電腦對戰" Button
    t =     3.13s     Wait for com.tacticalgo.prototype to idle
    t =     3.14s     Find the "電腦對戰" Button
    t =     3.15s     Check for interrupting elements affecting "電腦對戰" Button
    t =     3.16s     Synthesize event
    t =     3.45s     Wait for com.tacticalgo.prototype to idle
    t =     3.66s Find the "startMatch" Button
    t =     3.69s Swipe up Target Application 'com.tacticalgo.prototype'
    t =     3.69s     Wait for com.tacticalgo.prototype to idle
    t =     3.69s     Find the Target Application 'com.tacticalgo.prototype'
    t =     3.70s     Check for interrupting elements affecting "TacticalGo" Application
    t =     3.71s     Synthesize event
    t =     4.13s     Wait for com.tacticalgo.prototype to idle
    t =     4.68s Find the "startMatch" Button
    t =     4.71s Tap "startMatch" Button
    t =     4.71s     Wait for com.tacticalgo.prototype to idle
    t =     4.72s     Find the "startMatch" Button
    t =     4.73s     Check for interrupting elements affecting "startMatch" Button
    t =     4.75s     Synthesize event
    t =     5.04s     Wait for com.tacticalgo.prototype to idle
    t =     5.16s Find the "currentTurn" StaticText
    t =     5.20s Waiting 10.0s for "playArena" Other to exist
    t =     6.23s     Checking `Expect predicate `existsNoRetry == 1` for object "playArena" Other`
    t =     6.23s         Checking existence of `"playArena" Other`
    t =     6.27s Tap "playArena" Other[0.50, 0.61]
    t =     6.28s     Wait for com.tacticalgo.prototype to idle
    t =     6.28s     Find the "playArena" Other
    t =     6.31s     Check for interrupting elements affecting "playArena" Other
    t =     6.33s     Synthesize event
    t =     6.33s         Find the "playArena" Other
    t =     6.37s         Find the "playArena" Other
    t =     6.40s         Find the "playArena" Other
    t =     6.70s     Wait for com.tacticalgo.prototype to idle
    t =     6.71s Find the "playConfirm" Button
    t =     6.74s Find the "playArena" Other
    t =     6.76s Tap "playConfirm" Button
    t =     6.76s     Wait for com.tacticalgo.prototype to idle
    t =     6.77s     Find the "playConfirm" Button
    t =     6.80s     Check for interrupting elements affecting "playConfirm" Button
    t =     6.82s     Synthesize event
    t =     7.11s     Wait for com.tacticalgo.prototype to idle
    t =     8.17s Checking `Expect predicate `value == "1/2 準備"` for object "playMessage" StaticText`
    t =     8.17s     Find the "playMessage" StaticText
    t =     8.22s Tap "botReviewAdvance" Button
    t =     8.22s     Wait for com.tacticalgo.prototype to idle
    t =     8.22s     Find the "botReviewAdvance" Button
    t =     8.25s     Check for interrupting elements affecting "botReviewAdvance" Button
    t =     8.27s     Synthesize event
    t =     8.57s     Wait for com.tacticalgo.prototype to idle
    t =     9.61s Checking `Expect predicate `value == "1/2 落定"` for object "playMessage" StaticText`
    t =     9.61s     Find the "playMessage" StaticText
    t =     9.65s Checking existence of `"1 AP" StaticText`
    t =     9.69s Tap "undoOrCancel" Button
    t =     9.69s     Wait for com.tacticalgo.prototype to idle
    t =     9.69s     Find the "undoOrCancel" Button
    t =     9.72s     Check for interrupting elements affecting "undoOrCancel" Button
    t =     9.74s     Synthesize event
    t =    10.03s     Wait for com.tacticalgo.prototype to idle
    t =    10.04s Find the "currentTurn" StaticText
    t =    10.07s Checking existence of `"1 AP" StaticText`
    t =    10.10s Find the "mode-soldier" Button
    t =    11.14s Checking `Expect predicate `label != "輪到黑方戰士"` for object "currentTurn" StaticText`
    t =    11.15s     Find the "currentTurn" StaticText
    t =    11.20s     Capturing element debug description
    t =    11.23s         Requesting snapshot of accessibility hierarchy for app with pid 30909
    t =    11.28s         Find: Descendants matching type StaticText
    t =    11.28s         Find: Elements matching predicate '"currentTurn" IN identifiers'
    t =    11.29s         Requesting snapshot of accessibility hierarchy for app with pid 30909
    t =    11.33s         Find: Descendants matching type StaticText
    t =    11.34s         Requesting snapshot of accessibility hierarchy for app with pid 30909
    t =    12.21s Checking `Expect predicate `label != "輪到黑方戰士"` for object "currentTurn" StaticText`
    t =    12.21s     Find the "currentTurn" StaticText
    t =    12.27s     Capturing element debug description
    t =    12.30s         Requesting snapshot of accessibility hierarchy for app with pid 30909
    t =    12.35s         Find: Descendants matching type StaticText
    t =    12.35s         Find: Elements matching predicate '"currentTurn" IN identifiers'
    t =    12.35s         Requesting snapshot of accessibility hierarchy for app with pid 30909
    t =    12.40s         Find: Descendants matching type StaticText
    t =    12.40s         Requesting snapshot of accessibility hierarchy for app with pid 30909
    t =    13.14s Checking `Expect predicate `label != "輪到黑方戰士"` for object "currentTurn" StaticText`
    t =    13.15s     Find the "currentTurn" StaticText
    t =    13.20s     Capturing element debug description
    t =    13.23s         Requesting snapshot of accessibility hierarchy for app with pid 30909
    t =    13.28s         Find: Descendants matching type StaticText
    t =    13.28s         Find: Elements matching predicate '"currentTurn" IN identifiers'
    t =    13.29s         Requesting snapshot of accessibility hierarchy for app with pid 30909
    t =    13.33s         Find: Descendants matching type StaticText
    t =    13.34s         Requesting snapshot of accessibility hierarchy for app with pid 30909
    t =    14.21s Checking `Expect predicate `label != "輪到黑方戰士"` for object "currentTurn" StaticText`
    t =    14.21s     Find the "currentTurn" StaticText
    t =    14.27s     Capturing element debug description
    t =    14.30s         Requesting snapshot of accessibility hierarchy for app with pid 30909
    t =    14.35s         Find: Descendants matching type StaticText
    t =    14.35s         Find: Elements matching predicate '"currentTurn" IN identifiers'
    t =    14.35s         Requesting snapshot of accessibility hierarchy for app with pid 30909
    t =    14.40s         Find: Descendants matching type StaticText
    t =    14.40s         Requesting snapshot of accessibility hierarchy for app with pid 30909
    t =    15.17s Checking `Expect predicate `label != "輪到黑方戰士"` for object "currentTurn" StaticText`
    t =    15.17s     Find the "currentTurn" StaticText
    t =    15.23s     Capturing element debug description
    t =    15.26s         Requesting snapshot of accessibility hierarchy for app with pid 30909
    t =    15.31s         Find: Descendants matching type StaticText
    t =    15.31s         Find: Elements matching predicate '"currentTurn" IN identifiers'
    t =    15.31s         Requesting snapshot of accessibility hierarchy for app with pid 30909
    t =    15.36s         Find: Descendants matching type StaticText
    t =    15.36s         Requesting snapshot of accessibility hierarchy for app with pid 30909
    t =    16.14s Checking `Expect predicate `label != "輪到黑方戰士"` for object "currentTurn" StaticText`
    t =    16.14s     Find the "currentTurn" StaticText
    t =    16.19s     Capturing element debug description
    t =    16.22s         Requesting snapshot of accessibility hierarchy for app with pid 30909
    t =    16.27s         Find: Descendants matching type StaticText
    t =    16.27s         Find: Elements matching predicate '"currentTurn" IN identifiers'
    t =    16.28s         Requesting snapshot of accessibility hierarchy for app with pid 30909
    t =    16.33s         Find: Descendants matching type StaticText
    t =    16.33s         Requesting snapshot of accessibility hierarchy for app with pid 30909
    t =    17.18s Checking `Expect predicate `label != "輪到黑方戰士"` for object "currentTurn" StaticText`
    t =    17.18s     Find the "currentTurn" StaticText
    t =    17.23s     Capturing element debug description
    t =    17.26s         Requesting snapshot of accessibility hierarchy for app with pid 30909
    t =    17.31s         Find: Descendants matching type StaticText
    t =    17.31s         Find: Elements matching predicate '"currentTurn" IN identifiers'
    t =    17.31s         Requesting snapshot of accessibility hierarchy for app with pid 30909
    t =    17.36s         Find: Descendants matching type StaticText
    t =    17.37s         Requesting snapshot of accessibility hierarchy for app with pid 30909
    t =    18.14s Checking `Expect predicate `label != "輪到黑方戰士"` for object "currentTurn" StaticText`
    t =    18.14s     Find the "currentTurn" StaticText
    t =    18.18s     Capturing element debug description
    t =    18.21s         Requesting snapshot of accessibility hierarchy for app with pid 30909
    t =    18.26s         Find: Descendants matching type StaticText
    t =    18.26s         Find: Elements matching predicate '"currentTurn" IN identifiers'
    t =    18.26s         Requesting snapshot of accessibility hierarchy for app with pid 30909
    t =    18.31s         Find: Descendants matching type StaticText
    t =    18.32s         Requesting snapshot of accessibility hierarchy for app with pid 30909
    t =    19.16s Checking `Expect predicate `label != "輪到黑方戰士"` for object "currentTurn" StaticText`
    t =    19.16s     Find the "currentTurn" StaticText
    t =    19.22s     Capturing element debug description
    t =    19.25s         Requesting snapshot of accessibility hierarchy for app with pid 30909
    t =    19.30s         Find: Descendants matching type StaticText
    t =    19.30s         Find: Elements matching predicate '"currentTurn" IN identifiers'
    t =    19.30s         Requesting snapshot of accessibility hierarchy for app with pid 30909
    t =    19.35s         Find: Descendants matching type StaticText
    t =    19.36s         Requesting snapshot of accessibility hierarchy for app with pid 30909
    t =    20.21s Checking `Expect predicate `label != "輪到黑方戰士"` for object "currentTurn" StaticText`
    t =    20.21s     Find the "currentTurn" StaticText
    t =    20.26s     Capturing element debug description
    t =    20.29s         Requesting snapshot of accessibility hierarchy for app with pid 30909
    t =    20.34s         Find: Descendants matching type StaticText
    t =    20.34s         Find: Elements matching predicate '"currentTurn" IN identifiers'
    t =    20.34s         Requesting snapshot of accessibility hierarchy for app with pid 30909
    t =    20.39s         Find: Descendants matching type StaticText
    t =    20.39s         Requesting snapshot of accessibility hierarchy for app with pid 30909
    t =    21.14s Checking `Expect predicate `label != "輪到黑方戰士"` for object "currentTurn" StaticText`
    t =    21.14s     Find the "currentTurn" StaticText
    t =    21.19s     Capturing element debug description
    t =    21.22s         Requesting snapshot of accessibility hierarchy for app with pid 30909
    t =    21.27s         Find: Descendants matching type StaticText
    t =    21.27s         Find: Elements matching predicate '"currentTurn" IN identifiers'
    t =    21.28s         Requesting snapshot of accessibility hierarchy for app with pid 30909
    t =    21.33s         Find: Descendants matching type StaticText
    t =    21.33s         Requesting snapshot of accessibility hierarchy for app with pid 30909
    t =    21.59s Waiting 10.0s for "playArena" Other to exist
    t =    22.61s     Checking `Expect predicate `existsNoRetry == 1` for object "playArena" Other`
    t =    22.61s         Checking existence of `"playArena" Other`
    t =    22.66s Tap "playArena" Other[0.50, 0.61]
    t =    22.66s     Wait for com.tacticalgo.prototype to idle
    t =    22.67s     Find the "playArena" Other
    t =    22.70s     Check for interrupting elements affecting "playArena" Other
    t =    22.72s     Synthesize event
    t =    22.72s         Find the "playArena" Other
    t =    22.76s         Find the "playArena" Other
    t =    22.79s         Find the "playArena" Other
    t =    23.10s     Wait for com.tacticalgo.prototype to idle
    t =    23.11s Find the "playConfirm" Button
    t =    23.24s Added attachment named 'BOT-01-undo-between-computer-actions'
    t =    23.24s Tear Down
Test Case '-[TacticalGoUITests.PlayableGameTests testUndoAfterFirstComputerActionCancelsRemainingPlayback]' passed (23.454 seconds).
Test Case '-[TacticalGoUITests.PlayableGameTests testWarriorAndRogueNativeSkillsBothOwnersCancelAndUndo]' started.
    t =     0.00s Start Test at 2026-10-10 02:28:14.959
    t =     0.03s Set Up
    t =     0.03s Open com.tacticalgo.prototype
    t =     0.03s     Launch com.tacticalgo.prototype
    t =     0.03s         Terminate com.tacticalgo.prototype:30909
2026-10-10 02:28:16.039 xcodebuild[29583:297679] [MT] IDELaunchParametersSnapshot: The operation couldn’t be completed. (DebuggerLLDB.DebuggerVersionStore.StoreError error 0.)
2026-10-10 02:28:16.039 xcodebuild[29583:297679] [MT] IDELaunchParametersSnapshot: no debugger version
    t =     1.29s         Setting up automation session
    t =     1.91s         Wait for com.tacticalgo.prototype to idle
    t =     3.20s Waiting 10.0s for "2 AP" StaticText to exist
    t =     4.22s     Checking `Expect predicate `existsNoRetry == 1` for object "2 AP" StaticText`
    t =     4.22s         Checking existence of `"2 AP" StaticText`
    t =     4.32s Waiting 10.0s for "playArena" Other to exist
    t =     5.32s     Checking `Expect predicate `existsNoRetry == 1` for object "playArena" Other`
    t =     5.32s         Checking existence of `"playArena" Other`
    t =     5.37s Tap "playArena" Other[0.37, 0.51]
    t =     5.37s     Wait for com.tacticalgo.prototype to idle
    t =     5.37s     Find the "playArena" Other
    t =     5.41s     Check for interrupting elements affecting "playArena" Other
    t =     5.43s     Synthesize event
    t =     5.43s         Find the "playArena" Other
    t =     5.46s         Find the "playArena" Other
    t =     5.50s         Find the "playArena" Other
    t =     5.81s     Wait for com.tacticalgo.prototype to idle
    t =     5.82s Waiting 10.0s for "playArena" Other to exist
    t =     6.84s     Checking `Expect predicate `existsNoRetry == 1` for object "playArena" Other`
    t =     6.85s         Checking existence of `"playArena" Other`
    t =     6.90s Tap "playArena" Other[0.63, 0.51]
    t =     6.90s     Wait for com.tacticalgo.prototype to idle
    t =     6.90s     Find the "playArena" Other
    t =     6.93s     Check for interrupting elements affecting "playArena" Other
    t =     6.95s     Synthesize event
    t =     6.95s         Find the "playArena" Other
    t =     6.99s         Find the "playArena" Other
    t =     7.02s         Find the "playArena" Other
    t =     7.34s     Wait for com.tacticalgo.prototype to idle
    t =     7.34s Checking existence of `"2 AP" StaticText`
    t =     7.48s Added attachment named 'SKILL-warrior-false-preview'
    t =     7.48s Tap "undoOrCancel" Button
    t =     7.48s     Wait for com.tacticalgo.prototype to idle
    t =     7.48s     Find the "undoOrCancel" Button
    t =     7.51s     Check for interrupting elements affecting "undoOrCancel" Button
    t =     7.53s     Synthesize event
    t =     7.82s     Wait for com.tacticalgo.prototype to idle
    t =     7.82s Checking existence of `"2 AP" StaticText`
    t =     7.85s Swipe down Target Application 'com.tacticalgo.prototype'
    t =     7.85s     Wait for com.tacticalgo.prototype to idle
    t =     7.85s     Find the Target Application 'com.tacticalgo.prototype'
    t =     7.87s     Check for interrupting elements affecting "TacticalGo" Application
    t =     7.89s     Synthesize event
    t =     8.30s     Wait for com.tacticalgo.prototype to idle
    t =     8.78s Waiting 10.0s for "playArena" Other to exist
    t =     9.79s     Checking `Expect predicate `existsNoRetry == 1` for object "playArena" Other`
    t =     9.79s         Checking existence of `"playArena" Other`
    t =     9.83s Tap "playArena" Other[0.37, 0.51]
    t =     9.83s     Wait for com.tacticalgo.prototype to idle
    t =     9.83s     Find the "playArena" Other
    t =     9.86s     Check for interrupting elements affecting "playArena" Other
    t =     9.88s     Synthesize event
    t =     9.88s         Find the "playArena" Other
    t =     9.91s         Find the "playArena" Other
    t =     9.94s         Find the "playArena" Other
    t =    10.25s     Wait for com.tacticalgo.prototype to idle
    t =    10.25s Waiting 10.0s for "playArena" Other to exist
    t =    11.26s     Checking `Expect predicate `existsNoRetry == 1` for object "playArena" Other`
    t =    11.26s         Checking existence of `"playArena" Other`
    t =    11.30s Tap "playArena" Other[0.63, 0.51]
    t =    11.30s     Wait for com.tacticalgo.prototype to idle
    t =    11.30s     Find the "playArena" Other
    t =    11.33s     Check for interrupting elements affecting "playArena" Other
    t =    11.35s     Synthesize event
    t =    11.35s         Find the "playArena" Other
    t =    11.38s         Find the "playArena" Other
    t =    11.41s         Find the "playArena" Other
    t =    11.73s     Wait for com.tacticalgo.prototype to idle
    t =    11.73s Find the "playConfirm" Button
    t =    11.77s Find the "playConfirm" Button
    t =    11.80s Tap "playConfirm" Button
    t =    11.80s     Wait for com.tacticalgo.prototype to idle
    t =    11.80s     Find the "playConfirm" Button
    t =    11.83s     Check for interrupting elements affecting "playConfirm" Button
    t =    11.85s     Synthesize event
    t =    12.15s     Wait for com.tacticalgo.prototype to idle
    t =    12.15s Checking existence of `"1 AP" StaticText`
    t =    12.18s Find the "heroStage" StaticText
    t =    12.30s Added attachment named 'SKILL-warrior-false-settled'
    t =    12.30s Tap "undoOrCancel" Button
    t =    12.30s     Wait for com.tacticalgo.prototype to idle
    t =    12.30s     Find the "undoOrCancel" Button
    t =    12.33s     Check for interrupting elements affecting "undoOrCancel" Button
    t =    12.37s     Synthesize event
    t =    12.66s     Wait for com.tacticalgo.prototype to idle
    t =    12.66s Checking existence of `"2 AP" StaticText`
    t =    12.69s Terminate com.tacticalgo.prototype:30972
    t =    13.72s Open com.tacticalgo.prototype
    t =    13.72s     Launch com.tacticalgo.prototype
2026-10-10 02:28:28.683 xcodebuild[29583:297679] [MT] IDELaunchParametersSnapshot: The operation couldn’t be completed. (DebuggerLLDB.DebuggerVersionStore.StoreError error 0.)
2026-10-10 02:28:28.683 xcodebuild[29583:297679] [MT] IDELaunchParametersSnapshot: no debugger version
    t =    13.93s         Setting up automation session
    t =    14.51s         Wait for com.tacticalgo.prototype to idle
    t =    15.77s Waiting 10.0s for "2 AP" StaticText to exist
    t =    16.78s     Checking `Expect predicate `existsNoRetry == 1` for object "2 AP" StaticText`
    t =    16.78s         Checking existence of `"2 AP" StaticText`
    t =    16.89s Waiting 10.0s for "playArena" Other to exist
    t =    17.92s     Checking `Expect predicate `existsNoRetry == 1` for object "playArena" Other`
    t =    17.92s         Checking existence of `"playArena" Other`
    t =    17.98s Tap "playArena" Other[0.37, 0.51]
    t =    17.98s     Wait for com.tacticalgo.prototype to idle
    t =    17.98s     Find the "playArena" Other
    t =    18.01s     Check for interrupting elements affecting "playArena" Other
    t =    18.04s     Synthesize event
    t =    18.04s         Find the "playArena" Other
    t =    18.07s         Find the "playArena" Other
    t =    18.10s         Find the "playArena" Other
    t =    18.42s     Wait for com.tacticalgo.prototype to idle
    t =    18.42s Waiting 10.0s for "playArena" Other to exist
    t =    19.44s     Checking `Expect predicate `existsNoRetry == 1` for object "playArena" Other`
    t =    19.45s         Checking existence of `"playArena" Other`
    t =    19.49s Tap "playArena" Other[0.63, 0.51]
    t =    19.49s     Wait for com.tacticalgo.prototype to idle
    t =    19.50s     Find the "playArena" Other
    t =    19.53s     Check for interrupting elements affecting "playArena" Other
    t =    19.55s     Synthesize event
    t =    19.55s         Find the "playArena" Other
    t =    19.58s         Find the "playArena" Other
    t =    19.62s         Find the "playArena" Other
    t =    19.93s     Wait for com.tacticalgo.prototype to idle
    t =    19.94s Checking existence of `"2 AP" StaticText`
    t =    20.08s Added attachment named 'SKILL-warrior-true-preview'
    t =    20.08s Tap "undoOrCancel" Button
    t =    20.08s     Wait for com.tacticalgo.prototype to idle
    t =    20.08s     Find the "undoOrCancel" Button
    t =    20.11s     Check for interrupting elements affecting "undoOrCancel" Button
    t =    20.14s     Synthesize event
    t =    20.43s     Wait for com.tacticalgo.prototype to idle
    t =    20.44s Checking existence of `"2 AP" StaticText`
    t =    20.47s Swipe down Target Application 'com.tacticalgo.prototype'
    t =    20.47s     Wait for com.tacticalgo.prototype to idle
    t =    20.47s     Find the Target Application 'com.tacticalgo.prototype'
    t =    20.49s     Check for interrupting elements affecting "TacticalGo" Application
    t =    20.51s     Synthesize event
    t =    20.93s     Wait for com.tacticalgo.prototype to idle
    t =    21.40s Waiting 10.0s for "playArena" Other to exist
    t =    22.42s     Checking `Expect predicate `existsNoRetry == 1` for object "playArena" Other`
    t =    22.42s         Checking existence of `"playArena" Other`
    t =    22.46s Tap "playArena" Other[0.37, 0.51]
    t =    22.46s     Wait for com.tacticalgo.prototype to idle
    t =    22.46s     Find the "playArena" Other
    t =    22.49s     Check for interrupting elements affecting "playArena" Other
    t =    22.52s     Synthesize event
    t =    22.52s         Find the "playArena" Other
    t =    22.55s         Find the "playArena" Other
    t =    22.58s         Find the "playArena" Other
    t =    22.89s     Wait for com.tacticalgo.prototype to idle
    t =    22.90s Waiting 10.0s for "playArena" Other to exist
    t =    23.92s     Checking `Expect predicate `existsNoRetry == 1` for object "playArena" Other`
    t =    23.92s         Checking existence of `"playArena" Other`
    t =    23.97s Tap "playArena" Other[0.63, 0.51]
    t =    23.97s     Wait for com.tacticalgo.prototype to idle
    t =    23.97s     Find the "playArena" Other
    t =    24.00s     Check for interrupting elements affecting "playArena" Other
    t =    24.03s     Synthesize event
    t =    24.03s         Find the "playArena" Other
    t =    24.06s         Find the "playArena" Other
    t =    24.10s         Find the "playArena" Other
    t =    24.41s     Wait for com.tacticalgo.prototype to idle
    t =    24.42s Find the "playConfirm" Button
    t =    24.47s Find the "playConfirm" Button
    t =    24.50s Tap "playConfirm" Button
    t =    24.50s     Wait for com.tacticalgo.prototype to idle
    t =    24.50s     Find the "playConfirm" Button
    t =    24.54s     Check for interrupting elements affecting "playConfirm" Button
    t =    24.56s     Synthesize event
    t =    24.86s     Wait for com.tacticalgo.prototype to idle
    t =    24.86s Checking existence of `"1 AP" StaticText`
    t =    24.90s Find the "heroStage" StaticText
    t =    25.04s Added attachment named 'SKILL-warrior-true-settled'
    t =    25.04s Tap "undoOrCancel" Button
    t =    25.04s     Wait for com.tacticalgo.prototype to idle
    t =    25.04s     Find the "undoOrCancel" Button
    t =    25.09s     Check for interrupting elements affecting "undoOrCancel" Button
    t =    25.11s     Synthesize event
    t =    25.41s     Wait for com.tacticalgo.prototype to idle
    t =    25.41s Checking existence of `"2 AP" StaticText`
    t =    25.45s Terminate com.tacticalgo.prototype:31015
    t =    26.52s Open com.tacticalgo.prototype
    t =    26.52s     Launch com.tacticalgo.prototype
2026-10-10 02:28:41.478 xcodebuild[29583:297679] [MT] IDELaunchParametersSnapshot: The operation couldn’t be completed. (DebuggerLLDB.DebuggerVersionStore.StoreError error 0.)
2026-10-10 02:28:41.478 xcodebuild[29583:297679] [MT] IDELaunchParametersSnapshot: no debugger version
    t =    26.73s         Setting up automation session
    t =    27.33s         Wait for com.tacticalgo.prototype to idle
    t =    28.86s Waiting 10.0s for "2 AP" StaticText to exist
    t =    29.88s     Checking `Expect predicate `existsNoRetry == 1` for object "2 AP" StaticText`
    t =    29.88s         Checking existence of `"2 AP" StaticText`
    t =    29.99s Waiting 10.0s for "playArena" Other to exist
    t =    31.02s     Checking `Expect predicate `existsNoRetry == 1` for object "playArena" Other`
    t =    31.02s         Checking existence of `"playArena" Other`
    t =    31.07s Tap "playArena" Other[0.63, 0.51]
    t =    31.07s     Wait for com.tacticalgo.prototype to idle
    t =    31.08s     Find the "playArena" Other
    t =    31.11s     Check for interrupting elements affecting "playArena" Other
    t =    31.13s     Synthesize event
    t =    31.13s         Find the "playArena" Other
    t =    31.17s         Find the "playArena" Other
    t =    31.20s         Find the "playArena" Other
    t =    31.51s     Wait for com.tacticalgo.prototype to idle
    t =    31.51s Checking existence of `"2 AP" StaticText`
    t =    31.64s Added attachment named 'SKILL-rogue-false-preview'
    t =    31.64s Tap "undoOrCancel" Button
    t =    31.64s     Wait for com.tacticalgo.prototype to idle
    t =    31.65s     Find the "undoOrCancel" Button
    t =    31.68s     Check for interrupting elements affecting "undoOrCancel" Button
    t =    31.70s     Synthesize event
    t =    31.99s     Wait for com.tacticalgo.prototype to idle
    t =    32.00s Checking existence of `"2 AP" StaticText`
    t =    32.05s Swipe down Target Application 'com.tacticalgo.prototype'
    t =    32.05s     Wait for com.tacticalgo.prototype to idle
    t =    32.05s     Find the Target Application 'com.tacticalgo.prototype'
    t =    32.07s     Check for interrupting elements affecting "TacticalGo" Application
    t =    32.09s     Synthesize event
    t =    32.51s     Wait for com.tacticalgo.prototype to idle
    t =    32.98s Waiting 10.0s for "playArena" Other to exist
    t =    34.02s     Checking `Expect predicate `existsNoRetry == 1` for object "playArena" Other`
    t =    34.02s         Checking existence of `"playArena" Other`
    t =    34.07s Tap "playArena" Other[0.63, 0.51]
    t =    34.07s     Wait for com.tacticalgo.prototype to idle
    t =    34.07s     Find the "playArena" Other
    t =    34.10s     Check for interrupting elements affecting "playArena" Other
    t =    34.13s     Synthesize event
    t =    34.13s         Find the "playArena" Other
    t =    34.16s         Find the "playArena" Other
    t =    34.19s         Find the "playArena" Other
    t =    34.50s     Wait for com.tacticalgo.prototype to idle
    t =    34.51s Find the "playConfirm" Button
    t =    34.56s Find the "playConfirm" Button
    t =    34.59s Tap "playConfirm" Button
    t =    34.59s     Wait for com.tacticalgo.prototype to idle
    t =    34.59s     Find the "playConfirm" Button
    t =    34.62s     Check for interrupting elements affecting "playConfirm" Button
    t =    34.64s     Synthesize event
    t =    34.93s     Wait for com.tacticalgo.prototype to idle
    t =    34.93s Checking existence of `"1 AP" StaticText`
    t =    34.97s Find the "heroStage" StaticText
    t =    35.09s Added attachment named 'SKILL-rogue-false-settled'
    t =    35.09s Tap "undoOrCancel" Button
    t =    35.09s     Wait for com.tacticalgo.prototype to idle
    t =    35.09s     Find the "undoOrCancel" Button
    t =    35.13s     Check for interrupting elements affecting "undoOrCancel" Button
    t =    35.16s     Synthesize event
    t =    35.45s     Wait for com.tacticalgo.prototype to idle
    t =    35.46s Checking existence of `"2 AP" StaticText`
    t =    35.50s Terminate com.tacticalgo.prototype:31042
    t =    36.56s Open com.tacticalgo.prototype
    t =    36.56s     Launch com.tacticalgo.prototype
2026-10-10 02:28:51.522 xcodebuild[29583:297679] [MT] IDELaunchParametersSnapshot: The operation couldn’t be completed. (DebuggerLLDB.DebuggerVersionStore.StoreError error 0.)
2026-10-10 02:28:51.522 xcodebuild[29583:297679] [MT] IDELaunchParametersSnapshot: no debugger version
    t =    36.77s         Setting up automation session
    t =    37.23s         Wait for com.tacticalgo.prototype to idle
    t =    38.55s Waiting 10.0s for "2 AP" StaticText to exist
    t =    39.58s     Checking `Expect predicate `existsNoRetry == 1` for object "2 AP" StaticText`
    t =    39.58s         Checking existence of `"2 AP" StaticText`
    t =    39.70s Waiting 10.0s for "playArena" Other to exist
    t =    40.72s     Checking `Expect predicate `existsNoRetry == 1` for object "playArena" Other`
    t =    40.72s         Checking existence of `"playArena" Other`
    t =    40.77s Tap "playArena" Other[0.63, 0.51]
    t =    40.77s     Wait for com.tacticalgo.prototype to idle
    t =    40.77s     Find the "playArena" Other
    t =    40.80s     Check for interrupting elements affecting "playArena" Other
    t =    40.83s     Synthesize event
    t =    40.83s         Find the "playArena" Other
    t =    40.86s         Find the "playArena" Other
    t =    40.89s         Find the "playArena" Other
    t =    41.20s     Wait for com.tacticalgo.prototype to idle
    t =    41.20s Checking existence of `"2 AP" StaticText`
    t =    41.33s Added attachment named 'SKILL-rogue-true-preview'
    t =    41.33s Tap "undoOrCancel" Button
    t =    41.33s     Wait for com.tacticalgo.prototype to idle
    t =    41.33s     Find the "undoOrCancel" Button
    t =    41.36s     Check for interrupting elements affecting "undoOrCancel" Button
    t =    41.39s     Synthesize event
    t =    41.68s     Wait for com.tacticalgo.prototype to idle
    t =    41.69s Checking existence of `"2 AP" StaticText`
    t =    41.73s Swipe down Target Application 'com.tacticalgo.prototype'
    t =    41.73s     Wait for com.tacticalgo.prototype to idle
    t =    41.73s     Find the Target Application 'com.tacticalgo.prototype'
    t =    41.75s     Check for interrupting elements affecting "TacticalGo" Application
    t =    41.77s     Synthesize event
    t =    42.18s     Wait for com.tacticalgo.prototype to idle
    t =    42.68s Waiting 10.0s for "playArena" Other to exist
    t =    43.71s     Checking `Expect predicate `existsNoRetry == 1` for object "playArena" Other`
    t =    43.71s         Checking existence of `"playArena" Other`
    t =    43.75s Tap "playArena" Other[0.63, 0.51]
    t =    43.75s     Wait for com.tacticalgo.prototype to idle
    t =    43.75s     Find the "playArena" Other
    t =    43.78s     Check for interrupting elements affecting "playArena" Other
    t =    43.80s     Synthesize event
    t =    43.80s         Find the "playArena" Other
    t =    43.83s         Find the "playArena" Other
    t =    43.87s         Find the "playArena" Other
    t =    44.18s     Wait for com.tacticalgo.prototype to idle
    t =    44.18s Find the "playConfirm" Button
    t =    44.23s Find the "playConfirm" Button
    t =    44.25s Tap "playConfirm" Button
    t =    44.25s     Wait for com.tacticalgo.prototype to idle
    t =    44.26s     Find the "playConfirm" Button
    t =    44.28s     Check for interrupting elements affecting "playConfirm" Button
    t =    44.31s     Synthesize event
    t =    44.59s     Wait for com.tacticalgo.prototype to idle
    t =    44.59s Checking existence of `"1 AP" StaticText`
    t =    44.63s Find the "heroStage" StaticText
    t =    44.75s Added attachment named 'SKILL-rogue-true-settled'
    t =    44.75s Tap "undoOrCancel" Button
    t =    44.75s     Wait for com.tacticalgo.prototype to idle
    t =    44.75s     Find the "undoOrCancel" Button
    t =    44.78s     Check for interrupting elements affecting "undoOrCancel" Button
    t =    44.80s     Synthesize event
    t =    45.09s     Wait for com.tacticalgo.prototype to idle
    t =    45.10s Checking existence of `"2 AP" StaticText`
    t =    45.14s Terminate com.tacticalgo.prototype:31070
    t =    46.22s Tear Down
Test Case '-[TacticalGoUITests.PlayableGameTests testWarriorAndRogueNativeSkillsBothOwnersCancelAndUndo]' passed (46.234 seconds).
Test Case '-[TacticalGoUITests.PlayableGameTests testWhiteHumanGetsComputerBlackOpeningAndHumanUndo]' started.
    t =     0.00s Start Test at 2026-10-10 02:29:01.193
    t =     0.02s Set Up
    t =     0.02s Open com.tacticalgo.prototype
    t =     0.02s     Launch com.tacticalgo.prototype
2026-10-10 02:29:01.238 xcodebuild[29583:297679] [MT] IDELaunchParametersSnapshot: The operation couldn’t be completed. (DebuggerLLDB.DebuggerVersionStore.StoreError error 0.)
2026-10-10 02:29:01.238 xcodebuild[29583:297679] [MT] IDELaunchParametersSnapshot: no debugger version
    t =     0.26s         Setting up automation session
    t =     0.73s         Wait for com.tacticalgo.prototype to idle
    t =     2.14s Tap "電腦對戰" Button
    t =     2.14s     Wait for com.tacticalgo.prototype to idle
    t =     2.15s     Find the "電腦對戰" Button
    t =     2.21s     Check for interrupting elements affecting "電腦對戰" Button
    t =     2.23s     Synthesize event
    t =     2.53s     Wait for com.tacticalgo.prototype to idle
    t =     2.74s Tap "白方後手" Button
    t =     2.74s     Wait for com.tacticalgo.prototype to idle
    t =     2.75s     Find the "白方後手" Button
    t =     2.77s     Check for interrupting elements affecting "白方後手" Button
    t =     2.78s     Synthesize event
    t =     3.06s     Wait for com.tacticalgo.prototype to idle
    t =     3.29s Find the "你 · 白方 ○" Button
    t =     3.32s Tap "choose-warrior" Button
    t =     3.32s     Wait for com.tacticalgo.prototype to idle
    t =     3.32s     Find the "choose-warrior" Button
    t =     3.34s     Check for interrupting elements affecting "choose-warrior" Button
    t =     3.35s     Synthesize event
    t =     3.65s     Wait for com.tacticalgo.prototype to idle
    t =     3.66s Find the "startMatch" Button
    t =     3.69s Swipe up Target Application 'com.tacticalgo.prototype'
    t =     3.69s     Wait for com.tacticalgo.prototype to idle
    t =     3.69s     Find the Target Application 'com.tacticalgo.prototype'
    t =     3.70s     Check for interrupting elements affecting "TacticalGo" Application
    t =     3.71s     Synthesize event
    t =     4.14s     Wait for com.tacticalgo.prototype to idle
    t =     4.71s Find the "startMatch" Button
    t =     4.82s Added attachment named 'BOT-03a-white-human-easy-picker'
    t =     4.82s Tap "startMatch" Button
    t =     4.82s     Wait for com.tacticalgo.prototype to idle
    t =     4.82s     Find the "startMatch" Button
    t =     4.84s     Check for interrupting elements affecting "startMatch" Button
    t =     4.85s     Synthesize event
    t =     5.14s     Wait for com.tacticalgo.prototype to idle
    t =     6.36s Checking `Expect predicate `value == "1/1 準備"` for object "playMessage" StaticText`
    t =     6.36s     Find the "playMessage" StaticText
    t =     6.41s Find the "currentTurn" StaticText
    t =     6.44s Checking existence of `"1 AP" StaticText`
    t =     6.48s Find the "mode-soldier" Button
    t =     6.51s Find the "undoOrCancel" Button
    t =     6.54s Tap "botReviewAdvance" Button
    t =     6.54s     Wait for com.tacticalgo.prototype to idle
    t =     6.54s     Find the "botReviewAdvance" Button
    t =     6.58s     Check for interrupting elements affecting "botReviewAdvance" Button
    t =     6.60s     Synthesize event
    t =     6.88s     Wait for com.tacticalgo.prototype to idle
    t =     7.92s Checking `Expect predicate `value == "1/1 落定"` for object "playMessage" StaticText`
    t =     7.92s     Find the "playMessage" StaticText
    t =     7.97s Find the "mode-soldier" Button
    t =     8.00s Tap "botReviewAdvance" Button
    t =     8.00s     Wait for com.tacticalgo.prototype to idle
    t =     8.00s     Find the "botReviewAdvance" Button
    t =     8.03s     Check for interrupting elements affecting "botReviewAdvance" Button
    t =     8.05s     Synthesize event
    t =     8.35s     Wait for com.tacticalgo.prototype to idle
    t =     8.35s Waiting 5.0s for "botStatus" Any to exist
    t =     9.36s     Checking `Expect predicate `existsNoRetry == 1` for object "botStatus" Any`
    t =     9.36s         Checking existence of `"botStatus" Any`
    t =    10.43s Checking `Expect predicate `value == "已完成1電腦回合"` for object "botStatus" Any`
    t =    10.43s     Find the "botStatus" Any
    t =    10.48s Find the "currentTurn" StaticText
    t =    10.51s Checking existence of `"2 AP" StaticText`
    t =    10.54s Find the "mode-soldier" Button
    t =    10.57s Find the "undoOrCancel" Button
    t =    10.60s Find the "botStatus" Any
    t =    10.73s Added attachment named 'BOT-03a-white-human-after-computer-first-1AP'
    t =    10.73s Tap "以格點清單操作棋盤" Button
    t =    10.73s     Wait for com.tacticalgo.prototype to idle
    t =    10.73s     Find the "以格點清單操作棋盤" Button
    t =    10.76s     Check for interrupting elements affecting "square.grid.3x3" Button
    t =    10.78s     Synthesize event
    t =    11.08s     Wait for com.tacticalgo.prototype to idle
    t =    11.20s Find the "cell-0-0" Button
    t =    11.28s Tap "cell-0-0" Button
    t =    11.28s     Wait for com.tacticalgo.prototype to idle
    t =    11.71s     Find the "cell-0-0" Button
    t =    11.77s     Check for interrupting elements affecting "cell-0-0" Button
    t =    11.82s     Synthesize event
    t =    12.11s     Wait for com.tacticalgo.prototype to idle
    t =    12.47s Find the "playConfirm" Button
    t =    12.52s Tap "playConfirm" Button
    t =    12.52s     Wait for com.tacticalgo.prototype to idle
    t =    12.52s     Find the "playConfirm" Button
    t =    12.55s     Check for interrupting elements affecting "playConfirm" Button
    t =    12.57s     Synthesize event
    t =    12.86s     Wait for com.tacticalgo.prototype to idle
    t =    12.86s Checking existence of `"1 AP" StaticText`
    t =    12.90s Tap "undoOrCancel" Button
    t =    12.90s     Wait for com.tacticalgo.prototype to idle
    t =    12.90s     Find the "undoOrCancel" Button
    t =    12.93s     Check for interrupting elements affecting "undoOrCancel" Button
    t =    12.96s     Synthesize event
    t =    13.24s     Wait for com.tacticalgo.prototype to idle
    t =    13.25s Find the "currentTurn" StaticText
    t =    13.29s Checking existence of `"2 AP" StaticText`
    t =    13.33s Find the "undoOrCancel" Button
    t =    13.45s Added attachment named 'BOT-03a-white-human-undo-preserves-computer-opening'
    t =    13.45s Tear Down
Test Case '-[TacticalGoUITests.PlayableGameTests testWhiteHumanGetsComputerBlackOpeningAndHumanUndo]' passed (13.682 seconds).
Test Suite 'PlayableGameTests' passed at 2026-10-10 02:29:14.876.
	 Executed 22 tests, with 0 failures (0 unexpected) in 507.558 (507.576) seconds
Test Suite 'TacticalGoUITests.xctest' passed at 2026-10-10 02:29:14.877.
	 Executed 22 tests, with 0 failures (0 unexpected) in 507.558 (507.577) seconds
Test Suite 'Selected tests' passed at 2026-10-10 02:29:14.877.
	 Executed 22 tests, with 0 failures (0 unexpected) in 507.558 (507.578) seconds
2026-10-10 02:29:28.920 xcodebuild[29583:297679] [MT] IDETestOperationsObserverDebug: 523.916 elapsed -- Testing started completed.
2026-10-10 02:29:28.920 xcodebuild[29583:297679] [MT] IDETestOperationsObserverDebug: 0.000 sec, +0.000 sec -- start
2026-10-10 02:29:28.920 xcodebuild[29583:297679] [MT] IDETestOperationsObserverDebug: 523.916 sec, +523.916 sec -- end

Test session results, code coverage, and logs:
	/Users/pc49-58/.codex/worktrees/cozy-02-integration/TacticalGo/artifacts/ios/game-feel-voice-01/S6-native-phone-final.xcresult

** TEST EXECUTE SUCCEEDED **

Testing started
