Command line invocation:
    /Applications/Xcode.app/Contents/Developer/usr/bin/xcodebuild test-without-building -xctestrun ios/Build/Products/TacticalGo_iphonesimulator26.5-arm64.xctestrun -destination "platform=iOS Simulator,id=9838EAA7-25BA-40F6-BCEA-42BD3871A2BE" -parallel-testing-enabled NO "-only-testing:TacticalGoUITests/PlayableGameTests/testChallengeSixRealSolutionsAndImmediateCompletionLock" "-only-testing:TacticalGoUITests/PlayableGameTests/testChallengeFailureUndoRetryAndHintsAreOptional" "-only-testing:TacticalGoUITests/PlayableGameTests/testChallengeResumeReplaysJournalAndAccessiblePicker" "-only-testing:TacticalGoUITests/PlayableGameTests/testChallengesKeepOriginalSavedMatchAndTabletRotationOperable" -resultBundlePath artifacts/content-02/iPad-candidate.xcresult

2026-10-09 22:21:43.799 xcodebuild[83595:7038595] [MT] IDERunDestination: Supported platforms for the buildables in the current scheme is empty.
Writing result bundle at path:
	/Users/pc49-58/.codex/worktrees/content-02/TacticalGo/artifacts/content-02/iPad-candidate.xcresult

2026-10-09 22:21:43.816 xcodebuild[83595:7038595] [MT] IDERunDestination: Supported platforms for the buildables in the current scheme is empty.
--- xcodebuild: WARNING: Using the first of multiple matching destinations:
{ platform:iOS Simulator, arch:arm64, id:9838EAA7-25BA-40F6-BCEA-42BD3871A2BE, OS:18.0, name:TacticalGo iPad mini layout }
{ platform:iOS Simulator, arch:x86_64, id:9838EAA7-25BA-40F6-BCEA-42BD3871A2BE, OS:18.0, name:TacticalGo iPad mini layout }
2026-10-09 22:21:46.687 xcodebuild[83595:7038595] [MT] IDERunDestination: Supported platforms for the buildables in the current scheme is empty.
2026-10-09 22:21:49.870 xcodebuild[83595:7038595] [MT] IDERunDestination: Supported platforms for the buildables in the current scheme is empty.
2026-10-09 22:21:51.311 xcodebuild[83595:7038595] [MT] IDERunDestination: Supported platforms for the buildables in the current scheme is empty.
2026-10-09 22:21:57.043286+0800 TacticalGoUITests-Runner[83689:7039626] [Default] Running tests...
Test Suite 'Selected tests' started at 2026-10-09 22:21:59.132.
Test Suite 'TacticalGoUITests.xctest' started at 2026-10-09 22:21:59.138.
Test Suite 'PlayableGameTests' started at 2026-10-09 22:21:59.139.
Test Case '-[TacticalGoUITests.PlayableGameTests testChallengeFailureUndoRetryAndHintsAreOptional]' started.
    t =     0.14s Start Test at 2026-10-09 22:21:59.275
    t =     0.22s Set Up
    t =     0.34s Open com.tacticalgo.prototype
    t =     0.37s     Launch com.tacticalgo.prototype
2026-10-09 22:22:01.417 xcodebuild[83595:7038595] [MT] IDELaunchParametersSnapshot: The operation couldn’t be completed. (DebuggerLLDB.DebuggerVersionStore.StoreError error 0.)
2026-10-09 22:22:01.417 xcodebuild[83595:7038595] [MT] IDELaunchParametersSnapshot: no debugger version
    t =     6.76s         Setting up automation session
    t =     7.78s         Wait for com.tacticalgo.prototype to idle
    t =    10.75s Find the "challenge-rogue-finish" Button
    t =    11.48s Waiting 5.0s for "challenge-rogue-finish" Button to exist
    t =    12.81s     Checking `Expect predicate `existsNoRetry == 1` for object "challenge-rogue-finish" Button`
    t =    13.11s         Checking existence of `"challenge-rogue-finish" Button`
    t =    13.37s Find the "challenge-rogue-finish" Button
    t =    13.90s Tap "challenge-rogue-finish" Button
    t =    13.91s     Wait for com.tacticalgo.prototype to idle
    t =    13.95s     Find the "challenge-rogue-finish" Button
    t =    14.21s     Check for interrupting elements affecting "challenge-rogue-finish" Button
    t =    14.53s     Synthesize event
    t =    14.91s     Wait for com.tacticalgo.prototype to idle
    t =    15.10s Find the "challengeResources" StaticText
    t =    15.22s Find the "challengeSoldier" Button
    t =    15.29s Waiting 5.0s for "challengeSoldier" Button to exist
2026-10-09 22:22:15.338 xcodebuild[83595:7038595] [MT] IDERunDestination: Supported platforms for the buildables in the current scheme is empty.
    t =    16.37s     Checking `Expect predicate `existsNoRetry == 1` for object "challengeSoldier" Button`
    t =    16.37s         Checking existence of `"challengeSoldier" Button`
    t =    16.43s Find the "challengeSoldier" Button
    t =    16.54s Tap "challengeSoldier" Button
    t =    16.54s     Wait for com.tacticalgo.prototype to idle
    t =    16.55s     Find the "challengeSoldier" Button
    t =    16.62s     Check for interrupting elements affecting "challengeSoldier" Button
    t =    16.72s     Synthesize event
    t =    17.07s     Wait for com.tacticalgo.prototype to idle
    t =    17.07s Find the "challengeArena" Other
    t =    17.18s Find the "challengeArena" Other
    t =    17.26s Find the "challengeArena" Other
    t =    17.40s Find the Target Application 'com.tacticalgo.prototype'
    t =    17.62s Waiting 10.0s for "challengeArena" Other to exist
    t =    18.69s     Checking `Expect predicate `existsNoRetry == 1` for object "challengeArena" Other`
    t =    18.69s         Checking existence of `"challengeArena" Other`
    t =    18.76s Tap "challengeArena" Other[0.50, 0.51]
    t =    18.76s     Wait for com.tacticalgo.prototype to idle
    t =    18.77s     Find the "challengeArena" Other
    t =    18.91s     Check for interrupting elements affecting "challengeArena" Other
2026-10-09 22:22:18.149 xcodebuild[83595:7038595] [MT] IDERunDestination: Supported platforms for the buildables in the current scheme is empty.
    t =    19.00s     Synthesize event
    t =    19.02s         Find the "challengeArena" Other
    t =    19.09s         Find the "challengeArena" Other
    t =    19.18s         Find the "challengeArena" Other
    t =    19.54s     Wait for com.tacticalgo.prototype to idle
    t =    19.54s Find the "challengeConfirm" Button
    t =    19.61s Find the "challengeResources" StaticText
    t =    19.66s Find the "challengeCancel" Button
    t =    19.93s Waiting 5.0s for "challengeCancel" Button to exist
2026-10-09 22:22:19.966 xcodebuild[83595:7038595] [MT] IDERunDestination: Supported platforms for the buildables in the current scheme is empty.
    t =    21.00s     Checking `Expect predicate `existsNoRetry == 1` for object "challengeCancel" Button`
    t =    21.01s         Checking existence of `"challengeCancel" Button`
    t =    21.09s Find the "challengeCancel" Button
    t =    21.16s Tap "challengeCancel" Button
    t =    21.16s     Wait for com.tacticalgo.prototype to idle
    t =    21.16s     Find the "challengeCancel" Button
    t =    21.22s     Check for interrupting elements affecting "challengeCancel" Button
    t =    21.29s     Synthesize event
    t =    21.63s     Wait for com.tacticalgo.prototype to idle
    t =    21.64s Find the "challengeSkill" Button
    t =    21.80s Waiting 5.0s for "challengeSkill" Button to exist
    t =    22.89s     Checking `Expect predicate `existsNoRetry == 1` for object "challengeSkill" Button`
    t =    22.92s         Checking existence of `"challengeSkill" Button`
    t =    23.17s Find the "challengeSkill" Button
    t =    23.66s Tap "challengeSkill" Button
    t =    23.66s     Wait for com.tacticalgo.prototype to idle
    t =    23.66s     Find the "challengeSkill" Button
    t =    23.80s     Check for interrupting elements affecting "challengeSkill" Button
    t =    23.90s     Synthesize event
    t =    24.21s     Wait for com.tacticalgo.prototype to idle
2026-10-09 22:22:23.777 xcodebuild[83595:7038595] [MT] IDERunDestination: Supported platforms for the buildables in the current scheme is empty.
    t =    24.22s Find the "challengeArena" Other
    t =    24.90s Find the "challengeArena" Other
    t =    25.19s Find the "challengeArena" Other
    t =    25.24s Find the Target Application 'com.tacticalgo.prototype'
    t =    25.28s Waiting 10.0s for "challengeArena" Other to exist
    t =    26.35s     Checking `Expect predicate `existsNoRetry == 1` for object "challengeArena" Other`
    t =    26.35s         Checking existence of `"challengeArena" Other`
    t =    26.42s Tap "challengeArena" Other[0.50, 0.40]
    t =    26.42s     Wait for com.tacticalgo.prototype to idle
    t =    26.42s     Find the "challengeArena" Other
    t =    26.54s     Check for interrupting elements affecting "challengeArena" Other
    t =    26.68s     Synthesize event
    t =    26.68s         Find the "challengeArena" Other
    t =    26.81s         Find the "challengeArena" Other
    t =    26.97s         Find the "challengeArena" Other
    t =    27.45s     Wait for com.tacticalgo.prototype to idle
    t =    27.46s Find the "challengeConfirm" Button
    t =    27.55s Waiting 5.0s for "challengeConfirm" Button to exist
    t =    28.61s     Checking `Expect predicate `existsNoRetry == 1` for object "challengeConfirm" Button`
    t =    28.61s         Checking existence of `"challengeConfirm" Button`
    t =    28.83s Find the "challengeConfirm" Button
    t =    29.01s Tap "challengeConfirm" Button
    t =    29.01s     Wait for com.tacticalgo.prototype to idle
    t =    29.02s     Find the "challengeConfirm" Button
    t =    29.20s     Check for interrupting elements affecting "challengeConfirm" Button
    t =    29.31s     Synthesize event
    t =    29.65s     Wait for com.tacticalgo.prototype to idle
    t =    29.67s Find the "challengeSoldier" Button
    t =    29.89s Waiting 5.0s for "challengeSoldier" Button to exist
    t =    30.93s     Checking `Expect predicate `existsNoRetry == 1` for object "challengeSoldier" Button`
    t =    30.93s         Checking existence of `"challengeSoldier" Button`
    t =    31.03s Find the "challengeSoldier" Button
    t =    31.30s Tap "challengeSoldier" Button
    t =    31.30s     Wait for com.tacticalgo.prototype to idle
    t =    31.31s     Find the "challengeSoldier" Button
    t =    31.39s     Check for interrupting elements affecting "challengeSoldier" Button
    t =    31.56s     Synthesize event
    t =    32.01s     Wait for com.tacticalgo.prototype to idle
    t =    32.01s Find the "challengeArena" Other
    t =    32.13s Find the "challengeArena" Other
    t =    32.22s Find the "challengeArena" Other
    t =    32.28s Find the Target Application 'com.tacticalgo.prototype'
    t =    32.32s Waiting 10.0s for "challengeArena" Other to exist
    t =    33.38s     Checking `Expect predicate `existsNoRetry == 1` for object "challengeArena" Other`
    t =    33.39s         Checking existence of `"challengeArena" Other`
    t =    33.46s Tap "challengeArena" Other[0.93, 0.83]
    t =    33.46s     Wait for com.tacticalgo.prototype to idle
    t =    33.46s     Find the "challengeArena" Other
    t =    33.57s     Check for interrupting elements affecting "challengeArena" Other
    t =    33.66s     Synthesize event
    t =    33.66s         Find the "challengeArena" Other
    t =    33.74s         Find the "challengeArena" Other
    t =    33.83s         Find the "challengeArena" Other
    t =    34.21s     Wait for com.tacticalgo.prototype to idle
    t =    34.22s Find the "challengeConfirm" Button
    t =    34.35s Waiting 5.0s for "challengeConfirm" Button to exist
2026-10-09 22:22:34.140 xcodebuild[83595:7038595] [MT] IDERunDestination: Supported platforms for the buildables in the current scheme is empty.
    t =    35.41s     Checking `Expect predicate `existsNoRetry == 1` for object "challengeConfirm" Button`
    t =    35.41s         Checking existence of `"challengeConfirm" Button`
    t =    35.52s Find the "challengeConfirm" Button
    t =    35.74s Tap "challengeConfirm" Button
    t =    35.74s     Wait for com.tacticalgo.prototype to idle
    t =    35.74s     Find the "challengeConfirm" Button
    t =    35.82s     Check for interrupting elements affecting "challengeConfirm" Button
    t =    35.89s     Synthesize event
    t =    36.21s     Wait for com.tacticalgo.prototype to idle
    t =    37.72s Find the "challengeResult" StaticText
    t =    37.87s Checking existence of `"challengeConfirm" Button`
    t =    39.77s Added attachment named 'challenge-failed-lock-no-opponent'
    t =    39.79s Find the "challengeUndo" Button
    t =    40.54s Waiting 5.0s for "challengeUndo" Button to exist
    t =    41.60s     Checking `Expect predicate `existsNoRetry == 1` for object "challengeUndo" Button`
    t =    42.23s         Checking existence of `"challengeUndo" Button`
    t =    46.33s         Capturing element debug description
    t =    46.40s             Requesting snapshot of accessibility hierarchy for app with pid 83764
    t =    46.41s             Requesting snapshot of accessibility hierarchy for app with pid 83764
    t =    46.41s             Requesting snapshot of accessibility hierarchy for app with pid 83764
    t =    46.42s     Checking existence of `"challengeUndo" Button`
    t =    48.72s Find the "challengeUndo" Button
    t =    48.83s Tap "challengeUndo" Button
    t =    48.83s     Wait for com.tacticalgo.prototype to idle
    t =    48.84s     Find the "challengeUndo" Button
    t =    48.95s     Check for interrupting elements affecting "challengeUndo" Button
    t =    49.17s     Synthesize event
    t =    49.50s     Wait for com.tacticalgo.prototype to idle
    t =    50.11s Checking existence of `"challengeResult" StaticText`
    t =    50.15s Find the "challengeResources" StaticText
    t =    50.21s Find the "challengeArena" Other
    t =    50.36s Find the "challengeArena" Other
    t =    50.65s Find the "challengeArena" Other
    t =    50.73s Find the Target Application 'com.tacticalgo.prototype'
    t =    50.79s Waiting 10.0s for "challengeArena" Other to exist
    t =    51.82s     Checking `Expect predicate `existsNoRetry == 1` for object "challengeArena" Other`
    t =    51.82s         Checking existence of `"challengeArena" Other`
    t =    51.92s Tap "challengeArena" Other[0.63, 0.29]
    t =    51.92s     Wait for com.tacticalgo.prototype to idle
    t =    51.93s     Find the "challengeArena" Other
    t =    52.01s     Check for interrupting elements affecting "challengeArena" Other
    t =    52.20s     Synthesize event
    t =    52.23s         Find the "challengeArena" Other
    t =    52.39s         Find the "challengeArena" Other
    t =    52.56s         Find the "challengeArena" Other
    t =    53.00s     Wait for com.tacticalgo.prototype to idle
    t =    53.11s Find the "challengeConfirm" Button
    t =    53.29s Waiting 5.0s for "challengeConfirm" Button to exist
    t =    54.32s     Checking `Expect predicate `existsNoRetry == 1` for object "challengeConfirm" Button`
    t =    54.32s         Checking existence of `"challengeConfirm" Button`
    t =    54.37s Find the "challengeConfirm" Button
    t =    54.43s Tap "challengeConfirm" Button
    t =    54.43s     Wait for com.tacticalgo.prototype to idle
    t =    54.44s     Find the "challengeConfirm" Button
    t =    54.48s     Check for interrupting elements affecting "challengeConfirm" Button
    t =    54.52s     Synthesize event
    t =    54.84s     Wait for com.tacticalgo.prototype to idle
    t =    54.85s Find the "challengeResult" StaticText
    t =    54.90s Find the "challengeRetry" Button
    t =    54.97s Waiting 5.0s for "challengeRetry" Button to exist
    t =    56.02s     Checking `Expect predicate `existsNoRetry == 1` for object "challengeRetry" Button`
    t =    56.02s         Checking existence of `"challengeRetry" Button`
    t =    56.06s Find the "challengeRetry" Button
    t =    56.13s Tap "challengeRetry" Button
    t =    56.13s     Wait for com.tacticalgo.prototype to idle
    t =    56.13s     Find the "challengeRetry" Button
    t =    56.19s     Check for interrupting elements affecting "challengeRetry" Button
    t =    56.33s     Synthesize event
    t =    56.66s     Wait for com.tacticalgo.prototype to idle
    t =    56.67s Find the "challengeResources" StaticText
    t =    56.71s Find the "challengeHint" Button
    t =    56.77s Waiting 5.0s for "challengeHint" Button to exist
    t =    57.79s     Checking `Expect predicate `existsNoRetry == 1` for object "challengeHint" Button`
    t =    57.80s         Checking existence of `"challengeHint" Button`
    t =    57.87s Find the "challengeHint" Button
    t =    57.94s Tap "challengeHint" Button
    t =    57.94s     Wait for com.tacticalgo.prototype to idle
    t =    57.95s     Find the "challengeHint" Button
    t =    58.01s     Check for interrupting elements affecting "challengeHint" Button
    t =    58.09s     Synthesize event
    t =    58.41s     Wait for com.tacticalgo.prototype to idle
    t =    58.42s Checking existence of `StaticText (First Match)`
    t =    58.80s Added attachment named 'challenge-retry-optional-hint'
    t =    58.82s Tear Down
Test Case '-[TacticalGoUITests.PlayableGameTests testChallengeFailureUndoRetryAndHintsAreOptional]' passed (59.294 seconds).
Test Case '-[TacticalGoUITests.PlayableGameTests testChallengeResumeReplaysJournalAndAccessiblePicker]' started.
    t =     0.00s Start Test at 2026-10-09 22:22:58.570
    t =     0.12s Set Up
    t =     0.12s Open com.tacticalgo.prototype
    t =     0.12s     Launch com.tacticalgo.prototype
    t =     0.12s         Terminate com.tacticalgo.prototype:83764
2026-10-09 22:22:59.777 xcodebuild[83595:7038595] [MT] IDELaunchParametersSnapshot: The operation couldn’t be completed. (DebuggerLLDB.DebuggerVersionStore.StoreError error 0.)
2026-10-09 22:22:59.777 xcodebuild[83595:7038595] [MT] IDELaunchParametersSnapshot: no debugger version
    t =     2.68s         Setting up automation session
    t =     8.68s         Wait for com.tacticalgo.prototype to idle
    t =    12.25s Find the "challenge-rogue-finish" Button
    t =    12.70s Waiting 5.0s for "challenge-rogue-finish" Button to exist
2026-10-09 22:23:11.517 xcodebuild[83595:7038595] [MT] IDERunDestination: Supported platforms for the buildables in the current scheme is empty.
    t =    13.75s     Checking `Expect predicate `existsNoRetry == 1` for object "challenge-rogue-finish" Button`
    t =    13.75s         Checking existence of `"challenge-rogue-finish" Button`
    t =    13.80s Find the "challenge-rogue-finish" Button
    t =    13.84s Tap "challenge-rogue-finish" Button
    t =    13.84s     Wait for com.tacticalgo.prototype to idle
    t =    13.85s     Find the "challenge-rogue-finish" Button
    t =    13.88s     Check for interrupting elements affecting "challenge-rogue-finish" Button
    t =    13.94s     Synthesize event
    t =    14.23s     Wait for com.tacticalgo.prototype to idle
    t =    14.43s Find the "challengeSkill" Button
    t =    14.51s Waiting 5.0s for "challengeSkill" Button to exist
2026-10-09 22:23:13.491 xcodebuild[83595:7038595] [MT] IDERunDestination: Supported platforms for the buildables in the current scheme is empty.
    t =    15.57s     Checking `Expect predicate `existsNoRetry == 1` for object "challengeSkill" Button`
    t =    15.57s         Checking existence of `"challengeSkill" Button`
    t =    15.65s Find the "challengeSkill" Button
    t =    15.71s Tap "challengeSkill" Button
    t =    15.71s     Wait for com.tacticalgo.prototype to idle
    t =    15.71s     Find the "challengeSkill" Button
    t =    15.77s     Check for interrupting elements affecting "challengeSkill" Button
    t =    15.81s     Synthesize event
    t =    16.11s     Wait for com.tacticalgo.prototype to idle
    t =    16.11s Find the "challengeArena" Other
    t =    16.19s Find the "challengeArena" Other
    t =    16.24s Find the "challengeArena" Other
    t =    16.27s Find the Target Application 'com.tacticalgo.prototype'
    t =    16.29s Waiting 10.0s for "challengeArena" Other to exist
2026-10-09 22:23:15.134 xcodebuild[83595:7038595] [MT] IDERunDestination: Supported platforms for the buildables in the current scheme is empty.
    t =    17.35s     Checking `Expect predicate `existsNoRetry == 1` for object "challengeArena" Other`
    t =    17.36s         Checking existence of `"challengeArena" Other`
    t =    17.39s Tap "challengeArena" Other[0.50, 0.40]
    t =    17.39s     Wait for com.tacticalgo.prototype to idle
    t =    17.39s     Find the "challengeArena" Other
    t =    17.43s     Check for interrupting elements affecting "challengeArena" Other
    t =    17.46s     Synthesize event
    t =    17.46s         Find the "challengeArena" Other
    t =    17.49s         Find the "challengeArena" Other
    t =    17.53s         Find the "challengeArena" Other
    t =    17.85s     Wait for com.tacticalgo.prototype to idle
    t =    17.85s Find the "challengeConfirm" Button
    t =    17.89s Waiting 5.0s for "challengeConfirm" Button to exist
    t =    18.94s     Checking `Expect predicate `existsNoRetry == 1` for object "challengeConfirm" Button`
    t =    18.95s         Checking existence of `"challengeConfirm" Button`
    t =    18.98s Find the "challengeConfirm" Button
    t =    19.01s Tap "challengeConfirm" Button
    t =    19.01s     Wait for com.tacticalgo.prototype to idle
    t =    19.01s     Find the "challengeConfirm" Button
    t =    19.03s     Check for interrupting elements affecting "challengeConfirm" Button
    t =    19.05s     Synthesize event
    t =    19.35s     Wait for com.tacticalgo.prototype to idle
    t =    19.35s Find the "challengeResources" StaticText
    t =    19.37s Terminate com.tacticalgo.prototype:84140
    t =    20.38s Open com.tacticalgo.prototype
    t =    20.39s     Launch com.tacticalgo.prototype
2026-10-09 22:23:18.973 xcodebuild[83595:7038595] [MT] IDELaunchParametersSnapshot: The operation couldn’t be completed. (DebuggerLLDB.DebuggerVersionStore.StoreError error 0.)
2026-10-09 22:23:18.973 xcodebuild[83595:7038595] [MT] IDELaunchParametersSnapshot: no debugger version
    t =    21.08s         Setting up automation session
    t =    23.23s         Wait for com.tacticalgo.prototype to idle
2026-10-09 22:23:23.210 xcodebuild[83595:7038595] [MT] IDERunDestination: Supported platforms for the buildables in the current scheme is empty.
    t =    25.11s Waiting 10.0s for "challengeTitle" StaticText to exist
    t =    26.15s     Checking `Expect predicate `existsNoRetry == 1` for object "challengeTitle" StaticText`
    t =    26.15s         Checking existence of `"challengeTitle" StaticText`
    t =    26.45s Find the "challengeResources" StaticText
    t =    26.51s Find the "challengeSoldier" Button
    t =    26.60s Waiting 5.0s for "challengeSoldier" Button to exist
    t =    27.61s     Checking `Expect predicate `existsNoRetry == 1` for object "challengeSoldier" Button`
    t =    27.61s         Checking existence of `"challengeSoldier" Button`
    t =    27.64s Find the "challengeSoldier" Button
    t =    27.72s Tap "challengeSoldier" Button
    t =    27.72s     Wait for com.tacticalgo.prototype to idle
    t =    27.72s     Find the "challengeSoldier" Button
    t =    27.76s     Check for interrupting elements affecting "challengeSoldier" Button
    t =    27.81s     Synthesize event
    t =    28.12s     Wait for com.tacticalgo.prototype to idle
    t =    28.12s Find the "challengePoints" Button
    t =    28.16s Waiting 5.0s for "challengePoints" Button to exist
    t =    29.17s     Checking `Expect predicate `existsNoRetry == 1` for object "challengePoints" Button`
    t =    29.17s         Checking existence of `"challengePoints" Button`
    t =    29.21s Find the "challengePoints" Button
    t =    29.24s Tap "challengePoints" Button
    t =    29.25s     Wait for com.tacticalgo.prototype to idle
    t =    29.25s     Find the "challengePoints" Button
    t =    29.29s     Check for interrupting elements affecting "challengePoints" Button
    t =    29.32s     Synthesize event
    t =    29.61s     Wait for com.tacticalgo.prototype to idle
    t =    29.76s Waiting 5.0s for "challengePoint-4-1" Button to exist
    t =    30.78s     Checking `Expect predicate `existsNoRetry == 1` for object "challengePoint-4-1" Button`
    t =    30.78s         Checking existence of `"challengePoint-4-1" Button`
    t =    30.93s Find the "challengePoint-4-1" Button
    t =    31.15s Tap "challengePoint-4-1" Button
    t =    31.15s     Wait for com.tacticalgo.prototype to idle
    t =    31.15s     Find the "challengePoint-4-1" Button
    t =    31.23s     Check for interrupting elements affecting "challengePoint-4-1" Button
    t =    31.31s     Synthesize event
    t =    31.62s     Wait for com.tacticalgo.prototype to idle
    t =    31.67s Find the "challengeResources" StaticText
    t =    31.80s Find the "challengeCancel" Button
    t =    31.93s Swipe up Target Application 'com.tacticalgo.prototype'
    t =    31.93s     Wait for com.tacticalgo.prototype to idle
    t =    32.22s     Find the Target Application 'com.tacticalgo.prototype'
    t =    32.29s     Check for interrupting elements affecting "TacticalGo" Application
    t =    32.33s     Synthesize event
    t =    32.76s     Wait for com.tacticalgo.prototype to idle
    t =    33.26s Find the "challengeCancel" Button
    t =    33.34s Waiting 5.0s for "challengeCancel" Button to exist
    t =    34.39s     Checking `Expect predicate `existsNoRetry == 1` for object "challengeCancel" Button`
    t =    34.40s         Checking existence of `"challengeCancel" Button`
    t =    34.45s Find the "challengeCancel" Button
    t =    34.54s Tap "challengeCancel" Button
    t =    34.54s     Wait for com.tacticalgo.prototype to idle
    t =    34.55s     Find the "challengeCancel" Button
    t =    34.67s     Check for interrupting elements affecting "challengeCancel" Button
    t =    34.79s     Synthesize event
    t =    35.13s     Wait for com.tacticalgo.prototype to idle
    t =    35.13s Find the "challengeConfirm" Button
    t =    35.21s Find the "challengeArena" Other
2026-10-09 22:23:34.126 xcodebuild[83595:7038595] [MT] IDERunDestination: Supported platforms for the buildables in the current scheme is empty.
    t =    35.59s Find the "challengeArena" Other
    t =    35.66s Find the "challengeArena" Other
    t =    35.72s Find the Target Application 'com.tacticalgo.prototype'
    t =    35.75s Waiting 10.0s for "challengeArena" Other to exist
2026-10-09 22:23:34.461 xcodebuild[83595:7038595] [MT] IDERunDestination: Supported platforms for the buildables in the current scheme is empty.
    t =    36.80s     Checking `Expect predicate `existsNoRetry == 1` for object "challengeArena" Other`
    t =    36.80s         Checking existence of `"challengeArena" Other`
    t =    37.05s Tap "challengeArena" Other[0.63, 0.29]
    t =    37.05s     Wait for com.tacticalgo.prototype to idle
    t =    37.06s     Find the "challengeArena" Other
    t =    37.15s     Check for interrupting elements affecting "challengeArena" Other
    t =    37.21s     Synthesize event
    t =    37.21s         Find the "challengeArena" Other
    t =    37.27s         Find the "challengeArena" Other
    t =    37.32s         Find the "challengeArena" Other
    t =    37.67s     Wait for com.tacticalgo.prototype to idle
    t =    37.67s Find the "challengeConfirm" Button
    t =    37.74s Waiting 5.0s for "challengeConfirm" Button to exist
    t =    38.78s     Checking `Expect predicate `existsNoRetry == 1` for object "challengeConfirm" Button`
    t =    38.78s         Checking existence of `"challengeConfirm" Button`
    t =    38.83s Find the "challengeConfirm" Button
    t =    38.90s Tap "challengeConfirm" Button
    t =    38.90s     Wait for com.tacticalgo.prototype to idle
    t =    38.91s     Find the "challengeConfirm" Button
    t =    38.96s     Check for interrupting elements affecting "challengeConfirm" Button
    t =    39.02s     Synthesize event
    t =    39.32s     Wait for com.tacticalgo.prototype to idle
    t =    39.33s Terminate com.tacticalgo.prototype:84373
    t =    40.41s Open com.tacticalgo.prototype
    t =    40.41s     Launch com.tacticalgo.prototype
2026-10-09 22:23:38.988 xcodebuild[83595:7038595] [MT] IDELaunchParametersSnapshot: The operation couldn’t be completed. (DebuggerLLDB.DebuggerVersionStore.StoreError error 0.)
2026-10-09 22:23:38.988 xcodebuild[83595:7038595] [MT] IDELaunchParametersSnapshot: no debugger version
    t =    41.11s         Setting up automation session
    t =    42.93s         Wait for com.tacticalgo.prototype to idle
    t =    45.20s Waiting 10.0s for "challengeResult" StaticText to exist
    t =    46.28s     Checking `Expect predicate `existsNoRetry == 1` for object "challengeResult" StaticText`
    t =    46.28s         Checking existence of `"challengeResult" StaticText`
    t =    46.54s Find the "challengeResult" StaticText
    t =    46.60s Find the "challengeUndo" Button
    t =    46.71s Waiting 5.0s for "challengeUndo" Button to exist
    t =    47.77s     Checking `Expect predicate `existsNoRetry == 1` for object "challengeUndo" Button`
    t =    47.77s         Checking existence of `"challengeUndo" Button`
    t =    47.86s Find the "challengeUndo" Button
    t =    47.93s Tap "challengeUndo" Button
    t =    47.93s     Wait for com.tacticalgo.prototype to idle
    t =    47.93s     Find the "challengeUndo" Button
    t =    48.00s     Check for interrupting elements affecting "challengeUndo" Button
    t =    48.17s     Synthesize event
    t =    48.49s     Wait for com.tacticalgo.prototype to idle
    t =    48.50s Find the "challengeResources" StaticText
    t =    48.82s Added attachment named 'challenge-relaunch-completion-undo-replay'
    t =    48.84s Tear Down
Test Case '-[TacticalGoUITests.PlayableGameTests testChallengeResumeReplaysJournalAndAccessiblePicker]' passed (49.235 seconds).
Test Case '-[TacticalGoUITests.PlayableGameTests testChallengeSixRealSolutionsAndImmediateCompletionLock]' started.
    t =     0.00s Start Test at 2026-10-09 22:23:47.806
    t =     0.04s Set Up
    t =     0.05s Open com.tacticalgo.prototype
    t =     0.05s     Launch com.tacticalgo.prototype
    t =     0.05s         Terminate com.tacticalgo.prototype:84485
2026-10-09 22:23:49.928 xcodebuild[83595:7038595] [MT] IDELaunchParametersSnapshot: The operation couldn’t be completed. (DebuggerLLDB.DebuggerVersionStore.StoreError error 0.)
2026-10-09 22:23:49.929 xcodebuild[83595:7038595] [MT] IDELaunchParametersSnapshot: no debugger version
    t =     2.79s         Setting up automation session
    t =     4.20s         Wait for com.tacticalgo.prototype to idle
    t =     6.03s Waiting 10.0s for "challengeCatalog" StaticText to exist
    t =     7.09s     Checking `Expect predicate `existsNoRetry == 1` for object "challengeCatalog" StaticText`
    t =     7.09s         Checking existence of `"challengeCatalog" StaticText`
    t =     7.34s Find the "challenge-warrior-rescue" Button
    t =     7.44s Waiting 5.0s for "challenge-warrior-rescue" Button to exist
    t =     8.49s     Checking `Expect predicate `existsNoRetry == 1` for object "challenge-warrior-rescue" Button`
    t =     8.49s         Checking existence of `"challenge-warrior-rescue" Button`
    t =     8.53s Find the "challenge-warrior-rescue" Button
    t =     8.61s Tap "challenge-warrior-rescue" Button
    t =     8.61s     Wait for com.tacticalgo.prototype to idle
    t =     8.62s     Find the "challenge-warrior-rescue" Button
    t =     8.67s     Check for interrupting elements affecting "challenge-warrior-rescue" Button
    t =     8.71s     Synthesize event
    t =     9.05s     Wait for com.tacticalgo.prototype to idle
    t =     9.06s Find the "challengeResources" StaticText
    t =     9.13s Checking existence of `"botStatus" Any`
    t =     9.18s Find the "challengeSkill" Button
    t =     9.25s Waiting 5.0s for "challengeSkill" Button to exist
    t =    10.29s     Checking `Expect predicate `existsNoRetry == 1` for object "challengeSkill" Button`
    t =    10.29s         Checking existence of `"challengeSkill" Button`
    t =    10.34s Find the "challengeSkill" Button
    t =    10.42s Tap "challengeSkill" Button
    t =    10.43s     Wait for com.tacticalgo.prototype to idle
    t =    10.43s     Find the "challengeSkill" Button
    t =    10.50s     Check for interrupting elements affecting "challengeSkill" Button
    t =    10.55s     Synthesize event
    t =    10.86s     Wait for com.tacticalgo.prototype to idle
    t =    10.87s Find the "challengeArena" Other
    t =    11.02s Find the "challengeArena" Other
    t =    11.24s Find the "challengeArena" Other
    t =    11.30s Find the Target Application 'com.tacticalgo.prototype'
    t =    11.33s Waiting 10.0s for "challengeArena" Other to exist
    t =    12.38s     Checking `Expect predicate `existsNoRetry == 1` for object "challengeArena" Other`
    t =    12.47s         Checking existence of `"challengeArena" Other`
    t =    12.92s Tap "challengeArena" Other[0.12, 0.29]
    t =    12.92s     Wait for com.tacticalgo.prototype to idle
    t =    12.94s     Find the "challengeArena" Other
    t =    13.09s     Check for interrupting elements affecting "challengeArena" Other
    t =    13.30s     Synthesize event
    t =    13.30s         Find the "challengeArena" Other
    t =    13.37s         Find the "challengeArena" Other
    t =    13.45s         Find the "challengeArena" Other
    t =    13.85s     Wait for com.tacticalgo.prototype to idle
    t =    13.86s Find the "challengeArena" Other
    t =    13.94s Find the "challengeArena" Other
    t =    13.99s Find the "challengeArena" Other
    t =    14.04s Find the Target Application 'com.tacticalgo.prototype'
    t =    14.07s Waiting 10.0s for "challengeArena" Other to exist
    t =    15.10s     Checking `Expect predicate `existsNoRetry == 1` for object "challengeArena" Other`
    t =    15.10s         Checking existence of `"challengeArena" Other`
    t =    15.15s Tap "challengeArena" Other[0.25, 0.18]
    t =    15.15s     Wait for com.tacticalgo.prototype to idle
    t =    15.16s     Find the "challengeArena" Other
    t =    15.21s     Check for interrupting elements affecting "challengeArena" Other
    t =    15.26s     Synthesize event
    t =    15.26s         Find the "challengeArena" Other
    t =    15.35s         Find the "challengeArena" Other
    t =    15.43s         Find the "challengeArena" Other
    t =    15.77s     Wait for com.tacticalgo.prototype to idle
    t =    15.78s Find the "challengeResources" StaticText
    t =    15.86s Find the "challengeConfirm" Button
    t =    16.13s Added attachment named 'challenge-warrior-rescue-core-preview'
    t =    16.13s Find the "challengeResources" StaticText
    t =    16.24s Find the "challengeConfirm" Button
    t =    16.39s Waiting 5.0s for "challengeConfirm" Button to exist
2026-10-09 22:24:04.827 xcodebuild[83595:7038595] [MT] IDERunDestination: Supported platforms for the buildables in the current scheme is empty.
    t =    17.44s     Checking `Expect predicate `existsNoRetry == 1` for object "challengeConfirm" Button`
    t =    17.45s         Checking existence of `"challengeConfirm" Button`
    t =    17.51s Find the "challengeConfirm" Button
    t =    17.60s Tap "challengeConfirm" Button
    t =    17.60s     Wait for com.tacticalgo.prototype to idle
    t =    17.60s     Find the "challengeConfirm" Button
    t =    17.94s     Check for interrupting elements affecting "challengeConfirm" Button
    t =    18.23s     Synthesize event
    t =    18.65s     Wait for com.tacticalgo.prototype to idle
    t =    18.66s Find the "challengeResources" StaticText
    t =    18.76s Find the "challengeSoldier" Button
    t =    18.83s Waiting 5.0s for "challengeSoldier" Button to exist
2026-10-09 22:24:06.690 xcodebuild[83595:7038595] [MT] IDERunDestination: Supported platforms for the buildables in the current scheme is empty.
    t =    19.88s     Checking `Expect predicate `existsNoRetry == 1` for object "challengeSoldier" Button`
    t =    19.88s         Checking existence of `"challengeSoldier" Button`
    t =    19.97s Find the "challengeSoldier" Button
    t =    20.06s Tap "challengeSoldier" Button
    t =    20.06s     Wait for com.tacticalgo.prototype to idle
    t =    20.07s     Find the "challengeSoldier" Button
    t =    20.12s     Check for interrupting elements affecting "challengeSoldier" Button
    t =    20.16s     Synthesize event
    t =    20.47s     Wait for com.tacticalgo.prototype to idle
    t =    20.47s Find the "challengeArena" Other
    t =    20.57s Find the "challengeArena" Other
    t =    20.66s Find the "challengeArena" Other
    t =    20.72s Find the Target Application 'com.tacticalgo.prototype'
    t =    20.75s Waiting 10.0s for "challengeArena" Other to exist
2026-10-09 22:24:09.322 xcodebuild[83595:7038595] [MT] IDERunDestination: Supported platforms for the buildables in the current scheme is empty.
    t =    21.80s     Checking `Expect predicate `existsNoRetry == 1` for object "challengeArena" Other`
    t =    21.80s         Checking existence of `"challengeArena" Other`
    t =    21.89s Tap "challengeArena" Other[0.38, 0.18]
    t =    21.89s     Wait for com.tacticalgo.prototype to idle
    t =    21.89s     Find the "challengeArena" Other
    t =    21.95s     Check for interrupting elements affecting "challengeArena" Other
    t =    22.01s     Synthesize event
    t =    22.01s         Find the "challengeArena" Other
    t =    22.08s         Find the "challengeArena" Other
    t =    22.16s         Find the "challengeArena" Other
    t =    22.50s     Wait for com.tacticalgo.prototype to idle
    t =    22.51s Find the "challengeConfirm" Button
    t =    22.59s Waiting 5.0s for "challengeConfirm" Button to exist
2026-10-09 22:24:10.496 xcodebuild[83595:7038595] [MT] IDERunDestination: Supported platforms for the buildables in the current scheme is empty.
    t =    23.65s     Checking `Expect predicate `existsNoRetry == 1` for object "challengeConfirm" Button`
    t =    23.65s         Checking existence of `"challengeConfirm" Button`
    t =    23.69s Find the "challengeConfirm" Button
    t =    23.74s Tap "challengeConfirm" Button
    t =    23.74s     Wait for com.tacticalgo.prototype to idle
    t =    23.75s     Find the "challengeConfirm" Button
    t =    23.79s     Check for interrupting elements affecting "challengeConfirm" Button
    t =    23.83s     Synthesize event
    t =    24.14s     Wait for com.tacticalgo.prototype to idle
    t =    24.14s Waiting 5.0s for "challengeResult" StaticText to exist
    t =    25.19s     Checking `Expect predicate `existsNoRetry == 1` for object "challengeResult" StaticText`
    t =    25.20s         Checking existence of `"challengeResult" StaticText`
    t =    25.30s Find the "challengeResult" StaticText
    t =    25.48s Find the "challengeResources" StaticText
    t =    25.81s Find the "challengeResources" StaticText
    t =    26.01s Checking existence of `"challengeConfirm" Button`
    t =    26.10s Find the "challengeResources" StaticText
    t =    26.20s Find the "challengeArena" Other
    t =    26.47s Find the "challengeArena" Other
    t =    26.67s Find the "challengeArena" Other
    t =    26.73s Find the Target Application 'com.tacticalgo.prototype'
    t =    26.78s Waiting 10.0s for "challengeArena" Other to exist
    t =    27.83s     Checking `Expect predicate `existsNoRetry == 1` for object "challengeArena" Other`
    t =    27.83s         Checking existence of `"challengeArena" Other`
    t =    27.91s Tap "challengeArena" Other[0.93, 0.83]
    t =    27.91s     Wait for com.tacticalgo.prototype to idle
    t =    27.92s     Find the "challengeArena" Other
    t =    28.03s     Check for interrupting elements affecting "challengeArena" Other
    t =    28.13s     Synthesize event
    t =    28.14s         Find the "challengeArena" Other
    t =    28.21s         Find the "challengeArena" Other
    t =    28.29s         Find the "challengeArena" Other
    t =    29.01s     Wait for com.tacticalgo.prototype to idle
    t =    29.01s Find the "challengeResources" StaticText
    t =    29.21s Added attachment named 'challenge-warrior-rescue-completed-lock'
    t =    29.21s Tap "challengeBack" Button
    t =    29.21s     Wait for com.tacticalgo.prototype to idle
    t =    29.21s     Find the "challengeBack" Button
    t =    29.25s     Check for interrupting elements affecting "challengeBack" Button
    t =    29.30s     Synthesize event
    t =    29.61s     Wait for com.tacticalgo.prototype to idle
    t =    29.62s Find the "challenge-warrior-counterattack" Button
    t =    29.68s Waiting 5.0s for "challenge-warrior-counterattack" Button to exist
    t =    30.69s     Checking `Expect predicate `existsNoRetry == 1` for object "challenge-warrior-counterattack" Button`
    t =    30.69s         Checking existence of `"challenge-warrior-counterattack" Button`
    t =    30.84s Find the "challenge-warrior-counterattack" Button
    t =    31.00s Tap "challenge-warrior-counterattack" Button
    t =    31.00s     Wait for com.tacticalgo.prototype to idle
    t =    31.01s     Find the "challenge-warrior-counterattack" Button
    t =    31.12s     Check for interrupting elements affecting "challenge-warrior-counterattack" Button
    t =    31.23s     Synthesize event
    t =    31.59s     Wait for com.tacticalgo.prototype to idle
    t =    31.60s Find the "challengeResources" StaticText
    t =    31.64s Checking existence of `"botStatus" Any`
    t =    31.68s Find the "challengeSkill" Button
    t =    31.78s Waiting 5.0s for "challengeSkill" Button to exist
    t =    32.82s     Checking `Expect predicate `existsNoRetry == 1` for object "challengeSkill" Button`
    t =    32.82s         Checking existence of `"challengeSkill" Button`
    t =    32.87s Find the "challengeSkill" Button
    t =    32.93s Tap "challengeSkill" Button
    t =    32.93s     Wait for com.tacticalgo.prototype to idle
    t =    32.94s     Find the "challengeSkill" Button
    t =    32.99s     Check for interrupting elements affecting "challengeSkill" Button
    t =    33.04s     Synthesize event
    t =    33.35s     Wait for com.tacticalgo.prototype to idle
    t =    33.35s Find the "challengeArena" Other
2026-10-09 22:24:21.195 xcodebuild[83595:7038595] [MT] IDERunDestination: Supported platforms for the buildables in the current scheme is empty.
    t =    33.43s Find the "challengeArena" Other
    t =    33.65s Find the "challengeArena" Other
    t =    33.74s Find the Target Application 'com.tacticalgo.prototype'
2026-10-09 22:24:21.577 xcodebuild[83595:7038595] [MT] IDERunDestination: Supported platforms for the buildables in the current scheme is empty.
    t =    33.79s Waiting 10.0s for "challengeArena" Other to exist
    t =    34.83s     Checking `Expect predicate `existsNoRetry == 1` for object "challengeArena" Other`
    t =    34.83s         Checking existence of `"challengeArena" Other`
    t =    34.89s Tap "challengeArena" Other[0.50, 0.40]
    t =    34.89s     Wait for com.tacticalgo.prototype to idle
    t =    34.89s     Find the "challengeArena" Other
    t =    34.94s     Check for interrupting elements affecting "challengeArena" Other
    t =    35.00s     Synthesize event
    t =    35.00s         Find the "challengeArena" Other
    t =    35.06s         Find the "challengeArena" Other
    t =    35.13s         Find the "challengeArena" Other
    t =    35.60s     Wait for com.tacticalgo.prototype to idle
    t =    35.61s Find the "challengeArena" Other
    t =    35.84s Find the "challengeArena" Other
    t =    36.00s Find the "challengeArena" Other
    t =    36.04s Find the Target Application 'com.tacticalgo.prototype'
    t =    36.07s Waiting 10.0s for "challengeArena" Other to exist
    t =    37.14s     Checking `Expect predicate `existsNoRetry == 1` for object "challengeArena" Other`
    t =    37.14s         Checking existence of `"challengeArena" Other`
    t =    37.17s Tap "challengeArena" Other[0.63, 0.51]
    t =    37.17s     Wait for com.tacticalgo.prototype to idle
    t =    37.18s     Find the "challengeArena" Other
    t =    37.21s     Check for interrupting elements affecting "challengeArena" Other
    t =    37.25s     Synthesize event
    t =    37.25s         Find the "challengeArena" Other
    t =    37.32s         Find the "challengeArena" Other
    t =    37.37s         Find the "challengeArena" Other
    t =    37.71s     Wait for com.tacticalgo.prototype to idle
    t =    37.72s Find the "challengeResources" StaticText
    t =    37.75s Find the "challengeConfirm" Button
    t =    37.90s Added attachment named 'challenge-warrior-counterattack-core-preview'
    t =    37.90s Find the "challengeResources" StaticText
    t =    37.94s Find the "challengeConfirm" Button
    t =    37.98s Waiting 5.0s for "challengeConfirm" Button to exist
    t =    39.04s     Checking `Expect predicate `existsNoRetry == 1` for object "challengeConfirm" Button`
    t =    39.04s         Checking existence of `"challengeConfirm" Button`
    t =    39.09s Find the "challengeConfirm" Button
    t =    39.20s Tap "challengeConfirm" Button
    t =    39.20s     Wait for com.tacticalgo.prototype to idle
    t =    39.22s     Find the "challengeConfirm" Button
    t =    39.31s     Check for interrupting elements affecting "challengeConfirm" Button
    t =    39.36s     Synthesize event
    t =    39.66s     Wait for com.tacticalgo.prototype to idle
    t =    39.67s Find the "challengeResources" StaticText
    t =    39.74s Find the "challengeSoldier" Button
    t =    39.80s Waiting 5.0s for "challengeSoldier" Button to exist
    t =    40.84s     Checking `Expect predicate `existsNoRetry == 1` for object "challengeSoldier" Button`
    t =    40.84s         Checking existence of `"challengeSoldier" Button`
    t =    40.89s Find the "challengeSoldier" Button
    t =    40.95s Tap "challengeSoldier" Button
    t =    40.95s     Wait for com.tacticalgo.prototype to idle
    t =    40.95s     Find the "challengeSoldier" Button
    t =    41.00s     Check for interrupting elements affecting "challengeSoldier" Button
    t =    41.06s     Synthesize event
    t =    41.36s     Wait for com.tacticalgo.prototype to idle
    t =    41.36s Find the "challengeArena" Other
    t =    41.41s Find the "challengeArena" Other
    t =    41.45s Find the "challengeArena" Other
    t =    41.50s Find the Target Application 'com.tacticalgo.prototype'
    t =    41.53s Waiting 10.0s for "challengeArena" Other to exist
    t =    42.59s     Checking `Expect predicate `existsNoRetry == 1` for object "challengeArena" Other`
    t =    42.59s         Checking existence of `"challengeArena" Other`
    t =    42.62s Tap "challengeArena" Other[0.77, 0.51]
    t =    42.62s     Wait for com.tacticalgo.prototype to idle
    t =    42.63s     Find the "challengeArena" Other
    t =    42.66s     Check for interrupting elements affecting "challengeArena" Other
    t =    42.79s     Synthesize event
    t =    42.80s         Find the "challengeArena" Other
    t =    42.83s         Find the "challengeArena" Other
    t =    42.87s         Find the "challengeArena" Other
    t =    43.20s     Wait for com.tacticalgo.prototype to idle
    t =    43.20s Find the "challengeConfirm" Button
    t =    43.27s Waiting 5.0s for "challengeConfirm" Button to exist
    t =    44.29s     Checking `Expect predicate `existsNoRetry == 1` for object "challengeConfirm" Button`
    t =    44.29s         Checking existence of `"challengeConfirm" Button`
    t =    44.34s Find the "challengeConfirm" Button
    t =    44.39s Tap "challengeConfirm" Button
    t =    44.39s     Wait for com.tacticalgo.prototype to idle
    t =    44.39s     Find the "challengeConfirm" Button
    t =    44.43s     Check for interrupting elements affecting "challengeConfirm" Button
    t =    44.46s     Synthesize event
    t =    44.76s     Wait for com.tacticalgo.prototype to idle
    t =    44.76s Waiting 5.0s for "challengeResult" StaticText to exist
    t =    45.79s     Checking `Expect predicate `existsNoRetry == 1` for object "challengeResult" StaticText`
    t =    45.79s         Checking existence of `"challengeResult" StaticText`
    t =    45.88s Find the "challengeResult" StaticText
    t =    45.93s Find the "challengeResources" StaticText
    t =    45.96s Find the "challengeResources" StaticText
    t =    45.99s Checking existence of `"challengeConfirm" Button`
    t =    46.02s Find the "challengeResources" StaticText
    t =    46.05s Find the "challengeArena" Other
    t =    46.10s Find the "challengeArena" Other
    t =    46.15s Find the "challengeArena" Other
    t =    46.19s Find the Target Application 'com.tacticalgo.prototype'
    t =    46.22s Waiting 10.0s for "challengeArena" Other to exist
    t =    47.26s     Checking `Expect predicate `existsNoRetry == 1` for object "challengeArena" Other`
    t =    47.26s         Checking existence of `"challengeArena" Other`
    t =    47.30s Tap "challengeArena" Other[0.93, 0.83]
    t =    47.30s     Wait for com.tacticalgo.prototype to idle
    t =    47.30s     Find the "challengeArena" Other
    t =    47.37s     Check for interrupting elements affecting "challengeArena" Other
    t =    47.40s     Synthesize event
    t =    47.40s         Find the "challengeArena" Other
    t =    47.45s         Find the "challengeArena" Other
    t =    47.50s         Find the "challengeArena" Other
    t =    47.87s     Wait for com.tacticalgo.prototype to idle
    t =    47.88s Find the "challengeResources" StaticText
    t =    48.08s Added attachment named 'challenge-warrior-counterattack-completed-lock'
    t =    48.08s Tap "challengeBack" Button
    t =    48.08s     Wait for com.tacticalgo.prototype to idle
    t =    48.09s     Find the "challengeBack" Button
    t =    48.13s     Check for interrupting elements affecting "challengeBack" Button
    t =    48.16s     Synthesize event
    t =    48.47s     Wait for com.tacticalgo.prototype to idle
    t =    48.48s Find the "challenge-mage-split" Button
    t =    48.55s Waiting 5.0s for "challenge-mage-split" Button to exist
    t =    49.57s     Checking `Expect predicate `existsNoRetry == 1` for object "challenge-mage-split" Button`
    t =    49.58s         Checking existence of `"challenge-mage-split" Button`
    t =    49.71s Find the "challenge-mage-split" Button
    t =    49.80s Tap "challenge-mage-split" Button
    t =    49.80s     Wait for com.tacticalgo.prototype to idle
    t =    49.81s     Find the "challenge-mage-split" Button
    t =    49.87s     Check for interrupting elements affecting "challenge-mage-split" Button
    t =    49.93s     Synthesize event
    t =    50.23s     Wait for com.tacticalgo.prototype to idle
    t =    50.23s Find the "challengeResources" StaticText
    t =    50.28s Checking existence of `"botStatus" Any`
    t =    50.32s Find the "challengeSkill" Button
    t =    50.46s Waiting 5.0s for "challengeSkill" Button to exist
    t =    51.50s     Checking `Expect predicate `existsNoRetry == 1` for object "challengeSkill" Button`
    t =    51.50s         Checking existence of `"challengeSkill" Button`
    t =    51.58s Find the "challengeSkill" Button
    t =    51.64s Tap "challengeSkill" Button
    t =    51.64s     Wait for com.tacticalgo.prototype to idle
    t =    51.64s     Find the "challengeSkill" Button
    t =    51.68s     Check for interrupting elements affecting "challengeSkill" Button
    t =    51.72s     Synthesize event
    t =    52.02s     Wait for com.tacticalgo.prototype to idle
    t =    52.03s Find the "challengeArena" Other
    t =    52.17s Find the "challengeArena" Other
    t =    52.23s Find the "challengeArena" Other
    t =    52.29s Find the Target Application 'com.tacticalgo.prototype'
    t =    52.33s Waiting 10.0s for "challengeArena" Other to exist
    t =    53.37s     Checking `Expect predicate `existsNoRetry == 1` for object "challengeArena" Other`
    t =    53.37s         Checking existence of `"challengeArena" Other`
    t =    53.43s Tap "challengeArena" Other[0.63, 0.40]
    t =    53.43s     Wait for com.tacticalgo.prototype to idle
    t =    53.43s     Find the "challengeArena" Other
    t =    53.47s     Check for interrupting elements affecting "challengeArena" Other
    t =    53.52s     Synthesize event
    t =    53.53s         Find the "challengeArena" Other
    t =    53.58s         Find the "challengeArena" Other
    t =    53.62s         Find the "challengeArena" Other
    t =    54.05s     Wait for com.tacticalgo.prototype to idle
    t =    54.05s Find the "challengeDirection-Down" Button
    t =    54.10s Waiting 5.0s for "challengeDirection-Down" Button to exist
    t =    55.15s     Checking `Expect predicate `existsNoRetry == 1` for object "challengeDirection-Down" Button`
    t =    55.15s         Checking existence of `"challengeDirection-Down" Button`
    t =    55.19s Find the "challengeDirection-Down" Button
    t =    55.25s Tap "challengeDirection-Down" Button
    t =    55.25s     Wait for com.tacticalgo.prototype to idle
    t =    55.26s     Find the "challengeDirection-Down" Button
    t =    55.28s     Check for interrupting elements affecting "challengeDirection-Down" Button
    t =    55.33s     Synthesize event
    t =    55.63s     Wait for com.tacticalgo.prototype to idle
    t =    55.64s Find the "challengeResources" StaticText
    t =    55.90s Find the "challengeConfirm" Button
    t =    56.04s Added attachment named 'challenge-mage-split-core-preview'
    t =    56.05s Find the "challengeResources" StaticText
    t =    56.09s Find the "challengeConfirm" Button
    t =    56.17s Waiting 5.0s for "challengeConfirm" Button to exist
    t =    57.19s     Checking `Expect predicate `existsNoRetry == 1` for object "challengeConfirm" Button`
    t =    57.20s         Checking existence of `"challengeConfirm" Button`
    t =    57.33s Find the "challengeConfirm" Button
    t =    57.39s Tap "challengeConfirm" Button
    t =    57.39s     Wait for com.tacticalgo.prototype to idle
    t =    57.39s     Find the "challengeConfirm" Button
    t =    57.45s     Check for interrupting elements affecting "challengeConfirm" Button
    t =    57.53s     Synthesize event
    t =    57.85s     Wait for com.tacticalgo.prototype to idle
    t =    57.85s Find the "challengeResources" StaticText
    t =    57.95s Find the "challengeSoldier" Button
    t =    58.01s Waiting 5.0s for "challengeSoldier" Button to exist
    t =    59.05s     Checking `Expect predicate `existsNoRetry == 1` for object "challengeSoldier" Button`
    t =    59.05s         Checking existence of `"challengeSoldier" Button`
    t =    59.11s Find the "challengeSoldier" Button
    t =    59.20s Tap "challengeSoldier" Button
    t =    59.20s     Wait for com.tacticalgo.prototype to idle
    t =    59.21s     Find the "challengeSoldier" Button
    t =    59.27s     Check for interrupting elements affecting "challengeSoldier" Button
    t =    59.34s     Synthesize event
    t =    59.65s     Wait for com.tacticalgo.prototype to idle
    t =    59.66s Find the "challengeArena" Other
    t =    59.75s Find the "challengeArena" Other
    t =    59.82s Find the "challengeArena" Other
    t =    59.93s Find the Target Application 'com.tacticalgo.prototype'
    t =    59.97s Waiting 10.0s for "challengeArena" Other to exist
    t =    61.04s     Checking `Expect predicate `existsNoRetry == 1` for object "challengeArena" Other`
    t =    61.04s         Checking existence of `"challengeArena" Other`
    t =    61.14s Tap "challengeArena" Other[0.63, 0.40]
    t =    61.14s     Wait for com.tacticalgo.prototype to idle
    t =    61.14s     Find the "challengeArena" Other
    t =    61.22s     Check for interrupting elements affecting "challengeArena" Other
    t =    61.34s     Synthesize event
    t =    61.35s         Find the "challengeArena" Other
    t =    61.48s         Find the "challengeArena" Other
    t =    61.55s         Find the "challengeArena" Other
    t =    61.90s     Wait for com.tacticalgo.prototype to idle
    t =    61.91s Find the "challengeConfirm" Button
    t =    61.97s Waiting 5.0s for "challengeConfirm" Button to exist
2026-10-09 22:24:50.050 xcodebuild[83595:7038595] [MT] IDERunDestination: Supported platforms for the buildables in the current scheme is empty.
    t =    63.04s     Checking `Expect predicate `existsNoRetry == 1` for object "challengeConfirm" Button`
    t =    63.04s         Checking existence of `"challengeConfirm" Button`
    t =    63.26s Find the "challengeConfirm" Button
    t =    63.39s Tap "challengeConfirm" Button
    t =    63.39s     Wait for com.tacticalgo.prototype to idle
    t =    63.40s     Find the "challengeConfirm" Button
    t =    63.50s     Check for interrupting elements affecting "challengeConfirm" Button
    t =    63.59s     Synthesize event
    t =    63.89s     Wait for com.tacticalgo.prototype to idle
    t =    63.92s Waiting 5.0s for "challengeResult" StaticText to exist
2026-10-09 22:24:51.857 xcodebuild[83595:7038595] [MT] IDERunDestination: Supported platforms for the buildables in the current scheme is empty.
    t =    64.96s     Checking `Expect predicate `existsNoRetry == 1` for object "challengeResult" StaticText`
    t =    64.96s         Checking existence of `"challengeResult" StaticText`
    t =    65.03s Find the "challengeResult" StaticText
    t =    65.08s Find the "challengeResources" StaticText
    t =    65.12s Find the "challengeResources" StaticText
    t =    65.16s Checking existence of `"challengeConfirm" Button`
    t =    65.20s Find the "challengeResources" StaticText
    t =    65.27s Find the "challengeArena" Other
    t =    65.34s Find the "challengeArena" Other
2026-10-09 22:24:53.204 xcodebuild[83595:7038595] [MT] IDERunDestination: Supported platforms for the buildables in the current scheme is empty.
    t =    65.41s Find the "challengeArena" Other
    t =    65.46s Find the Target Application 'com.tacticalgo.prototype'
    t =    65.49s Waiting 10.0s for "challengeArena" Other to exist
    t =    66.53s     Checking `Expect predicate `existsNoRetry == 1` for object "challengeArena" Other`
    t =    66.53s         Checking existence of `"challengeArena" Other`
    t =    66.59s Tap "challengeArena" Other[0.93, 0.83]
    t =    66.59s     Wait for com.tacticalgo.prototype to idle
    t =    66.59s     Find the "challengeArena" Other
    t =    66.64s     Check for interrupting elements affecting "challengeArena" Other
    t =    66.70s     Synthesize event
    t =    66.71s         Find the "challengeArena" Other
    t =    66.79s         Find the "challengeArena" Other
    t =    66.86s         Find the "challengeArena" Other
    t =    67.21s     Wait for com.tacticalgo.prototype to idle
    t =    67.22s Find the "challengeResources" StaticText
    t =    67.75s Added attachment named 'challenge-mage-split-completed-lock'
    t =    67.76s Tap "challengeBack" Button
    t =    67.76s     Wait for com.tacticalgo.prototype to idle
    t =    67.77s     Find the "challengeBack" Button
    t =    67.87s     Check for interrupting elements affecting "challengeBack" Button
    t =    67.94s     Synthesize event
    t =    68.24s     Wait for com.tacticalgo.prototype to idle
    t =    68.25s Find the "challenge-mage-rescue" Button
    t =    68.39s Waiting 5.0s for "challenge-mage-rescue" Button to exist
    t =    69.43s     Checking `Expect predicate `existsNoRetry == 1` for object "challenge-mage-rescue" Button`
    t =    69.43s         Checking existence of `"challenge-mage-rescue" Button`
    t =    69.49s Find the "challenge-mage-rescue" Button
    t =    69.54s Tap "challenge-mage-rescue" Button
    t =    69.54s     Wait for com.tacticalgo.prototype to idle
    t =    69.54s     Find the "challenge-mage-rescue" Button
    t =    69.58s     Check for interrupting elements affecting "challenge-mage-rescue" Button
    t =    69.62s     Synthesize event
    t =    69.93s     Wait for com.tacticalgo.prototype to idle
    t =    69.94s Find the "challengeResources" StaticText
    t =    69.98s Checking existence of `"botStatus" Any`
    t =    70.04s Find the "challengeSkill" Button
    t =    70.12s Waiting 5.0s for "challengeSkill" Button to exist
    t =    71.16s     Checking `Expect predicate `existsNoRetry == 1` for object "challengeSkill" Button`
    t =    71.16s         Checking existence of `"challengeSkill" Button`
    t =    71.22s Find the "challengeSkill" Button
    t =    71.28s Tap "challengeSkill" Button
    t =    71.28s     Wait for com.tacticalgo.prototype to idle
    t =    71.28s     Find the "challengeSkill" Button
    t =    71.32s     Check for interrupting elements affecting "challengeSkill" Button
    t =    71.37s     Synthesize event
    t =    71.67s     Wait for com.tacticalgo.prototype to idle
    t =    71.68s Find the "challengeArena" Other
    t =    71.78s Find the "challengeArena" Other
    t =    71.84s Find the "challengeArena" Other
    t =    71.89s Find the Target Application 'com.tacticalgo.prototype'
    t =    71.92s Waiting 10.0s for "challengeArena" Other to exist
    t =    72.99s     Checking `Expect predicate `existsNoRetry == 1` for object "challengeArena" Other`
    t =    72.99s         Checking existence of `"challengeArena" Other`
    t =    73.04s Tap "challengeArena" Other[0.37, 0.40]
    t =    73.04s     Wait for com.tacticalgo.prototype to idle
    t =    73.05s     Find the "challengeArena" Other
    t =    73.09s     Check for interrupting elements affecting "challengeArena" Other
    t =    73.14s     Synthesize event
    t =    73.14s         Find the "challengeArena" Other
    t =    73.19s         Find the "challengeArena" Other
    t =    73.23s         Find the "challengeArena" Other
    t =    73.57s     Wait for com.tacticalgo.prototype to idle
    t =    73.58s Find the "challengeDirection-Down" Button
    t =    73.63s Waiting 5.0s for "challengeDirection-Down" Button to exist
    t =    74.66s     Checking `Expect predicate `existsNoRetry == 1` for object "challengeDirection-Down" Button`
    t =    74.66s         Checking existence of `"challengeDirection-Down" Button`
    t =    74.70s Find the "challengeDirection-Down" Button
    t =    74.74s Tap "challengeDirection-Down" Button
    t =    74.74s     Wait for com.tacticalgo.prototype to idle
    t =    74.74s     Find the "challengeDirection-Down" Button
    t =    74.77s     Check for interrupting elements affecting "challengeDirection-Down" Button
    t =    74.80s     Synthesize event
    t =    75.11s     Wait for com.tacticalgo.prototype to idle
    t =    75.12s Find the "challengeResources" StaticText
    t =    75.16s Find the "challengeConfirm" Button
    t =    75.30s Added attachment named 'challenge-mage-rescue-core-preview'
    t =    75.30s Find the "challengeResources" StaticText
    t =    75.35s Find the "challengeConfirm" Button
    t =    75.41s Waiting 5.0s for "challengeConfirm" Button to exist
    t =    76.43s     Checking `Expect predicate `existsNoRetry == 1` for object "challengeConfirm" Button`
    t =    76.43s         Checking existence of `"challengeConfirm" Button`
    t =    76.48s Find the "challengeConfirm" Button
    t =    76.52s Tap "challengeConfirm" Button
    t =    76.52s     Wait for com.tacticalgo.prototype to idle
    t =    76.53s     Find the "challengeConfirm" Button
    t =    76.56s     Check for interrupting elements affecting "challengeConfirm" Button
    t =    76.59s     Synthesize event
    t =    76.89s     Wait for com.tacticalgo.prototype to idle
    t =    76.89s Find the "challengeResources" StaticText
    t =    76.93s Find the "challengeSoldier" Button
    t =    76.99s Waiting 5.0s for "challengeSoldier" Button to exist
    t =    78.03s     Checking `Expect predicate `existsNoRetry == 1` for object "challengeSoldier" Button`
    t =    78.03s         Checking existence of `"challengeSoldier" Button`
    t =    78.18s Find the "challengeSoldier" Button
    t =    78.23s Tap "challengeSoldier" Button
    t =    78.24s     Wait for com.tacticalgo.prototype to idle
    t =    78.24s     Find the "challengeSoldier" Button
    t =    78.27s     Check for interrupting elements affecting "challengeSoldier" Button
    t =    78.31s     Synthesize event
    t =    78.62s     Wait for com.tacticalgo.prototype to idle
    t =    78.64s Find the "challengeArena" Other
    t =    78.70s Find the "challengeArena" Other
    t =    78.75s Find the "challengeArena" Other
    t =    78.78s Find the Target Application 'com.tacticalgo.prototype'
    t =    78.80s Waiting 10.0s for "challengeArena" Other to exist
    t =    79.85s     Checking `Expect predicate `existsNoRetry == 1` for object "challengeArena" Other`
    t =    79.85s         Checking existence of `"challengeArena" Other`
    t =    79.90s Tap "challengeArena" Other[0.37, 0.40]
    t =    79.90s     Wait for com.tacticalgo.prototype to idle
    t =    79.90s     Find the "challengeArena" Other
    t =    79.93s     Check for interrupting elements affecting "challengeArena" Other
    t =    79.97s     Synthesize event
    t =    79.97s         Find the "challengeArena" Other
    t =    80.00s         Find the "challengeArena" Other
    t =    80.04s         Find the "challengeArena" Other
    t =    80.36s     Wait for com.tacticalgo.prototype to idle
    t =    80.36s Find the "challengeConfirm" Button
    t =    80.41s Waiting 5.0s for "challengeConfirm" Button to exist
    t =    81.45s     Checking `Expect predicate `existsNoRetry == 1` for object "challengeConfirm" Button`
    t =    81.45s         Checking existence of `"challengeConfirm" Button`
    t =    81.53s Find the "challengeConfirm" Button
    t =    81.60s Tap "challengeConfirm" Button
    t =    81.60s     Wait for com.tacticalgo.prototype to idle
    t =    81.61s     Find the "challengeConfirm" Button
    t =    81.65s     Check for interrupting elements affecting "challengeConfirm" Button
    t =    81.71s     Synthesize event
    t =    82.02s     Wait for com.tacticalgo.prototype to idle
    t =    82.02s Waiting 5.0s for "challengeResult" StaticText to exist
    t =    83.05s     Checking `Expect predicate `existsNoRetry == 1` for object "challengeResult" StaticText`
    t =    83.05s         Checking existence of `"challengeResult" StaticText`
    t =    83.10s Find the "challengeResult" StaticText
    t =    83.14s Find the "challengeResources" StaticText
    t =    83.17s Find the "challengeResources" StaticText
    t =    83.21s Checking existence of `"challengeConfirm" Button`
    t =    83.24s Find the "challengeResources" StaticText
    t =    83.27s Find the "challengeArena" Other
    t =    83.33s Find the "challengeArena" Other
    t =    83.37s Find the "challengeArena" Other
    t =    83.43s Find the Target Application 'com.tacticalgo.prototype'
    t =    83.45s Waiting 10.0s for "challengeArena" Other to exist
    t =    84.47s     Checking `Expect predicate `existsNoRetry == 1` for object "challengeArena" Other`
    t =    84.47s         Checking existence of `"challengeArena" Other`
    t =    84.54s Tap "challengeArena" Other[0.93, 0.83]
    t =    84.54s     Wait for com.tacticalgo.prototype to idle
    t =    84.55s     Find the "challengeArena" Other
    t =    84.59s     Check for interrupting elements affecting "challengeArena" Other
    t =    84.65s     Synthesize event
    t =    84.65s         Find the "challengeArena" Other
    t =    84.70s         Find the "challengeArena" Other
    t =    84.75s         Find the "challengeArena" Other
    t =    85.08s     Wait for com.tacticalgo.prototype to idle
    t =    85.09s Find the "challengeResources" StaticText
    t =    85.24s Added attachment named 'challenge-mage-rescue-completed-lock'
    t =    85.24s Tap "challengeBack" Button
    t =    85.24s     Wait for com.tacticalgo.prototype to idle
    t =    85.25s     Find the "challengeBack" Button
    t =    85.28s     Check for interrupting elements affecting "challengeBack" Button
    t =    85.32s     Synthesize event
    t =    85.62s     Wait for com.tacticalgo.prototype to idle
    t =    85.63s Find the "challenge-rogue-shape" Button
    t =    85.71s Waiting 5.0s for "challenge-rogue-shape" Button to exist
    t =    86.74s     Checking `Expect predicate `existsNoRetry == 1` for object "challenge-rogue-shape" Button`
    t =    86.74s         Checking existence of `"challenge-rogue-shape" Button`
    t =    86.81s Find the "challenge-rogue-shape" Button
    t =    86.87s Tap "challenge-rogue-shape" Button
    t =    86.87s     Wait for com.tacticalgo.prototype to idle
    t =    86.88s     Find the "challenge-rogue-shape" Button
    t =    86.92s     Check for interrupting elements affecting "challenge-rogue-shape" Button
    t =    86.97s     Synthesize event
    t =    87.28s     Wait for com.tacticalgo.prototype to idle
    t =    87.28s Find the "challengeResources" StaticText
    t =    87.33s Checking existence of `"botStatus" Any`
    t =    87.37s Find the "challengeSkill" Button
    t =    87.43s Waiting 5.0s for "challengeSkill" Button to exist
    t =    88.44s     Checking `Expect predicate `existsNoRetry == 1` for object "challengeSkill" Button`
    t =    88.44s         Checking existence of `"challengeSkill" Button`
    t =    88.49s Find the "challengeSkill" Button
    t =    88.55s Tap "challengeSkill" Button
    t =    88.55s     Wait for com.tacticalgo.prototype to idle
    t =    88.55s     Find the "challengeSkill" Button
    t =    88.59s     Check for interrupting elements affecting "challengeSkill" Button
    t =    88.63s     Synthesize event
    t =    88.92s     Wait for com.tacticalgo.prototype to idle
    t =    88.92s Find the "challengeArena" Other
    t =    88.98s Find the "challengeArena" Other
    t =    89.02s Find the "challengeArena" Other
    t =    89.07s Find the Target Application 'com.tacticalgo.prototype'
    t =    89.09s Waiting 10.0s for "challengeArena" Other to exist
    t =    90.10s     Checking `Expect predicate `existsNoRetry == 1` for object "challengeArena" Other`
    t =    90.10s         Checking existence of `"challengeArena" Other`
    t =    90.15s Tap "challengeArena" Other[0.63, 0.51]
    t =    90.15s     Wait for com.tacticalgo.prototype to idle
    t =    90.15s     Find the "challengeArena" Other
    t =    90.22s     Check for interrupting elements affecting "challengeArena" Other
    t =    90.26s     Synthesize event
    t =    90.27s         Find the "challengeArena" Other
    t =    90.30s         Find the "challengeArena" Other
    t =    90.35s         Find the "challengeArena" Other
    t =    90.68s     Wait for com.tacticalgo.prototype to idle
    t =    90.68s Find the "challengeResources" StaticText
    t =    90.71s Find the "challengeConfirm" Button
    t =    90.84s Added attachment named 'challenge-rogue-shape-core-preview'
    t =    90.84s Find the "challengeResources" StaticText
    t =    90.87s Find the "challengeConfirm" Button
    t =    90.91s Waiting 5.0s for "challengeConfirm" Button to exist
    t =    91.93s     Checking `Expect predicate `existsNoRetry == 1` for object "challengeConfirm" Button`
    t =    91.96s         Checking existence of `"challengeConfirm" Button`
    t =    92.01s Find the "challengeConfirm" Button
    t =    92.06s Tap "challengeConfirm" Button
    t =    92.06s     Wait for com.tacticalgo.prototype to idle
    t =    92.06s     Find the "challengeConfirm" Button
    t =    92.10s     Check for interrupting elements affecting "challengeConfirm" Button
    t =    92.14s     Synthesize event
    t =    92.45s     Wait for com.tacticalgo.prototype to idle
    t =    92.45s Find the "challengeResources" StaticText
    t =    92.47s Find the "challengeSoldier" Button
    t =    92.51s Waiting 5.0s for "challengeSoldier" Button to exist
    t =    93.54s     Checking `Expect predicate `existsNoRetry == 1` for object "challengeSoldier" Button`
    t =    93.54s         Checking existence of `"challengeSoldier" Button`
    t =    93.61s Find the "challengeSoldier" Button
    t =    93.66s Tap "challengeSoldier" Button
    t =    93.66s     Wait for com.tacticalgo.prototype to idle
    t =    93.67s     Find the "challengeSoldier" Button
    t =    93.70s     Check for interrupting elements affecting "challengeSoldier" Button
    t =    93.74s     Synthesize event
    t =    94.05s     Wait for com.tacticalgo.prototype to idle
    t =    94.06s Find the "challengeArena" Other
    t =    94.22s Find the "challengeArena" Other
    t =    94.40s Find the "challengeArena" Other
    t =    94.50s Find the Target Application 'com.tacticalgo.prototype'
    t =    94.54s Waiting 10.0s for "challengeArena" Other to exist
    t =    95.57s     Checking `Expect predicate `existsNoRetry == 1` for object "challengeArena" Other`
    t =    95.57s         Checking existence of `"challengeArena" Other`
    t =    95.66s Tap "challengeArena" Other[0.76, 0.40]
    t =    95.66s     Wait for com.tacticalgo.prototype to idle
    t =    95.67s     Find the "challengeArena" Other
    t =    95.74s     Check for interrupting elements affecting "challengeArena" Other
    t =    95.84s     Synthesize event
    t =    95.84s         Find the "challengeArena" Other
    t =    95.97s         Find the "challengeArena" Other
    t =    96.07s         Find the "challengeArena" Other
    t =    96.44s     Wait for com.tacticalgo.prototype to idle
    t =    96.44s Find the "challengeConfirm" Button
    t =    96.59s Waiting 5.0s for "challengeConfirm" Button to exist
    t =    97.61s     Checking `Expect predicate `existsNoRetry == 1` for object "challengeConfirm" Button`
    t =    97.61s         Checking existence of `"challengeConfirm" Button`
    t =    97.71s Find the "challengeConfirm" Button
    t =    97.79s Tap "challengeConfirm" Button
    t =    97.79s     Wait for com.tacticalgo.prototype to idle
    t =    97.79s     Find the "challengeConfirm" Button
    t =    97.86s     Check for interrupting elements affecting "challengeConfirm" Button
    t =    97.91s     Synthesize event
    t =    98.22s     Wait for com.tacticalgo.prototype to idle
    t =    98.22s Waiting 5.0s for "challengeResult" StaticText to exist
    t =    99.25s     Checking `Expect predicate `existsNoRetry == 1` for object "challengeResult" StaticText`
    t =    99.25s         Checking existence of `"challengeResult" StaticText`
    t =    99.38s Find the "challengeResult" StaticText
    t =    99.44s Find the "challengeResources" StaticText
    t =    99.67s Find the "challengeResources" StaticText
    t =    99.74s Checking existence of `"challengeConfirm" Button`
    t =    99.81s Find the "challengeResources" StaticText
    t =    99.87s Find the "challengeArena" Other
    t =    99.97s Find the "challengeArena" Other
    t =   100.02s Find the "challengeArena" Other
    t =   100.07s Find the Target Application 'com.tacticalgo.prototype'
    t =   100.14s Waiting 10.0s for "challengeArena" Other to exist
    t =   101.18s     Checking `Expect predicate `existsNoRetry == 1` for object "challengeArena" Other`
    t =   101.18s         Checking existence of `"challengeArena" Other`
    t =   101.23s Tap "challengeArena" Other[0.93, 0.83]
    t =   101.23s     Wait for com.tacticalgo.prototype to idle
    t =   101.23s     Find the "challengeArena" Other
    t =   101.28s     Check for interrupting elements affecting "challengeArena" Other
    t =   101.33s     Synthesize event
    t =   101.34s         Find the "challengeArena" Other
    t =   101.41s         Find the "challengeArena" Other
    t =   101.49s         Find the "challengeArena" Other
    t =   101.86s     Wait for com.tacticalgo.prototype to idle
    t =   101.86s Find the "challengeResources" StaticText
    t =   102.56s Added attachment named 'challenge-rogue-shape-completed-lock'
    t =   102.56s Tap "challengeBack" Button
    t =   102.56s     Wait for com.tacticalgo.prototype to idle
    t =   102.56s     Find the "challengeBack" Button
    t =   102.60s     Check for interrupting elements affecting "challengeBack" Button
    t =   102.64s     Synthesize event
    t =   102.95s     Wait for com.tacticalgo.prototype to idle
    t =   102.96s Find the "challenge-rogue-finish" Button
    t =   103.03s Waiting 5.0s for "challenge-rogue-finish" Button to exist
    t =   104.04s     Checking `Expect predicate `existsNoRetry == 1` for object "challenge-rogue-finish" Button`
    t =   104.04s         Checking existence of `"challenge-rogue-finish" Button`
    t =   104.12s Find the "challenge-rogue-finish" Button
    t =   104.19s Tap "challenge-rogue-finish" Button
    t =   104.19s     Wait for com.tacticalgo.prototype to idle
    t =   104.19s     Find the "challenge-rogue-finish" Button
    t =   104.26s     Check for interrupting elements affecting "challenge-rogue-finish" Button
    t =   104.31s     Synthesize event
    t =   104.63s     Wait for com.tacticalgo.prototype to idle
    t =   104.69s Find the "challengeResources" StaticText
    t =   104.72s Checking existence of `"botStatus" Any`
    t =   104.82s Find the "challengeSkill" Button
    t =   104.88s Waiting 5.0s for "challengeSkill" Button to exist
    t =   105.90s     Checking `Expect predicate `existsNoRetry == 1` for object "challengeSkill" Button`
    t =   105.90s         Checking existence of `"challengeSkill" Button`
    t =   105.96s Find the "challengeSkill" Button
    t =   106.02s Tap "challengeSkill" Button
    t =   106.02s     Wait for com.tacticalgo.prototype to idle
    t =   106.02s     Find the "challengeSkill" Button
    t =   106.07s     Check for interrupting elements affecting "challengeSkill" Button
    t =   106.12s     Synthesize event
    t =   106.42s     Wait for com.tacticalgo.prototype to idle
    t =   106.42s Find the "challengeArena" Other
    t =   106.52s Find the "challengeArena" Other
    t =   106.59s Find the "challengeArena" Other
    t =   106.65s Find the Target Application 'com.tacticalgo.prototype'
    t =   106.70s Waiting 10.0s for "challengeArena" Other to exist
2026-10-09 22:25:35.126 xcodebuild[83595:7038595] [MT] IDERunDestination: Supported platforms for the buildables in the current scheme is empty.
    t =   107.73s     Checking `Expect predicate `existsNoRetry == 1` for object "challengeArena" Other`
    t =   107.73s         Checking existence of `"challengeArena" Other`
    t =   107.78s Tap "challengeArena" Other[0.50, 0.40]
    t =   107.78s     Wait for com.tacticalgo.prototype to idle
    t =   107.78s     Find the "challengeArena" Other
    t =   107.82s     Check for interrupting elements affecting "challengeArena" Other
    t =   107.88s     Synthesize event
    t =   107.88s         Find the "challengeArena" Other
    t =   107.95s         Find the "challengeArena" Other
    t =   108.02s         Find the "challengeArena" Other
    t =   108.36s     Wait for com.tacticalgo.prototype to idle
    t =   108.37s Find the "challengeResources" StaticText
    t =   108.40s Find the "challengeConfirm" Button
    t =   108.56s Added attachment named 'challenge-rogue-finish-core-preview'
    t =   108.56s Find the "challengeResources" StaticText
    t =   108.60s Find the "challengeConfirm" Button
    t =   108.65s Waiting 5.0s for "challengeConfirm" Button to exist
    t =   109.71s     Checking `Expect predicate `existsNoRetry == 1` for object "challengeConfirm" Button`
    t =   109.71s         Checking existence of `"challengeConfirm" Button`
    t =   109.76s Find the "challengeConfirm" Button
    t =   109.82s Tap "challengeConfirm" Button
    t =   109.82s     Wait for com.tacticalgo.prototype to idle
    t =   109.82s     Find the "challengeConfirm" Button
    t =   109.88s     Check for interrupting elements affecting "challengeConfirm" Button
    t =   109.95s     Synthesize event
    t =   110.26s     Wait for com.tacticalgo.prototype to idle
    t =   110.27s Find the "challengeResources" StaticText
    t =   110.32s Find the "challengeSoldier" Button
    t =   110.49s Waiting 5.0s for "challengeSoldier" Button to exist
    t =   111.54s     Checking `Expect predicate `existsNoRetry == 1` for object "challengeSoldier" Button`
    t =   111.55s         Checking existence of `"challengeSoldier" Button`
    t =   111.64s Find the "challengeSoldier" Button
    t =   111.71s Tap "challengeSoldier" Button
    t =   111.71s     Wait for com.tacticalgo.prototype to idle
    t =   111.71s     Find the "challengeSoldier" Button
    t =   111.78s     Check for interrupting elements affecting "challengeSoldier" Button
    t =   111.88s     Synthesize event
2026-10-09 22:25:39.985 xcodebuild[83595:7038595] [MT] IDERunDestination: Supported platforms for the buildables in the current scheme is empty.
    t =   112.19s     Wait for com.tacticalgo.prototype to idle
    t =   112.20s Find the "challengeArena" Other
    t =   112.45s Find the "challengeArena" Other
    t =   112.63s Find the "challengeArena" Other
    t =   112.68s Find the Target Application 'com.tacticalgo.prototype'
    t =   112.71s Waiting 10.0s for "challengeArena" Other to exist
    t =   113.75s     Checking `Expect predicate `existsNoRetry == 1` for object "challengeArena" Other`
    t =   113.76s         Checking existence of `"challengeArena" Other`
    t =   113.84s Tap "challengeArena" Other[0.63, 0.29]
    t =   113.84s     Wait for com.tacticalgo.prototype to idle
    t =   113.85s     Find the "challengeArena" Other
    t =   113.91s     Check for interrupting elements affecting "challengeArena" Other
    t =   113.99s     Synthesize event
    t =   113.99s         Find the "challengeArena" Other
    t =   114.08s         Find the "challengeArena" Other
    t =   114.15s         Find the "challengeArena" Other
    t =   114.53s     Wait for com.tacticalgo.prototype to idle
    t =   114.55s Find the "challengeConfirm" Button
    t =   114.82s Waiting 5.0s for "challengeConfirm" Button to exist
2026-10-09 22:25:43.172 xcodebuild[83595:7038595] [MT] IDERunDestination: Supported platforms for the buildables in the current scheme is empty.
    t =   115.83s     Checking `Expect predicate `existsNoRetry == 1` for object "challengeConfirm" Button`
    t =   115.83s         Checking existence of `"challengeConfirm" Button`
    t =   115.95s Find the "challengeConfirm" Button
    t =   116.08s Tap "challengeConfirm" Button
    t =   116.08s     Wait for com.tacticalgo.prototype to idle
    t =   116.09s     Find the "challengeConfirm" Button
    t =   116.25s     Check for interrupting elements affecting "challengeConfirm" Button
    t =   116.56s     Synthesize event
    t =   116.94s     Wait for com.tacticalgo.prototype to idle
    t =   116.94s Waiting 5.0s for "challengeResult" StaticText to exist
    t =   117.96s     Checking `Expect predicate `existsNoRetry == 1` for object "challengeResult" StaticText`
    t =   117.96s         Checking existence of `"challengeResult" StaticText`
    t =   118.10s Find the "challengeResult" StaticText
    t =   118.18s Find the "challengeResources" StaticText
    t =   118.31s Find the "challengeResources" StaticText
    t =   118.36s Checking existence of `"challengeConfirm" Button`
    t =   118.53s Find the "challengeResources" StaticText
    t =   118.59s Find the "challengeArena" Other
    t =   118.68s Find the "challengeArena" Other
    t =   118.75s Find the "challengeArena" Other
    t =   118.86s Find the Target Application 'com.tacticalgo.prototype'
    t =   118.93s Waiting 10.0s for "challengeArena" Other to exist
    t =   119.97s     Checking `Expect predicate `existsNoRetry == 1` for object "challengeArena" Other`
    t =   119.97s         Checking existence of `"challengeArena" Other`
    t =   120.09s Tap "challengeArena" Other[0.93, 0.83]
    t =   120.09s     Wait for com.tacticalgo.prototype to idle
    t =   120.09s     Find the "challengeArena" Other
    t =   120.22s     Check for interrupting elements affecting "challengeArena" Other
    t =   120.46s     Synthesize event
    t =   120.47s         Find the "challengeArena" Other
    t =   120.70s         Find the "challengeArena" Other
    t =   120.85s         Find the "challengeArena" Other
    t =   121.21s     Wait for com.tacticalgo.prototype to idle
    t =   121.22s Find the "challengeResources" StaticText
    t =   121.41s Added attachment named 'challenge-rogue-finish-completed-lock'
    t =   121.41s Tap "challengeBack" Button
    t =   121.41s     Wait for com.tacticalgo.prototype to idle
    t =   121.42s     Find the "challengeBack" Button
    t =   121.47s     Check for interrupting elements affecting "challengeBack" Button
    t =   121.55s     Synthesize event
    t =   121.87s     Wait for com.tacticalgo.prototype to idle
    t =   121.88s Find the "challengeProgress" StaticText
    t =   122.00s Tear Down
Test Case '-[TacticalGoUITests.PlayableGameTests testChallengeSixRealSolutionsAndImmediateCompletionLock]' passed (122.253 seconds).
Test Case '-[TacticalGoUITests.PlayableGameTests testChallengesKeepOriginalSavedMatchAndTabletRotationOperable]' started.
    t =     0.00s Start Test at 2026-10-09 22:25:50.060
    t =     0.06s Set Up
    t =     0.06s Setting device orientation to Portrait
    t =     0.08s     Wait for com.tacticalgo.prototype to idle
    t =     0.09s Open com.tacticalgo.prototype
    t =     0.09s     Launch com.tacticalgo.prototype
    t =     0.09s         Terminate com.tacticalgo.prototype:84573
2026-10-09 22:25:52.269 xcodebuild[83595:7038595] [MT] IDELaunchParametersSnapshot: The operation couldn’t be completed. (DebuggerLLDB.DebuggerVersionStore.StoreError error 0.)
2026-10-09 22:25:52.270 xcodebuild[83595:7038595] [MT] IDELaunchParametersSnapshot: no debugger version
    t =     2.88s         Setting up automation session
2026-10-09 22:25:54.537 xcodebuild[83595:7038595] [MT] IDERunDestination: Supported platforms for the buildables in the current scheme is empty.
2026-10-09 22:25:54.809 xcodebuild[83595:7038595] [MT] IDERunDestination: Supported platforms for the buildables in the current scheme is empty.
    t =     5.42s         Wait for com.tacticalgo.prototype to idle
    t =     8.28s Find the "startMatch" Button
    t =     9.20s Waiting 5.0s for "startMatch" Button to exist
    t =    10.23s     Checking `Expect predicate `existsNoRetry == 1` for object "startMatch" Button`
    t =    10.24s         Checking existence of `"startMatch" Button`
    t =    10.31s Find the "startMatch" Button
    t =    10.45s Tap "startMatch" Button
    t =    10.45s     Wait for com.tacticalgo.prototype to idle
    t =    10.46s     Find the "startMatch" Button
    t =    10.57s     Check for interrupting elements affecting "startMatch" Button
    t =    10.73s     Synthesize event
    t =    11.10s     Wait for com.tacticalgo.prototype to idle
    t =    12.52s Waiting 10.0s for "playArena" Other to exist
    t =    13.56s     Checking `Expect predicate `existsNoRetry == 1` for object "playArena" Other`
    t =    13.56s         Checking existence of `"playArena" Other`
    t =    13.62s Tap "playArena" Other[0.36, 0.72]
    t =    13.62s     Wait for com.tacticalgo.prototype to idle
    t =    13.62s     Find the "playArena" Other
    t =    13.67s     Check for interrupting elements affecting "playArena" Other
    t =    13.71s     Synthesize event
    t =    13.71s         Find the "playArena" Other
    t =    13.75s         Find the "playArena" Other
    t =    13.80s         Find the "playArena" Other
    t =    14.17s     Wait for com.tacticalgo.prototype to idle
    t =    14.18s Tap "playConfirm" Button
    t =    14.18s     Wait for com.tacticalgo.prototype to idle
    t =    14.18s     Find the "playConfirm" Button
    t =    14.27s     Check for interrupting elements affecting "playConfirm" Button
    t =    14.30s     Synthesize event
    t =    14.62s     Wait for com.tacticalgo.prototype to idle
    t =    14.64s Find the "currentTurn" StaticText
    t =    14.69s Tap "返回選角" Button
    t =    14.69s     Wait for com.tacticalgo.prototype to idle
    t =    14.69s     Find the "返回選角" Button
    t =    14.75s     Check for interrupting elements affecting "chevron.left" Button
    t =    14.79s     Synthesize event
    t =    15.10s     Wait for com.tacticalgo.prototype to idle
    t =    15.17s Tap "exitMatchConfirmed" Button
    t =    15.17s     Wait for com.tacticalgo.prototype to idle
    t =    15.57s     Find the "exitMatchConfirmed" Button
    t =    15.69s     Check for interrupting elements affecting "exitMatchConfirmed" Button
2026-10-09 22:26:05.808 xcodebuild[83595:7038595] [MT] IDERunDestination: Supported platforms for the buildables in the current scheme is empty.
    t =    15.82s     Synthesize event
    t =    16.18s     Wait for com.tacticalgo.prototype to idle
    t =    16.42s Find the "startChallenges" Button
    t =    16.84s Waiting 5.0s for "startChallenges" Button to exist
    t =    17.90s     Checking `Expect predicate `existsNoRetry == 1` for object "startChallenges" Button`
    t =    17.91s         Checking existence of `"startChallenges" Button`
    t =    17.98s Find the "startChallenges" Button
    t =    18.19s Tap "startChallenges" Button
    t =    18.19s     Wait for com.tacticalgo.prototype to idle
    t =    18.20s     Find the "startChallenges" Button
    t =    18.35s     Check for interrupting elements affecting "startChallenges" Button
    t =    18.43s     Synthesize event
2026-10-09 22:26:08.879 xcodebuild[83595:7038595] [MT] IDERunDestination: Supported platforms for the buildables in the current scheme is empty.
    t =    18.76s     Wait for com.tacticalgo.prototype to idle
    t =    18.88s Find the "challenge-warrior-rescue" Button
    t =    19.04s Waiting 5.0s for "challenge-warrior-rescue" Button to exist
    t =    20.06s     Checking `Expect predicate `existsNoRetry == 1` for object "challenge-warrior-rescue" Button`
    t =    20.06s         Checking existence of `"challenge-warrior-rescue" Button`
    t =    20.20s Find the "challenge-warrior-rescue" Button
2026-10-09 22:26:10.309 xcodebuild[83595:7038595] [MT] IDERunDestination: Supported platforms for the buildables in the current scheme is empty.
    t =    20.39s Tap "challenge-warrior-rescue" Button
    t =    20.39s     Wait for com.tacticalgo.prototype to idle
    t =    20.39s     Find the "challenge-warrior-rescue" Button
    t =    20.45s     Check for interrupting elements affecting "challenge-warrior-rescue" Button
    t =    20.50s     Synthesize event
    t =    20.81s     Wait for com.tacticalgo.prototype to idle
    t =    20.83s Find the "challengeSkill" Button
    t =    20.98s Waiting 5.0s for "challengeSkill" Button to exist
2026-10-09 22:26:11.322 xcodebuild[83595:7038595] [MT] IDERunDestination: Supported platforms for the buildables in the current scheme is empty.
    t =    22.01s     Checking `Expect predicate `existsNoRetry == 1` for object "challengeSkill" Button`
    t =    22.02s         Checking existence of `"challengeSkill" Button`
    t =    22.19s Find the "challengeSkill" Button
    t =    22.31s Tap "challengeSkill" Button
    t =    22.31s     Wait for com.tacticalgo.prototype to idle
    t =    22.31s     Find the "challengeSkill" Button
    t =    22.37s     Check for interrupting elements affecting "challengeSkill" Button
    t =    22.43s     Synthesize event
    t =    22.76s     Wait for com.tacticalgo.prototype to idle
    t =    22.77s Find the "challengeArena" Other
    t =    23.01s Find the "challengeArena" Other
    t =    23.09s Find the "challengeArena" Other
    t =    23.16s Find the Target Application 'com.tacticalgo.prototype'
    t =    23.21s Waiting 10.0s for "challengeArena" Other to exist
    t =    24.25s     Checking `Expect predicate `existsNoRetry == 1` for object "challengeArena" Other`
    t =    24.25s         Checking existence of `"challengeArena" Other`
    t =    24.34s Tap "challengeArena" Other[0.12, 0.29]
    t =    24.34s     Wait for com.tacticalgo.prototype to idle
    t =    24.34s     Find the "challengeArena" Other
    t =    24.40s     Check for interrupting elements affecting "challengeArena" Other
    t =    24.47s     Synthesize event
    t =    24.48s         Find the "challengeArena" Other
    t =    24.60s         Find the "challengeArena" Other
    t =    24.70s         Find the "challengeArena" Other
    t =    25.13s     Wait for com.tacticalgo.prototype to idle
    t =    25.14s Find the "challengeArena" Other
    t =    25.32s Find the "challengeArena" Other
    t =    25.41s Find the "challengeArena" Other
    t =    25.51s Find the Target Application 'com.tacticalgo.prototype'
    t =    25.55s Waiting 10.0s for "challengeArena" Other to exist
    t =    26.59s     Checking `Expect predicate `existsNoRetry == 1` for object "challengeArena" Other`
    t =    26.59s         Checking existence of `"challengeArena" Other`
    t =    26.68s Tap "challengeArena" Other[0.25, 0.18]
    t =    26.68s     Wait for com.tacticalgo.prototype to idle
    t =    26.68s     Find the "challengeArena" Other
    t =    26.75s     Check for interrupting elements affecting "challengeArena" Other
    t =    26.82s     Synthesize event
    t =    26.82s         Find the "challengeArena" Other
    t =    26.92s         Find the "challengeArena" Other
    t =    27.02s         Find the "challengeArena" Other
    t =    27.38s     Wait for com.tacticalgo.prototype to idle
    t =    27.38s Find the "challengeResources" StaticText
    t =    28.60s Find the Target Application 'com.tacticalgo.prototype'
    t =    28.64s Setting device orientation to Landscape Left
    t =    28.67s     Device orientation changed to Landscape Left
    t =    29.02s     Interface orientation changed to Landscape Right
    t =    29.03s     Wait for com.tacticalgo.prototype to idle
    t =    30.07s Checking `Expect predicate `BLOCKPREDICATE(0x600000e8c000)` for object Target Application 'com.tacticalgo.prototype'`
    t =    30.07s     Find the Target Application 'com.tacticalgo.prototype'
    t =    31.32s     Find the Target Application 'com.tacticalgo.prototype'
    t =    31.35s Find the "challengeResources" StaticText
    t =    31.47s Find the "challengeArena" Other
    t =    31.55s Find the "challengeArena" Other
    t =    31.76s Added attachment named 'challenge-iPad-landscape-preview'
    t =    31.77s Find the "challengeConfirm" Button
2026-10-09 22:26:21.892 xcodebuild[83595:7038595] [MT] IDERunDestination: Supported platforms for the buildables in the current scheme is empty.
2026-10-09 22:26:22.098 xcodebuild[83595:7038595] [MT] IDERunDestination: Supported platforms for the buildables in the current scheme is empty.
    t =    32.17s Waiting 5.0s for "challengeConfirm" Button to exist
    t =    33.25s     Checking `Expect predicate `existsNoRetry == 1` for object "challengeConfirm" Button`
    t =    33.25s         Checking existence of `"challengeConfirm" Button`
    t =    33.29s Find the "challengeConfirm" Button
    t =    33.36s Tap "challengeConfirm" Button
    t =    33.36s     Wait for com.tacticalgo.prototype to idle
    t =    33.36s     Find the "challengeConfirm" Button
    t =    33.41s     Check for interrupting elements affecting "challengeConfirm" Button
    t =    33.46s     Synthesize event
    t =    33.75s     Wait for com.tacticalgo.prototype to idle
    t =    33.75s Find the "challengeSoldier" Button
    t =    33.83s Waiting 5.0s for "challengeSoldier" Button to exist
    t =    34.88s     Checking `Expect predicate `existsNoRetry == 1` for object "challengeSoldier" Button`
    t =    34.88s         Checking existence of `"challengeSoldier" Button`
    t =    34.93s Find the "challengeSoldier" Button
    t =    35.00s Tap "challengeSoldier" Button
    t =    35.00s     Wait for com.tacticalgo.prototype to idle
    t =    35.01s     Find the "challengeSoldier" Button
    t =    35.05s     Check for interrupting elements affecting "challengeSoldier" Button
    t =    35.10s     Synthesize event
    t =    35.40s     Wait for com.tacticalgo.prototype to idle
    t =    35.40s Find the "challengeArena" Other
    t =    35.44s Find the "challengeArena" Other
    t =    35.47s Find the "challengeArena" Other
    t =    35.50s Find the Target Application 'com.tacticalgo.prototype'
    t =    35.52s Waiting 10.0s for "challengeArena" Other to exist
    t =    36.56s     Checking `Expect predicate `existsNoRetry == 1` for object "challengeArena" Other`
    t =    36.56s         Checking existence of `"challengeArena" Other`
    t =    36.63s Tap "challengeArena" Other[0.38, 0.18]
    t =    36.63s     Wait for com.tacticalgo.prototype to idle
    t =    36.63s     Find the "challengeArena" Other
    t =    36.69s     Check for interrupting elements affecting "challengeArena" Other
    t =    36.74s     Synthesize event
    t =    36.75s         Find the "challengeArena" Other
    t =    36.81s         Find the "challengeArena" Other
    t =    36.88s         Find the "challengeArena" Other
    t =    37.22s     Wait for com.tacticalgo.prototype to idle
    t =    37.23s Find the "challengeConfirm" Button
    t =    37.30s Waiting 5.0s for "challengeConfirm" Button to exist
    t =    38.35s     Checking `Expect predicate `existsNoRetry == 1` for object "challengeConfirm" Button`
    t =    38.36s         Checking existence of `"challengeConfirm" Button`
    t =    38.40s Find the "challengeConfirm" Button
    t =    38.47s Tap "challengeConfirm" Button
    t =    38.47s     Wait for com.tacticalgo.prototype to idle
    t =    38.47s     Find the "challengeConfirm" Button
    t =    38.50s     Check for interrupting elements affecting "challengeConfirm" Button
    t =    38.55s     Synthesize event
    t =    38.84s     Wait for com.tacticalgo.prototype to idle
    t =    38.84s Find the "challengeResult" StaticText
    t =    38.87s Tap "challengeBack" Button
    t =    38.87s     Wait for com.tacticalgo.prototype to idle
    t =    38.87s     Find the "challengeBack" Button
    t =    38.89s     Check for interrupting elements affecting "challengeBack" Button
    t =    38.92s     Synthesize event
    t =    39.22s     Wait for com.tacticalgo.prototype to idle
    t =    39.22s Tap "challengeBack" Button
    t =    39.22s     Wait for com.tacticalgo.prototype to idle
    t =    39.22s     Find the "challengeBack" Button
    t =    39.25s     Check for interrupting elements affecting "challengeBack" Button
    t =    39.27s     Synthesize event
    t =    39.57s     Wait for com.tacticalgo.prototype to idle
    t =    39.91s Find the "resumeMatch" Button
    t =    39.97s Find the "resumeMatch" Button
    t =    40.00s Waiting 5.0s for "resumeMatch" Button to exist
    t =    41.04s     Checking `Expect predicate `existsNoRetry == 1` for object "resumeMatch" Button`
    t =    41.04s         Checking existence of `"resumeMatch" Button`
    t =    41.07s Find the "resumeMatch" Button
    t =    41.09s Tap "resumeMatch" Button
    t =    41.09s     Wait for com.tacticalgo.prototype to idle
    t =    41.09s     Find the "resumeMatch" Button
    t =    41.11s     Check for interrupting elements affecting "resumeMatch" Button
    t =    41.13s     Synthesize event
    t =    41.42s     Wait for com.tacticalgo.prototype to idle
    t =    41.43s Find the "currentTurn" StaticText
    t =    41.44s Checking existence of `"2 AP" StaticText`
    t =    41.45s Waiting 10.0s for "playArena" Other to exist
    t =    42.51s     Checking `Expect predicate `existsNoRetry == 1` for object "playArena" Other`
    t =    42.51s         Checking existence of `"playArena" Other`
    t =    42.53s Tap "playArena" Other[0.36, 0.72]
    t =    42.53s     Wait for com.tacticalgo.prototype to idle
    t =    42.53s     Find the "playArena" Other
    t =    42.55s     Check for interrupting elements affecting "playArena" Other
    t =    42.56s     Synthesize event
    t =    42.57s         Find the "playArena" Other
    t =    42.58s         Find the "playArena" Other
    t =    42.61s         Find the "playArena" Other
    t =    42.92s     Wait for com.tacticalgo.prototype to idle
    t =    42.92s Find the "playConfirm" Button
    t =    43.09s Added attachment named 'challenge-original-match-still-retained'
    t =    43.09s Setting device orientation to Portrait
    t =    43.09s     Device orientation changed to Portrait
    t =    43.18s     Interface orientation changed to Portrait
    t =    43.18s     Wait for com.tacticalgo.prototype to idle
    t =    43.19s Tear Down
Test Case '-[TacticalGoUITests.PlayableGameTests testChallengesKeepOriginalSavedMatchAndTabletRotationOperable]' passed (43.438 seconds).
Test Suite 'PlayableGameTests' passed at 2026-10-09 22:26:33.499.
	 Executed 4 tests, with 0 failures (0 unexpected) in 274.220 (274.360) seconds
Test Suite 'TacticalGoUITests.xctest' passed at 2026-10-09 22:26:33.500.
	 Executed 4 tests, with 0 failures (0 unexpected) in 274.220 (274.362) seconds
Test Suite 'Selected tests' passed at 2026-10-09 22:26:33.502.
	 Executed 4 tests, with 0 failures (0 unexpected) in 274.220 (274.370) seconds
2026-10-09 22:27:09.475 xcodebuild[83595:7038595] [MT] IDETestOperationsObserverDebug: 322.779 elapsed -- Testing started completed.
2026-10-09 22:27:09.476 xcodebuild[83595:7038595] [MT] IDETestOperationsObserverDebug: 0.000 sec, +0.000 sec -- start
2026-10-09 22:27:09.476 xcodebuild[83595:7038595] [MT] IDETestOperationsObserverDebug: 322.779 sec, +322.779 sec -- end

Test session results, code coverage, and logs:
	/Users/pc49-58/.codex/worktrees/content-02/TacticalGo/artifacts/content-02/iPad-candidate.xcresult

** TEST EXECUTE SUCCEEDED **

Testing started
