Command line invocation:
    /Applications/Xcode.app/Contents/Developer/usr/bin/xcodebuild test-without-building -xctestrun ios/Build/Products/TacticalGo_iphonesimulator26.5-arm64.xctestrun -destination "platform=iOS Simulator,id=97B346CB-21D7-41DB-AE79-4B667C3B1566" -parallel-testing-enabled NO "-only-testing:TacticalGoUITests/PlayableGameTests/testChallengeSixRealSolutionsAndImmediateCompletionLock" "-only-testing:TacticalGoUITests/PlayableGameTests/testChallengeFailureUndoRetryAndHintsAreOptional" "-only-testing:TacticalGoUITests/PlayableGameTests/testChallengeResumeReplaysJournalAndAccessiblePicker" "-only-testing:TacticalGoUITests/PlayableGameTests/testChallengesKeepOriginalSavedMatchAndTabletRotationOperable" -resultBundlePath artifacts/content-02/SE-candidate.xcresult

2026-10-09 22:21:43.799 xcodebuild[83580:7038482] [MT] IDERunDestination: Supported platforms for the buildables in the current scheme is empty.
Writing result bundle at path:
	/Users/pc49-58/.codex/worktrees/content-02/TacticalGo/artifacts/content-02/SE-candidate.xcresult

2026-10-09 22:21:43.815 xcodebuild[83580:7038482] [MT] IDERunDestination: Supported platforms for the buildables in the current scheme is empty.
--- xcodebuild: WARNING: Using the first of multiple matching destinations:
{ platform:iOS Simulator, arch:arm64, id:97B346CB-21D7-41DB-AE79-4B667C3B1566, OS:18.0, name:TacticalGo BOT-01 SE3 }
{ platform:iOS Simulator, arch:x86_64, id:97B346CB-21D7-41DB-AE79-4B667C3B1566, OS:18.0, name:TacticalGo BOT-01 SE3 }
2026-10-09 22:21:46.687 xcodebuild[83580:7038482] [MT] IDERunDestination: Supported platforms for the buildables in the current scheme is empty.
2026-10-09 22:21:50.006 xcodebuild[83580:7038482] [MT] IDERunDestination: Supported platforms for the buildables in the current scheme is empty.
2026-10-09 22:21:51.306 xcodebuild[83580:7038482] [MT] IDERunDestination: Supported platforms for the buildables in the current scheme is empty.
2026-10-09 22:21:57.043282+0800 TacticalGoUITests-Runner[83688:7039623] [Default] Running tests...
Test Suite 'Selected tests' started at 2026-10-09 22:21:59.077.
Test Suite 'TacticalGoUITests.xctest' started at 2026-10-09 22:21:59.080.
Test Suite 'PlayableGameTests' started at 2026-10-09 22:21:59.080.
Test Case '-[TacticalGoUITests.PlayableGameTests testChallengeFailureUndoRetryAndHintsAreOptional]' started.
    t =     0.01s Start Test at 2026-10-09 22:21:59.096
    t =     0.10s Set Up
    t =     0.13s Open com.tacticalgo.prototype
    t =     0.13s     Launch com.tacticalgo.prototype
2026-10-09 22:22:01.417 xcodebuild[83580:7038482] [MT] IDELaunchParametersSnapshot: The operation couldn’t be completed. (DebuggerLLDB.DebuggerVersionStore.StoreError error 0.)
2026-10-09 22:22:01.417 xcodebuild[83580:7038482] [MT] IDELaunchParametersSnapshot: no debugger version
    t =     5.59s         Setting up automation session
    t =     7.77s         Wait for com.tacticalgo.prototype to idle
    t =    10.80s Find the "challenge-rogue-finish" Button
    t =    11.48s Swipe up Target Application 'com.tacticalgo.prototype'
    t =    11.49s     Wait for com.tacticalgo.prototype to idle
    t =    11.63s     Find the Target Application 'com.tacticalgo.prototype'
    t =    11.85s     Check for interrupting elements affecting "TacticalGo" Application
    t =    12.15s     Synthesize event
    t =    12.93s     Wait for com.tacticalgo.prototype to idle
    t =    13.38s Find the "challenge-rogue-finish" Button
    t =    13.79s Waiting 5.0s for "challenge-rogue-finish" Button to exist
    t =    14.87s     Checking `Expect predicate `existsNoRetry == 1` for object "challenge-rogue-finish" Button`
    t =    14.88s         Checking existence of `"challenge-rogue-finish" Button`
    t =    15.00s Find the "challenge-rogue-finish" Button
    t =    15.23s Tap "challenge-rogue-finish" Button
    t =    15.23s     Wait for com.tacticalgo.prototype to idle
    t =    15.23s     Find the "challenge-rogue-finish" Button
    t =    15.29s     Check for interrupting elements affecting "challenge-rogue-finish" Button
    t =    15.36s     Synthesize event
    t =    15.67s     Wait for com.tacticalgo.prototype to idle
    t =    15.67s Find the "challengeResources" StaticText
    t =    15.75s Find the "challengeSoldier" Button
    t =    15.84s Waiting 5.0s for "challengeSoldier" Button to exist
2026-10-09 22:22:15.338 xcodebuild[83580:7038482] [MT] IDERunDestination: Supported platforms for the buildables in the current scheme is empty.
    t =    16.90s     Checking `Expect predicate `existsNoRetry == 1` for object "challengeSoldier" Button`
    t =    16.90s         Checking existence of `"challengeSoldier" Button`
    t =    16.99s Find the "challengeSoldier" Button
    t =    17.15s Tap "challengeSoldier" Button
    t =    17.15s     Wait for com.tacticalgo.prototype to idle
    t =    17.16s     Find the "challengeSoldier" Button
    t =    17.25s     Check for interrupting elements affecting "challengeSoldier" Button
    t =    17.33s     Synthesize event
    t =    17.64s     Wait for com.tacticalgo.prototype to idle
    t =    17.64s Find the "challengeArena" Other
    t =    17.89s Find the "challengeArena" Other
    t =    17.99s Find the "challengeArena" Other
    t =    18.10s Find the Target Application 'com.tacticalgo.prototype'
    t =    18.24s Waiting 10.0s for "challengeArena" Other to exist
2026-10-09 22:22:18.148 xcodebuild[83580:7038482] [MT] IDERunDestination: Supported platforms for the buildables in the current scheme is empty.
    t =    19.30s     Checking `Expect predicate `existsNoRetry == 1` for object "challengeArena" Other`
    t =    19.30s         Checking existence of `"challengeArena" Other`
    t =    19.36s Tap "challengeArena" Other[0.50, 0.51]
    t =    19.36s     Wait for com.tacticalgo.prototype to idle
    t =    19.36s     Find the "challengeArena" Other
    t =    19.43s     Check for interrupting elements affecting "challengeArena" Other
    t =    19.51s     Synthesize event
    t =    19.51s         Find the "challengeArena" Other
    t =    19.61s         Find the "challengeArena" Other
    t =    19.67s         Find the "challengeArena" Other
    t =    20.03s     Wait for com.tacticalgo.prototype to idle
    t =    20.03s Find the "challengeConfirm" Button
    t =    20.09s Find the "challengeResources" StaticText
    t =    20.18s Find the "challengeCancel" Button
    t =    20.40s Waiting 5.0s for "challengeCancel" Button to exist
2026-10-09 22:22:19.873 xcodebuild[83580:7038482] [MT] IDERunDestination: Supported platforms for the buildables in the current scheme is empty.
    t =    21.46s     Checking `Expect predicate `existsNoRetry == 1` for object "challengeCancel" Button`
    t =    21.46s         Checking existence of `"challengeCancel" Button`
    t =    21.62s Find the "challengeCancel" Button
    t =    21.83s Tap "challengeCancel" Button
    t =    21.83s     Wait for com.tacticalgo.prototype to idle
    t =    21.84s     Find the "challengeCancel" Button
    t =    21.89s     Check for interrupting elements affecting "challengeCancel" Button
    t =    22.11s     Synthesize event
    t =    22.46s     Wait for com.tacticalgo.prototype to idle
    t =    22.46s Find the "challengeSkill" Button
    t =    22.76s Waiting 5.0s for "challengeSkill" Button to exist
    t =    23.83s     Checking `Expect predicate `existsNoRetry == 1` for object "challengeSkill" Button`
    t =    23.84s         Checking existence of `"challengeSkill" Button`
    t =    23.95s Find the "challengeSkill" Button
    t =    24.04s Tap "challengeSkill" Button
    t =    24.04s     Wait for com.tacticalgo.prototype to idle
    t =    24.05s     Find the "challengeSkill" Button
    t =    24.14s     Check for interrupting elements affecting "challengeSkill" Button
    t =    24.22s     Synthesize event
2026-10-09 22:22:23.444 xcodebuild[83580:7038482] [MT] IDERunDestination: Supported platforms for the buildables in the current scheme is empty.
    t =    24.54s     Wait for com.tacticalgo.prototype to idle
    t =    24.55s Find the "challengeArena" Other
    t =    24.90s Find the "challengeArena" Other
    t =    25.07s Find the "challengeArena" Other
    t =    25.16s Find the Target Application 'com.tacticalgo.prototype'
    t =    25.22s Waiting 10.0s for "challengeArena" Other to exist
    t =    26.30s     Checking `Expect predicate `existsNoRetry == 1` for object "challengeArena" Other`
    t =    26.30s         Checking existence of `"challengeArena" Other`
    t =    26.34s Tap "challengeArena" Other[0.50, 0.40]
    t =    26.34s     Wait for com.tacticalgo.prototype to idle
    t =    26.35s     Find the "challengeArena" Other
    t =    26.40s     Check for interrupting elements affecting "challengeArena" Other
    t =    26.48s     Synthesize event
    t =    26.48s         Find the "challengeArena" Other
    t =    26.59s         Find the "challengeArena" Other
    t =    26.78s         Find the "challengeArena" Other
    t =    27.19s     Wait for com.tacticalgo.prototype to idle
    t =    27.19s Find the "challengeConfirm" Button
    t =    27.35s Waiting 5.0s for "challengeConfirm" Button to exist
    t =    28.41s     Checking `Expect predicate `existsNoRetry == 1` for object "challengeConfirm" Button`
    t =    28.41s         Checking existence of `"challengeConfirm" Button`
    t =    28.51s Find the "challengeConfirm" Button
    t =    28.60s Tap "challengeConfirm" Button
    t =    28.60s     Wait for com.tacticalgo.prototype to idle
    t =    28.60s     Find the "challengeConfirm" Button
    t =    28.72s     Check for interrupting elements affecting "challengeConfirm" Button
    t =    28.88s     Synthesize event
    t =    29.22s     Wait for com.tacticalgo.prototype to idle
    t =    29.22s Find the "challengeSoldier" Button
    t =    29.43s Waiting 5.0s for "challengeSoldier" Button to exist
    t =    30.48s     Checking `Expect predicate `existsNoRetry == 1` for object "challengeSoldier" Button`
    t =    30.49s         Checking existence of `"challengeSoldier" Button`
    t =    30.54s Find the "challengeSoldier" Button
    t =    30.62s Tap "challengeSoldier" Button
    t =    30.62s     Wait for com.tacticalgo.prototype to idle
    t =    30.62s     Find the "challengeSoldier" Button
    t =    30.67s     Check for interrupting elements affecting "challengeSoldier" Button
    t =    30.71s     Synthesize event
    t =    31.61s     Wait for com.tacticalgo.prototype to idle
    t =    31.62s Find the "challengeArena" Other
    t =    31.83s Find the "challengeArena" Other
    t =    31.90s Find the "challengeArena" Other
    t =    31.98s Find the Target Application 'com.tacticalgo.prototype'
    t =    32.02s Waiting 10.0s for "challengeArena" Other to exist
    t =    33.09s     Checking `Expect predicate `existsNoRetry == 1` for object "challengeArena" Other`
    t =    33.09s         Checking existence of `"challengeArena" Other`
    t =    33.14s Tap "challengeArena" Other[0.93, 0.83]
    t =    33.14s     Wait for com.tacticalgo.prototype to idle
    t =    33.15s     Find the "challengeArena" Other
    t =    33.22s     Check for interrupting elements affecting "challengeArena" Other
    t =    33.29s     Synthesize event
    t =    33.30s         Find the "challengeArena" Other
    t =    33.37s         Find the "challengeArena" Other
    t =    33.44s         Find the "challengeArena" Other
    t =    33.81s     Wait for com.tacticalgo.prototype to idle
    t =    33.82s Find the "challengeConfirm" Button
    t =    33.95s Waiting 5.0s for "challengeConfirm" Button to exist
2026-10-09 22:22:34.128 xcodebuild[83580:7038482] [MT] IDERunDestination: Supported platforms for the buildables in the current scheme is empty.
    t =    35.01s     Checking `Expect predicate `existsNoRetry == 1` for object "challengeConfirm" Button`
    t =    35.02s         Checking existence of `"challengeConfirm" Button`
    t =    35.12s Find the "challengeConfirm" Button
    t =    35.21s Tap "challengeConfirm" Button
    t =    35.21s     Wait for com.tacticalgo.prototype to idle
    t =    35.21s     Find the "challengeConfirm" Button
    t =    35.26s     Check for interrupting elements affecting "challengeConfirm" Button
    t =    35.32s     Synthesize event
    t =    35.63s     Wait for com.tacticalgo.prototype to idle
    t =    37.81s Find the "challengeResult" StaticText
    t =    38.03s Checking existence of `"challengeConfirm" Button`
    t =    39.77s Added attachment named 'challenge-failed-lock-no-opponent'
    t =    39.80s Find the "challengeUndo" Button
    t =    40.59s Waiting 5.0s for "challengeUndo" Button to exist
    t =    41.66s     Checking `Expect predicate `existsNoRetry == 1` for object "challengeUndo" Button`
    t =    42.28s         Checking existence of `"challengeUndo" Button`
    t =    46.39s         Capturing element debug description
    t =    46.45s             Requesting snapshot of accessibility hierarchy for app with pid 83762
    t =    46.46s             Requesting snapshot of accessibility hierarchy for app with pid 83762
    t =    46.46s             Requesting snapshot of accessibility hierarchy for app with pid 83762
    t =    46.46s     Checking existence of `"challengeUndo" Button`
    t =    48.79s Find the "challengeUndo" Button
    t =    49.02s Tap "challengeUndo" Button
    t =    49.02s     Wait for com.tacticalgo.prototype to idle
    t =    49.05s     Find the "challengeUndo" Button
    t =    49.14s     Check for interrupting elements affecting "challengeUndo" Button
    t =    49.24s     Synthesize event
    t =    49.55s     Wait for com.tacticalgo.prototype to idle
    t =    50.01s Checking existence of `"challengeResult" StaticText`
    t =    50.19s Find the "challengeResources" StaticText
    t =    50.22s Find the "challengeArena" Other
    t =    50.40s Find the "challengeArena" Other
    t =    50.70s Find the "challengeArena" Other
    t =    50.78s Find the Target Application 'com.tacticalgo.prototype'
    t =    50.84s Waiting 10.0s for "challengeArena" Other to exist
    t =    51.91s     Checking `Expect predicate `existsNoRetry == 1` for object "challengeArena" Other`
    t =    51.91s         Checking existence of `"challengeArena" Other`
    t =    52.02s Tap "challengeArena" Other[0.63, 0.29]
    t =    52.02s     Wait for com.tacticalgo.prototype to idle
    t =    52.02s     Find the "challengeArena" Other
    t =    52.10s     Check for interrupting elements affecting "challengeArena" Other
    t =    52.26s     Synthesize event
    t =    52.28s         Find the "challengeArena" Other
    t =    52.44s         Find the "challengeArena" Other
    t =    52.79s         Find the "challengeArena" Other
    t =    53.15s     Wait for com.tacticalgo.prototype to idle
    t =    53.16s Find the "challengeConfirm" Button
    t =    53.34s Waiting 5.0s for "challengeConfirm" Button to exist
    t =    54.41s     Checking `Expect predicate `existsNoRetry == 1` for object "challengeConfirm" Button`
    t =    54.41s         Checking existence of `"challengeConfirm" Button`
    t =    54.45s Find the "challengeConfirm" Button
    t =    54.52s Tap "challengeConfirm" Button
    t =    54.52s     Wait for com.tacticalgo.prototype to idle
    t =    54.52s     Find the "challengeConfirm" Button
    t =    54.56s     Check for interrupting elements affecting "challengeConfirm" Button
    t =    54.61s     Synthesize event
    t =    54.91s     Wait for com.tacticalgo.prototype to idle
    t =    54.91s Find the "challengeResult" StaticText
    t =    54.96s Find the "challengeRetry" Button
    t =    55.03s Waiting 5.0s for "challengeRetry" Button to exist
    t =    56.07s     Checking `Expect predicate `existsNoRetry == 1` for object "challengeRetry" Button`
    t =    56.07s         Checking existence of `"challengeRetry" Button`
    t =    56.12s Find the "challengeRetry" Button
    t =    56.18s Tap "challengeRetry" Button
    t =    56.18s     Wait for com.tacticalgo.prototype to idle
    t =    56.18s     Find the "challengeRetry" Button
    t =    56.24s     Check for interrupting elements affecting "challengeRetry" Button
    t =    56.43s     Synthesize event
    t =    56.87s     Wait for com.tacticalgo.prototype to idle
    t =    56.87s Find the "challengeResources" StaticText
    t =    56.90s Find the "challengeHint" Button
    t =    57.06s Swipe up Target Application 'com.tacticalgo.prototype'
    t =    57.06s     Wait for com.tacticalgo.prototype to idle
    t =    57.06s     Find the Target Application 'com.tacticalgo.prototype'
    t =    57.09s     Check for interrupting elements affecting "TacticalGo" Application
    t =    57.25s     Synthesize event
    t =    57.68s     Wait for com.tacticalgo.prototype to idle
    t =    58.16s Find the "challengeHint" Button
    t =    58.24s Waiting 5.0s for "challengeHint" Button to exist
    t =    59.26s     Checking `Expect predicate `existsNoRetry == 1` for object "challengeHint" Button`
    t =    59.27s         Checking existence of `"challengeHint" Button`
    t =    59.32s Find the "challengeHint" Button
    t =    59.40s Tap "challengeHint" Button
    t =    59.40s     Wait for com.tacticalgo.prototype to idle
    t =    59.42s     Find the "challengeHint" Button
    t =    59.49s     Check for interrupting elements affecting "challengeHint" Button
    t =    59.64s     Synthesize event
    t =    59.98s     Wait for com.tacticalgo.prototype to idle
    t =    59.99s Checking existence of `StaticText (First Match)`
    t =    60.12s Added attachment named 'challenge-retry-optional-hint'
    t =    60.13s Tear Down
Test Case '-[TacticalGoUITests.PlayableGameTests testChallengeFailureUndoRetryAndHintsAreOptional]' passed (60.342 seconds).
Test Case '-[TacticalGoUITests.PlayableGameTests testChallengeResumeReplaysJournalAndAccessiblePicker]' started.
    t =     0.00s Start Test at 2026-10-09 22:22:59.437
    t =     0.05s Set Up
    t =     0.05s Open com.tacticalgo.prototype
    t =     0.06s     Launch com.tacticalgo.prototype
    t =     0.06s         Terminate com.tacticalgo.prototype:83762
2026-10-09 22:23:00.764 xcodebuild[83580:7038482] [MT] IDELaunchParametersSnapshot: The operation couldn’t be completed. (DebuggerLLDB.DebuggerVersionStore.StoreError error 0.)
2026-10-09 22:23:00.767 xcodebuild[83580:7038482] [MT] IDELaunchParametersSnapshot: no debugger version
    t =     2.51s         Setting up automation session
    t =     7.81s         Wait for com.tacticalgo.prototype to idle
    t =    11.39s Find the "challenge-rogue-finish" Button
    t =    11.82s Swipe up Target Application 'com.tacticalgo.prototype'
    t =    11.82s     Wait for com.tacticalgo.prototype to idle
    t =    11.82s     Find the Target Application 'com.tacticalgo.prototype'
    t =    11.86s     Check for interrupting elements affecting "TacticalGo" Application
    t =    11.91s     Synthesize event
2026-10-09 22:23:11.517 xcodebuild[83580:7038482] [MT] IDERunDestination: Supported platforms for the buildables in the current scheme is empty.
    t =    12.36s     Wait for com.tacticalgo.prototype to idle
    t =    12.87s Find the "challenge-rogue-finish" Button
    t =    12.91s Waiting 5.0s for "challenge-rogue-finish" Button to exist
    t =    13.99s     Checking `Expect predicate `existsNoRetry == 1` for object "challenge-rogue-finish" Button`
    t =    13.99s         Checking existence of `"challenge-rogue-finish" Button`
2026-10-09 22:23:13.491 xcodebuild[83580:7038482] [MT] IDERunDestination: Supported platforms for the buildables in the current scheme is empty.
    t =    14.07s Find the "challenge-rogue-finish" Button
    t =    14.12s Tap "challenge-rogue-finish" Button
    t =    14.12s     Wait for com.tacticalgo.prototype to idle
    t =    14.12s     Find the "challenge-rogue-finish" Button
    t =    14.16s     Check for interrupting elements affecting "challenge-rogue-finish" Button
    t =    14.24s     Synthesize event
    t =    14.54s     Wait for com.tacticalgo.prototype to idle
    t =    14.54s Find the "challengeSkill" Button
    t =    14.59s Waiting 5.0s for "challengeSkill" Button to exist
    t =    15.65s     Checking `Expect predicate `existsNoRetry == 1` for object "challengeSkill" Button`
    t =    15.65s         Checking existence of `"challengeSkill" Button`
    t =    15.69s Find the "challengeSkill" Button
2026-10-09 22:23:15.140 xcodebuild[83580:7038482] [MT] IDERunDestination: Supported platforms for the buildables in the current scheme is empty.
    t =    15.75s Tap "challengeSkill" Button
    t =    15.75s     Wait for com.tacticalgo.prototype to idle
    t =    15.75s     Find the "challengeSkill" Button
    t =    15.78s     Check for interrupting elements affecting "challengeSkill" Button
    t =    15.82s     Synthesize event
    t =    16.12s     Wait for com.tacticalgo.prototype to idle
    t =    16.12s Find the "challengeArena" Other
    t =    16.16s Find the "challengeArena" Other
    t =    16.23s Find the "challengeArena" Other
    t =    16.25s Find the Target Application 'com.tacticalgo.prototype'
    t =    16.27s Waiting 10.0s for "challengeArena" Other to exist
    t =    17.30s     Checking `Expect predicate `existsNoRetry == 1` for object "challengeArena" Other`
    t =    17.30s         Checking existence of `"challengeArena" Other`
    t =    17.33s Tap "challengeArena" Other[0.50, 0.40]
    t =    17.33s     Wait for com.tacticalgo.prototype to idle
    t =    17.34s     Find the "challengeArena" Other
    t =    17.36s     Check for interrupting elements affecting "challengeArena" Other
    t =    17.39s     Synthesize event
    t =    17.39s         Find the "challengeArena" Other
    t =    17.42s         Find the "challengeArena" Other
    t =    17.45s         Find the "challengeArena" Other
    t =    17.76s     Wait for com.tacticalgo.prototype to idle
    t =    17.76s Find the "challengeConfirm" Button
    t =    17.82s Waiting 5.0s for "challengeConfirm" Button to exist
    t =    18.85s     Checking `Expect predicate `existsNoRetry == 1` for object "challengeConfirm" Button`
    t =    18.85s         Checking existence of `"challengeConfirm" Button`
    t =    18.88s Find the "challengeConfirm" Button
    t =    18.91s Tap "challengeConfirm" Button
    t =    18.91s     Wait for com.tacticalgo.prototype to idle
    t =    18.91s     Find the "challengeConfirm" Button
    t =    18.94s     Check for interrupting elements affecting "challengeConfirm" Button
    t =    18.96s     Synthesize event
    t =    19.25s     Wait for com.tacticalgo.prototype to idle
    t =    19.25s Find the "challengeResources" StaticText
    t =    19.30s Terminate com.tacticalgo.prototype:84147
    t =    20.36s Open com.tacticalgo.prototype
    t =    20.36s     Launch com.tacticalgo.prototype
2026-10-09 22:23:19.804 xcodebuild[83580:7038482] [MT] IDELaunchParametersSnapshot: The operation couldn’t be completed. (DebuggerLLDB.DebuggerVersionStore.StoreError error 0.)
2026-10-09 22:23:19.804 xcodebuild[83580:7038482] [MT] IDELaunchParametersSnapshot: no debugger version
    t =    20.99s         Setting up automation session
    t =    22.61s         Wait for com.tacticalgo.prototype to idle
2026-10-09 22:23:23.208 xcodebuild[83580:7038482] [MT] IDERunDestination: Supported platforms for the buildables in the current scheme is empty.
    t =    24.43s Waiting 10.0s for "challengeTitle" StaticText to exist
    t =    25.49s     Checking `Expect predicate `existsNoRetry == 1` for object "challengeTitle" StaticText`
    t =    25.49s         Checking existence of `"challengeTitle" StaticText`
    t =    25.67s Find the "challengeResources" StaticText
    t =    25.72s Find the "challengeSoldier" Button
    t =    25.79s Waiting 5.0s for "challengeSoldier" Button to exist
    t =    26.80s     Checking `Expect predicate `existsNoRetry == 1` for object "challengeSoldier" Button`
    t =    26.81s         Checking existence of `"challengeSoldier" Button`
    t =    26.85s Find the "challengeSoldier" Button
    t =    26.90s Tap "challengeSoldier" Button
    t =    26.90s     Wait for com.tacticalgo.prototype to idle
    t =    26.90s     Find the "challengeSoldier" Button
    t =    26.95s     Check for interrupting elements affecting "challengeSoldier" Button
    t =    26.99s     Synthesize event
    t =    27.29s     Wait for com.tacticalgo.prototype to idle
    t =    27.29s Find the "challengePoints" Button
    t =    27.52s Waiting 5.0s for "challengePoints" Button to exist
    t =    28.56s     Checking `Expect predicate `existsNoRetry == 1` for object "challengePoints" Button`
    t =    28.56s         Checking existence of `"challengePoints" Button`
    t =    28.60s Find the "challengePoints" Button
    t =    28.64s Tap "challengePoints" Button
    t =    28.64s     Wait for com.tacticalgo.prototype to idle
    t =    28.64s     Find the "challengePoints" Button
    t =    28.67s     Check for interrupting elements affecting "challengePoints" Button
    t =    28.73s     Synthesize event
    t =    29.03s     Wait for com.tacticalgo.prototype to idle
    t =    29.07s Waiting 5.0s for "challengePoint-4-1" Button to exist
    t =    30.08s     Checking `Expect predicate `existsNoRetry == 1` for object "challengePoint-4-1" Button`
    t =    30.08s         Checking existence of `"challengePoint-4-1" Button`
    t =    30.28s Find the "challengePoint-4-1" Button
    t =    30.36s Tap "challengePoint-4-1" Button
    t =    30.37s     Wait for com.tacticalgo.prototype to idle
    t =    30.37s     Find the "challengePoint-4-1" Button
    t =    30.46s     Check for interrupting elements affecting "challengePoint-4-1" Button
    t =    30.54s     Synthesize event
    t =    30.85s     Wait for com.tacticalgo.prototype to idle
    t =    31.35s Find the "challengeResources" StaticText
    t =    31.44s Find the "challengeCancel" Button
    t =    31.50s Waiting 5.0s for "challengeCancel" Button to exist
    t =    32.54s     Checking `Expect predicate `existsNoRetry == 1` for object "challengeCancel" Button`
    t =    32.55s         Checking existence of `"challengeCancel" Button`
    t =    32.61s Find the "challengeCancel" Button
    t =    32.67s Tap "challengeCancel" Button
    t =    32.67s     Wait for com.tacticalgo.prototype to idle
    t =    32.67s     Find the "challengeCancel" Button
    t =    32.72s     Check for interrupting elements affecting "challengeCancel" Button
    t =    32.77s     Synthesize event
    t =    33.07s     Wait for com.tacticalgo.prototype to idle
    t =    33.08s Find the "challengeConfirm" Button
    t =    33.11s Find the "challengeArena" Other
    t =    33.16s Find the "challengeArena" Other
    t =    33.20s Find the "challengeArena" Other
    t =    33.24s Find the Target Application 'com.tacticalgo.prototype'
    t =    33.26s Waiting 10.0s for "challengeArena" Other to exist
    t =    34.31s     Checking `Expect predicate `existsNoRetry == 1` for object "challengeArena" Other`
    t =    34.31s         Checking existence of `"challengeArena" Other`
    t =    34.42s Tap "challengeArena" Other[0.63, 0.29]
    t =    34.42s     Wait for com.tacticalgo.prototype to idle
2026-10-09 22:23:34.126 xcodebuild[83580:7038482] [MT] IDERunDestination: Supported platforms for the buildables in the current scheme is empty.
    t =    34.66s     Find the "challengeArena" Other
    t =    34.76s     Check for interrupting elements affecting "challengeArena" Other
    t =    34.84s     Synthesize event
    t =    34.84s         Find the "challengeArena" Other
    t =    34.89s         Find the "challengeArena" Other
    t =    34.94s         Find the "challengeArena" Other
2026-10-09 22:23:34.455 xcodebuild[83580:7038482] [MT] IDERunDestination: Supported platforms for the buildables in the current scheme is empty.
    t =    35.28s     Wait for com.tacticalgo.prototype to idle
    t =    35.29s Find the "challengeConfirm" Button
    t =    35.35s Waiting 5.0s for "challengeConfirm" Button to exist
    t =    36.41s     Checking `Expect predicate `existsNoRetry == 1` for object "challengeConfirm" Button`
    t =    36.41s         Checking existence of `"challengeConfirm" Button`
    t =    36.46s Find the "challengeConfirm" Button
    t =    36.54s Tap "challengeConfirm" Button
    t =    36.54s     Wait for com.tacticalgo.prototype to idle
    t =    36.54s     Find the "challengeConfirm" Button
    t =    36.59s     Check for interrupting elements affecting "challengeConfirm" Button
    t =    36.63s     Synthesize event
    t =    36.94s     Wait for com.tacticalgo.prototype to idle
    t =    36.94s Terminate com.tacticalgo.prototype:84377
    t =    38.04s Open com.tacticalgo.prototype
    t =    38.04s     Launch com.tacticalgo.prototype
2026-10-09 22:23:37.487 xcodebuild[83580:7038482] [MT] IDELaunchParametersSnapshot: The operation couldn’t be completed. (DebuggerLLDB.DebuggerVersionStore.StoreError error 0.)
2026-10-09 22:23:37.487 xcodebuild[83580:7038482] [MT] IDELaunchParametersSnapshot: no debugger version
    t =    38.27s         Setting up automation session
    t =    40.77s         Wait for com.tacticalgo.prototype to idle
    t =    43.28s Waiting 10.0s for "challengeResult" StaticText to exist
    t =    44.35s     Checking `Expect predicate `existsNoRetry == 1` for object "challengeResult" StaticText`
    t =    44.35s         Checking existence of `"challengeResult" StaticText`
    t =    44.89s Find the "challengeResult" StaticText
    t =    45.02s Find the "challengeUndo" Button
    t =    45.23s Waiting 5.0s for "challengeUndo" Button to exist
    t =    46.26s     Checking `Expect predicate `existsNoRetry == 1` for object "challengeUndo" Button`
    t =    46.26s         Checking existence of `"challengeUndo" Button`
    t =    46.35s Find the "challengeUndo" Button
    t =    46.41s Tap "challengeUndo" Button
    t =    46.41s     Wait for com.tacticalgo.prototype to idle
    t =    46.42s     Find the "challengeUndo" Button
    t =    46.46s     Check for interrupting elements affecting "challengeUndo" Button
    t =    46.52s     Synthesize event
    t =    46.85s     Wait for com.tacticalgo.prototype to idle
    t =    46.85s Find the "challengeResources" StaticText
    t =    46.97s Added attachment named 'challenge-relaunch-completion-undo-replay'
    t =    46.98s Tear Down
Test Case '-[TacticalGoUITests.PlayableGameTests testChallengeResumeReplaysJournalAndAccessiblePicker]' passed (47.222 seconds).
Test Case '-[TacticalGoUITests.PlayableGameTests testChallengeSixRealSolutionsAndImmediateCompletionLock]' started.
    t =     0.00s Start Test at 2026-10-09 22:23:46.661
    t =     0.05s Set Up
    t =     0.05s Open com.tacticalgo.prototype
    t =     0.05s     Launch com.tacticalgo.prototype
    t =     0.05s         Terminate com.tacticalgo.prototype:84473
2026-10-09 22:23:48.069 xcodebuild[83580:7038482] [MT] IDELaunchParametersSnapshot: The operation couldn’t be completed. (DebuggerLLDB.DebuggerVersionStore.StoreError error 0.)
2026-10-09 22:23:48.069 xcodebuild[83580:7038482] [MT] IDELaunchParametersSnapshot: no debugger version
    t =     2.35s         Setting up automation session
    t =     4.63s         Wait for com.tacticalgo.prototype to idle
    t =     6.94s Waiting 10.0s for "challengeCatalog" StaticText to exist
    t =     8.06s     Checking `Expect predicate `existsNoRetry == 1` for object "challengeCatalog" StaticText`
    t =     8.07s         Checking existence of `"challengeCatalog" StaticText`
    t =     8.40s Find the "challenge-warrior-rescue" Button
    t =     8.52s Waiting 5.0s for "challenge-warrior-rescue" Button to exist
    t =     9.55s     Checking `Expect predicate `existsNoRetry == 1` for object "challenge-warrior-rescue" Button`
    t =     9.56s         Checking existence of `"challenge-warrior-rescue" Button`
    t =     9.60s Find the "challenge-warrior-rescue" Button
    t =     9.67s Tap "challenge-warrior-rescue" Button
    t =     9.67s     Wait for com.tacticalgo.prototype to idle
    t =     9.67s     Find the "challenge-warrior-rescue" Button
    t =     9.73s     Check for interrupting elements affecting "challenge-warrior-rescue" Button
    t =     9.84s     Synthesize event
    t =    10.19s     Wait for com.tacticalgo.prototype to idle
    t =    10.20s Find the "challengeResources" StaticText
    t =    10.29s Checking existence of `"botStatus" Any`
    t =    10.33s Find the "challengeSkill" Button
    t =    10.40s Waiting 5.0s for "challengeSkill" Button to exist
    t =    11.45s     Checking `Expect predicate `existsNoRetry == 1` for object "challengeSkill" Button`
    t =    11.45s         Checking existence of `"challengeSkill" Button`
    t =    11.50s Find the "challengeSkill" Button
    t =    11.62s Tap "challengeSkill" Button
    t =    11.62s     Wait for com.tacticalgo.prototype to idle
    t =    11.62s     Find the "challengeSkill" Button
    t =    11.67s     Check for interrupting elements affecting "challengeSkill" Button
    t =    11.72s     Synthesize event
    t =    12.03s     Wait for com.tacticalgo.prototype to idle
    t =    12.07s Find the "challengeArena" Other
    t =    12.35s Find the "challengeArena" Other
    t =    12.41s Find the "challengeArena" Other
    t =    12.47s Find the Target Application 'com.tacticalgo.prototype'
    t =    12.50s Waiting 10.0s for "challengeArena" Other to exist
    t =    13.55s     Checking `Expect predicate `existsNoRetry == 1` for object "challengeArena" Other`
    t =    13.62s         Checking existence of `"challengeArena" Other`
    t =    14.07s Tap "challengeArena" Other[0.12, 0.29]
    t =    14.07s     Wait for com.tacticalgo.prototype to idle
    t =    14.10s     Find the "challengeArena" Other
    t =    14.22s     Check for interrupting elements affecting "challengeArena" Other
    t =    14.44s     Synthesize event
    t =    14.44s         Find the "challengeArena" Other
    t =    14.52s         Find the "challengeArena" Other
    t =    14.60s         Find the "challengeArena" Other
    t =    15.01s     Wait for com.tacticalgo.prototype to idle
    t =    15.01s Find the "challengeArena" Other
    t =    15.08s Find the "challengeArena" Other
    t =    15.13s Find the "challengeArena" Other
    t =    15.18s Find the Target Application 'com.tacticalgo.prototype'
    t =    15.21s Waiting 10.0s for "challengeArena" Other to exist
    t =    16.23s     Checking `Expect predicate `existsNoRetry == 1` for object "challengeArena" Other`
    t =    16.23s         Checking existence of `"challengeArena" Other`
    t =    16.28s Tap "challengeArena" Other[0.25, 0.18]
    t =    16.28s     Wait for com.tacticalgo.prototype to idle
    t =    16.29s     Find the "challengeArena" Other
    t =    16.34s     Check for interrupting elements affecting "challengeArena" Other
    t =    16.38s     Synthesize event
    t =    16.38s         Find the "challengeArena" Other
    t =    16.46s         Find the "challengeArena" Other
    t =    16.53s         Find the "challengeArena" Other
    t =    16.88s     Wait for com.tacticalgo.prototype to idle
    t =    16.89s Find the "challengeResources" StaticText
    t =    16.96s Find the "challengeConfirm" Button
    t =    17.10s Added attachment named 'challenge-warrior-rescue-core-preview'
    t =    17.10s Find the "challengeResources" StaticText
    t =    17.38s Find the "challengeConfirm" Button
    t =    17.52s Waiting 5.0s for "challengeConfirm" Button to exist
2026-10-09 22:24:04.827 xcodebuild[83580:7038482] [MT] IDERunDestination: Supported platforms for the buildables in the current scheme is empty.
    t =    18.54s     Checking `Expect predicate `existsNoRetry == 1` for object "challengeConfirm" Button`
    t =    18.54s         Checking existence of `"challengeConfirm" Button`
    t =    18.61s Find the "challengeConfirm" Button
    t =    18.69s Tap "challengeConfirm" Button
    t =    18.69s     Wait for com.tacticalgo.prototype to idle
    t =    18.69s     Find the "challengeConfirm" Button
    t =    19.04s     Check for interrupting elements affecting "challengeConfirm" Button
    t =    19.19s     Synthesize event
    t =    19.52s     Wait for com.tacticalgo.prototype to idle
    t =    19.52s Find the "challengeResources" StaticText
    t =    19.62s Find the "challengeSoldier" Button
    t =    19.85s Waiting 5.0s for "challengeSoldier" Button to exist
2026-10-09 22:24:06.612 xcodebuild[83580:7038482] [MT] IDERunDestination: Supported platforms for the buildables in the current scheme is empty.
    t =    20.91s     Checking `Expect predicate `existsNoRetry == 1` for object "challengeSoldier" Button`
    t =    20.91s         Checking existence of `"challengeSoldier" Button`
    t =    20.97s Find the "challengeSoldier" Button
    t =    21.08s Tap "challengeSoldier" Button
    t =    21.08s     Wait for com.tacticalgo.prototype to idle
    t =    21.09s     Find the "challengeSoldier" Button
    t =    21.15s     Check for interrupting elements affecting "challengeSoldier" Button
    t =    21.22s     Synthesize event
    t =    21.53s     Wait for com.tacticalgo.prototype to idle
    t =    21.54s Find the "challengeArena" Other
    t =    21.65s Find the "challengeArena" Other
    t =    21.73s Find the "challengeArena" Other
    t =    21.82s Find the Target Application 'com.tacticalgo.prototype'
    t =    21.85s Waiting 10.0s for "challengeArena" Other to exist
2026-10-09 22:24:09.312 xcodebuild[83580:7038482] [MT] IDERunDestination: Supported platforms for the buildables in the current scheme is empty.
    t =    22.90s     Checking `Expect predicate `existsNoRetry == 1` for object "challengeArena" Other`
    t =    22.90s         Checking existence of `"challengeArena" Other`
    t =    22.96s Tap "challengeArena" Other[0.38, 0.18]
    t =    22.96s     Wait for com.tacticalgo.prototype to idle
    t =    22.96s     Find the "challengeArena" Other
    t =    23.06s     Check for interrupting elements affecting "challengeArena" Other
    t =    23.12s     Synthesize event
    t =    23.13s         Find the "challengeArena" Other
    t =    23.20s         Find the "challengeArena" Other
    t =    23.26s         Find the "challengeArena" Other
    t =    23.61s     Wait for com.tacticalgo.prototype to idle
    t =    23.61s Find the "challengeConfirm" Button
    t =    23.67s Waiting 5.0s for "challengeConfirm" Button to exist
2026-10-09 22:24:10.495 xcodebuild[83580:7038482] [MT] IDERunDestination: Supported platforms for the buildables in the current scheme is empty.
    t =    24.73s     Checking `Expect predicate `existsNoRetry == 1` for object "challengeConfirm" Button`
    t =    24.73s         Checking existence of `"challengeConfirm" Button`
    t =    24.76s Find the "challengeConfirm" Button
    t =    24.81s Tap "challengeConfirm" Button
    t =    24.81s     Wait for com.tacticalgo.prototype to idle
    t =    24.81s     Find the "challengeConfirm" Button
    t =    24.84s     Check for interrupting elements affecting "challengeConfirm" Button
    t =    24.89s     Synthesize event
    t =    25.20s     Wait for com.tacticalgo.prototype to idle
    t =    25.22s Waiting 5.0s for "challengeResult" StaticText to exist
    t =    26.26s     Checking `Expect predicate `existsNoRetry == 1` for object "challengeResult" StaticText`
    t =    26.27s         Checking existence of `"challengeResult" StaticText`
    t =    26.39s Find the "challengeResult" StaticText
    t =    26.48s Find the "challengeResources" StaticText
    t =    26.63s Find the "challengeResources" StaticText
    t =    26.71s Checking existence of `"challengeConfirm" Button`
    t =    26.84s Find the "challengeResources" StaticText
    t =    27.06s Find the "challengeArena" Other
    t =    27.27s Find the "challengeArena" Other
    t =    27.41s Find the "challengeArena" Other
    t =    27.53s Find the Target Application 'com.tacticalgo.prototype'
    t =    27.62s Waiting 10.0s for "challengeArena" Other to exist
    t =    28.66s     Checking `Expect predicate `existsNoRetry == 1` for object "challengeArena" Other`
    t =    28.67s         Checking existence of `"challengeArena" Other`
    t =    28.81s Tap "challengeArena" Other[0.93, 0.83]
    t =    28.81s     Wait for com.tacticalgo.prototype to idle
    t =    28.81s     Find the "challengeArena" Other
    t =    28.87s     Check for interrupting elements affecting "challengeArena" Other
    t =    29.05s     Synthesize event
    t =    29.06s         Find the "challengeArena" Other
    t =    29.19s         Find the "challengeArena" Other
    t =    29.27s         Find the "challengeArena" Other
    t =    29.62s     Wait for com.tacticalgo.prototype to idle
    t =    29.63s Find the "challengeResources" StaticText
    t =    30.02s Added attachment named 'challenge-warrior-rescue-completed-lock'
    t =    30.02s Tap "challengeBack" Button
    t =    30.03s     Wait for com.tacticalgo.prototype to idle
    t =    30.03s     Find the "challengeBack" Button
    t =    30.10s     Check for interrupting elements affecting "challengeBack" Button
    t =    30.14s     Synthesize event
    t =    30.45s     Wait for com.tacticalgo.prototype to idle
    t =    30.54s Find the "challenge-warrior-counterattack" Button
    t =    30.62s Waiting 5.0s for "challenge-warrior-counterattack" Button to exist
    t =    31.67s     Checking `Expect predicate `existsNoRetry == 1` for object "challenge-warrior-counterattack" Button`
    t =    31.67s         Checking existence of `"challenge-warrior-counterattack" Button`
    t =    31.74s Find the "challenge-warrior-counterattack" Button
    t =    31.94s Tap "challenge-warrior-counterattack" Button
    t =    31.94s     Wait for com.tacticalgo.prototype to idle
    t =    31.95s     Find the "challenge-warrior-counterattack" Button
    t =    32.11s     Check for interrupting elements affecting "challenge-warrior-counterattack" Button
    t =    32.18s     Synthesize event
    t =    32.50s     Wait for com.tacticalgo.prototype to idle
    t =    32.50s Find the "challengeResources" StaticText
    t =    32.57s Checking existence of `"botStatus" Any`
    t =    32.66s Find the "challengeSkill" Button
    t =    32.73s Waiting 5.0s for "challengeSkill" Button to exist
    t =    33.78s     Checking `Expect predicate `existsNoRetry == 1` for object "challengeSkill" Button`
    t =    33.78s         Checking existence of `"challengeSkill" Button`
    t =    33.83s Find the "challengeSkill" Button
    t =    33.89s Tap "challengeSkill" Button
    t =    33.89s     Wait for com.tacticalgo.prototype to idle
    t =    33.89s     Find the "challengeSkill" Button
    t =    33.93s     Check for interrupting elements affecting "challengeSkill" Button
    t =    33.98s     Synthesize event
    t =    34.28s     Wait for com.tacticalgo.prototype to idle
    t =    34.29s Find the "challengeArena" Other
    t =    34.38s Find the "challengeArena" Other
    t =    34.45s Find the "challengeArena" Other
2026-10-09 22:24:21.200 xcodebuild[83580:7038482] [MT] IDERunDestination: Supported platforms for the buildables in the current scheme is empty.
    t =    34.51s Find the Target Application 'com.tacticalgo.prototype'
    t =    34.58s Waiting 10.0s for "challengeArena" Other to exist
2026-10-09 22:24:21.423 xcodebuild[83580:7038482] [MT] IDERunDestination: Supported platforms for the buildables in the current scheme is empty.
    t =    35.62s     Checking `Expect predicate `existsNoRetry == 1` for object "challengeArena" Other`
    t =    35.63s         Checking existence of `"challengeArena" Other`
    t =    35.69s Tap "challengeArena" Other[0.50, 0.40]
    t =    35.69s     Wait for com.tacticalgo.prototype to idle
    t =    35.69s     Find the "challengeArena" Other
    t =    35.74s     Check for interrupting elements affecting "challengeArena" Other
    t =    35.81s     Synthesize event
    t =    35.81s         Find the "challengeArena" Other
    t =    35.85s         Find the "challengeArena" Other
    t =    35.90s         Find the "challengeArena" Other
    t =    36.24s     Wait for com.tacticalgo.prototype to idle
    t =    36.25s Find the "challengeArena" Other
    t =    36.31s Find the "challengeArena" Other
    t =    36.42s Find the "challengeArena" Other
    t =    36.47s Find the Target Application 'com.tacticalgo.prototype'
    t =    36.50s Waiting 10.0s for "challengeArena" Other to exist
    t =    37.50s     Checking `Expect predicate `existsNoRetry == 1` for object "challengeArena" Other`
    t =    37.51s         Checking existence of `"challengeArena" Other`
    t =    37.55s Tap "challengeArena" Other[0.63, 0.51]
    t =    37.55s     Wait for com.tacticalgo.prototype to idle
    t =    37.55s     Find the "challengeArena" Other
    t =    37.59s     Check for interrupting elements affecting "challengeArena" Other
    t =    37.65s     Synthesize event
    t =    37.65s         Find the "challengeArena" Other
    t =    37.70s         Find the "challengeArena" Other
    t =    37.75s         Find the "challengeArena" Other
    t =    38.07s     Wait for com.tacticalgo.prototype to idle
    t =    38.08s Find the "challengeResources" StaticText
    t =    38.11s Find the "challengeConfirm" Button
    t =    38.19s Added attachment named 'challenge-warrior-counterattack-core-preview'
    t =    38.19s Find the "challengeResources" StaticText
    t =    38.23s Find the "challengeConfirm" Button
    t =    38.30s Waiting 5.0s for "challengeConfirm" Button to exist
    t =    39.35s     Checking `Expect predicate `existsNoRetry == 1` for object "challengeConfirm" Button`
    t =    39.35s         Checking existence of `"challengeConfirm" Button`
    t =    39.39s Find the "challengeConfirm" Button
    t =    39.43s Tap "challengeConfirm" Button
    t =    39.43s     Wait for com.tacticalgo.prototype to idle
    t =    39.43s     Find the "challengeConfirm" Button
    t =    39.47s     Check for interrupting elements affecting "challengeConfirm" Button
    t =    39.53s     Synthesize event
    t =    39.82s     Wait for com.tacticalgo.prototype to idle
    t =    39.83s Find the "challengeResources" StaticText
    t =    39.87s Find the "challengeSoldier" Button
    t =    39.92s Waiting 5.0s for "challengeSoldier" Button to exist
    t =    40.94s     Checking `Expect predicate `existsNoRetry == 1` for object "challengeSoldier" Button`
    t =    40.94s         Checking existence of `"challengeSoldier" Button`
    t =    40.99s Find the "challengeSoldier" Button
    t =    41.08s Tap "challengeSoldier" Button
    t =    41.08s     Wait for com.tacticalgo.prototype to idle
    t =    41.08s     Find the "challengeSoldier" Button
    t =    41.12s     Check for interrupting elements affecting "challengeSoldier" Button
    t =    41.16s     Synthesize event
    t =    41.47s     Wait for com.tacticalgo.prototype to idle
    t =    41.47s Find the "challengeArena" Other
    t =    41.53s Find the "challengeArena" Other
    t =    41.59s Find the "challengeArena" Other
    t =    41.63s Find the Target Application 'com.tacticalgo.prototype'
    t =    41.66s Waiting 10.0s for "challengeArena" Other to exist
    t =    42.67s     Checking `Expect predicate `existsNoRetry == 1` for object "challengeArena" Other`
    t =    42.68s         Checking existence of `"challengeArena" Other`
    t =    42.72s Tap "challengeArena" Other[0.77, 0.51]
    t =    42.72s     Wait for com.tacticalgo.prototype to idle
    t =    42.72s     Find the "challengeArena" Other
    t =    42.76s     Check for interrupting elements affecting "challengeArena" Other
    t =    42.81s     Synthesize event
    t =    42.81s         Find the "challengeArena" Other
    t =    42.85s         Find the "challengeArena" Other
    t =    42.90s         Find the "challengeArena" Other
    t =    43.23s     Wait for com.tacticalgo.prototype to idle
    t =    43.24s Find the "challengeConfirm" Button
    t =    43.28s Waiting 5.0s for "challengeConfirm" Button to exist
    t =    44.32s     Checking `Expect predicate `existsNoRetry == 1` for object "challengeConfirm" Button`
    t =    44.32s         Checking existence of `"challengeConfirm" Button`
    t =    44.36s Find the "challengeConfirm" Button
    t =    44.41s Tap "challengeConfirm" Button
    t =    44.41s     Wait for com.tacticalgo.prototype to idle
    t =    44.42s     Find the "challengeConfirm" Button
    t =    44.46s     Check for interrupting elements affecting "challengeConfirm" Button
    t =    44.49s     Synthesize event
    t =    44.79s     Wait for com.tacticalgo.prototype to idle
    t =    44.79s Waiting 5.0s for "challengeResult" StaticText to exist
    t =    45.80s     Checking `Expect predicate `existsNoRetry == 1` for object "challengeResult" StaticText`
    t =    45.81s         Checking existence of `"challengeResult" StaticText`
    t =    45.86s Find the "challengeResult" StaticText
    t =    45.91s Find the "challengeResources" StaticText
    t =    45.94s Find the "challengeResources" StaticText
    t =    45.99s Checking existence of `"challengeConfirm" Button`
    t =    46.02s Find the "challengeResources" StaticText
    t =    46.04s Find the "challengeArena" Other
    t =    46.09s Find the "challengeArena" Other
    t =    46.13s Find the "challengeArena" Other
    t =    46.16s Find the Target Application 'com.tacticalgo.prototype'
    t =    46.18s Waiting 10.0s for "challengeArena" Other to exist
    t =    47.21s     Checking `Expect predicate `existsNoRetry == 1` for object "challengeArena" Other`
    t =    47.21s         Checking existence of `"challengeArena" Other`
    t =    47.27s Tap "challengeArena" Other[0.93, 0.83]
    t =    47.27s     Wait for com.tacticalgo.prototype to idle
    t =    47.28s     Find the "challengeArena" Other
    t =    47.31s     Check for interrupting elements affecting "challengeArena" Other
    t =    47.35s     Synthesize event
    t =    47.35s         Find the "challengeArena" Other
    t =    47.40s         Find the "challengeArena" Other
    t =    47.44s         Find the "challengeArena" Other
    t =    47.77s     Wait for com.tacticalgo.prototype to idle
    t =    47.77s Find the "challengeResources" StaticText
    t =    47.86s Added attachment named 'challenge-warrior-counterattack-completed-lock'
    t =    47.86s Tap "challengeBack" Button
    t =    47.86s     Wait for com.tacticalgo.prototype to idle
    t =    47.87s     Find the "challengeBack" Button
    t =    47.90s     Check for interrupting elements affecting "challengeBack" Button
    t =    47.93s     Synthesize event
    t =    48.23s     Wait for com.tacticalgo.prototype to idle
    t =    48.24s Find the "challenge-mage-split" Button
    t =    48.32s Waiting 5.0s for "challenge-mage-split" Button to exist
    t =    49.36s     Checking `Expect predicate `existsNoRetry == 1` for object "challenge-mage-split" Button`
    t =    49.36s         Checking existence of `"challenge-mage-split" Button`
    t =    49.40s Find the "challenge-mage-split" Button
    t =    49.46s Tap "challenge-mage-split" Button
    t =    49.46s     Wait for com.tacticalgo.prototype to idle
    t =    49.47s     Find the "challenge-mage-split" Button
    t =    49.51s     Check for interrupting elements affecting "challenge-mage-split" Button
    t =    49.56s     Synthesize event
    t =    49.86s     Wait for com.tacticalgo.prototype to idle
    t =    49.95s Find the "challengeResources" StaticText
    t =    50.00s Checking existence of `"botStatus" Any`
    t =    50.04s Find the "challengeSkill" Button
    t =    50.10s Waiting 5.0s for "challengeSkill" Button to exist
    t =    51.17s     Checking `Expect predicate `existsNoRetry == 1` for object "challengeSkill" Button`
    t =    51.17s         Checking existence of `"challengeSkill" Button`
    t =    51.21s Find the "challengeSkill" Button
    t =    51.26s Tap "challengeSkill" Button
    t =    51.26s     Wait for com.tacticalgo.prototype to idle
    t =    51.27s     Find the "challengeSkill" Button
    t =    51.34s     Check for interrupting elements affecting "challengeSkill" Button
    t =    51.39s     Synthesize event
    t =    51.69s     Wait for com.tacticalgo.prototype to idle
    t =    51.70s Find the "challengeArena" Other
    t =    51.76s Find the "challengeArena" Other
    t =    51.81s Find the "challengeArena" Other
    t =    51.85s Find the Target Application 'com.tacticalgo.prototype'
    t =    51.87s Waiting 10.0s for "challengeArena" Other to exist
    t =    52.91s     Checking `Expect predicate `existsNoRetry == 1` for object "challengeArena" Other`
    t =    52.91s         Checking existence of `"challengeArena" Other`
    t =    52.99s Tap "challengeArena" Other[0.63, 0.40]
    t =    52.99s     Wait for com.tacticalgo.prototype to idle
    t =    53.00s     Find the "challengeArena" Other
    t =    53.06s     Check for interrupting elements affecting "challengeArena" Other
    t =    53.14s     Synthesize event
    t =    53.15s         Find the "challengeArena" Other
    t =    53.26s         Find the "challengeArena" Other
    t =    53.34s         Find the "challengeArena" Other
    t =    53.72s     Wait for com.tacticalgo.prototype to idle
    t =    53.72s Find the "challengeDirection-Down" Button
    t =    53.79s Waiting 5.0s for "challengeDirection-Down" Button to exist
    t =    54.83s     Checking `Expect predicate `existsNoRetry == 1` for object "challengeDirection-Down" Button`
    t =    54.84s         Checking existence of `"challengeDirection-Down" Button`
    t =    54.89s Find the "challengeDirection-Down" Button
    t =    54.95s Tap "challengeDirection-Down" Button
    t =    54.95s     Wait for com.tacticalgo.prototype to idle
    t =    54.95s     Find the "challengeDirection-Down" Button
    t =    54.98s     Check for interrupting elements affecting "challengeDirection-Down" Button
    t =    55.01s     Synthesize event
    t =    55.32s     Wait for com.tacticalgo.prototype to idle
    t =    55.33s Find the "challengeResources" StaticText
    t =    55.38s Find the "challengeConfirm" Button
    t =    55.45s Added attachment named 'challenge-mage-split-core-preview'
    t =    55.45s Find the "challengeResources" StaticText
    t =    55.48s Find the "challengeConfirm" Button
    t =    55.54s Waiting 5.0s for "challengeConfirm" Button to exist
    t =    56.60s     Checking `Expect predicate `existsNoRetry == 1` for object "challengeConfirm" Button`
    t =    56.60s         Checking existence of `"challengeConfirm" Button`
    t =    56.65s Find the "challengeConfirm" Button
    t =    56.69s Tap "challengeConfirm" Button
    t =    56.69s     Wait for com.tacticalgo.prototype to idle
    t =    56.69s     Find the "challengeConfirm" Button
    t =    56.73s     Check for interrupting elements affecting "challengeConfirm" Button
    t =    56.88s     Synthesize event
    t =    57.18s     Wait for com.tacticalgo.prototype to idle
    t =    57.19s Find the "challengeResources" StaticText
    t =    57.23s Find the "challengeSoldier" Button
    t =    57.32s Waiting 5.0s for "challengeSoldier" Button to exist
    t =    58.36s     Checking `Expect predicate `existsNoRetry == 1` for object "challengeSoldier" Button`
    t =    58.36s         Checking existence of `"challengeSoldier" Button`
    t =    58.47s Find the "challengeSoldier" Button
    t =    58.53s Tap "challengeSoldier" Button
    t =    58.53s     Wait for com.tacticalgo.prototype to idle
    t =    58.53s     Find the "challengeSoldier" Button
    t =    58.60s     Check for interrupting elements affecting "challengeSoldier" Button
    t =    58.68s     Synthesize event
    t =    59.01s     Wait for com.tacticalgo.prototype to idle
    t =    59.02s Find the "challengeArena" Other
    t =    59.11s Find the "challengeArena" Other
    t =    59.16s Find the "challengeArena" Other
    t =    59.21s Find the Target Application 'com.tacticalgo.prototype'
    t =    59.24s Waiting 10.0s for "challengeArena" Other to exist
    t =    60.27s     Checking `Expect predicate `existsNoRetry == 1` for object "challengeArena" Other`
    t =    60.27s         Checking existence of `"challengeArena" Other`
    t =    60.36s Tap "challengeArena" Other[0.63, 0.40]
    t =    60.36s     Wait for com.tacticalgo.prototype to idle
    t =    60.37s     Find the "challengeArena" Other
    t =    60.44s     Check for interrupting elements affecting "challengeArena" Other
    t =    60.49s     Synthesize event
    t =    60.50s         Find the "challengeArena" Other
    t =    60.56s         Find the "challengeArena" Other
    t =    60.63s         Find the "challengeArena" Other
    t =    60.97s     Wait for com.tacticalgo.prototype to idle
    t =    60.98s Find the "challengeConfirm" Button
    t =    61.13s Waiting 5.0s for "challengeConfirm" Button to exist
    t =    62.16s     Checking `Expect predicate `existsNoRetry == 1` for object "challengeConfirm" Button`
    t =    62.17s         Checking existence of `"challengeConfirm" Button`
    t =    62.26s Find the "challengeConfirm" Button
    t =    62.35s Tap "challengeConfirm" Button
    t =    62.35s     Wait for com.tacticalgo.prototype to idle
    t =    62.35s     Find the "challengeConfirm" Button
    t =    62.42s     Check for interrupting elements affecting "challengeConfirm" Button
    t =    62.49s     Synthesize event
    t =    62.80s     Wait for com.tacticalgo.prototype to idle
    t =    62.81s Waiting 5.0s for "challengeResult" StaticText to exist
2026-10-09 22:24:50.051 xcodebuild[83580:7038482] [MT] IDERunDestination: Supported platforms for the buildables in the current scheme is empty.
    t =    63.86s     Checking `Expect predicate `existsNoRetry == 1` for object "challengeResult" StaticText`
    t =    63.92s         Checking existence of `"challengeResult" StaticText`
    t =    64.03s Find the "challengeResult" StaticText
    t =    64.08s Find the "challengeResources" StaticText
    t =    64.33s Find the "challengeResources" StaticText
    t =    64.41s Checking existence of `"challengeConfirm" Button`
    t =    64.49s Find the "challengeResources" StaticText
    t =    64.56s Find the "challengeArena" Other
    t =    64.70s Find the "challengeArena" Other
    t =    64.93s Find the "challengeArena" Other
    t =    64.99s Find the Target Application 'com.tacticalgo.prototype'
    t =    65.02s Waiting 10.0s for "challengeArena" Other to exist
2026-10-09 22:24:51.857 xcodebuild[83580:7038482] [MT] IDERunDestination: Supported platforms for the buildables in the current scheme is empty.
    t =    66.08s     Checking `Expect predicate `existsNoRetry == 1` for object "challengeArena" Other`
    t =    66.08s         Checking existence of `"challengeArena" Other`
    t =    66.13s Tap "challengeArena" Other[0.93, 0.83]
    t =    66.13s     Wait for com.tacticalgo.prototype to idle
    t =    66.13s     Find the "challengeArena" Other
    t =    66.19s     Check for interrupting elements affecting "challengeArena" Other
    t =    66.24s     Synthesize event
    t =    66.24s         Find the "challengeArena" Other
    t =    66.29s         Find the "challengeArena" Other
    t =    66.34s         Find the "challengeArena" Other
2026-10-09 22:24:53.167 xcodebuild[83580:7038482] [MT] IDERunDestination: Supported platforms for the buildables in the current scheme is empty.
    t =    66.69s     Wait for com.tacticalgo.prototype to idle
    t =    66.70s Find the "challengeResources" StaticText
    t =    66.83s Added attachment named 'challenge-mage-split-completed-lock'
    t =    66.83s Tap "challengeBack" Button
    t =    66.83s     Wait for com.tacticalgo.prototype to idle
    t =    66.84s     Find the "challengeBack" Button
    t =    66.89s     Check for interrupting elements affecting "challengeBack" Button
    t =    67.04s     Synthesize event
    t =    67.34s     Wait for com.tacticalgo.prototype to idle
    t =    67.80s Find the "challenge-mage-rescue" Button
    t =    67.92s Waiting 5.0s for "challenge-mage-rescue" Button to exist
    t =    68.97s     Checking `Expect predicate `existsNoRetry == 1` for object "challenge-mage-rescue" Button`
    t =    68.98s         Checking existence of `"challenge-mage-rescue" Button`
    t =    69.03s Find the "challenge-mage-rescue" Button
    t =    69.10s Tap "challenge-mage-rescue" Button
    t =    69.10s     Wait for com.tacticalgo.prototype to idle
    t =    69.10s     Find the "challenge-mage-rescue" Button
    t =    69.14s     Check for interrupting elements affecting "challenge-mage-rescue" Button
    t =    69.19s     Synthesize event
    t =    69.50s     Wait for com.tacticalgo.prototype to idle
    t =    69.55s Find the "challengeResources" StaticText
    t =    69.59s Checking existence of `"botStatus" Any`
    t =    69.64s Find the "challengeSkill" Button
    t =    69.72s Waiting 5.0s for "challengeSkill" Button to exist
    t =    70.78s     Checking `Expect predicate `existsNoRetry == 1` for object "challengeSkill" Button`
    t =    70.78s         Checking existence of `"challengeSkill" Button`
    t =    70.84s Find the "challengeSkill" Button
    t =    70.90s Tap "challengeSkill" Button
    t =    70.90s     Wait for com.tacticalgo.prototype to idle
    t =    70.91s     Find the "challengeSkill" Button
    t =    70.94s     Check for interrupting elements affecting "challengeSkill" Button
    t =    70.99s     Synthesize event
    t =    71.30s     Wait for com.tacticalgo.prototype to idle
    t =    71.30s Find the "challengeArena" Other
    t =    71.37s Find the "challengeArena" Other
    t =    71.42s Find the "challengeArena" Other
    t =    71.47s Find the Target Application 'com.tacticalgo.prototype'
    t =    71.50s Waiting 10.0s for "challengeArena" Other to exist
    t =    72.54s     Checking `Expect predicate `existsNoRetry == 1` for object "challengeArena" Other`
    t =    72.54s         Checking existence of `"challengeArena" Other`
    t =    72.60s Tap "challengeArena" Other[0.37, 0.40]
    t =    72.60s     Wait for com.tacticalgo.prototype to idle
    t =    72.60s     Find the "challengeArena" Other
    t =    72.64s     Check for interrupting elements affecting "challengeArena" Other
    t =    72.70s     Synthesize event
    t =    72.70s         Find the "challengeArena" Other
    t =    72.78s         Find the "challengeArena" Other
    t =    72.83s         Find the "challengeArena" Other
    t =    73.18s     Wait for com.tacticalgo.prototype to idle
    t =    73.19s Find the "challengeDirection-Down" Button
    t =    73.25s Waiting 5.0s for "challengeDirection-Down" Button to exist
    t =    74.31s     Checking `Expect predicate `existsNoRetry == 1` for object "challengeDirection-Down" Button`
    t =    74.31s         Checking existence of `"challengeDirection-Down" Button`
    t =    74.36s Find the "challengeDirection-Down" Button
    t =    74.42s Tap "challengeDirection-Down" Button
    t =    74.42s     Wait for com.tacticalgo.prototype to idle
    t =    74.42s     Find the "challengeDirection-Down" Button
    t =    74.46s     Check for interrupting elements affecting "challengeDirection-Down" Button
    t =    74.50s     Synthesize event
    t =    74.81s     Wait for com.tacticalgo.prototype to idle
    t =    74.82s Find the "challengeResources" StaticText
    t =    74.86s Find the "challengeConfirm" Button
    t =    74.94s Added attachment named 'challenge-mage-rescue-core-preview'
    t =    74.94s Find the "challengeResources" StaticText
    t =    74.97s Find the "challengeConfirm" Button
    t =    75.02s Swipe up Target Application 'com.tacticalgo.prototype'
    t =    75.02s     Wait for com.tacticalgo.prototype to idle
    t =    75.02s     Find the Target Application 'com.tacticalgo.prototype'
    t =    75.05s     Check for interrupting elements affecting "TacticalGo" Application
    t =    75.08s     Synthesize event
    t =    75.50s     Wait for com.tacticalgo.prototype to idle
    t =    75.97s Find the "challengeConfirm" Button
    t =    76.02s Waiting 5.0s for "challengeConfirm" Button to exist
    t =    77.04s     Checking `Expect predicate `existsNoRetry == 1` for object "challengeConfirm" Button`
    t =    77.04s         Checking existence of `"challengeConfirm" Button`
    t =    77.09s Find the "challengeConfirm" Button
    t =    77.13s Tap "challengeConfirm" Button
    t =    77.13s     Wait for com.tacticalgo.prototype to idle
    t =    77.22s     Find the "challengeConfirm" Button
    t =    77.25s     Check for interrupting elements affecting "challengeConfirm" Button
    t =    77.28s     Synthesize event
    t =    77.56s     Wait for com.tacticalgo.prototype to idle
    t =    77.57s Find the "challengeResources" StaticText
    t =    77.60s Find the "challengeSoldier" Button
    t =    77.64s Waiting 5.0s for "challengeSoldier" Button to exist
    t =    78.67s     Checking `Expect predicate `existsNoRetry == 1` for object "challengeSoldier" Button`
    t =    78.68s         Checking existence of `"challengeSoldier" Button`
    t =    78.74s Find the "challengeSoldier" Button
    t =    78.79s Tap "challengeSoldier" Button
    t =    78.79s     Wait for com.tacticalgo.prototype to idle
    t =    78.80s     Find the "challengeSoldier" Button
    t =    78.83s     Check for interrupting elements affecting "challengeSoldier" Button
    t =    78.86s     Synthesize event
    t =    79.16s     Wait for com.tacticalgo.prototype to idle
    t =    79.17s Find the "challengeArena" Other
    t =    79.22s Find the "challengeArena" Other
    t =    79.24s Find the "challengeArena" Other
    t =    79.26s Find the Target Application 'com.tacticalgo.prototype'
    t =    79.28s Waiting 10.0s for "challengeArena" Other to exist
    t =    80.31s     Checking `Expect predicate `existsNoRetry == 1` for object "challengeArena" Other`
    t =    80.31s         Checking existence of `"challengeArena" Other`
    t =    80.37s Tap "challengeArena" Other[0.37, 0.40]
    t =    80.37s     Wait for com.tacticalgo.prototype to idle
    t =    80.37s     Find the "challengeArena" Other
    t =    80.40s     Check for interrupting elements affecting "challengeArena" Other
    t =    80.44s     Synthesize event
    t =    80.45s         Find the "challengeArena" Other
    t =    80.48s         Find the "challengeArena" Other
    t =    80.51s         Find the "challengeArena" Other
    t =    80.83s     Wait for com.tacticalgo.prototype to idle
    t =    80.83s Find the "challengeConfirm" Button
    t =    80.87s Waiting 5.0s for "challengeConfirm" Button to exist
    t =    81.90s     Checking `Expect predicate `existsNoRetry == 1` for object "challengeConfirm" Button`
    t =    81.90s         Checking existence of `"challengeConfirm" Button`
    t =    81.97s Find the "challengeConfirm" Button
    t =    82.02s Tap "challengeConfirm" Button
    t =    82.02s     Wait for com.tacticalgo.prototype to idle
    t =    82.03s     Find the "challengeConfirm" Button
    t =    82.06s     Check for interrupting elements affecting "challengeConfirm" Button
    t =    82.11s     Synthesize event
    t =    82.41s     Wait for com.tacticalgo.prototype to idle
    t =    82.42s Waiting 5.0s for "challengeResult" StaticText to exist
    t =    83.46s     Checking `Expect predicate `existsNoRetry == 1` for object "challengeResult" StaticText`
    t =    83.47s         Checking existence of `"challengeResult" StaticText`
    t =    83.51s Find the "challengeResult" StaticText
    t =    83.55s Find the "challengeResources" StaticText
    t =    83.58s Find the "challengeResources" StaticText
    t =    83.62s Checking existence of `"challengeConfirm" Button`
    t =    83.65s Find the "challengeResources" StaticText
    t =    83.68s Find the "challengeArena" Other
    t =    83.73s Find the "challengeArena" Other
    t =    83.77s Find the "challengeArena" Other
    t =    83.81s Find the Target Application 'com.tacticalgo.prototype'
    t =    83.84s Waiting 10.0s for "challengeArena" Other to exist
    t =    84.87s     Checking `Expect predicate `existsNoRetry == 1` for object "challengeArena" Other`
    t =    84.87s         Checking existence of `"challengeArena" Other`
    t =    84.91s Tap "challengeArena" Other[0.93, 0.83]
    t =    84.91s     Wait for com.tacticalgo.prototype to idle
    t =    84.92s     Find the "challengeArena" Other
    t =    84.95s     Check for interrupting elements affecting "challengeArena" Other
    t =    85.00s     Synthesize event
    t =    85.00s         Find the "challengeArena" Other
    t =    85.04s         Find the "challengeArena" Other
    t =    85.08s         Find the "challengeArena" Other
    t =    85.42s     Wait for com.tacticalgo.prototype to idle
    t =    85.43s Find the "challengeResources" StaticText
    t =    85.55s Added attachment named 'challenge-mage-rescue-completed-lock'
    t =    85.55s Tap "challengeBack" Button
    t =    85.55s     Wait for com.tacticalgo.prototype to idle
    t =    85.55s     Find the "challengeBack" Button
    t =    85.60s     Check for interrupting elements affecting "challengeBack" Button
    t =    85.64s     Synthesize event
    t =    85.95s     Wait for com.tacticalgo.prototype to idle
    t =    85.95s Find the "challenge-rogue-shape" Button
    t =    86.01s Waiting 5.0s for "challenge-rogue-shape" Button to exist
    t =    87.05s     Checking `Expect predicate `existsNoRetry == 1` for object "challenge-rogue-shape" Button`
    t =    87.06s         Checking existence of `"challenge-rogue-shape" Button`
    t =    87.13s Find the "challenge-rogue-shape" Button
    t =    87.24s Tap "challenge-rogue-shape" Button
    t =    87.24s     Wait for com.tacticalgo.prototype to idle
    t =    87.24s     Find the "challenge-rogue-shape" Button
    t =    87.29s     Check for interrupting elements affecting "challenge-rogue-shape" Button
    t =    87.35s     Synthesize event
    t =    87.65s     Wait for com.tacticalgo.prototype to idle
    t =    87.69s Find the "challengeResources" StaticText
    t =    87.79s Checking existence of `"botStatus" Any`
    t =    87.83s Find the "challengeSkill" Button
    t =    87.92s Waiting 5.0s for "challengeSkill" Button to exist
    t =    88.95s     Checking `Expect predicate `existsNoRetry == 1` for object "challengeSkill" Button`
    t =    88.96s         Checking existence of `"challengeSkill" Button`
    t =    89.00s Find the "challengeSkill" Button
    t =    89.06s Tap "challengeSkill" Button
    t =    89.06s     Wait for com.tacticalgo.prototype to idle
    t =    89.06s     Find the "challengeSkill" Button
    t =    89.09s     Check for interrupting elements affecting "challengeSkill" Button
    t =    89.13s     Synthesize event
    t =    89.43s     Wait for com.tacticalgo.prototype to idle
    t =    89.44s Find the "challengeArena" Other
    t =    89.49s Find the "challengeArena" Other
    t =    89.53s Find the "challengeArena" Other
    t =    89.57s Find the Target Application 'com.tacticalgo.prototype'
    t =    89.60s Waiting 10.0s for "challengeArena" Other to exist
    t =    90.63s     Checking `Expect predicate `existsNoRetry == 1` for object "challengeArena" Other`
    t =    90.63s         Checking existence of `"challengeArena" Other`
    t =    90.69s Tap "challengeArena" Other[0.63, 0.51]
    t =    90.69s     Wait for com.tacticalgo.prototype to idle
    t =    90.69s     Find the "challengeArena" Other
    t =    90.72s     Check for interrupting elements affecting "challengeArena" Other
    t =    90.75s     Synthesize event
    t =    90.75s         Find the "challengeArena" Other
    t =    90.79s         Find the "challengeArena" Other
    t =    90.82s         Find the "challengeArena" Other
    t =    91.14s     Wait for com.tacticalgo.prototype to idle
    t =    91.14s Find the "challengeResources" StaticText
    t =    91.17s Find the "challengeConfirm" Button
    t =    91.24s Added attachment named 'challenge-rogue-shape-core-preview'
    t =    91.24s Find the "challengeResources" StaticText
    t =    91.27s Find the "challengeConfirm" Button
    t =    91.34s Waiting 5.0s for "challengeConfirm" Button to exist
    t =    92.41s     Checking `Expect predicate `existsNoRetry == 1` for object "challengeConfirm" Button`
    t =    92.41s         Checking existence of `"challengeConfirm" Button`
    t =    92.46s Find the "challengeConfirm" Button
    t =    92.52s Tap "challengeConfirm" Button
    t =    92.52s     Wait for com.tacticalgo.prototype to idle
    t =    92.53s     Find the "challengeConfirm" Button
    t =    92.56s     Check for interrupting elements affecting "challengeConfirm" Button
    t =    92.59s     Synthesize event
    t =    92.89s     Wait for com.tacticalgo.prototype to idle
    t =    92.89s Find the "challengeResources" StaticText
    t =    92.92s Find the "challengeSoldier" Button
    t =    92.96s Waiting 5.0s for "challengeSoldier" Button to exist
    t =    94.00s     Checking `Expect predicate `existsNoRetry == 1` for object "challengeSoldier" Button`
    t =    94.00s         Checking existence of `"challengeSoldier" Button`
    t =    94.05s Find the "challengeSoldier" Button
    t =    94.11s Tap "challengeSoldier" Button
    t =    94.11s     Wait for com.tacticalgo.prototype to idle
    t =    94.12s     Find the "challengeSoldier" Button
    t =    94.15s     Check for interrupting elements affecting "challengeSoldier" Button
    t =    94.19s     Synthesize event
    t =    94.50s     Wait for com.tacticalgo.prototype to idle
    t =    94.51s Find the "challengeArena" Other
    t =    94.55s Find the "challengeArena" Other
    t =    94.58s Find the "challengeArena" Other
    t =    94.62s Find the Target Application 'com.tacticalgo.prototype'
    t =    94.64s Waiting 10.0s for "challengeArena" Other to exist
    t =    95.65s     Checking `Expect predicate `existsNoRetry == 1` for object "challengeArena" Other`
    t =    95.65s         Checking existence of `"challengeArena" Other`
    t =    95.83s Tap "challengeArena" Other[0.76, 0.40]
    t =    95.83s     Wait for com.tacticalgo.prototype to idle
    t =    95.84s     Find the "challengeArena" Other
    t =    95.89s     Check for interrupting elements affecting "challengeArena" Other
    t =    95.94s     Synthesize event
    t =    95.94s         Find the "challengeArena" Other
    t =    95.99s         Find the "challengeArena" Other
    t =    96.05s         Find the "challengeArena" Other
    t =    96.40s     Wait for com.tacticalgo.prototype to idle
    t =    96.41s Find the "challengeConfirm" Button
    t =    96.50s Waiting 5.0s for "challengeConfirm" Button to exist
    t =    97.52s     Checking `Expect predicate `existsNoRetry == 1` for object "challengeConfirm" Button`
    t =    97.52s         Checking existence of `"challengeConfirm" Button`
    t =    97.63s Find the "challengeConfirm" Button
    t =    97.76s Tap "challengeConfirm" Button
    t =    97.76s     Wait for com.tacticalgo.prototype to idle
    t =    97.76s     Find the "challengeConfirm" Button
    t =    97.80s     Check for interrupting elements affecting "challengeConfirm" Button
    t =    97.84s     Synthesize event
    t =    98.15s     Wait for com.tacticalgo.prototype to idle
    t =    98.15s Waiting 5.0s for "challengeResult" StaticText to exist
    t =    99.21s     Checking `Expect predicate `existsNoRetry == 1` for object "challengeResult" StaticText`
    t =    99.21s         Checking existence of `"challengeResult" StaticText`
    t =    99.34s Find the "challengeResult" StaticText
    t =    99.41s Find the "challengeResources" StaticText
    t =    99.46s Find the "challengeResources" StaticText
    t =    99.52s Checking existence of `"challengeConfirm" Button`
    t =    99.60s Find the "challengeResources" StaticText
    t =    99.69s Find the "challengeArena" Other
    t =    99.87s Find the "challengeArena" Other
    t =    99.98s Find the "challengeArena" Other
    t =   100.10s Find the Target Application 'com.tacticalgo.prototype'
    t =   100.13s Waiting 10.0s for "challengeArena" Other to exist
    t =   101.19s     Checking `Expect predicate `existsNoRetry == 1` for object "challengeArena" Other`
    t =   101.20s         Checking existence of `"challengeArena" Other`
    t =   101.30s Tap "challengeArena" Other[0.93, 0.83]
    t =   101.30s     Wait for com.tacticalgo.prototype to idle
    t =   101.31s     Find the "challengeArena" Other
    t =   101.35s     Check for interrupting elements affecting "challengeArena" Other
    t =   101.44s     Synthesize event
    t =   101.44s         Find the "challengeArena" Other
    t =   101.49s         Find the "challengeArena" Other
    t =   101.54s         Find the "challengeArena" Other
    t =   101.89s     Wait for com.tacticalgo.prototype to idle
    t =   101.90s Find the "challengeResources" StaticText
    t =   102.05s Added attachment named 'challenge-rogue-shape-completed-lock'
    t =   102.05s Tap "challengeBack" Button
    t =   102.05s     Wait for com.tacticalgo.prototype to idle
    t =   102.05s     Find the "challengeBack" Button
    t =   102.10s     Check for interrupting elements affecting "challengeBack" Button
    t =   102.15s     Synthesize event
    t =   102.46s     Wait for com.tacticalgo.prototype to idle
    t =   102.49s Find the "challenge-rogue-finish" Button
    t =   102.59s Swipe up Target Application 'com.tacticalgo.prototype'
    t =   102.59s     Wait for com.tacticalgo.prototype to idle
    t =   102.60s     Find the Target Application 'com.tacticalgo.prototype'
    t =   102.63s     Check for interrupting elements affecting "TacticalGo" Application
    t =   102.69s     Synthesize event
    t =   103.15s     Wait for com.tacticalgo.prototype to idle
    t =   103.62s Find the "challenge-rogue-finish" Button
    t =   103.71s Waiting 5.0s for "challenge-rogue-finish" Button to exist
    t =   104.77s     Checking `Expect predicate `existsNoRetry == 1` for object "challenge-rogue-finish" Button`
    t =   104.78s         Checking existence of `"challenge-rogue-finish" Button`
    t =   104.84s Find the "challenge-rogue-finish" Button
    t =   104.91s Tap "challenge-rogue-finish" Button
    t =   104.91s     Wait for com.tacticalgo.prototype to idle
    t =   104.92s     Find the "challenge-rogue-finish" Button
    t =   104.96s     Check for interrupting elements affecting "challenge-rogue-finish" Button
    t =   105.02s     Synthesize event
    t =   105.33s     Wait for com.tacticalgo.prototype to idle
    t =   105.37s Find the "challengeResources" StaticText
    t =   105.42s Checking existence of `"botStatus" Any`
    t =   105.48s Find the "challengeSkill" Button
    t =   105.60s Waiting 5.0s for "challengeSkill" Button to exist
    t =   106.64s     Checking `Expect predicate `existsNoRetry == 1` for object "challengeSkill" Button`
    t =   106.65s         Checking existence of `"challengeSkill" Button`
    t =   106.70s Find the "challengeSkill" Button
    t =   106.75s Tap "challengeSkill" Button
    t =   106.75s     Wait for com.tacticalgo.prototype to idle
    t =   106.75s     Find the "challengeSkill" Button
    t =   106.82s     Check for interrupting elements affecting "challengeSkill" Button
    t =   106.86s     Synthesize event
    t =   107.16s     Wait for com.tacticalgo.prototype to idle
    t =   107.16s Find the "challengeArena" Other
    t =   107.23s Find the "challengeArena" Other
    t =   107.28s Find the "challengeArena" Other
    t =   107.33s Find the Target Application 'com.tacticalgo.prototype'
    t =   107.35s Waiting 10.0s for "challengeArena" Other to exist
    t =   108.36s     Checking `Expect predicate `existsNoRetry == 1` for object "challengeArena" Other`
    t =   108.36s         Checking existence of `"challengeArena" Other`
    t =   108.40s Tap "challengeArena" Other[0.50, 0.40]
    t =   108.40s     Wait for com.tacticalgo.prototype to idle
    t =   108.40s     Find the "challengeArena" Other
    t =   108.44s     Check for interrupting elements affecting "challengeArena" Other
2026-10-09 22:25:35.126 xcodebuild[83580:7038482] [MT] IDERunDestination: Supported platforms for the buildables in the current scheme is empty.
    t =   108.49s     Synthesize event
    t =   108.49s         Find the "challengeArena" Other
    t =   108.53s         Find the "challengeArena" Other
    t =   108.59s         Find the "challengeArena" Other
    t =   108.92s     Wait for com.tacticalgo.prototype to idle
    t =   108.93s Find the "challengeResources" StaticText
    t =   108.97s Find the "challengeConfirm" Button
    t =   109.08s Added attachment named 'challenge-rogue-finish-core-preview'
    t =   109.08s Find the "challengeResources" StaticText
    t =   109.14s Find the "challengeConfirm" Button
    t =   109.21s Waiting 5.0s for "challengeConfirm" Button to exist
    t =   110.23s     Checking `Expect predicate `existsNoRetry == 1` for object "challengeConfirm" Button`
    t =   110.23s         Checking existence of `"challengeConfirm" Button`
    t =   110.28s Find the "challengeConfirm" Button
    t =   110.34s Tap "challengeConfirm" Button
    t =   110.34s     Wait for com.tacticalgo.prototype to idle
    t =   110.34s     Find the "challengeConfirm" Button
    t =   110.38s     Check for interrupting elements affecting "challengeConfirm" Button
    t =   110.42s     Synthesize event
    t =   110.72s     Wait for com.tacticalgo.prototype to idle
    t =   110.73s Find the "challengeResources" StaticText
    t =   110.77s Find the "challengeSoldier" Button
    t =   110.82s Waiting 5.0s for "challengeSoldier" Button to exist
    t =   111.85s     Checking `Expect predicate `existsNoRetry == 1` for object "challengeSoldier" Button`
    t =   111.85s         Checking existence of `"challengeSoldier" Button`
    t =   111.90s Find the "challengeSoldier" Button
    t =   111.95s Tap "challengeSoldier" Button
    t =   111.96s     Wait for com.tacticalgo.prototype to idle
    t =   111.96s     Find the "challengeSoldier" Button
    t =   112.00s     Check for interrupting elements affecting "challengeSoldier" Button
    t =   112.07s     Synthesize event
    t =   112.39s     Wait for com.tacticalgo.prototype to idle
    t =   112.40s Find the "challengeArena" Other
    t =   112.52s Find the "challengeArena" Other
    t =   112.64s Find the "challengeArena" Other
    t =   112.74s Find the Target Application 'com.tacticalgo.prototype'
    t =   112.80s Waiting 10.0s for "challengeArena" Other to exist
2026-10-09 22:25:39.945 xcodebuild[83580:7038482] [MT] IDERunDestination: Supported platforms for the buildables in the current scheme is empty.
    t =   113.84s     Checking `Expect predicate `existsNoRetry == 1` for object "challengeArena" Other`
    t =   113.84s         Checking existence of `"challengeArena" Other`
    t =   113.91s Tap "challengeArena" Other[0.63, 0.29]
    t =   113.91s     Wait for com.tacticalgo.prototype to idle
    t =   113.91s     Find the "challengeArena" Other
    t =   113.96s     Check for interrupting elements affecting "challengeArena" Other
    t =   114.02s     Synthesize event
    t =   114.02s         Find the "challengeArena" Other
    t =   114.08s         Find the "challengeArena" Other
    t =   114.13s         Find the "challengeArena" Other
    t =   114.47s     Wait for com.tacticalgo.prototype to idle
    t =   114.47s Find the "challengeConfirm" Button
    t =   114.71s Waiting 5.0s for "challengeConfirm" Button to exist
    t =   115.74s     Checking `Expect predicate `existsNoRetry == 1` for object "challengeConfirm" Button`
    t =   115.75s         Checking existence of `"challengeConfirm" Button`
    t =   115.94s Find the "challengeConfirm" Button
    t =   116.04s Tap "challengeConfirm" Button
    t =   116.04s     Wait for com.tacticalgo.prototype to idle
    t =   116.04s     Find the "challengeConfirm" Button
    t =   116.10s     Check for interrupting elements affecting "challengeConfirm" Button
    t =   116.20s     Synthesize event
2026-10-09 22:25:43.140 xcodebuild[83580:7038482] [MT] IDERunDestination: Supported platforms for the buildables in the current scheme is empty.
    t =   116.52s     Wait for com.tacticalgo.prototype to idle
    t =   116.53s Waiting 5.0s for "challengeResult" StaticText to exist
    t =   117.55s     Checking `Expect predicate `existsNoRetry == 1` for object "challengeResult" StaticText`
    t =   117.56s         Checking existence of `"challengeResult" StaticText`
    t =   118.00s Find the "challengeResult" StaticText
    t =   118.07s Find the "challengeResources" StaticText
    t =   118.14s Find the "challengeResources" StaticText
    t =   118.19s Checking existence of `"challengeConfirm" Button`
    t =   118.23s Find the "challengeResources" StaticText
    t =   118.27s Find the "challengeArena" Other
    t =   118.36s Find the "challengeArena" Other
    t =   118.49s Find the "challengeArena" Other
    t =   118.58s Find the Target Application 'com.tacticalgo.prototype'
    t =   118.62s Waiting 10.0s for "challengeArena" Other to exist
    t =   119.64s     Checking `Expect predicate `existsNoRetry == 1` for object "challengeArena" Other`
    t =   119.64s         Checking existence of `"challengeArena" Other`
    t =   119.72s Tap "challengeArena" Other[0.93, 0.83]
    t =   119.72s     Wait for com.tacticalgo.prototype to idle
    t =   119.73s     Find the "challengeArena" Other
    t =   119.78s     Check for interrupting elements affecting "challengeArena" Other
    t =   119.85s     Synthesize event
    t =   119.85s         Find the "challengeArena" Other
    t =   119.93s         Find the "challengeArena" Other
    t =   120.11s         Find the "challengeArena" Other
    t =   120.48s     Wait for com.tacticalgo.prototype to idle
    t =   120.49s Find the "challengeResources" StaticText
    t =   120.79s Added attachment named 'challenge-rogue-finish-completed-lock'
    t =   120.79s Tap "challengeBack" Button
    t =   120.79s     Wait for com.tacticalgo.prototype to idle
    t =   120.80s     Find the "challengeBack" Button
    t =   120.90s     Check for interrupting elements affecting "challengeBack" Button
    t =   120.98s     Synthesize event
    t =   121.33s     Wait for com.tacticalgo.prototype to idle
    t =   121.45s Find the "challengeProgress" StaticText
    t =   121.89s Tear Down
Test Case '-[TacticalGoUITests.PlayableGameTests testChallengeSixRealSolutionsAndImmediateCompletionLock]' passed (122.147 seconds).
Test Case '-[TacticalGoUITests.PlayableGameTests testChallengesKeepOriginalSavedMatchAndTabletRotationOperable]' started.
    t =     0.00s Start Test at 2026-10-09 22:25:48.809
    t =     0.05s Set Up
    t =     0.06s Setting device orientation to Portrait
    t =     0.08s     Wait for com.tacticalgo.prototype to idle
    t =     0.09s Open com.tacticalgo.prototype
    t =     0.09s     Launch com.tacticalgo.prototype
    t =     0.09s         Terminate com.tacticalgo.prototype:84548
2026-10-09 22:25:49.929 xcodebuild[83580:7038482] [MT] IDELaunchParametersSnapshot: The operation couldn’t be completed. (DebuggerLLDB.DebuggerVersionStore.StoreError error 0.)
2026-10-09 22:25:49.929 xcodebuild[83580:7038482] [MT] IDELaunchParametersSnapshot: no debugger version
    t =     1.59s         Setting up automation session
2026-10-09 22:25:54.595 xcodebuild[83580:7038482] [MT] IDERunDestination: Supported platforms for the buildables in the current scheme is empty.
    t =     5.52s         Wait for com.tacticalgo.prototype to idle
2026-10-09 22:25:54.858 xcodebuild[83580:7038482] [MT] IDERunDestination: Supported platforms for the buildables in the current scheme is empty.
    t =     9.54s Find the "startMatch" Button
    t =    10.42s Swipe up Target Application 'com.tacticalgo.prototype'
    t =    10.42s     Wait for com.tacticalgo.prototype to idle
    t =    10.43s     Find the Target Application 'com.tacticalgo.prototype'
    t =    10.47s     Check for interrupting elements affecting "TacticalGo" Application
    t =    10.57s     Synthesize event
    t =    11.04s     Wait for com.tacticalgo.prototype to idle
    t =    11.77s Find the "startMatch" Button
    t =    11.90s Waiting 5.0s for "startMatch" Button to exist
    t =    12.95s     Checking `Expect predicate `existsNoRetry == 1` for object "startMatch" Button`
    t =    12.97s         Checking existence of `"startMatch" Button`
    t =    13.11s Find the "startMatch" Button
    t =    13.51s Tap "startMatch" Button
    t =    13.51s     Wait for com.tacticalgo.prototype to idle
    t =    13.52s     Find the "startMatch" Button
    t =    13.58s     Check for interrupting elements affecting "startMatch" Button
    t =    13.71s     Synthesize event
    t =    14.15s     Wait for com.tacticalgo.prototype to idle
    t =    14.83s Waiting 10.0s for "playArena" Other to exist
    t =    15.85s     Checking `Expect predicate `existsNoRetry == 1` for object "playArena" Other`
    t =    15.85s         Checking existence of `"playArena" Other`
    t =    15.91s Tap "playArena" Other[0.36, 0.72]
    t =    15.91s     Wait for com.tacticalgo.prototype to idle
    t =    15.92s     Find the "playArena" Other
    t =    15.96s     Check for interrupting elements affecting "playArena" Other
    t =    16.01s     Synthesize event
    t =    16.01s         Find the "playArena" Other
    t =    16.05s         Find the "playArena" Other
    t =    16.09s         Find the "playArena" Other
    t =    16.45s     Wait for com.tacticalgo.prototype to idle
    t =    16.46s Tap "playConfirm" Button
    t =    16.46s     Wait for com.tacticalgo.prototype to idle
    t =    16.47s     Find the "playConfirm" Button
    t =    16.53s     Check for interrupting elements affecting "playConfirm" Button
    t =    16.58s     Synthesize event
    t =    16.90s     Wait for com.tacticalgo.prototype to idle
    t =    16.91s Find the "currentTurn" StaticText
2026-10-09 22:26:05.804 xcodebuild[83580:7038482] [MT] IDERunDestination: Supported platforms for the buildables in the current scheme is empty.
    t =    17.03s Tap "返回選角" Button
    t =    17.03s     Wait for com.tacticalgo.prototype to idle
    t =    17.04s     Find the "返回選角" Button
    t =    17.09s     Check for interrupting elements affecting "chevron.left" Button
    t =    17.12s     Synthesize event
    t =    17.44s     Wait for com.tacticalgo.prototype to idle
    t =    17.81s Tap "exitMatchConfirmed" Button
    t =    17.83s     Wait for com.tacticalgo.prototype to idle
    t =    17.84s     Find the "exitMatchConfirmed" Button
    t =    18.12s     Check for interrupting elements affecting "exitMatchConfirmed" Button
    t =    18.26s     Synthesize event
    t =    18.58s     Wait for com.tacticalgo.prototype to idle
    t =    18.93s Find the "startChallenges" Button
2026-10-09 22:26:08.903 xcodebuild[83580:7038482] [MT] IDERunDestination: Supported platforms for the buildables in the current scheme is empty.
    t =    20.14s     Find the "startChallenges" Button (retry 1)
    t =    20.25s Waiting 5.0s for "startChallenges" Button to exist
    t =    21.27s     Checking `Expect predicate `existsNoRetry == 1` for object "startChallenges" Button`
    t =    21.28s         Checking existence of `"startChallenges" Button`
    t =    21.45s Find the "startChallenges" Button
2026-10-09 22:26:10.369 xcodebuild[83580:7038482] [MT] IDERunDestination: Supported platforms for the buildables in the current scheme is empty.
    t =    21.58s Tap "startChallenges" Button
    t =    21.58s     Wait for com.tacticalgo.prototype to idle
    t =    21.59s     Find the "startChallenges" Button
    t =    21.66s     Check for interrupting elements affecting "startChallenges" Button
    t =    21.70s     Synthesize event
    t =    22.01s     Wait for com.tacticalgo.prototype to idle
2026-10-09 22:26:11.274 xcodebuild[83580:7038482] [MT] IDERunDestination: Supported platforms for the buildables in the current scheme is empty.
    t =    22.43s Find the "challenge-warrior-rescue" Button
    t =    22.59s Waiting 5.0s for "challenge-warrior-rescue" Button to exist
    t =    23.62s     Checking `Expect predicate `existsNoRetry == 1` for object "challenge-warrior-rescue" Button`
    t =    23.63s         Checking existence of `"challenge-warrior-rescue" Button`
    t =    23.72s Find the "challenge-warrior-rescue" Button
    t =    23.83s Tap "challenge-warrior-rescue" Button
    t =    23.83s     Wait for com.tacticalgo.prototype to idle
    t =    23.85s     Find the "challenge-warrior-rescue" Button
    t =    24.17s     Check for interrupting elements affecting "challenge-warrior-rescue" Button
    t =    24.28s     Synthesize event
    t =    24.60s     Wait for com.tacticalgo.prototype to idle
    t =    24.61s Find the "challengeSkill" Button
    t =    24.69s Waiting 5.0s for "challengeSkill" Button to exist
    t =    25.73s     Checking `Expect predicate `existsNoRetry == 1` for object "challengeSkill" Button`
    t =    25.74s         Checking existence of `"challengeSkill" Button`
    t =    25.87s Find the "challengeSkill" Button
    t =    26.02s Tap "challengeSkill" Button
    t =    26.02s     Wait for com.tacticalgo.prototype to idle
    t =    26.03s     Find the "challengeSkill" Button
    t =    26.14s     Check for interrupting elements affecting "challengeSkill" Button
    t =    26.22s     Synthesize event
    t =    26.57s     Wait for com.tacticalgo.prototype to idle
    t =    26.58s Find the "challengeArena" Other
    t =    26.72s Find the "challengeArena" Other
    t =    26.83s Find the "challengeArena" Other
    t =    26.89s Find the Target Application 'com.tacticalgo.prototype'
    t =    26.94s Waiting 10.0s for "challengeArena" Other to exist
    t =    27.99s     Checking `Expect predicate `existsNoRetry == 1` for object "challengeArena" Other`
    t =    28.00s         Checking existence of `"challengeArena" Other`
    t =    28.10s Tap "challengeArena" Other[0.12, 0.29]
    t =    28.10s     Wait for com.tacticalgo.prototype to idle
    t =    28.11s     Find the "challengeArena" Other
    t =    28.21s     Check for interrupting elements affecting "challengeArena" Other
    t =    28.29s     Synthesize event
    t =    28.30s         Find the "challengeArena" Other
    t =    28.38s         Find the "challengeArena" Other
    t =    29.83s         Find the "challengeArena" Other
    t =    30.22s     Wait for com.tacticalgo.prototype to idle
    t =    30.23s Find the "challengeArena" Other
    t =    32.65s Find the "challengeArena" Other
    t =    32.76s Find the "challengeArena" Other
    t =    32.82s Find the Target Application 'com.tacticalgo.prototype'
    t =    32.85s Waiting 10.0s for "challengeArena" Other to exist
2026-10-09 22:26:21.917 xcodebuild[83580:7038482] [MT] IDERunDestination: Supported platforms for the buildables in the current scheme is empty.
    t =    33.93s     Checking `Expect predicate `existsNoRetry == 1` for object "challengeArena" Other`
    t =    33.93s         Checking existence of `"challengeArena" Other`
    t =    34.00s Tap "challengeArena" Other[0.25, 0.18]
    t =    34.00s     Wait for com.tacticalgo.prototype to idle
    t =    34.00s     Find the "challengeArena" Other
    t =    34.04s     Check for interrupting elements affecting "challengeArena" Other
    t =    34.09s     Synthesize event
    t =    34.09s         Find the "challengeArena" Other
    t =    34.13s         Find the "challengeArena" Other
    t =    34.18s         Find the "challengeArena" Other
    t =    34.51s     Wait for com.tacticalgo.prototype to idle
    t =    34.51s Find the "challengeResources" StaticText
    t =    34.55s Find the Target Application 'com.tacticalgo.prototype'
    t =    34.58s Find the "challengeConfirm" Button
    t =    34.67s Waiting 5.0s for "challengeConfirm" Button to exist
    t =    35.72s     Checking `Expect predicate `existsNoRetry == 1` for object "challengeConfirm" Button`
    t =    35.72s         Checking existence of `"challengeConfirm" Button`
    t =    35.76s Find the "challengeConfirm" Button
    t =    35.80s Tap "challengeConfirm" Button
    t =    35.80s     Wait for com.tacticalgo.prototype to idle
    t =    35.80s     Find the "challengeConfirm" Button
    t =    35.83s     Check for interrupting elements affecting "challengeConfirm" Button
    t =    35.97s     Synthesize event
    t =    36.26s     Wait for com.tacticalgo.prototype to idle
    t =    36.27s Find the "challengeSoldier" Button
    t =    36.34s Waiting 5.0s for "challengeSoldier" Button to exist
    t =    37.41s     Checking `Expect predicate `existsNoRetry == 1` for object "challengeSoldier" Button`
    t =    37.41s         Checking existence of `"challengeSoldier" Button`
    t =    37.45s Find the "challengeSoldier" Button
    t =    37.50s Tap "challengeSoldier" Button
    t =    37.50s     Wait for com.tacticalgo.prototype to idle
    t =    37.50s     Find the "challengeSoldier" Button
    t =    37.54s     Check for interrupting elements affecting "challengeSoldier" Button
    t =    37.60s     Synthesize event
    t =    37.91s     Wait for com.tacticalgo.prototype to idle
    t =    37.92s Find the "challengeArena" Other
    t =    37.99s Find the "challengeArena" Other
    t =    38.05s Find the "challengeArena" Other
    t =    38.11s Find the Target Application 'com.tacticalgo.prototype'
    t =    38.14s Waiting 10.0s for "challengeArena" Other to exist
    t =    39.20s     Checking `Expect predicate `existsNoRetry == 1` for object "challengeArena" Other`
    t =    39.20s         Checking existence of `"challengeArena" Other`
    t =    39.24s Tap "challengeArena" Other[0.38, 0.18]
    t =    39.24s     Wait for com.tacticalgo.prototype to idle
    t =    39.24s     Find the "challengeArena" Other
    t =    39.28s     Check for interrupting elements affecting "challengeArena" Other
    t =    39.32s     Synthesize event
    t =    39.32s         Find the "challengeArena" Other
    t =    39.36s         Find the "challengeArena" Other
    t =    39.44s         Find the "challengeArena" Other
    t =    39.78s     Wait for com.tacticalgo.prototype to idle
    t =    39.79s Find the "challengeConfirm" Button
    t =    39.85s Waiting 5.0s for "challengeConfirm" Button to exist
    t =    40.88s     Checking `Expect predicate `existsNoRetry == 1` for object "challengeConfirm" Button`
    t =    40.88s         Checking existence of `"challengeConfirm" Button`
    t =    40.92s Find the "challengeConfirm" Button
    t =    40.96s Tap "challengeConfirm" Button
    t =    40.96s     Wait for com.tacticalgo.prototype to idle
    t =    40.97s     Find the "challengeConfirm" Button
    t =    41.00s     Check for interrupting elements affecting "challengeConfirm" Button
    t =    41.03s     Synthesize event
    t =    41.32s     Wait for com.tacticalgo.prototype to idle
    t =    41.32s Find the "challengeResult" StaticText
    t =    41.36s Tap "challengeBack" Button
    t =    41.36s     Wait for com.tacticalgo.prototype to idle
    t =    41.36s     Find the "challengeBack" Button
    t =    41.40s     Check for interrupting elements affecting "challengeBack" Button
    t =    41.43s     Synthesize event
    t =    41.73s     Wait for com.tacticalgo.prototype to idle
    t =    41.74s Tap "challengeBack" Button
    t =    41.74s     Wait for com.tacticalgo.prototype to idle
    t =    41.74s     Find the "challengeBack" Button
    t =    41.77s     Check for interrupting elements affecting "challengeBack" Button
    t =    41.79s     Synthesize event
    t =    42.08s     Wait for com.tacticalgo.prototype to idle
    t =    42.42s Find the "resumeMatch" Button
    t =    42.46s Find the "resumeMatch" Button
    t =    42.50s Waiting 5.0s for "resumeMatch" Button to exist
    t =    43.53s     Checking `Expect predicate `existsNoRetry == 1` for object "resumeMatch" Button`
    t =    43.53s         Checking existence of `"resumeMatch" Button`
    t =    43.56s Find the "resumeMatch" Button
    t =    43.62s Tap "resumeMatch" Button
    t =    43.62s     Wait for com.tacticalgo.prototype to idle
    t =    43.62s     Find the "resumeMatch" Button
    t =    43.64s     Check for interrupting elements affecting "resumeMatch" Button
    t =    43.66s     Synthesize event
    t =    43.95s     Wait for com.tacticalgo.prototype to idle
    t =    43.95s Find the "currentTurn" StaticText
    t =    44.01s Checking existence of `"2 AP" StaticText`
    t =    44.02s Waiting 10.0s for "playArena" Other to exist
    t =    45.05s     Checking `Expect predicate `existsNoRetry == 1` for object "playArena" Other`
    t =    45.05s         Checking existence of `"playArena" Other`
    t =    45.07s Tap "playArena" Other[0.36, 0.72]
    t =    45.08s     Wait for com.tacticalgo.prototype to idle
    t =    45.08s     Find the "playArena" Other
    t =    45.10s     Check for interrupting elements affecting "playArena" Other
    t =    45.12s     Synthesize event
    t =    45.13s         Find the "playArena" Other
    t =    45.15s         Find the "playArena" Other
    t =    45.18s         Find the "playArena" Other
    t =    45.49s     Wait for com.tacticalgo.prototype to idle
    t =    45.50s Find the "playConfirm" Button
    t =    45.59s Added attachment named 'challenge-original-match-still-retained'
    t =    45.59s Setting device orientation to Portrait
    t =    45.60s     Wait for com.tacticalgo.prototype to idle
    t =    45.61s Tear Down
Test Case '-[TacticalGoUITests.PlayableGameTests testChallengesKeepOriginalSavedMatchAndTabletRotationOperable]' passed (45.832 seconds).
Test Suite 'PlayableGameTests' passed at 2026-10-09 22:26:34.641.
	 Executed 4 tests, with 0 failures (0 unexpected) in 275.543 (275.561) seconds
Test Suite 'TacticalGoUITests.xctest' passed at 2026-10-09 22:26:34.643.
	 Executed 4 tests, with 0 failures (0 unexpected) in 275.543 (275.563) seconds
Test Suite 'Selected tests' passed at 2026-10-09 22:26:34.644.
	 Executed 4 tests, with 0 failures (0 unexpected) in 275.543 (275.567) seconds
2026-10-09 22:27:09.474 xcodebuild[83580:7038482] [MT] IDETestOperationsObserverDebug: 322.777 elapsed -- Testing started completed.
2026-10-09 22:27:09.474 xcodebuild[83580:7038482] [MT] IDETestOperationsObserverDebug: 0.000 sec, +0.000 sec -- start
2026-10-09 22:27:09.474 xcodebuild[83580:7038482] [MT] IDETestOperationsObserverDebug: 322.778 sec, +322.778 sec -- end

Test session results, code coverage, and logs:
	/Users/pc49-58/.codex/worktrees/content-02/TacticalGo/artifacts/content-02/SE-candidate.xcresult

** TEST EXECUTE SUCCEEDED **

Testing started
