Command line invocation:
    /Applications/Xcode.app/Contents/Developer/usr/bin/xcodebuild test-without-building -xctestrun artifacts/ios/vfx-three-classes-01/HeroBodyDevice.xctestrun -destination platform=iOS,id=00008140-001A055C0E93001C "-only-testing:TacticalGoUITests/PlayableGameTests/testCozyUnconstrainedNativeDevicePushCaptureAndUndo" "-only-testing:TacticalGoUITests/PlayableGameTests/testThreeClassVFX320DenseNormalReducedAndBackground" -resultBundlePath artifacts/ios/vfx-three-classes-01/native-strong-iphone.xcresult

2026-10-10 18:31:46.165 xcodebuild[31816:1559772] [MT] IDERunDestination: Supported platforms for the buildables in the current scheme is empty.
Writing result bundle at path:
	/Users/pc49-58/.codex/worktrees/cozy-02-integration/TacticalGo/artifacts/ios/vfx-three-classes-01/native-strong-iphone.xcresult

2026-10-10 18:31:46.169 xcodebuild[31816:1559772] [MT] IDERunDestination: Supported platforms for the buildables in the current scheme is empty.
2026-10-10 18:31:46.269 xcodebuild[31816:1559772] [MT] IDERunDestination: Supported platforms for the buildables in the current scheme is empty.
2026-10-10 18:31:48.039 xcodebuild[31816:1559772] [MT] IDERunDestination: Supported platforms for the buildables in the current scheme is empty.
2026-10-10 18:31:48.909 xcodebuild[31816:1559772] [MT] IDERunDestination: Supported platforms for the buildables in the current scheme is empty.
--- xcodebuild: WARNING: Using the first of multiple matching destinations:
{ platform:iOS, arch:arm64e, id:00008140-001A055C0E93001C, name:GavinWu0099 }
{ platform:iOS, arch:arm64, id:00008140-001A055C0E93001C, name:GavinWu0099 }
2026-10-10 18:31:50.405 xcodebuild[31816:1559772] [MT] IDERunDestination: Supported platforms for the buildables in the current scheme is empty.
2026-10-10 18:31:53.970903+0800 TacticalGoUITests-Runner[23533:22710390] [Default] Running tests...
    t =      nans Interface orientation changed to Portrait
Test Suite 'Selected tests' started at 2026-10-10 18:31:57.839.
Test Suite 'TacticalGoUITests.xctest' started at 2026-10-10 18:31:57.840.
Test Suite 'PlayableGameTests' started at 2026-10-10 18:31:57.840.
Test Case '-[TacticalGoUITests.PlayableGameTests testCozyUnconstrainedNativeDevicePushCaptureAndUndo]' started.
    t =     0.00s Start Test at 2026-10-10 18:31:57.841
    t =     0.03s Set Up
    t =     0.04s Open com.tacticalgo.prototype.herobody
    t =     0.04s     Launch com.tacticalgo.prototype.herobody
    t =     0.20s         Setting up automation session
2026-10-10 18:31:57.982 xcodebuild[31816:1559772] [MT] IDERunDestination: Supported platforms for the buildables in the current scheme is empty.
    t =     0.35s         Wait for com.tacticalgo.prototype.herobody to idle
    t =     1.60s Waiting 10.0s for "playArena" Other to exist
2026-10-10 18:31:59.555 xcodebuild[31816:1559772] [MT] IDERunDestination: Supported platforms for the buildables in the current scheme is empty.
    t =     2.65s     Checking `Expect predicate `existsNoRetry == 1` for object "playArena" Other`
    t =     2.65s         Checking existence of `"playArena" Other`
    t =     2.66s             Requesting snapshot of accessibility hierarchy for app with pid 23543
    t =     2.81s             Find: Descendants matching type Other
    t =     2.82s             Find: Elements matching predicate '"playArena" IN identifiers'
    t =     2.82s Find the "playArena" Other
    t =     2.82s     Requesting snapshot of accessibility hierarchy for app with pid 23543
    t =     2.88s     Find: Descendants matching type Other
    t =     2.89s     Find: Elements matching predicate '"playArena" IN identifiers'
    t =     2.90s Find the "playArena" Other
    t =     2.90s     Requesting snapshot of accessibility hierarchy for app with pid 23543
    t =     2.97s     Find: Descendants matching type Other
    t =     2.97s     Find: Elements matching predicate '"playArena" IN identifiers'
    t =     3.11s Added attachment named 'cozy-native-device-before'
    t =     3.11s Waiting 10.0s for "playArena" Other to exist
    t =     4.14s     Checking `Expect predicate `existsNoRetry == 1` for object "playArena" Other`
    t =     4.14s         Checking existence of `"playArena" Other`
    t =     4.14s             Requesting snapshot of accessibility hierarchy for app with pid 23543
    t =     4.24s             Find: Descendants matching type Other
    t =     4.24s             Find: Elements matching predicate '"playArena" IN identifiers'
    t =     4.25s Tap "playArena" Other[0.63, 0.51]
    t =     4.25s     Wait for com.tacticalgo.prototype.herobody to idle
    t =     4.25s     Find the "playArena" Other
    t =     4.25s         Requesting snapshot of accessibility hierarchy for app with pid 23543
    t =     4.33s         Find: Descendants matching type Other
    t =     4.33s         Find: Elements matching predicate '"playArena" IN identifiers'
    t =     4.33s     Check for interrupting elements affecting "playArena" Other
    t =     4.35s         Requesting snapshot of accessibility hierarchy for app with pid 23543
    t =     4.41s         Find: Descendants matching predicate identifier == "NotificationShortLookView" OR elementType == 7
    t =     4.42s     Synthesize event
    t =     4.42s         Find the "playArena" Other
    t =     4.42s             Requesting snapshot of accessibility hierarchy for app with pid 23543
    t =     4.49s             Find: Descendants matching type Other
    t =     4.50s             Find: Elements matching predicate '"playArena" IN identifiers'
    t =     4.50s         Find the "playArena" Other
    t =     4.51s             Requesting snapshot of accessibility hierarchy for app with pid 23543
    t =     4.57s             Find: Descendants matching type Other
    t =     4.58s             Find: Elements matching predicate '"playArena" IN identifiers'
    t =     4.58s         Find the "playArena" Other
    t =     4.59s             Requesting snapshot of accessibility hierarchy for app with pid 23543
    t =     4.65s             Find: Descendants matching type Other
    t =     4.65s             Find: Elements matching predicate '"playArena" IN identifiers'
    t =     4.95s     Wait for com.tacticalgo.prototype.herobody to idle
    t =     4.95s Find the "push-Up" Button
    t =     4.96s     Requesting snapshot of accessibility hierarchy for app with pid 23543
    t =     5.05s     Find: Descendants matching type Button
    t =     5.05s     Find: Elements matching predicate '"push-Up" IN identifiers'
    t =     5.07s Tap "push-Up" Button
    t =     5.07s     Wait for com.tacticalgo.prototype.herobody to idle
    t =     5.07s     Find the "push-Up" Button
    t =     5.07s         Requesting snapshot of accessibility hierarchy for app with pid 23543
2026-10-10 18:32:02.939 xcodebuild[31816:1559772] [MT] IDERunDestination: Supported platforms for the buildables in the current scheme is empty.
    t =     5.15s         Find: Descendants matching type Button
    t =     5.15s         Find: Elements matching predicate '"push-Up" IN identifiers'
    t =     5.15s     Check for interrupting elements affecting "push-Up" Button
    t =     5.16s         Requesting snapshot of accessibility hierarchy for app with pid 23543
    t =     5.25s         Find: Descendants matching predicate identifier == "NotificationShortLookView" OR elementType == 7
    t =     5.25s     Synthesize event
    t =     5.54s     Wait for com.tacticalgo.prototype.herobody to idle
    t =     5.55s Find the "playConfirm" Button
    t =     5.55s     Requesting snapshot of accessibility hierarchy for app with pid 23543
    t =     5.65s     Find: Descendants matching type Button
    t =     5.66s     Find: Elements matching predicate '"playConfirm" IN identifiers'
    t =     5.68s Find the "playConfirm" Button
    t =     5.68s     Requesting snapshot of accessibility hierarchy for app with pid 23543
    t =     5.75s     Find: Descendants matching type Button
    t =     5.75s     Find: Elements matching predicate '"playConfirm" IN identifiers'
    t =     5.76s Tap "playConfirm" Button
    t =     5.76s     Wait for com.tacticalgo.prototype.herobody to idle
    t =     5.76s     Find the "playConfirm" Button
    t =     5.76s         Requesting snapshot of accessibility hierarchy for app with pid 23543
    t =     5.83s         Find: Descendants matching type Button
    t =     5.83s         Find: Elements matching predicate '"playConfirm" IN identifiers'
    t =     5.84s     Check for interrupting elements affecting "playConfirm" Button
    t =     5.85s         Requesting snapshot of accessibility hierarchy for app with pid 23543
    t =     5.91s         Find: Descendants matching predicate identifier == "NotificationShortLookView" OR elementType == 7
    t =     5.92s     Synthesize event
    t =     6.21s     Wait for com.tacticalgo.prototype.herobody to idle
    t =     6.21s Waiting 10.0s for "黑方獲勝" StaticText to exist
    t =     7.25s     Checking `Expect predicate `existsNoRetry == 1` for object "黑方獲勝" StaticText`
    t =     7.25s         Checking existence of `"黑方獲勝" StaticText`
    t =     7.25s             Requesting snapshot of accessibility hierarchy for app with pid 23543
    t =     7.36s             Find: Descendants matching type StaticText
    t =     7.36s             Find: Elements matching predicate '"黑方獲勝" IN identifiers'
    t =     7.49s Added attachment named 'cozy-native-device-captured'
    t =     7.50s Tap "undoOrCancel" Button
    t =     7.50s     Wait for com.tacticalgo.prototype.herobody to idle
    t =     7.50s     Find the "undoOrCancel" Button
    t =     7.50s         Requesting snapshot of accessibility hierarchy for app with pid 23543
    t =     7.58s         Find: Descendants matching type Button
    t =     7.58s         Find: Elements matching predicate '"undoOrCancel" IN identifiers'
    t =     7.58s     Check for interrupting elements affecting "undoOrCancel" Button
    t =     7.60s         Requesting snapshot of accessibility hierarchy for app with pid 23543
    t =     7.64s         Find: Descendants matching predicate identifier == "NotificationShortLookView" OR elementType == 7
    t =     7.64s     Synthesize event
    t =     7.93s     Wait for com.tacticalgo.prototype.herobody to idle
    t =     7.94s Checking existence of `"2 AP" StaticText`
    t =     7.95s     Requesting snapshot of accessibility hierarchy for app with pid 23543
    t =     8.05s     Find: Descendants matching type StaticText
    t =     8.06s     Find: Elements matching predicate '"2 AP" IN identifiers'
    t =     8.06s Checking existence of `"能量 4/6 · 4 氣" StaticText`
    t =     8.06s     Requesting snapshot of accessibility hierarchy for app with pid 23543
    t =     8.14s     Find: Descendants matching type StaticText
    t =     8.14s     Find: Elements matching predicate '"能量 4/6 · 4 氣" IN identifiers'
    t =     8.29s Added attachment named 'cozy-native-device-undo'
    t =     8.29s Tear Down
2026-10-10 18:32:06.255 xcodebuild[31816:1559772] [MT] IDERunDestination: Supported platforms for the buildables in the current scheme is empty.
Test Case '-[TacticalGoUITests.PlayableGameTests testCozyUnconstrainedNativeDevicePushCaptureAndUndo]' passed (8.563 seconds).
Test Case '-[TacticalGoUITests.PlayableGameTests testThreeClassVFX320DenseNormalReducedAndBackground]' started.
    t =     0.00s Start Test at 2026-10-10 18:32:06.406
    t =     0.03s Set Up
    t =     0.03s Open com.tacticalgo.prototype.herobody
    t =     0.03s     Launch com.tacticalgo.prototype.herobody
    t =     0.03s         Terminate com.tacticalgo.prototype.herobody:23543
2026-10-10 18:32:06.542 xcodebuild[31816:1559772] [MT] IDERunDestination: Supported platforms for the buildables in the current scheme is empty.
    t =     1.15s         Setting up automation session
2026-10-10 18:32:07.602 xcodebuild[31816:1559772] [MT] IDERunDestination: Supported platforms for the buildables in the current scheme is empty.
    t =     1.50s         Wait for com.tacticalgo.prototype.herobody to idle
2026-10-10 18:32:08.594 xcodebuild[31816:1559772] [MT] IDERunDestination: Supported platforms for the buildables in the current scheme is empty.
    t =     2.74s Waiting 10.0s for "playArena" Other to exist
    t =     3.77s     Checking `Expect predicate `existsNoRetry == 1` for object "playArena" Other`
    t =     3.77s         Checking existence of `"playArena" Other`
    t =     3.77s             Requesting snapshot of accessibility hierarchy for app with pid 23550
    t =     3.91s             Find: Descendants matching type Other
    t =     3.91s             Find: Elements matching predicate '"playArena" IN identifiers'
    t =     3.92s Find the "playArena" Other
    t =     3.92s     Requesting snapshot of accessibility hierarchy for app with pid 23550
    t =     3.99s     Find: Descendants matching type Other
    t =     3.99s     Find: Elements matching predicate '"playArena" IN identifiers'
    t =     4.00s Find the "playArena" Other
    t =     4.00s     Requesting snapshot of accessibility hierarchy for app with pid 23550
    t =     4.07s     Find: Descendants matching type Other
    t =     4.08s     Find: Elements matching predicate '"playArena" IN identifiers'
    t =     4.09s Find the "playArena" Other
    t =     4.09s     Requesting snapshot of accessibility hierarchy for app with pid 23550
    t =     4.16s     Find: Descendants matching type Other
    t =     4.16s     Find: Elements matching predicate '"playArena" IN identifiers'
    t =     4.17s Waiting 10.0s for "playArena" Other to exist
    t =     5.21s     Checking `Expect predicate `existsNoRetry == 1` for object "playArena" Other`
    t =     5.21s         Checking existence of `"playArena" Other`
    t =     5.21s             Requesting snapshot of accessibility hierarchy for app with pid 23550
    t =     5.33s             Find: Descendants matching type Other
    t =     5.34s             Find: Elements matching predicate '"playArena" IN identifiers'
    t =     5.34s Tap "playArena" Other[0.30, 0.42]
    t =     5.34s     Wait for com.tacticalgo.prototype.herobody to idle
    t =     5.34s     Find the "playArena" Other
    t =     5.34s         Requesting snapshot of accessibility hierarchy for app with pid 23550
    t =     5.43s         Find: Descendants matching type Other
    t =     5.44s         Find: Elements matching predicate '"playArena" IN identifiers'
    t =     5.44s     Check for interrupting elements affecting "playArena" Other
    t =     5.46s         Requesting snapshot of accessibility hierarchy for app with pid 23550
    t =     5.53s         Find: Descendants matching predicate identifier == "NotificationShortLookView" OR elementType == 7
    t =     5.54s     Synthesize event
    t =     5.54s         Find the "playArena" Other
    t =     5.54s             Requesting snapshot of accessibility hierarchy for app with pid 23550
    t =     5.63s             Find: Descendants matching type Other
    t =     5.63s             Find: Elements matching predicate '"playArena" IN identifiers'
    t =     5.64s         Find the "playArena" Other
    t =     5.64s             Requesting snapshot of accessibility hierarchy for app with pid 23550
    t =     5.71s             Find: Descendants matching type Other
    t =     5.71s             Find: Elements matching predicate '"playArena" IN identifiers'
    t =     5.72s         Find the "playArena" Other
    t =     5.72s             Requesting snapshot of accessibility hierarchy for app with pid 23550
    t =     5.80s             Find: Descendants matching type Other
    t =     5.80s             Find: Elements matching predicate '"playArena" IN identifiers'
    t =     6.09s     Wait for com.tacticalgo.prototype.herobody to idle
    t =     6.09s Waiting 10.0s for "playArena" Other to exist
    t =     7.12s     Checking `Expect predicate `existsNoRetry == 1` for object "playArena" Other`
    t =     7.12s         Checking existence of `"playArena" Other`
    t =     7.12s             Requesting snapshot of accessibility hierarchy for app with pid 23550
    t =     7.25s             Find: Descendants matching type Other
    t =     7.25s             Find: Elements matching predicate '"playArena" IN identifiers'
    t =     7.25s Tap "playArena" Other[0.50, 0.42]
    t =     7.25s     Wait for com.tacticalgo.prototype.herobody to idle
    t =     7.26s     Find the "playArena" Other
    t =     7.26s         Requesting snapshot of accessibility hierarchy for app with pid 23550
    t =     7.35s         Find: Descendants matching type Other
    t =     7.35s         Find: Elements matching predicate '"playArena" IN identifiers'
    t =     7.35s     Check for interrupting elements affecting "playArena" Other
    t =     7.37s         Requesting snapshot of accessibility hierarchy for app with pid 23550
    t =     7.45s         Find: Descendants matching predicate identifier == "NotificationShortLookView" OR elementType == 7
    t =     7.45s     Synthesize event
    t =     7.45s         Find the "playArena" Other
    t =     7.45s             Requesting snapshot of accessibility hierarchy for app with pid 23550
    t =     7.54s             Find: Descendants matching type Other
    t =     7.54s             Find: Elements matching predicate '"playArena" IN identifiers'
    t =     7.55s         Find the "playArena" Other
    t =     7.55s             Requesting snapshot of accessibility hierarchy for app with pid 23550
    t =     7.63s             Find: Descendants matching type Other
    t =     7.63s             Find: Elements matching predicate '"playArena" IN identifiers'
    t =     7.64s         Find the "playArena" Other
    t =     7.64s             Requesting snapshot of accessibility hierarchy for app with pid 23550
    t =     7.72s             Find: Descendants matching type Other
    t =     7.72s             Find: Elements matching predicate '"playArena" IN identifiers'
    t =     8.00s     Wait for com.tacticalgo.prototype.herobody to idle
    t =     8.01s Find the "playConfirm" Button
    t =     8.01s     Requesting snapshot of accessibility hierarchy for app with pid 23550
    t =     8.14s     Find: Descendants matching type Button
    t =     8.14s     Find: Elements matching predicate '"playConfirm" IN identifiers'
    t =     8.16s Find the "playConfirm" Button
    t =     8.16s     Requesting snapshot of accessibility hierarchy for app with pid 23550
    t =     8.24s     Find: Descendants matching type Button
    t =     8.24s     Find: Elements matching predicate '"playConfirm" IN identifiers'
    t =     8.25s Tap "playConfirm" Button
    t =     8.25s     Wait for com.tacticalgo.prototype.herobody to idle
    t =     8.25s     Find the "playConfirm" Button
    t =     8.25s         Requesting snapshot of accessibility hierarchy for app with pid 23550
    t =     8.34s         Find: Descendants matching type Button
    t =     8.35s         Find: Elements matching predicate '"playConfirm" IN identifiers'
    t =     8.35s     Check for interrupting elements affecting "playConfirm" Button
    t =     8.37s         Requesting snapshot of accessibility hierarchy for app with pid 23550
    t =     8.44s         Find: Descendants matching predicate identifier == "NotificationShortLookView" OR elementType == 7
    t =     8.44s     Synthesize event
    t =     8.73s     Wait for com.tacticalgo.prototype.herobody to idle
    t =     8.73s Pressing Home button
    t =     9.21s Open com.tacticalgo.prototype.herobody
    t =     9.21s     Activate com.tacticalgo.prototype.herobody
    t =     9.70s         Wait for com.tacticalgo.prototype.herobody to idle
    t =     9.81s Waiting 5.0s for "1 AP" StaticText to exist
    t =    10.83s     Checking `Expect predicate `existsNoRetry == 1` for object "1 AP" StaticText`
    t =    10.84s         Checking existence of `"1 AP" StaticText`
    t =    10.85s             Requesting snapshot of accessibility hierarchy for app with pid 23550
    t =    11.00s             Find: Descendants matching type StaticText
    t =    11.01s             Find: Elements matching predicate '"1 AP" IN identifiers'
    t =    11.13s Added attachment named 'VFX-320-9-warrior-background-reduced-false'
    t =    11.13s Tap "mode-soldier" Button
    t =    11.13s     Wait for com.tacticalgo.prototype.herobody to idle
    t =    11.13s     Find the "mode-soldier" Button
    t =    11.13s         Requesting snapshot of accessibility hierarchy for app with pid 23550
    t =    11.24s         Find: Descendants matching type Button
    t =    11.24s         Find: Elements matching predicate '"mode-soldier" IN identifiers'
    t =    11.25s     Check for interrupting elements affecting "mode-soldier" Button
    t =    11.26s         Requesting snapshot of accessibility hierarchy for app with pid 23550
    t =    11.33s         Find: Descendants matching predicate identifier == "NotificationShortLookView" OR elementType == 7
    t =    11.33s     Synthesize event
    t =    11.62s     Wait for com.tacticalgo.prototype.herobody to idle
    t =    11.63s Waiting 10.0s for "playArena" Other to exist
    t =    12.65s     Checking `Expect predicate `existsNoRetry == 1` for object "playArena" Other`
    t =    12.65s         Checking existence of `"playArena" Other`
    t =    12.66s             Requesting snapshot of accessibility hierarchy for app with pid 23550
    t =    12.79s             Find: Descendants matching type Other
    t =    12.79s             Find: Elements matching predicate '"playArena" IN identifiers'
    t =    12.79s Tap "playArena" Other[0.22, 0.26]
    t =    12.79s     Wait for com.tacticalgo.prototype.herobody to idle
    t =    12.80s     Find the "playArena" Other
    t =    12.80s         Requesting snapshot of accessibility hierarchy for app with pid 23550
    t =    12.89s         Find: Descendants matching type Other
    t =    12.90s         Find: Elements matching predicate '"playArena" IN identifiers'
    t =    12.90s     Check for interrupting elements affecting "playArena" Other
    t =    12.92s         Requesting snapshot of accessibility hierarchy for app with pid 23550
    t =    13.00s         Find: Descendants matching predicate identifier == "NotificationShortLookView" OR elementType == 7
    t =    13.00s     Synthesize event
    t =    13.00s         Find the "playArena" Other
    t =    13.00s             Requesting snapshot of accessibility hierarchy for app with pid 23550
    t =    13.09s             Find: Descendants matching type Other
    t =    13.09s             Find: Elements matching predicate '"playArena" IN identifiers'
    t =    13.10s         Find the "playArena" Other
    t =    13.10s             Requesting snapshot of accessibility hierarchy for app with pid 23550
    t =    13.19s             Find: Descendants matching type Other
    t =    13.19s             Find: Elements matching predicate '"playArena" IN identifiers'
    t =    13.20s         Find the "playArena" Other
    t =    13.20s             Requesting snapshot of accessibility hierarchy for app with pid 23550
    t =    13.28s             Find: Descendants matching type Other
    t =    13.28s             Find: Elements matching predicate '"playArena" IN identifiers'
    t =    13.57s     Wait for com.tacticalgo.prototype.herobody to idle
    t =    13.58s Find the "playConfirm" Button
    t =    13.58s     Requesting snapshot of accessibility hierarchy for app with pid 23550
    t =    13.71s     Find: Descendants matching type Button
    t =    13.71s     Find: Elements matching predicate '"playConfirm" IN identifiers'
    t =    13.73s Find the "playConfirm" Button
    t =    13.73s     Requesting snapshot of accessibility hierarchy for app with pid 23550
    t =    13.82s     Find: Descendants matching type Button
    t =    13.82s     Find: Elements matching predicate '"playConfirm" IN identifiers'
    t =    13.83s Tap "playConfirm" Button
    t =    13.83s     Wait for com.tacticalgo.prototype.herobody to idle
    t =    13.83s     Find the "playConfirm" Button
    t =    13.83s         Requesting snapshot of accessibility hierarchy for app with pid 23550
    t =    13.92s         Find: Descendants matching type Button
    t =    13.92s         Find: Elements matching predicate '"playConfirm" IN identifiers'
    t =    13.92s     Check for interrupting elements affecting "playConfirm" Button
    t =    13.94s         Requesting snapshot of accessibility hierarchy for app with pid 23550
    t =    14.02s         Find: Descendants matching predicate identifier == "NotificationShortLookView" OR elementType == 7
    t =    14.02s     Synthesize event
    t =    14.31s     Wait for com.tacticalgo.prototype.herobody to idle
    t =    14.32s Waiting 5.0s for "2 AP" StaticText to exist
    t =    15.35s     Checking `Expect predicate `existsNoRetry == 1` for object "2 AP" StaticText`
    t =    15.35s         Checking existence of `"2 AP" StaticText`
    t =    15.36s             Requesting snapshot of accessibility hierarchy for app with pid 23550
    t =    15.48s             Find: Descendants matching type StaticText
    t =    15.49s             Find: Elements matching predicate '"2 AP" IN identifiers'
    t =    15.49s Tap "undoOrCancel" Button
    t =    15.49s     Wait for com.tacticalgo.prototype.herobody to idle
    t =    15.49s     Find the "undoOrCancel" Button
    t =    15.50s         Requesting snapshot of accessibility hierarchy for app with pid 23550
    t =    15.59s         Find: Descendants matching type Button
    t =    15.59s         Find: Elements matching predicate '"undoOrCancel" IN identifiers'
    t =    15.59s     Check for interrupting elements affecting "undoOrCancel" Button
    t =    15.61s         Requesting snapshot of accessibility hierarchy for app with pid 23550
    t =    15.69s         Find: Descendants matching predicate identifier == "NotificationShortLookView" OR elementType == 7
    t =    15.70s     Synthesize event
    t =    15.99s     Wait for com.tacticalgo.prototype.herobody to idle
    t =    16.00s Checking existence of `"1 AP" StaticText`
    t =    16.00s     Requesting snapshot of accessibility hierarchy for app with pid 23550
    t =    16.13s     Find: Descendants matching type StaticText
    t =    16.13s     Find: Elements matching predicate '"1 AP" IN identifiers'
    t =    16.14s Tap "undoOrCancel" Button
    t =    16.14s     Wait for com.tacticalgo.prototype.herobody to idle
    t =    16.14s     Find the "undoOrCancel" Button
    t =    16.14s         Requesting snapshot of accessibility hierarchy for app with pid 23550
    t =    16.23s         Find: Descendants matching type Button
    t =    16.23s         Find: Elements matching predicate '"undoOrCancel" IN identifiers'
    t =    16.23s     Check for interrupting elements affecting "undoOrCancel" Button
    t =    16.25s         Requesting snapshot of accessibility hierarchy for app with pid 23550
    t =    16.32s         Find: Descendants matching predicate identifier == "NotificationShortLookView" OR elementType == 7
    t =    16.33s     Synthesize event
    t =    16.62s     Wait for com.tacticalgo.prototype.herobody to idle
    t =    16.62s Checking existence of `"2 AP" StaticText`
    t =    16.63s     Requesting snapshot of accessibility hierarchy for app with pid 23550
    t =    16.75s     Find: Descendants matching type StaticText
    t =    16.75s     Find: Elements matching predicate '"2 AP" IN identifiers'
    t =    16.76s Terminate com.tacticalgo.prototype.herobody:23550
    t =    17.79s Open com.tacticalgo.prototype.herobody
    t =    17.79s     Launch com.tacticalgo.prototype.herobody
    t =    17.89s         Setting up automation session
    t =    18.00s         Wait for com.tacticalgo.prototype.herobody to idle
    t =    19.27s Waiting 10.0s for "playArena" Other to exist
    t =    20.30s     Checking `Expect predicate `existsNoRetry == 1` for object "playArena" Other`
    t =    20.30s         Checking existence of `"playArena" Other`
    t =    20.31s             Requesting snapshot of accessibility hierarchy for app with pid 23557
    t =    20.47s             Find: Descendants matching type Other
    t =    20.47s             Find: Elements matching predicate '"playArena" IN identifiers'
    t =    20.47s Find the "playArena" Other
    t =    20.48s     Requesting snapshot of accessibility hierarchy for app with pid 23557
    t =    20.56s     Find: Descendants matching type Other
    t =    20.56s     Find: Elements matching predicate '"playArena" IN identifiers'
    t =    20.57s Find the "playArena" Other
    t =    20.57s     Requesting snapshot of accessibility hierarchy for app with pid 23557
    t =    20.66s     Find: Descendants matching type Other
    t =    20.66s     Find: Elements matching predicate '"playArena" IN identifiers'
    t =    20.67s Find the "playArena" Other
    t =    20.67s     Requesting snapshot of accessibility hierarchy for app with pid 23557
    t =    20.76s     Find: Descendants matching type Other
    t =    20.76s     Find: Elements matching predicate '"playArena" IN identifiers'
    t =    20.76s Waiting 10.0s for "playArena" Other to exist
    t =    21.78s     Checking `Expect predicate `existsNoRetry == 1` for object "playArena" Other`
    t =    21.79s         Checking existence of `"playArena" Other`
    t =    21.79s             Requesting snapshot of accessibility hierarchy for app with pid 23557
    t =    21.92s             Find: Descendants matching type Other
    t =    21.92s             Find: Elements matching predicate '"playArena" IN identifiers'
    t =    21.93s Tap "playArena" Other[0.30, 0.42]
    t =    21.93s     Wait for com.tacticalgo.prototype.herobody to idle
    t =    21.93s     Find the "playArena" Other
    t =    21.93s         Requesting snapshot of accessibility hierarchy for app with pid 23557
    t =    22.02s         Find: Descendants matching type Other
    t =    22.02s         Find: Elements matching predicate '"playArena" IN identifiers'
    t =    22.03s     Check for interrupting elements affecting "playArena" Other
    t =    22.05s         Requesting snapshot of accessibility hierarchy for app with pid 23557
    t =    22.12s         Find: Descendants matching predicate identifier == "NotificationShortLookView" OR elementType == 7
    t =    22.13s     Synthesize event
    t =    22.13s         Find the "playArena" Other
    t =    22.13s             Requesting snapshot of accessibility hierarchy for app with pid 23557
    t =    22.21s             Find: Descendants matching type Other
    t =    22.21s             Find: Elements matching predicate '"playArena" IN identifiers'
    t =    22.22s         Find the "playArena" Other
    t =    22.22s             Requesting snapshot of accessibility hierarchy for app with pid 23557
    t =    22.31s             Find: Descendants matching type Other
    t =    22.31s             Find: Elements matching predicate '"playArena" IN identifiers'
    t =    22.32s         Find the "playArena" Other
    t =    22.32s             Requesting snapshot of accessibility hierarchy for app with pid 23557
    t =    22.41s             Find: Descendants matching type Other
    t =    22.41s             Find: Elements matching predicate '"playArena" IN identifiers'
    t =    22.69s     Wait for com.tacticalgo.prototype.herobody to idle
    t =    22.69s Waiting 10.0s for "playArena" Other to exist
    t =    23.72s     Checking `Expect predicate `existsNoRetry == 1` for object "playArena" Other`
    t =    23.72s         Checking existence of `"playArena" Other`
    t =    23.73s             Requesting snapshot of accessibility hierarchy for app with pid 23557
    t =    23.85s             Find: Descendants matching type Other
    t =    23.86s             Find: Elements matching predicate '"playArena" IN identifiers'
    t =    23.86s Tap "playArena" Other[0.50, 0.42]
    t =    23.86s     Wait for com.tacticalgo.prototype.herobody to idle
    t =    23.86s     Find the "playArena" Other
    t =    23.87s         Requesting snapshot of accessibility hierarchy for app with pid 23557
    t =    23.94s         Find: Descendants matching type Other
    t =    23.94s         Find: Elements matching predicate '"playArena" IN identifiers'
    t =    23.95s     Check for interrupting elements affecting "playArena" Other
    t =    23.96s         Requesting snapshot of accessibility hierarchy for app with pid 23557
    t =    24.03s         Find: Descendants matching predicate identifier == "NotificationShortLookView" OR elementType == 7
    t =    24.04s     Synthesize event
    t =    24.04s         Find the "playArena" Other
    t =    24.04s             Requesting snapshot of accessibility hierarchy for app with pid 23557
    t =    24.11s             Find: Descendants matching type Other
    t =    24.11s             Find: Elements matching predicate '"playArena" IN identifiers'
    t =    24.12s         Find the "playArena" Other
    t =    24.12s             Requesting snapshot of accessibility hierarchy for app with pid 23557
    t =    24.20s             Find: Descendants matching type Other
    t =    24.20s             Find: Elements matching predicate '"playArena" IN identifiers'
    t =    24.21s         Find the "playArena" Other
    t =    24.21s             Requesting snapshot of accessibility hierarchy for app with pid 23557
    t =    24.29s             Find: Descendants matching type Other
    t =    24.29s             Find: Elements matching predicate '"playArena" IN identifiers'
    t =    24.57s     Wait for com.tacticalgo.prototype.herobody to idle
    t =    24.58s Find the "playConfirm" Button
    t =    24.58s     Requesting snapshot of accessibility hierarchy for app with pid 23557
    t =    24.70s     Find: Descendants matching type Button
    t =    24.70s     Find: Elements matching predicate '"playConfirm" IN identifiers'
    t =    24.73s Find the "playConfirm" Button
    t =    24.73s     Requesting snapshot of accessibility hierarchy for app with pid 23557
    t =    24.82s     Find: Descendants matching type Button
    t =    24.82s     Find: Elements matching predicate '"playConfirm" IN identifiers'
    t =    24.83s Tap "playConfirm" Button
    t =    24.83s     Wait for com.tacticalgo.prototype.herobody to idle
    t =    24.83s     Find the "playConfirm" Button
    t =    24.83s         Requesting snapshot of accessibility hierarchy for app with pid 23557
    t =    24.91s         Find: Descendants matching type Button
    t =    24.92s         Find: Elements matching predicate '"playConfirm" IN identifiers'
    t =    24.92s     Check for interrupting elements affecting "playConfirm" Button
    t =    24.94s         Requesting snapshot of accessibility hierarchy for app with pid 23557
    t =    25.01s         Find: Descendants matching predicate identifier == "NotificationShortLookView" OR elementType == 7
    t =    25.02s     Synthesize event
    t =    25.31s     Wait for com.tacticalgo.prototype.herobody to idle
    t =    25.31s Pressing Home button
    t =    25.78s Open com.tacticalgo.prototype.herobody
    t =    25.78s     Activate com.tacticalgo.prototype.herobody
    t =    26.30s         Wait for com.tacticalgo.prototype.herobody to idle
    t =    26.37s Waiting 5.0s for "1 AP" StaticText to exist
    t =    27.39s     Checking `Expect predicate `existsNoRetry == 1` for object "1 AP" StaticText`
    t =    27.39s         Checking existence of `"1 AP" StaticText`
    t =    27.39s             Requesting snapshot of accessibility hierarchy for app with pid 23557
    t =    27.52s             Find: Descendants matching type StaticText
    t =    27.52s             Find: Elements matching predicate '"1 AP" IN identifiers'
    t =    27.64s Added attachment named 'VFX-320-9-warrior-background-reduced-true'
    t =    27.64s Tap "mode-soldier" Button
    t =    27.64s     Wait for com.tacticalgo.prototype.herobody to idle
    t =    27.64s     Find the "mode-soldier" Button
    t =    27.65s         Requesting snapshot of accessibility hierarchy for app with pid 23557
    t =    27.76s         Find: Descendants matching type Button
    t =    27.76s         Find: Elements matching predicate '"mode-soldier" IN identifiers'
    t =    27.76s     Check for interrupting elements affecting "mode-soldier" Button
    t =    27.77s         Requesting snapshot of accessibility hierarchy for app with pid 23557
    t =    27.84s         Find: Descendants matching predicate identifier == "NotificationShortLookView" OR elementType == 7
    t =    27.84s     Synthesize event
    t =    28.13s     Wait for com.tacticalgo.prototype.herobody to idle
    t =    28.14s Waiting 10.0s for "playArena" Other to exist
2026-10-10 18:32:35.156 xcodebuild[31816:1559772] [MT] IDERunDestination: Supported platforms for the buildables in the current scheme is empty.
    t =    29.15s     Checking `Expect predicate `existsNoRetry == 1` for object "playArena" Other`
    t =    29.15s         Checking existence of `"playArena" Other`
    t =    29.16s             Requesting snapshot of accessibility hierarchy for app with pid 23557
    t =    29.28s             Find: Descendants matching type Other
    t =    29.29s             Find: Elements matching predicate '"playArena" IN identifiers'
    t =    29.29s Tap "playArena" Other[0.22, 0.26]
    t =    29.29s     Wait for com.tacticalgo.prototype.herobody to idle
    t =    29.29s     Find the "playArena" Other
    t =    29.29s         Requesting snapshot of accessibility hierarchy for app with pid 23557
    t =    29.39s         Find: Descendants matching type Other
    t =    29.39s         Find: Elements matching predicate '"playArena" IN identifiers'
    t =    29.39s     Check for interrupting elements affecting "playArena" Other
    t =    29.41s         Requesting snapshot of accessibility hierarchy for app with pid 23557
    t =    29.49s         Find: Descendants matching predicate identifier == "NotificationShortLookView" OR elementType == 7
    t =    29.50s     Synthesize event
    t =    29.50s         Find the "playArena" Other
    t =    29.50s             Requesting snapshot of accessibility hierarchy for app with pid 23557
    t =    29.59s             Find: Descendants matching type Other
    t =    29.59s             Find: Elements matching predicate '"playArena" IN identifiers'
    t =    29.60s         Find the "playArena" Other
    t =    29.60s             Requesting snapshot of accessibility hierarchy for app with pid 23557
    t =    29.68s             Find: Descendants matching type Other
    t =    29.69s             Find: Elements matching predicate '"playArena" IN identifiers'
    t =    29.69s         Find the "playArena" Other
    t =    29.70s             Requesting snapshot of accessibility hierarchy for app with pid 23557
    t =    29.78s             Find: Descendants matching type Other
    t =    29.79s             Find: Elements matching predicate '"playArena" IN identifiers'
    t =    30.08s     Wait for com.tacticalgo.prototype.herobody to idle
    t =    30.08s Find the "playConfirm" Button
    t =    30.09s     Requesting snapshot of accessibility hierarchy for app with pid 23557
    t =    30.21s     Find: Descendants matching type Button
    t =    30.21s     Find: Elements matching predicate '"playConfirm" IN identifiers'
    t =    30.23s Find the "playConfirm" Button
    t =    30.23s     Requesting snapshot of accessibility hierarchy for app with pid 23557
    t =    30.32s     Find: Descendants matching type Button
    t =    30.32s     Find: Elements matching predicate '"playConfirm" IN identifiers'
    t =    30.32s Tap "playConfirm" Button
    t =    30.32s     Wait for com.tacticalgo.prototype.herobody to idle
    t =    30.33s     Find the "playConfirm" Button
    t =    30.33s         Requesting snapshot of accessibility hierarchy for app with pid 23557
    t =    30.41s         Find: Descendants matching type Button
    t =    30.41s         Find: Elements matching predicate '"playConfirm" IN identifiers'
    t =    30.42s     Check for interrupting elements affecting "playConfirm" Button
    t =    30.44s         Requesting snapshot of accessibility hierarchy for app with pid 23557
    t =    30.52s         Find: Descendants matching predicate identifier == "NotificationShortLookView" OR elementType == 7
    t =    30.52s     Synthesize event
    t =    30.81s     Wait for com.tacticalgo.prototype.herobody to idle
    t =    30.82s Waiting 5.0s for "2 AP" StaticText to exist
    t =    31.84s     Checking `Expect predicate `existsNoRetry == 1` for object "2 AP" StaticText`
    t =    31.84s         Checking existence of `"2 AP" StaticText`
    t =    31.84s             Requesting snapshot of accessibility hierarchy for app with pid 23557
    t =    31.97s             Find: Descendants matching type StaticText
    t =    31.97s             Find: Elements matching predicate '"2 AP" IN identifiers'
    t =    31.98s Tap "undoOrCancel" Button
    t =    31.98s     Wait for com.tacticalgo.prototype.herobody to idle
    t =    31.98s     Find the "undoOrCancel" Button
    t =    31.98s         Requesting snapshot of accessibility hierarchy for app with pid 23557
    t =    32.07s         Find: Descendants matching type Button
    t =    32.07s         Find: Elements matching predicate '"undoOrCancel" IN identifiers'
    t =    32.07s     Check for interrupting elements affecting "undoOrCancel" Button
    t =    32.09s         Requesting snapshot of accessibility hierarchy for app with pid 23557
    t =    32.16s         Find: Descendants matching predicate identifier == "NotificationShortLookView" OR elementType == 7
    t =    32.17s     Synthesize event
    t =    32.46s     Wait for com.tacticalgo.prototype.herobody to idle
    t =    32.46s Checking existence of `"1 AP" StaticText`
    t =    32.47s     Requesting snapshot of accessibility hierarchy for app with pid 23557
    t =    32.59s     Find: Descendants matching type StaticText
    t =    32.59s     Find: Elements matching predicate '"1 AP" IN identifiers'
    t =    32.60s Tap "undoOrCancel" Button
    t =    32.60s     Wait for com.tacticalgo.prototype.herobody to idle
    t =    32.60s     Find the "undoOrCancel" Button
    t =    32.60s         Requesting snapshot of accessibility hierarchy for app with pid 23557
    t =    32.68s         Find: Descendants matching type Button
    t =    32.69s         Find: Elements matching predicate '"undoOrCancel" IN identifiers'
    t =    32.69s     Check for interrupting elements affecting "undoOrCancel" Button
    t =    32.71s         Requesting snapshot of accessibility hierarchy for app with pid 23557
    t =    32.78s         Find: Descendants matching predicate identifier == "NotificationShortLookView" OR elementType == 7
    t =    32.78s     Synthesize event
    t =    33.08s     Wait for com.tacticalgo.prototype.herobody to idle
    t =    33.09s Checking existence of `"2 AP" StaticText`
    t =    33.09s     Requesting snapshot of accessibility hierarchy for app with pid 23557
    t =    33.22s     Find: Descendants matching type StaticText
    t =    33.22s     Find: Elements matching predicate '"2 AP" IN identifiers'
    t =    33.23s Terminate com.tacticalgo.prototype.herobody:23557
    t =    34.28s Open com.tacticalgo.prototype.herobody
    t =    34.28s     Launch com.tacticalgo.prototype.herobody
    t =    34.39s         Setting up automation session
    t =    34.44s         Wait for com.tacticalgo.prototype.herobody to idle
    t =    35.64s Waiting 10.0s for "playArena" Other to exist
    t =    36.65s     Checking `Expect predicate `existsNoRetry == 1` for object "playArena" Other`
    t =    36.66s         Checking existence of `"playArena" Other`
    t =    36.66s             Requesting snapshot of accessibility hierarchy for app with pid 23558
    t =    36.82s             Find: Descendants matching type Other
    t =    36.82s             Find: Elements matching predicate '"playArena" IN identifiers'
    t =    36.82s Find the "playArena" Other
    t =    36.82s     Requesting snapshot of accessibility hierarchy for app with pid 23558
    t =    36.91s     Find: Descendants matching type Other
    t =    36.91s     Find: Elements matching predicate '"playArena" IN identifiers'
    t =    36.92s Find the "playArena" Other
    t =    36.92s     Requesting snapshot of accessibility hierarchy for app with pid 23558
    t =    37.01s     Find: Descendants matching type Other
    t =    37.01s     Find: Elements matching predicate '"playArena" IN identifiers'
    t =    37.02s Find the "playArena" Other
    t =    37.02s     Requesting snapshot of accessibility hierarchy for app with pid 23558
    t =    37.09s     Find: Descendants matching type Other
    t =    37.09s     Find: Elements matching predicate '"playArena" IN identifiers'
    t =    37.10s Waiting 10.0s for "playArena" Other to exist
    t =    38.10s     Checking `Expect predicate `existsNoRetry == 1` for object "playArena" Other`
    t =    38.11s         Checking existence of `"playArena" Other`
    t =    38.11s             Requesting snapshot of accessibility hierarchy for app with pid 23558
2026-10-10 18:32:44.539 xcodebuild[31816:1559772] [MT] IDERunDestination: Supported platforms for the buildables in the current scheme is empty.
    t =    38.24s             Find: Descendants matching type Other
    t =    38.24s             Find: Elements matching predicate '"playArena" IN identifiers'
    t =    38.24s Tap "playArena" Other[0.50, 0.42]
    t =    38.25s     Wait for com.tacticalgo.prototype.herobody to idle
    t =    38.25s     Find the "playArena" Other
    t =    38.25s         Requesting snapshot of accessibility hierarchy for app with pid 23558
    t =    38.34s         Find: Descendants matching type Other
    t =    38.34s         Find: Elements matching predicate '"playArena" IN identifiers'
    t =    38.34s     Check for interrupting elements affecting "playArena" Other
    t =    38.37s         Requesting snapshot of accessibility hierarchy for app with pid 23558
    t =    38.45s         Find: Descendants matching predicate identifier == "NotificationShortLookView" OR elementType == 7
    t =    38.46s     Synthesize event
    t =    38.46s         Find the "playArena" Other
    t =    38.46s             Requesting snapshot of accessibility hierarchy for app with pid 23558
    t =    38.55s             Find: Descendants matching type Other
    t =    38.55s             Find: Elements matching predicate '"playArena" IN identifiers'
    t =    38.56s         Find the "playArena" Other
    t =    38.56s             Requesting snapshot of accessibility hierarchy for app with pid 23558
    t =    38.64s             Find: Descendants matching type Other
    t =    38.64s             Find: Elements matching predicate '"playArena" IN identifiers'
    t =    38.65s         Find the "playArena" Other
    t =    38.65s             Requesting snapshot of accessibility hierarchy for app with pid 23558
    t =    38.73s             Find: Descendants matching type Other
    t =    38.74s             Find: Elements matching predicate '"playArena" IN identifiers'
    t =    39.02s     Wait for com.tacticalgo.prototype.herobody to idle
    t =    39.02s Find the "push-Up" Button
    t =    39.03s     Requesting snapshot of accessibility hierarchy for app with pid 23558
    t =    39.16s     Find: Descendants matching type Button
    t =    39.16s     Find: Elements matching predicate '"push-Up" IN identifiers'
    t =    39.18s Tap "push-Up" Button
    t =    39.18s     Wait for com.tacticalgo.prototype.herobody to idle
    t =    39.18s     Find the "push-Up" Button
    t =    39.18s         Requesting snapshot of accessibility hierarchy for app with pid 23558
    t =    39.28s         Find: Descendants matching type Button
    t =    39.28s         Find: Elements matching predicate '"push-Up" IN identifiers'
    t =    39.29s     Check for interrupting elements affecting "push-Up" Button
    t =    39.31s         Requesting snapshot of accessibility hierarchy for app with pid 23558
    t =    39.39s         Find: Descendants matching predicate identifier == "NotificationShortLookView" OR elementType == 7
    t =    39.40s     Synthesize event
    t =    39.69s     Wait for com.tacticalgo.prototype.herobody to idle
    t =    39.69s Find the "playConfirm" Button
    t =    39.70s     Requesting snapshot of accessibility hierarchy for app with pid 23558
    t =    39.81s     Find: Descendants matching type Button
    t =    39.82s     Find: Elements matching predicate '"playConfirm" IN identifiers'
    t =    39.84s Find the "playConfirm" Button
    t =    39.84s     Requesting snapshot of accessibility hierarchy for app with pid 23558
    t =    39.92s     Find: Descendants matching type Button
    t =    39.92s     Find: Elements matching predicate '"playConfirm" IN identifiers'
    t =    39.93s Tap "playConfirm" Button
    t =    39.93s     Wait for com.tacticalgo.prototype.herobody to idle
    t =    39.93s     Find the "playConfirm" Button
    t =    39.93s         Requesting snapshot of accessibility hierarchy for app with pid 23558
    t =    40.01s         Find: Descendants matching type Button
    t =    40.01s         Find: Elements matching predicate '"playConfirm" IN identifiers'
    t =    40.01s     Check for interrupting elements affecting "playConfirm" Button
    t =    40.03s         Requesting snapshot of accessibility hierarchy for app with pid 23558
    t =    40.09s         Find: Descendants matching predicate identifier == "NotificationShortLookView" OR elementType == 7
    t =    40.10s     Synthesize event
2026-10-10 18:32:46.577 xcodebuild[31816:1559772] [MT] IDERunDestination: Supported platforms for the buildables in the current scheme is empty.
    t =    40.39s     Wait for com.tacticalgo.prototype.herobody to idle
    t =    40.40s Pressing Home button
    t =    40.86s Open com.tacticalgo.prototype.herobody
    t =    40.86s     Activate com.tacticalgo.prototype.herobody
    t =    41.35s         Wait for com.tacticalgo.prototype.herobody to idle
    t =    41.43s Waiting 5.0s for "1 AP" StaticText to exist
2026-10-10 18:32:48.619 xcodebuild[31816:1559772] [MT] IDERunDestination: Supported platforms for the buildables in the current scheme is empty.
    t =    42.44s     Checking `Expect predicate `existsNoRetry == 1` for object "1 AP" StaticText`
    t =    42.44s         Checking existence of `"1 AP" StaticText`
    t =    42.44s             Requesting snapshot of accessibility hierarchy for app with pid 23558
    t =    42.57s             Find: Descendants matching type StaticText
    t =    42.57s             Find: Elements matching predicate '"1 AP" IN identifiers'
2026-10-10 18:32:48.958 xcodebuild[31816:1559772] [MT] IDERunDestination: Supported platforms for the buildables in the current scheme is empty.
    t =    42.69s Added attachment named 'VFX-320-9-mage-background-reduced-false'
    t =    42.69s Tap "mode-soldier" Button
    t =    42.69s     Wait for com.tacticalgo.prototype.herobody to idle
    t =    42.69s     Find the "mode-soldier" Button
    t =    42.69s         Requesting snapshot of accessibility hierarchy for app with pid 23558
    t =    42.80s         Find: Descendants matching type Button
    t =    42.80s         Find: Elements matching predicate '"mode-soldier" IN identifiers'
    t =    42.80s     Check for interrupting elements affecting "mode-soldier" Button
    t =    42.82s         Requesting snapshot of accessibility hierarchy for app with pid 23558
    t =    42.88s         Find: Descendants matching predicate identifier == "NotificationShortLookView" OR elementType == 7
    t =    42.89s     Synthesize event
2026-10-10 18:32:49.399 xcodebuild[31816:1559772] [MT] IDERunDestination: Supported platforms for the buildables in the current scheme is empty.
    t =    43.18s     Wait for com.tacticalgo.prototype.herobody to idle
    t =    43.18s Waiting 10.0s for "playArena" Other to exist
    t =    44.19s     Checking `Expect predicate `existsNoRetry == 1` for object "playArena" Other`
    t =    44.19s         Checking existence of `"playArena" Other`
    t =    44.20s             Requesting snapshot of accessibility hierarchy for app with pid 23558
    t =    44.32s             Find: Descendants matching type Other
    t =    44.32s             Find: Elements matching predicate '"playArena" IN identifiers'
    t =    44.33s Tap "playArena" Other[0.22, 0.26]
    t =    44.33s     Wait for com.tacticalgo.prototype.herobody to idle
    t =    44.33s     Find the "playArena" Other
    t =    44.33s         Requesting snapshot of accessibility hierarchy for app with pid 23558
    t =    44.42s         Find: Descendants matching type Other
    t =    44.43s         Find: Elements matching predicate '"playArena" IN identifiers'
    t =    44.43s     Check for interrupting elements affecting "playArena" Other
    t =    44.45s         Requesting snapshot of accessibility hierarchy for app with pid 23558
    t =    44.53s         Find: Descendants matching predicate identifier == "NotificationShortLookView" OR elementType == 7
    t =    44.53s     Synthesize event
    t =    44.53s         Find the "playArena" Other
    t =    44.53s             Requesting snapshot of accessibility hierarchy for app with pid 23558
    t =    44.62s             Find: Descendants matching type Other
    t =    44.62s             Find: Elements matching predicate '"playArena" IN identifiers'
    t =    44.63s         Find the "playArena" Other
    t =    44.63s             Requesting snapshot of accessibility hierarchy for app with pid 23558
    t =    44.72s             Find: Descendants matching type Other
    t =    44.72s             Find: Elements matching predicate '"playArena" IN identifiers'
    t =    44.73s         Find the "playArena" Other
    t =    44.73s             Requesting snapshot of accessibility hierarchy for app with pid 23558
    t =    44.81s             Find: Descendants matching type Other
    t =    44.81s             Find: Elements matching predicate '"playArena" IN identifiers'
    t =    45.11s     Wait for com.tacticalgo.prototype.herobody to idle
    t =    45.11s Find the "playConfirm" Button
    t =    45.12s     Requesting snapshot of accessibility hierarchy for app with pid 23558
    t =    45.24s     Find: Descendants matching type Button
    t =    45.25s     Find: Elements matching predicate '"playConfirm" IN identifiers'
    t =    45.26s Find the "playConfirm" Button
    t =    45.27s     Requesting snapshot of accessibility hierarchy for app with pid 23558
    t =    45.35s     Find: Descendants matching type Button
    t =    45.35s     Find: Elements matching predicate '"playConfirm" IN identifiers'
    t =    45.36s Tap "playConfirm" Button
    t =    45.36s     Wait for com.tacticalgo.prototype.herobody to idle
    t =    45.36s     Find the "playConfirm" Button
    t =    45.36s         Requesting snapshot of accessibility hierarchy for app with pid 23558
    t =    45.45s         Find: Descendants matching type Button
    t =    45.45s         Find: Elements matching predicate '"playConfirm" IN identifiers'
    t =    45.45s     Check for interrupting elements affecting "playConfirm" Button
    t =    45.47s         Requesting snapshot of accessibility hierarchy for app with pid 23558
    t =    45.55s         Find: Descendants matching predicate identifier == "NotificationShortLookView" OR elementType == 7
    t =    45.56s     Synthesize event
    t =    45.85s     Wait for com.tacticalgo.prototype.herobody to idle
    t =    45.85s Waiting 5.0s for "2 AP" StaticText to exist
    t =    46.86s     Checking `Expect predicate `existsNoRetry == 1` for object "2 AP" StaticText`
    t =    46.86s         Checking existence of `"2 AP" StaticText`
    t =    46.86s             Requesting snapshot of accessibility hierarchy for app with pid 23558
    t =    46.99s             Find: Descendants matching type StaticText
    t =    46.99s             Find: Elements matching predicate '"2 AP" IN identifiers'
    t =    47.00s Tap "undoOrCancel" Button
    t =    47.00s     Wait for com.tacticalgo.prototype.herobody to idle
    t =    47.00s     Find the "undoOrCancel" Button
    t =    47.00s         Requesting snapshot of accessibility hierarchy for app with pid 23558
    t =    47.09s         Find: Descendants matching type Button
    t =    47.09s         Find: Elements matching predicate '"undoOrCancel" IN identifiers'
    t =    47.09s     Check for interrupting elements affecting "undoOrCancel" Button
    t =    47.11s         Requesting snapshot of accessibility hierarchy for app with pid 23558
    t =    47.19s         Find: Descendants matching predicate identifier == "NotificationShortLookView" OR elementType == 7
    t =    47.19s     Synthesize event
    t =    47.48s     Wait for com.tacticalgo.prototype.herobody to idle
    t =    47.48s Checking existence of `"1 AP" StaticText`
    t =    47.49s     Requesting snapshot of accessibility hierarchy for app with pid 23558
    t =    47.60s     Find: Descendants matching type StaticText
    t =    47.61s     Find: Elements matching predicate '"1 AP" IN identifiers'
    t =    47.61s Tap "undoOrCancel" Button
    t =    47.61s     Wait for com.tacticalgo.prototype.herobody to idle
    t =    47.61s     Find the "undoOrCancel" Button
    t =    47.62s         Requesting snapshot of accessibility hierarchy for app with pid 23558
    t =    47.70s         Find: Descendants matching type Button
    t =    47.70s         Find: Elements matching predicate '"undoOrCancel" IN identifiers'
    t =    47.70s     Check for interrupting elements affecting "undoOrCancel" Button
    t =    47.72s         Requesting snapshot of accessibility hierarchy for app with pid 23558
    t =    47.79s         Find: Descendants matching predicate identifier == "NotificationShortLookView" OR elementType == 7
    t =    47.80s     Synthesize event
    t =    48.08s     Wait for com.tacticalgo.prototype.herobody to idle
    t =    48.09s Checking existence of `"2 AP" StaticText`
    t =    48.10s     Requesting snapshot of accessibility hierarchy for app with pid 23558
    t =    48.22s     Find: Descendants matching type StaticText
    t =    48.22s     Find: Elements matching predicate '"2 AP" IN identifiers'
    t =    48.22s Terminate com.tacticalgo.prototype.herobody:23558
    t =    49.26s Open com.tacticalgo.prototype.herobody
    t =    49.27s     Launch com.tacticalgo.prototype.herobody
    t =    49.36s         Setting up automation session
    t =    49.43s         Wait for com.tacticalgo.prototype.herobody to idle
    t =    50.62s Waiting 10.0s for "playArena" Other to exist
    t =    51.64s     Checking `Expect predicate `existsNoRetry == 1` for object "playArena" Other`
    t =    51.64s         Checking existence of `"playArena" Other`
    t =    51.65s             Requesting snapshot of accessibility hierarchy for app with pid 23560
    t =    51.80s             Find: Descendants matching type Other
    t =    51.80s             Find: Elements matching predicate '"playArena" IN identifiers'
    t =    51.80s Find the "playArena" Other
    t =    51.80s     Requesting snapshot of accessibility hierarchy for app with pid 23560
    t =    51.89s     Find: Descendants matching type Other
    t =    51.89s     Find: Elements matching predicate '"playArena" IN identifiers'
    t =    51.90s Find the "playArena" Other
    t =    51.90s     Requesting snapshot of accessibility hierarchy for app with pid 23560
    t =    51.98s     Find: Descendants matching type Other
    t =    51.98s     Find: Elements matching predicate '"playArena" IN identifiers'
    t =    51.99s Find the "playArena" Other
    t =    51.99s     Requesting snapshot of accessibility hierarchy for app with pid 23560
    t =    52.07s     Find: Descendants matching type Other
    t =    52.07s     Find: Elements matching predicate '"playArena" IN identifiers'
    t =    52.08s Waiting 10.0s for "playArena" Other to exist
    t =    53.09s     Checking `Expect predicate `existsNoRetry == 1` for object "playArena" Other`
    t =    53.09s         Checking existence of `"playArena" Other`
    t =    53.10s             Requesting snapshot of accessibility hierarchy for app with pid 23560
    t =    53.23s             Find: Descendants matching type Other
    t =    53.23s             Find: Elements matching predicate '"playArena" IN identifiers'
    t =    53.23s Tap "playArena" Other[0.50, 0.42]
    t =    53.23s     Wait for com.tacticalgo.prototype.herobody to idle
    t =    53.23s     Find the "playArena" Other
    t =    53.23s         Requesting snapshot of accessibility hierarchy for app with pid 23560
    t =    53.33s         Find: Descendants matching type Other
    t =    53.33s         Find: Elements matching predicate '"playArena" IN identifiers'
    t =    53.33s     Check for interrupting elements affecting "playArena" Other
    t =    53.35s         Requesting snapshot of accessibility hierarchy for app with pid 23560
    t =    53.44s         Find: Descendants matching predicate identifier == "NotificationShortLookView" OR elementType == 7
    t =    53.44s     Synthesize event
    t =    53.44s         Find the "playArena" Other
    t =    53.45s             Requesting snapshot of accessibility hierarchy for app with pid 23560
    t =    53.53s             Find: Descendants matching type Other
    t =    53.53s             Find: Elements matching predicate '"playArena" IN identifiers'
    t =    53.54s         Find the "playArena" Other
    t =    53.54s             Requesting snapshot of accessibility hierarchy for app with pid 23560
    t =    53.62s             Find: Descendants matching type Other
    t =    53.63s             Find: Elements matching predicate '"playArena" IN identifiers'
    t =    53.64s         Find the "playArena" Other
    t =    53.64s             Requesting snapshot of accessibility hierarchy for app with pid 23560
    t =    53.72s             Find: Descendants matching type Other
    t =    53.73s             Find: Elements matching predicate '"playArena" IN identifiers'
2026-10-10 18:33:00.105 xcodebuild[31816:1559772] [MT] IDERunDestination: Supported platforms for the buildables in the current scheme is empty.
    t =    54.01s     Wait for com.tacticalgo.prototype.herobody to idle
    t =    54.02s Find the "push-Up" Button
    t =    54.02s     Requesting snapshot of accessibility hierarchy for app with pid 23560
    t =    54.15s     Find: Descendants matching type Button
    t =    54.15s     Find: Elements matching predicate '"push-Up" IN identifiers'
    t =    54.17s Tap "push-Up" Button
    t =    54.17s     Wait for com.tacticalgo.prototype.herobody to idle
    t =    54.17s     Find the "push-Up" Button
    t =    54.18s         Requesting snapshot of accessibility hierarchy for app with pid 23560
    t =    54.27s         Find: Descendants matching type Button
    t =    54.27s         Find: Elements matching predicate '"push-Up" IN identifiers'
    t =    54.27s     Check for interrupting elements affecting "push-Up" Button
    t =    54.29s         Requesting snapshot of accessibility hierarchy for app with pid 23560
    t =    54.37s         Find: Descendants matching predicate identifier == "NotificationShortLookView" OR elementType == 7
    t =    54.38s     Synthesize event
    t =    54.66s     Wait for com.tacticalgo.prototype.herobody to idle
    t =    54.67s Find the "playConfirm" Button
    t =    54.67s     Requesting snapshot of accessibility hierarchy for app with pid 23560
    t =    54.79s     Find: Descendants matching type Button
    t =    54.79s     Find: Elements matching predicate '"playConfirm" IN identifiers'
    t =    54.81s Find the "playConfirm" Button
    t =    54.81s     Requesting snapshot of accessibility hierarchy for app with pid 23560
    t =    54.89s     Find: Descendants matching type Button
    t =    54.90s     Find: Elements matching predicate '"playConfirm" IN identifiers'
    t =    54.90s Tap "playConfirm" Button
    t =    54.90s     Wait for com.tacticalgo.prototype.herobody to idle
    t =    54.90s     Find the "playConfirm" Button
    t =    54.90s         Requesting snapshot of accessibility hierarchy for app with pid 23560
    t =    54.99s         Find: Descendants matching type Button
    t =    54.99s         Find: Elements matching predicate '"playConfirm" IN identifiers'
    t =    54.99s     Check for interrupting elements affecting "playConfirm" Button
    t =    55.01s         Requesting snapshot of accessibility hierarchy for app with pid 23560
    t =    55.08s         Find: Descendants matching predicate identifier == "NotificationShortLookView" OR elementType == 7
    t =    55.08s     Synthesize event
    t =    55.37s     Wait for com.tacticalgo.prototype.herobody to idle
    t =    55.38s Pressing Home button
    t =    55.84s Open com.tacticalgo.prototype.herobody
    t =    55.85s     Activate com.tacticalgo.prototype.herobody
    t =    56.35s         Wait for com.tacticalgo.prototype.herobody to idle
    t =    56.43s Waiting 5.0s for "1 AP" StaticText to exist
    t =    57.44s     Checking `Expect predicate `existsNoRetry == 1` for object "1 AP" StaticText`
    t =    57.44s         Checking existence of `"1 AP" StaticText`
    t =    57.45s             Requesting snapshot of accessibility hierarchy for app with pid 23560
    t =    57.57s             Find: Descendants matching type StaticText
    t =    57.57s             Find: Elements matching predicate '"1 AP" IN identifiers'
    t =    57.69s Added attachment named 'VFX-320-9-mage-background-reduced-true'
    t =    57.69s Tap "mode-soldier" Button
    t =    57.69s     Wait for com.tacticalgo.prototype.herobody to idle
    t =    57.70s     Find the "mode-soldier" Button
    t =    57.70s         Requesting snapshot of accessibility hierarchy for app with pid 23560
    t =    57.81s         Find: Descendants matching type Button
    t =    57.81s         Find: Elements matching predicate '"mode-soldier" IN identifiers'
    t =    57.81s     Check for interrupting elements affecting "mode-soldier" Button
    t =    57.82s         Requesting snapshot of accessibility hierarchy for app with pid 23560
    t =    57.89s         Find: Descendants matching predicate identifier == "NotificationShortLookView" OR elementType == 7
    t =    57.89s     Synthesize event
    t =    58.18s     Wait for com.tacticalgo.prototype.herobody to idle
    t =    58.18s Waiting 10.0s for "playArena" Other to exist
    t =    59.21s     Checking `Expect predicate `existsNoRetry == 1` for object "playArena" Other`
    t =    59.21s         Checking existence of `"playArena" Other`
    t =    59.22s             Requesting snapshot of accessibility hierarchy for app with pid 23560
    t =    59.35s             Find: Descendants matching type Other
    t =    59.35s             Find: Elements matching predicate '"playArena" IN identifiers'
    t =    59.35s Tap "playArena" Other[0.22, 0.26]
    t =    59.35s     Wait for com.tacticalgo.prototype.herobody to idle
    t =    59.35s     Find the "playArena" Other
    t =    59.36s         Requesting snapshot of accessibility hierarchy for app with pid 23560
    t =    59.45s         Find: Descendants matching type Other
    t =    59.45s         Find: Elements matching predicate '"playArena" IN identifiers'
    t =    59.45s     Check for interrupting elements affecting "playArena" Other
    t =    59.47s         Requesting snapshot of accessibility hierarchy for app with pid 23560
    t =    59.55s         Find: Descendants matching predicate identifier == "NotificationShortLookView" OR elementType == 7
    t =    59.55s     Synthesize event
    t =    59.55s         Find the "playArena" Other
    t =    59.56s             Requesting snapshot of accessibility hierarchy for app with pid 23560
    t =    59.64s             Find: Descendants matching type Other
    t =    59.64s             Find: Elements matching predicate '"playArena" IN identifiers'
    t =    59.65s         Find the "playArena" Other
    t =    59.65s             Requesting snapshot of accessibility hierarchy for app with pid 23560
    t =    59.73s             Find: Descendants matching type Other
    t =    59.73s             Find: Elements matching predicate '"playArena" IN identifiers'
    t =    59.74s         Find the "playArena" Other
    t =    59.75s             Requesting snapshot of accessibility hierarchy for app with pid 23560
    t =    59.83s             Find: Descendants matching type Other
    t =    59.83s             Find: Elements matching predicate '"playArena" IN identifiers'
    t =    60.11s     Wait for com.tacticalgo.prototype.herobody to idle
    t =    60.12s Find the "playConfirm" Button
    t =    60.12s     Requesting snapshot of accessibility hierarchy for app with pid 23560
    t =    60.25s     Find: Descendants matching type Button
    t =    60.25s     Find: Elements matching predicate '"playConfirm" IN identifiers'
    t =    60.27s Find the "playConfirm" Button
    t =    60.27s     Requesting snapshot of accessibility hierarchy for app with pid 23560
    t =    60.36s     Find: Descendants matching type Button
    t =    60.36s     Find: Elements matching predicate '"playConfirm" IN identifiers'
    t =    60.37s Tap "playConfirm" Button
    t =    60.37s     Wait for com.tacticalgo.prototype.herobody to idle
    t =    60.37s     Find the "playConfirm" Button
    t =    60.37s         Requesting snapshot of accessibility hierarchy for app with pid 23560
    t =    60.46s         Find: Descendants matching type Button
    t =    60.46s         Find: Elements matching predicate '"playConfirm" IN identifiers'
    t =    60.46s     Check for interrupting elements affecting "playConfirm" Button
    t =    60.48s         Requesting snapshot of accessibility hierarchy for app with pid 23560
    t =    60.56s         Find: Descendants matching predicate identifier == "NotificationShortLookView" OR elementType == 7
    t =    60.56s     Synthesize event
    t =    60.85s     Wait for com.tacticalgo.prototype.herobody to idle
    t =    60.85s Waiting 5.0s for "2 AP" StaticText to exist
    t =    61.86s     Checking `Expect predicate `existsNoRetry == 1` for object "2 AP" StaticText`
    t =    61.86s         Checking existence of `"2 AP" StaticText`
    t =    61.87s             Requesting snapshot of accessibility hierarchy for app with pid 23560
    t =    61.99s             Find: Descendants matching type StaticText
    t =    62.00s             Find: Elements matching predicate '"2 AP" IN identifiers'
    t =    62.00s Tap "undoOrCancel" Button
    t =    62.00s     Wait for com.tacticalgo.prototype.herobody to idle
    t =    62.01s     Find the "undoOrCancel" Button
    t =    62.01s         Requesting snapshot of accessibility hierarchy for app with pid 23560
    t =    62.10s         Find: Descendants matching type Button
    t =    62.10s         Find: Elements matching predicate '"undoOrCancel" IN identifiers'
    t =    62.11s     Check for interrupting elements affecting "undoOrCancel" Button
    t =    62.12s         Requesting snapshot of accessibility hierarchy for app with pid 23560
    t =    62.20s         Find: Descendants matching predicate identifier == "NotificationShortLookView" OR elementType == 7
    t =    62.21s     Synthesize event
    t =    62.50s     Wait for com.tacticalgo.prototype.herobody to idle
    t =    62.50s Checking existence of `"1 AP" StaticText`
    t =    62.51s     Requesting snapshot of accessibility hierarchy for app with pid 23560
    t =    62.62s     Find: Descendants matching type StaticText
    t =    62.63s     Find: Elements matching predicate '"1 AP" IN identifiers'
    t =    62.63s Tap "undoOrCancel" Button
    t =    62.63s     Wait for com.tacticalgo.prototype.herobody to idle
    t =    62.64s     Find the "undoOrCancel" Button
    t =    62.64s         Requesting snapshot of accessibility hierarchy for app with pid 23560
    t =    62.72s         Find: Descendants matching type Button
    t =    62.72s         Find: Elements matching predicate '"undoOrCancel" IN identifiers'
    t =    62.73s     Check for interrupting elements affecting "undoOrCancel" Button
    t =    62.74s         Requesting snapshot of accessibility hierarchy for app with pid 23560
    t =    62.81s         Find: Descendants matching predicate identifier == "NotificationShortLookView" OR elementType == 7
    t =    62.82s     Synthesize event
    t =    63.11s     Wait for com.tacticalgo.prototype.herobody to idle
    t =    63.11s Checking existence of `"2 AP" StaticText`
    t =    63.12s     Requesting snapshot of accessibility hierarchy for app with pid 23560
    t =    63.24s     Find: Descendants matching type StaticText
    t =    63.24s     Find: Elements matching predicate '"2 AP" IN identifiers'
    t =    63.25s Terminate com.tacticalgo.prototype.herobody:23560
    t =    64.28s Open com.tacticalgo.prototype.herobody
    t =    64.28s     Launch com.tacticalgo.prototype.herobody
    t =    64.37s         Setting up automation session
    t =    64.44s         Wait for com.tacticalgo.prototype.herobody to idle
    t =    65.64s Waiting 10.0s for "playArena" Other to exist
    t =    66.64s     Checking `Expect predicate `existsNoRetry == 1` for object "playArena" Other`
    t =    66.64s         Checking existence of `"playArena" Other`
    t =    66.65s             Requesting snapshot of accessibility hierarchy for app with pid 23562
    t =    66.79s             Find: Descendants matching type Other
    t =    66.80s             Find: Elements matching predicate '"playArena" IN identifiers'
    t =    66.80s Find the "playArena" Other
    t =    66.80s     Requesting snapshot of accessibility hierarchy for app with pid 23562
    t =    66.88s     Find: Descendants matching type Other
    t =    66.88s     Find: Elements matching predicate '"playArena" IN identifiers'
    t =    66.89s Find the "playArena" Other
    t =    66.89s     Requesting snapshot of accessibility hierarchy for app with pid 23562
    t =    66.97s     Find: Descendants matching type Other
    t =    66.97s     Find: Elements matching predicate '"playArena" IN identifiers'
    t =    66.98s Find the "playArena" Other
    t =    66.98s     Requesting snapshot of accessibility hierarchy for app with pid 23562
    t =    67.07s     Find: Descendants matching type Other
    t =    67.07s     Find: Elements matching predicate '"playArena" IN identifiers'
    t =    67.08s Waiting 10.0s for "playArena" Other to exist
    t =    68.08s     Checking `Expect predicate `existsNoRetry == 1` for object "playArena" Other`
    t =    68.08s         Checking existence of `"playArena" Other`
    t =    68.09s             Requesting snapshot of accessibility hierarchy for app with pid 23562
    t =    68.22s             Find: Descendants matching type Other
    t =    68.22s             Find: Elements matching predicate '"playArena" IN identifiers'
    t =    68.22s Tap "playArena" Other[0.50, 0.42]
    t =    68.22s     Wait for com.tacticalgo.prototype.herobody to idle
    t =    68.22s     Find the "playArena" Other
    t =    68.23s         Requesting snapshot of accessibility hierarchy for app with pid 23562
    t =    68.31s         Find: Descendants matching type Other
    t =    68.32s         Find: Elements matching predicate '"playArena" IN identifiers'
    t =    68.32s     Check for interrupting elements affecting "playArena" Other
    t =    68.34s         Requesting snapshot of accessibility hierarchy for app with pid 23562
    t =    68.42s         Find: Descendants matching predicate identifier == "NotificationShortLookView" OR elementType == 7
    t =    68.42s     Synthesize event
    t =    68.43s         Find the "playArena" Other
    t =    68.43s             Requesting snapshot of accessibility hierarchy for app with pid 23562
    t =    68.51s             Find: Descendants matching type Other
    t =    68.52s             Find: Elements matching predicate '"playArena" IN identifiers'
    t =    68.52s         Find the "playArena" Other
    t =    68.52s             Requesting snapshot of accessibility hierarchy for app with pid 23562
    t =    68.61s             Find: Descendants matching type Other
    t =    68.61s             Find: Elements matching predicate '"playArena" IN identifiers'
    t =    68.62s         Find the "playArena" Other
    t =    68.62s             Requesting snapshot of accessibility hierarchy for app with pid 23562
    t =    68.70s             Find: Descendants matching type Other
    t =    68.71s             Find: Elements matching predicate '"playArena" IN identifiers'
    t =    68.99s     Wait for com.tacticalgo.prototype.herobody to idle
    t =    69.00s Find the "playConfirm" Button
    t =    69.00s     Requesting snapshot of accessibility hierarchy for app with pid 23562
    t =    69.13s     Find: Descendants matching type Button
    t =    69.13s     Find: Elements matching predicate '"playConfirm" IN identifiers'
    t =    69.15s Find the "playConfirm" Button
    t =    69.16s     Requesting snapshot of accessibility hierarchy for app with pid 23562
    t =    69.25s     Find: Descendants matching type Button
    t =    69.25s     Find: Elements matching predicate '"playConfirm" IN identifiers'
    t =    69.25s Tap "playConfirm" Button
    t =    69.25s     Wait for com.tacticalgo.prototype.herobody to idle
    t =    69.25s     Find the "playConfirm" Button
    t =    69.26s         Requesting snapshot of accessibility hierarchy for app with pid 23562
    t =    69.34s         Find: Descendants matching type Button
    t =    69.34s         Find: Elements matching predicate '"playConfirm" IN identifiers'
    t =    69.34s     Check for interrupting elements affecting "playConfirm" Button
    t =    69.36s         Requesting snapshot of accessibility hierarchy for app with pid 23562
    t =    69.44s         Find: Descendants matching predicate identifier == "NotificationShortLookView" OR elementType == 7
    t =    69.45s     Synthesize event
    t =    69.73s     Wait for com.tacticalgo.prototype.herobody to idle
    t =    69.74s Pressing Home button
    t =    70.20s Open com.tacticalgo.prototype.herobody
    t =    70.21s     Activate com.tacticalgo.prototype.herobody
    t =    70.71s         Wait for com.tacticalgo.prototype.herobody to idle
    t =    70.78s Waiting 5.0s for "1 AP" StaticText to exist
    t =    71.79s     Checking `Expect predicate `existsNoRetry == 1` for object "1 AP" StaticText`
    t =    71.79s         Checking existence of `"1 AP" StaticText`
    t =    71.79s             Requesting snapshot of accessibility hierarchy for app with pid 23562
    t =    71.92s             Find: Descendants matching type StaticText
    t =    71.92s             Find: Elements matching predicate '"1 AP" IN identifiers'
    t =    72.04s Added attachment named 'VFX-320-9-rogue-background-reduced-false'
    t =    72.04s Tap "mode-soldier" Button
    t =    72.04s     Wait for com.tacticalgo.prototype.herobody to idle
    t =    72.04s     Find the "mode-soldier" Button
    t =    72.04s         Requesting snapshot of accessibility hierarchy for app with pid 23562
    t =    72.15s         Find: Descendants matching type Button
    t =    72.15s         Find: Elements matching predicate '"mode-soldier" IN identifiers'
    t =    72.16s     Check for interrupting elements affecting "mode-soldier" Button
    t =    72.17s         Requesting snapshot of accessibility hierarchy for app with pid 23562
    t =    72.23s         Find: Descendants matching predicate identifier == "NotificationShortLookView" OR elementType == 7
    t =    72.24s     Synthesize event
    t =    72.52s     Wait for com.tacticalgo.prototype.herobody to idle
    t =    72.52s Waiting 10.0s for "playArena" Other to exist
    t =    73.53s     Checking `Expect predicate `existsNoRetry == 1` for object "playArena" Other`
    t =    73.53s         Checking existence of `"playArena" Other`
    t =    73.53s             Requesting snapshot of accessibility hierarchy for app with pid 23562
    t =    73.66s             Find: Descendants matching type Other
    t =    73.66s             Find: Elements matching predicate '"playArena" IN identifiers'
    t =    73.67s Tap "playArena" Other[0.22, 0.26]
    t =    73.67s     Wait for com.tacticalgo.prototype.herobody to idle
    t =    73.67s     Find the "playArena" Other
    t =    73.67s         Requesting snapshot of accessibility hierarchy for app with pid 23562
    t =    73.76s         Find: Descendants matching type Other
    t =    73.76s         Find: Elements matching predicate '"playArena" IN identifiers'
    t =    73.77s     Check for interrupting elements affecting "playArena" Other
    t =    73.78s         Requesting snapshot of accessibility hierarchy for app with pid 23562
    t =    73.86s         Find: Descendants matching predicate identifier == "NotificationShortLookView" OR elementType == 7
    t =    73.87s     Synthesize event
    t =    73.87s         Find the "playArena" Other
    t =    73.87s             Requesting snapshot of accessibility hierarchy for app with pid 23562
    t =    73.95s             Find: Descendants matching type Other
    t =    73.95s             Find: Elements matching predicate '"playArena" IN identifiers'
    t =    73.96s         Find the "playArena" Other
    t =    73.96s             Requesting snapshot of accessibility hierarchy for app with pid 23562
    t =    74.04s             Find: Descendants matching type Other
    t =    74.04s             Find: Elements matching predicate '"playArena" IN identifiers'
    t =    74.05s         Find the "playArena" Other
    t =    74.05s             Requesting snapshot of accessibility hierarchy for app with pid 23562
    t =    74.13s             Find: Descendants matching type Other
    t =    74.14s             Find: Elements matching predicate '"playArena" IN identifiers'
    t =    74.42s     Wait for com.tacticalgo.prototype.herobody to idle
    t =    74.43s Find the "playConfirm" Button
    t =    74.43s     Requesting snapshot of accessibility hierarchy for app with pid 23562
    t =    74.56s     Find: Descendants matching type Button
    t =    74.56s     Find: Elements matching predicate '"playConfirm" IN identifiers'
    t =    74.58s Find the "playConfirm" Button
    t =    74.58s     Requesting snapshot of accessibility hierarchy for app with pid 23562
    t =    74.67s     Find: Descendants matching type Button
    t =    74.67s     Find: Elements matching predicate '"playConfirm" IN identifiers'
    t =    74.67s Tap "playConfirm" Button
    t =    74.67s     Wait for com.tacticalgo.prototype.herobody to idle
    t =    74.68s     Find the "playConfirm" Button
    t =    74.68s         Requesting snapshot of accessibility hierarchy for app with pid 23562
    t =    74.76s         Find: Descendants matching type Button
    t =    74.76s         Find: Elements matching predicate '"playConfirm" IN identifiers'
    t =    74.77s     Check for interrupting elements affecting "playConfirm" Button
    t =    74.78s         Requesting snapshot of accessibility hierarchy for app with pid 23562
    t =    74.86s         Find: Descendants matching predicate identifier == "NotificationShortLookView" OR elementType == 7
    t =    74.86s     Synthesize event
    t =    75.15s     Wait for com.tacticalgo.prototype.herobody to idle
    t =    75.16s Waiting 5.0s for "2 AP" StaticText to exist
    t =    76.16s     Checking `Expect predicate `existsNoRetry == 1` for object "2 AP" StaticText`
    t =    76.16s         Checking existence of `"2 AP" StaticText`
    t =    76.17s             Requesting snapshot of accessibility hierarchy for app with pid 23562
    t =    76.29s             Find: Descendants matching type StaticText
    t =    76.30s             Find: Elements matching predicate '"2 AP" IN identifiers'
    t =    76.30s Tap "undoOrCancel" Button
    t =    76.30s     Wait for com.tacticalgo.prototype.herobody to idle
    t =    76.30s     Find the "undoOrCancel" Button
    t =    76.31s         Requesting snapshot of accessibility hierarchy for app with pid 23562
    t =    76.40s         Find: Descendants matching type Button
    t =    76.40s         Find: Elements matching predicate '"undoOrCancel" IN identifiers'
    t =    76.40s     Check for interrupting elements affecting "undoOrCancel" Button
    t =    76.42s         Requesting snapshot of accessibility hierarchy for app with pid 23562
    t =    76.50s         Find: Descendants matching predicate identifier == "NotificationShortLookView" OR elementType == 7
    t =    76.50s     Synthesize event
    t =    76.79s     Wait for com.tacticalgo.prototype.herobody to idle
    t =    76.80s Checking existence of `"1 AP" StaticText`
    t =    76.81s     Requesting snapshot of accessibility hierarchy for app with pid 23562
    t =    76.93s     Find: Descendants matching type StaticText
    t =    76.93s     Find: Elements matching predicate '"1 AP" IN identifiers'
    t =    76.94s Tap "undoOrCancel" Button
    t =    76.94s     Wait for com.tacticalgo.prototype.herobody to idle
    t =    76.94s     Find the "undoOrCancel" Button
    t =    76.94s         Requesting snapshot of accessibility hierarchy for app with pid 23562
    t =    77.03s         Find: Descendants matching type Button
    t =    77.03s         Find: Elements matching predicate '"undoOrCancel" IN identifiers'
    t =    77.03s     Check for interrupting elements affecting "undoOrCancel" Button
    t =    77.05s         Requesting snapshot of accessibility hierarchy for app with pid 23562
    t =    77.12s         Find: Descendants matching predicate identifier == "NotificationShortLookView" OR elementType == 7
    t =    77.12s     Synthesize event
    t =    77.41s     Wait for com.tacticalgo.prototype.herobody to idle
    t =    77.42s Checking existence of `"2 AP" StaticText`
    t =    77.42s     Requesting snapshot of accessibility hierarchy for app with pid 23562
    t =    77.54s     Find: Descendants matching type StaticText
    t =    77.54s     Find: Elements matching predicate '"2 AP" IN identifiers'
    t =    77.55s Terminate com.tacticalgo.prototype.herobody:23562
    t =    78.58s Open com.tacticalgo.prototype.herobody
    t =    78.58s     Launch com.tacticalgo.prototype.herobody
    t =    78.68s         Setting up automation session
    t =    78.74s         Wait for com.tacticalgo.prototype.herobody to idle
    t =    79.93s Waiting 10.0s for "playArena" Other to exist
    t =    80.94s     Checking `Expect predicate `existsNoRetry == 1` for object "playArena" Other`
    t =    80.95s         Checking existence of `"playArena" Other`
    t =    80.95s             Requesting snapshot of accessibility hierarchy for app with pid 23563
    t =    81.10s             Find: Descendants matching type Other
    t =    81.10s             Find: Elements matching predicate '"playArena" IN identifiers'
    t =    81.11s Find the "playArena" Other
    t =    81.11s     Requesting snapshot of accessibility hierarchy for app with pid 23563
    t =    81.19s     Find: Descendants matching type Other
    t =    81.19s     Find: Elements matching predicate '"playArena" IN identifiers'
    t =    81.20s Find the "playArena" Other
    t =    81.20s     Requesting snapshot of accessibility hierarchy for app with pid 23563
    t =    81.28s     Find: Descendants matching type Other
    t =    81.28s     Find: Elements matching predicate '"playArena" IN identifiers'
    t =    81.29s Find the "playArena" Other
    t =    81.29s     Requesting snapshot of accessibility hierarchy for app with pid 23563
    t =    81.37s     Find: Descendants matching type Other
    t =    81.37s     Find: Elements matching predicate '"playArena" IN identifiers'
    t =    81.38s Waiting 10.0s for "playArena" Other to exist
    t =    82.40s     Checking `Expect predicate `existsNoRetry == 1` for object "playArena" Other`
    t =    82.40s         Checking existence of `"playArena" Other`
    t =    82.40s             Requesting snapshot of accessibility hierarchy for app with pid 23563
    t =    82.53s             Find: Descendants matching type Other
    t =    82.53s             Find: Elements matching predicate '"playArena" IN identifiers'
    t =    82.54s Tap "playArena" Other[0.50, 0.42]
    t =    82.54s     Wait for com.tacticalgo.prototype.herobody to idle
    t =    82.54s     Find the "playArena" Other
    t =    82.54s         Requesting snapshot of accessibility hierarchy for app with pid 23563
    t =    82.64s         Find: Descendants matching type Other
    t =    82.64s         Find: Elements matching predicate '"playArena" IN identifiers'
    t =    82.64s     Check for interrupting elements affecting "playArena" Other
    t =    82.66s         Requesting snapshot of accessibility hierarchy for app with pid 23563
    t =    82.74s         Find: Descendants matching predicate identifier == "NotificationShortLookView" OR elementType == 7
    t =    82.75s     Synthesize event
    t =    82.75s         Find the "playArena" Other
    t =    82.75s             Requesting snapshot of accessibility hierarchy for app with pid 23563
    t =    82.83s             Find: Descendants matching type Other
    t =    82.84s             Find: Elements matching predicate '"playArena" IN identifiers'
    t =    82.84s         Find the "playArena" Other
    t =    82.84s             Requesting snapshot of accessibility hierarchy for app with pid 23563
    t =    82.93s             Find: Descendants matching type Other
    t =    82.93s             Find: Elements matching predicate '"playArena" IN identifiers'
    t =    82.94s         Find the "playArena" Other
    t =    82.94s             Requesting snapshot of accessibility hierarchy for app with pid 23563
    t =    83.03s             Find: Descendants matching type Other
    t =    83.03s             Find: Elements matching predicate '"playArena" IN identifiers'
    t =    83.32s     Wait for com.tacticalgo.prototype.herobody to idle
    t =    83.32s Find the "playConfirm" Button
    t =    83.33s     Requesting snapshot of accessibility hierarchy for app with pid 23563
    t =    83.46s     Find: Descendants matching type Button
    t =    83.46s     Find: Elements matching predicate '"playConfirm" IN identifiers'
    t =    83.47s Find the "playConfirm" Button
    t =    83.48s     Requesting snapshot of accessibility hierarchy for app with pid 23563
    t =    83.57s     Find: Descendants matching type Button
    t =    83.57s     Find: Elements matching predicate '"playConfirm" IN identifiers'
    t =    83.57s Tap "playConfirm" Button
    t =    83.57s     Wait for com.tacticalgo.prototype.herobody to idle
    t =    83.57s     Find the "playConfirm" Button
    t =    83.58s         Requesting snapshot of accessibility hierarchy for app with pid 23563
    t =    83.66s         Find: Descendants matching type Button
    t =    83.66s         Find: Elements matching predicate '"playConfirm" IN identifiers'
    t =    83.66s     Check for interrupting elements affecting "playConfirm" Button
    t =    83.68s         Requesting snapshot of accessibility hierarchy for app with pid 23563
    t =    83.76s         Find: Descendants matching predicate identifier == "NotificationShortLookView" OR elementType == 7
    t =    83.76s     Synthesize event
    t =    84.05s     Wait for com.tacticalgo.prototype.herobody to idle
    t =    84.05s Pressing Home button
    t =    84.52s Open com.tacticalgo.prototype.herobody
    t =    84.53s     Activate com.tacticalgo.prototype.herobody
    t =    85.04s         Wait for com.tacticalgo.prototype.herobody to idle
    t =    85.10s Waiting 5.0s for "1 AP" StaticText to exist
    t =    86.11s     Checking `Expect predicate `existsNoRetry == 1` for object "1 AP" StaticText`
    t =    86.11s         Checking existence of `"1 AP" StaticText`
    t =    86.12s             Requesting snapshot of accessibility hierarchy for app with pid 23563
    t =    86.25s             Find: Descendants matching type StaticText
    t =    86.25s             Find: Elements matching predicate '"1 AP" IN identifiers'
    t =    86.37s Added attachment named 'VFX-320-9-rogue-background-reduced-true'
    t =    86.37s Tap "mode-soldier" Button
    t =    86.37s     Wait for com.tacticalgo.prototype.herobody to idle
    t =    86.37s     Find the "mode-soldier" Button
    t =    86.37s         Requesting snapshot of accessibility hierarchy for app with pid 23563
    t =    86.48s         Find: Descendants matching type Button
    t =    86.48s         Find: Elements matching predicate '"mode-soldier" IN identifiers'
    t =    86.48s     Check for interrupting elements affecting "mode-soldier" Button
    t =    86.50s         Requesting snapshot of accessibility hierarchy for app with pid 23563
    t =    86.57s         Find: Descendants matching predicate identifier == "NotificationShortLookView" OR elementType == 7
    t =    86.57s     Synthesize event
    t =    86.85s     Wait for com.tacticalgo.prototype.herobody to idle
    t =    86.86s Waiting 10.0s for "playArena" Other to exist
    t =    87.86s     Checking `Expect predicate `existsNoRetry == 1` for object "playArena" Other`
    t =    87.86s         Checking existence of `"playArena" Other`
    t =    87.87s             Requesting snapshot of accessibility hierarchy for app with pid 23563
    t =    88.00s             Find: Descendants matching type Other
    t =    88.00s             Find: Elements matching predicate '"playArena" IN identifiers'
    t =    88.01s Tap "playArena" Other[0.22, 0.26]
    t =    88.01s     Wait for com.tacticalgo.prototype.herobody to idle
    t =    88.01s     Find the "playArena" Other
    t =    88.01s         Requesting snapshot of accessibility hierarchy for app with pid 23563
    t =    88.10s         Find: Descendants matching type Other
    t =    88.10s         Find: Elements matching predicate '"playArena" IN identifiers'
    t =    88.11s     Check for interrupting elements affecting "playArena" Other
    t =    88.12s         Requesting snapshot of accessibility hierarchy for app with pid 23563
    t =    88.20s         Find: Descendants matching predicate identifier == "NotificationShortLookView" OR elementType == 7
    t =    88.21s     Synthesize event
    t =    88.21s         Find the "playArena" Other
    t =    88.21s             Requesting snapshot of accessibility hierarchy for app with pid 23563
    t =    88.30s             Find: Descendants matching type Other
    t =    88.30s             Find: Elements matching predicate '"playArena" IN identifiers'
    t =    88.30s         Find the "playArena" Other
    t =    88.31s             Requesting snapshot of accessibility hierarchy for app with pid 23563
    t =    88.39s             Find: Descendants matching type Other
    t =    88.39s             Find: Elements matching predicate '"playArena" IN identifiers'
    t =    88.40s         Find the "playArena" Other
    t =    88.40s             Requesting snapshot of accessibility hierarchy for app with pid 23563
    t =    88.48s             Find: Descendants matching type Other
    t =    88.48s             Find: Elements matching predicate '"playArena" IN identifiers'
    t =    88.77s     Wait for com.tacticalgo.prototype.herobody to idle
    t =    88.78s Find the "playConfirm" Button
    t =    88.78s     Requesting snapshot of accessibility hierarchy for app with pid 23563
    t =    88.91s     Find: Descendants matching type Button
    t =    88.91s     Find: Elements matching predicate '"playConfirm" IN identifiers'
    t =    88.93s Find the "playConfirm" Button
    t =    88.93s     Requesting snapshot of accessibility hierarchy for app with pid 23563
    t =    89.02s     Find: Descendants matching type Button
    t =    89.02s     Find: Elements matching predicate '"playConfirm" IN identifiers'
    t =    89.02s Tap "playConfirm" Button
    t =    89.02s     Wait for com.tacticalgo.prototype.herobody to idle
    t =    89.03s     Find the "playConfirm" Button
    t =    89.03s         Requesting snapshot of accessibility hierarchy for app with pid 23563
    t =    89.11s         Find: Descendants matching type Button
    t =    89.11s         Find: Elements matching predicate '"playConfirm" IN identifiers'
    t =    89.12s     Check for interrupting elements affecting "playConfirm" Button
    t =    89.13s         Requesting snapshot of accessibility hierarchy for app with pid 23563
    t =    89.21s         Find: Descendants matching predicate identifier == "NotificationShortLookView" OR elementType == 7
    t =    89.22s     Synthesize event
    t =    89.51s     Wait for com.tacticalgo.prototype.herobody to idle
    t =    89.51s Waiting 5.0s for "2 AP" StaticText to exist
    t =    90.51s     Checking `Expect predicate `existsNoRetry == 1` for object "2 AP" StaticText`
    t =    90.51s         Checking existence of `"2 AP" StaticText`
    t =    90.52s             Requesting snapshot of accessibility hierarchy for app with pid 23563
    t =    90.65s             Find: Descendants matching type StaticText
    t =    90.65s             Find: Elements matching predicate '"2 AP" IN identifiers'
    t =    90.66s Tap "undoOrCancel" Button
    t =    90.66s     Wait for com.tacticalgo.prototype.herobody to idle
    t =    90.66s     Find the "undoOrCancel" Button
    t =    90.67s         Requesting snapshot of accessibility hierarchy for app with pid 23563
    t =    90.76s         Find: Descendants matching type Button
    t =    90.76s         Find: Elements matching predicate '"undoOrCancel" IN identifiers'
    t =    90.77s     Check for interrupting elements affecting "undoOrCancel" Button
    t =    90.79s         Requesting snapshot of accessibility hierarchy for app with pid 23563
    t =    90.86s         Find: Descendants matching predicate identifier == "NotificationShortLookView" OR elementType == 7
    t =    90.87s     Synthesize event
    t =    91.15s     Wait for com.tacticalgo.prototype.herobody to idle
    t =    91.16s Checking existence of `"1 AP" StaticText`
    t =    91.16s     Requesting snapshot of accessibility hierarchy for app with pid 23563
    t =    91.29s     Find: Descendants matching type StaticText
    t =    91.30s     Find: Elements matching predicate '"1 AP" IN identifiers'
    t =    91.30s Tap "undoOrCancel" Button
    t =    91.30s     Wait for com.tacticalgo.prototype.herobody to idle
    t =    91.31s     Find the "undoOrCancel" Button
    t =    91.31s         Requesting snapshot of accessibility hierarchy for app with pid 23563
    t =    91.39s         Find: Descendants matching type Button
    t =    91.40s         Find: Elements matching predicate '"undoOrCancel" IN identifiers'
    t =    91.40s     Check for interrupting elements affecting "undoOrCancel" Button
    t =    91.42s         Requesting snapshot of accessibility hierarchy for app with pid 23563
    t =    91.49s         Find: Descendants matching predicate identifier == "NotificationShortLookView" OR elementType == 7
    t =    91.49s     Synthesize event
    t =    91.78s     Wait for com.tacticalgo.prototype.herobody to idle
    t =    91.79s Checking existence of `"2 AP" StaticText`
    t =    91.79s     Requesting snapshot of accessibility hierarchy for app with pid 23563
    t =    91.91s     Find: Descendants matching type StaticText
    t =    91.92s     Find: Elements matching predicate '"2 AP" IN identifiers'
    t =    91.92s Terminate com.tacticalgo.prototype.herobody:23563
    t =    92.96s Tear Down
2026-10-10 18:33:39.462 xcodebuild[31816:1559772] [MT] IDERunDestination: Supported platforms for the buildables in the current scheme is empty.
Test Case '-[TacticalGoUITests.PlayableGameTests testThreeClassVFX320DenseNormalReducedAndBackground]' passed (93.547 seconds).
Test Suite 'PlayableGameTests' passed at 2026-10-10 18:33:39.954.
	 Executed 2 tests, with 0 failures (0 unexpected) in 102.111 (102.114) seconds
Test Suite 'TacticalGoUITests.xctest' passed at 2026-10-10 18:33:39.955.
	 Executed 2 tests, with 0 failures (0 unexpected) in 102.111 (102.115) seconds
Test Suite 'Selected tests' passed at 2026-10-10 18:33:39.956.
	 Executed 2 tests, with 0 failures (0 unexpected) in 102.111 (102.117) seconds
2026-10-10 18:33:40.251 xcodebuild[31816:1559772] [MT] IDETestOperationsObserverDebug: 109.806 elapsed -- Testing started completed.
2026-10-10 18:33:40.251 xcodebuild[31816:1559772] [MT] IDETestOperationsObserverDebug: 0.000 sec, +0.000 sec -- start
2026-10-10 18:33:40.251 xcodebuild[31816:1559772] [MT] IDETestOperationsObserverDebug: 109.806 sec, +109.806 sec -- end

Test session results, code coverage, and logs:
	/Users/pc49-58/.codex/worktrees/cozy-02-integration/TacticalGo/artifacts/ios/vfx-three-classes-01/native-strong-iphone.xcresult

** TEST EXECUTE SUCCEEDED **

Testing started
