Command line invocation:
    /Applications/Xcode.app/Contents/Developer/usr/bin/xcodebuild build-for-testing -project ios/TacticalGo.xcodeproj -scheme TacticalGo -configuration Debug -destination generic/platform=iOS -derivedDataPath ios/MageM3DeviceBuild DEVELOPMENT_TEAM=P358EB3X9H PRODUCT_BUNDLE_IDENTIFIER=com.tacticalgo.prototype.magem3 "INFOPLIST_KEY_CFBundleDisplayName=TacticalGo Mage M3" CURRENT_PROJECT_VERSION=1001 MARKETING_VERSION=1.0.0 -allowProvisioningUpdates

Build settings from command line:
    CURRENT_PROJECT_VERSION = 1001
    DEVELOPMENT_TEAM = P358EB3X9H
    INFOPLIST_KEY_CFBundleDisplayName = TacticalGo Mage M3
    MARKETING_VERSION = 1.0.0
    PRODUCT_BUNDLE_IDENTIFIER = com.tacticalgo.prototype.magem3

Resolve Package Graph


Resolved source packages:
  TacticalGoCore: /Users/pc49-58/.codex/worktrees/cozy-02-integration/TacticalGo/swift/TacticalGoCore @ local

ComputePackagePrebuildTargetDependencyGraph

Prepare packages

CreateBuildRequest

SendProjectDescription

CreateBuildOperation

ComputeTargetDependencyGraph
note: Building targets in dependency order
note: Target dependency graph (15 targets)
    Target 'TacticalGoUITests' in project 'TacticalGo'
        ➜ Explicit dependency on target 'TacticalGo' in project 'TacticalGo'
    Target 'TacticalGo' in project 'TacticalGo'
        ➜ Explicit dependency on target 'TacticalGoOnboarding' in project 'TacticalGoCore'
        ➜ Explicit dependency on target 'TacticalGoRecords' in project 'TacticalGoCore'
        ➜ Explicit dependency on target 'TacticalGoBot' in project 'TacticalGoCore'
        ➜ Explicit dependency on target 'TacticalGoVisuals' in project 'TacticalGoCore'
        ➜ Explicit dependency on target 'TacticalGoCore' in project 'TacticalGoCore'
        ➜ Explicit dependency on target 'TacticalGoMotion' in project 'TacticalGoCore'
    Target 'TacticalGoMotion' in project 'TacticalGoCore'
        ➜ Explicit dependency on target 'TacticalGoMotion' in project 'TacticalGoCore'
        ➜ Explicit dependency on target 'TacticalGoCore' in project 'TacticalGoCore'
    Target 'TacticalGoMotion' in project 'TacticalGoCore'
        ➜ Explicit dependency on target 'TacticalGoCore' in project 'TacticalGoCore'
    Target 'TacticalGoCore' in project 'TacticalGoCore'
        ➜ Explicit dependency on target 'TacticalGoCore' in project 'TacticalGoCore'
    Target 'TacticalGoVisuals' in project 'TacticalGoCore'
        ➜ Explicit dependency on target 'TacticalGoVisuals' in project 'TacticalGoCore'
    Target 'TacticalGoVisuals' in project 'TacticalGoCore' (no dependencies)
    Target 'TacticalGoBot' in project 'TacticalGoCore'
        ➜ Explicit dependency on target 'TacticalGoBot' in project 'TacticalGoCore'
        ➜ Explicit dependency on target 'TacticalGoCore' in project 'TacticalGoCore'
    Target 'TacticalGoBot' in project 'TacticalGoCore'
        ➜ Explicit dependency on target 'TacticalGoCore' in project 'TacticalGoCore'
    Target 'TacticalGoRecords' in project 'TacticalGoCore'
        ➜ Explicit dependency on target 'TacticalGoRecords' in project 'TacticalGoCore'
        ➜ Explicit dependency on target 'TacticalGoCore' in project 'TacticalGoCore'
    Target 'TacticalGoRecords' in project 'TacticalGoCore'
        ➜ Explicit dependency on target 'TacticalGoCore' in project 'TacticalGoCore'
    Target 'TacticalGoOnboarding' in project 'TacticalGoCore'
        ➜ Explicit dependency on target 'TacticalGoOnboarding' in project 'TacticalGoCore'
        ➜ Explicit dependency on target 'TacticalGoCore_TacticalGoOnboarding' in project 'TacticalGoCore'
        ➜ Explicit dependency on target 'TacticalGoCore' in project 'TacticalGoCore'
    Target 'TacticalGoOnboarding' in project 'TacticalGoCore'
        ➜ Explicit dependency on target 'TacticalGoCore_TacticalGoOnboarding' in project 'TacticalGoCore'
        ➜ Explicit dependency on target 'TacticalGoCore' in project 'TacticalGoCore'
    Target 'TacticalGoCore' in project 'TacticalGoCore' (no dependencies)
    Target 'TacticalGoCore_TacticalGoOnboarding' in project 'TacticalGoCore' (no dependencies)

GatherProvisioningInputs

CreateBuildDescription

ExecuteExternalTool /Applications/Xcode.app/Contents/Developer/Toolchains/XcodeDefault.xctoolchain/usr/bin/swiftc --version

ExecuteExternalTool /Applications/Xcode.app/Contents/Developer/usr/bin/actool --print-asset-tag-combinations --output-format xml1 /Users/pc49-58/.codex/worktrees/cozy-02-integration/TacticalGo/ios/TacticalGo/Assets.xcassets

ExecuteExternalTool /Applications/Xcode.app/Contents/Developer/Toolchains/XcodeDefault.xctoolchain/usr/bin/clang -v -E -dM -isysroot /Applications/Xcode.app/Contents/Developer/Platforms/iPhoneOS.platform/Developer/SDKs/iPhoneOS26.5.sdk -x c -c /dev/null

ExecuteExternalTool /Applications/Xcode.app/Contents/Developer/usr/bin/actool --version --output-format xml1

ExecuteExternalTool /Applications/Xcode.app/Contents/Developer/Toolchains/XcodeDefault.xctoolchain/usr/bin/ld -version_details

Build description signature: 50a4040c6876e56e82f8390bc8ca9fad
Build description path: /Users/pc49-58/.codex/worktrees/cozy-02-integration/TacticalGo/ios/Build/Intermediates.noindex/XCBuildData/50a4040c6876e56e82f8390bc8ca9fad.xcbuilddata
ClangStatCache /Applications/Xcode.app/Contents/Developer/Toolchains/XcodeDefault.xctoolchain/usr/bin/clang-stat-cache /Applications/Xcode.app/Contents/Developer/Platforms/iPhoneOS.platform/Developer/SDKs/iPhoneOS26.5.sdk /Users/pc49-58/.codex/worktrees/cozy-02-integration/TacticalGo/ios/MageM3DeviceBuild/SDKStatCaches.noindex/iphoneos26.5-23F81a-32daed1954a7d5dd0789fcaf2a9bb78b.sdkstatcache
    cd /Users/pc49-58/.codex/worktrees/cozy-02-integration/TacticalGo/ios/TacticalGo.xcodeproj
    /Applications/Xcode.app/Contents/Developer/Toolchains/XcodeDefault.xctoolchain/usr/bin/clang-stat-cache /Applications/Xcode.app/Contents/Developer/Platforms/iPhoneOS.platform/Developer/SDKs/iPhoneOS26.5.sdk -o /Users/pc49-58/.codex/worktrees/cozy-02-integration/TacticalGo/ios/MageM3DeviceBuild/SDKStatCaches.noindex/iphoneos26.5-23F81a-32daed1954a7d5dd0789fcaf2a9bb78b.sdkstatcache

Copy /Users/pc49-58/.codex/worktrees/cozy-02-integration/TacticalGo/ios/Build/Intermediates.noindex/GeneratedModuleMaps-iphoneos/TacticalGoMotion.modulemap /Users/pc49-58/.codex/worktrees/cozy-02-integration/TacticalGo/ios/Build/Intermediates.noindex/TacticalGoCore.build/Debug-iphoneos/TacticalGoMotion.build/TacticalGoMotion.modulemap (in target 'TacticalGoMotion' from project 'TacticalGoCore')
    cd /Users/pc49-58/.codex/worktrees/cozy-02-integration/TacticalGo/swift/TacticalGoCore
    builtin-copy -exclude .DS_Store -exclude CVS -exclude .svn -exclude .git -exclude .hg -resolve-src-symlinks /Users/pc49-58/.codex/worktrees/cozy-02-integration/TacticalGo/ios/Build/Intermediates.noindex/TacticalGoCore.build/Debug-iphoneos/TacticalGoMotion.build/TacticalGoMotion.modulemap /Users/pc49-58/.codex/worktrees/cozy-02-integration/TacticalGo/ios/Build/Intermediates.noindex/GeneratedModuleMaps-iphoneos

Copy /Users/pc49-58/.codex/worktrees/cozy-02-integration/TacticalGo/ios/Build/Intermediates.noindex/GeneratedModuleMaps-iphoneos/TacticalGoRecords.modulemap /Users/pc49-58/.codex/worktrees/cozy-02-integration/TacticalGo/ios/Build/Intermediates.noindex/TacticalGoCore.build/Debug-iphoneos/TacticalGoRecords.build/TacticalGoRecords.modulemap (in target 'TacticalGoRecords' from project 'TacticalGoCore')
    cd /Users/pc49-58/.codex/worktrees/cozy-02-integration/TacticalGo/swift/TacticalGoCore
    builtin-copy -exclude .DS_Store -exclude CVS -exclude .svn -exclude .git -exclude .hg -resolve-src-symlinks /Users/pc49-58/.codex/worktrees/cozy-02-integration/TacticalGo/ios/Build/Intermediates.noindex/TacticalGoCore.build/Debug-iphoneos/TacticalGoRecords.build/TacticalGoRecords.modulemap /Users/pc49-58/.codex/worktrees/cozy-02-integration/TacticalGo/ios/Build/Intermediates.noindex/GeneratedModuleMaps-iphoneos

Copy /Users/pc49-58/.codex/worktrees/cozy-02-integration/TacticalGo/ios/Build/Intermediates.noindex/GeneratedModuleMaps-iphoneos/TacticalGoVisuals.modulemap /Users/pc49-58/.codex/worktrees/cozy-02-integration/TacticalGo/ios/Build/Intermediates.noindex/TacticalGoCore.build/Debug-iphoneos/TacticalGoVisuals.build/TacticalGoVisuals.modulemap (in target 'TacticalGoVisuals' from project 'TacticalGoCore')
    cd /Users/pc49-58/.codex/worktrees/cozy-02-integration/TacticalGo/swift/TacticalGoCore
    builtin-copy -exclude .DS_Store -exclude CVS -exclude .svn -exclude .git -exclude .hg -resolve-src-symlinks /Users/pc49-58/.codex/worktrees/cozy-02-integration/TacticalGo/ios/Build/Intermediates.noindex/TacticalGoCore.build/Debug-iphoneos/TacticalGoVisuals.build/TacticalGoVisuals.modulemap /Users/pc49-58/.codex/worktrees/cozy-02-integration/TacticalGo/ios/Build/Intermediates.noindex/GeneratedModuleMaps-iphoneos

Copy /Users/pc49-58/.codex/worktrees/cozy-02-integration/TacticalGo/ios/Build/Intermediates.noindex/GeneratedModuleMaps-iphoneos/TacticalGoOnboarding.modulemap /Users/pc49-58/.codex/worktrees/cozy-02-integration/TacticalGo/ios/Build/Intermediates.noindex/TacticalGoCore.build/Debug-iphoneos/TacticalGoOnboarding.build/TacticalGoOnboarding.modulemap (in target 'TacticalGoOnboarding' from project 'TacticalGoCore')
    cd /Users/pc49-58/.codex/worktrees/cozy-02-integration/TacticalGo/swift/TacticalGoCore
    builtin-copy -exclude .DS_Store -exclude CVS -exclude .svn -exclude .git -exclude .hg -resolve-src-symlinks /Users/pc49-58/.codex/worktrees/cozy-02-integration/TacticalGo/ios/Build/Intermediates.noindex/TacticalGoCore.build/Debug-iphoneos/TacticalGoOnboarding.build/TacticalGoOnboarding.modulemap /Users/pc49-58/.codex/worktrees/cozy-02-integration/TacticalGo/ios/Build/Intermediates.noindex/GeneratedModuleMaps-iphoneos

Copy /Users/pc49-58/.codex/worktrees/cozy-02-integration/TacticalGo/ios/Build/Intermediates.noindex/GeneratedModuleMaps-iphoneos/TacticalGoCore.modulemap /Users/pc49-58/.codex/worktrees/cozy-02-integration/TacticalGo/ios/Build/Intermediates.noindex/TacticalGoCore.build/Debug-iphoneos/TacticalGoCore.build/TacticalGoCore.modulemap (in target 'TacticalGoCore' from project 'TacticalGoCore')
    cd /Users/pc49-58/.codex/worktrees/cozy-02-integration/TacticalGo/swift/TacticalGoCore
    builtin-copy -exclude .DS_Store -exclude CVS -exclude .svn -exclude .git -exclude .hg -resolve-src-symlinks /Users/pc49-58/.codex/worktrees/cozy-02-integration/TacticalGo/ios/Build/Intermediates.noindex/TacticalGoCore.build/Debug-iphoneos/TacticalGoCore.build/TacticalGoCore.modulemap /Users/pc49-58/.codex/worktrees/cozy-02-integration/TacticalGo/ios/Build/Intermediates.noindex/GeneratedModuleMaps-iphoneos

Copy /Users/pc49-58/.codex/worktrees/cozy-02-integration/TacticalGo/ios/Build/Intermediates.noindex/GeneratedModuleMaps-iphoneos/TacticalGoBot.modulemap /Users/pc49-58/.codex/worktrees/cozy-02-integration/TacticalGo/ios/Build/Intermediates.noindex/TacticalGoCore.build/Debug-iphoneos/TacticalGoBot.build/TacticalGoBot.modulemap (in target 'TacticalGoBot' from project 'TacticalGoCore')
    cd /Users/pc49-58/.codex/worktrees/cozy-02-integration/TacticalGo/swift/TacticalGoCore
    builtin-copy -exclude .DS_Store -exclude CVS -exclude .svn -exclude .git -exclude .hg -resolve-src-symlinks /Users/pc49-58/.codex/worktrees/cozy-02-integration/TacticalGo/ios/Build/Intermediates.noindex/TacticalGoCore.build/Debug-iphoneos/TacticalGoBot.build/TacticalGoBot.modulemap /Users/pc49-58/.codex/worktrees/cozy-02-integration/TacticalGo/ios/Build/Intermediates.noindex/GeneratedModuleMaps-iphoneos

WriteAuxiliaryFile /Users/pc49-58/.codex/worktrees/cozy-02-integration/TacticalGo/ios/Build/Intermediates.noindex/TacticalGo.build/Debug-iphoneos/TacticalGoUITests.build/DerivedSources/Entitlements.plist (in target 'TacticalGoUITests' from project 'TacticalGo')
    cd /Users/pc49-58/.codex/worktrees/cozy-02-integration/TacticalGo/ios
    write-file /Users/pc49-58/.codex/worktrees/cozy-02-integration/TacticalGo/ios/Build/Intermediates.noindex/TacticalGo.build/Debug-iphoneos/TacticalGoUITests.build/DerivedSources/Entitlements.plist

WriteAuxiliaryFile /Users/pc49-58/.codex/worktrees/cozy-02-integration/TacticalGo/ios/Build/Intermediates.noindex/TacticalGo.build/Debug-iphoneos/TacticalGo.build/DerivedSources/Entitlements.plist (in target 'TacticalGo' from project 'TacticalGo')
    cd /Users/pc49-58/.codex/worktrees/cozy-02-integration/TacticalGo/ios
    write-file /Users/pc49-58/.codex/worktrees/cozy-02-integration/TacticalGo/ios/Build/Intermediates.noindex/TacticalGo.build/Debug-iphoneos/TacticalGo.build/DerivedSources/Entitlements.plist

ProcessInfoPlistFile /Users/pc49-58/.codex/worktrees/cozy-02-integration/TacticalGo/ios/Build/Products/Debug-iphoneos/TacticalGoCore_TacticalGoOnboarding.bundle/Info.plist /Users/pc49-58/.codex/worktrees/cozy-02-integration/TacticalGo/ios/Build/Intermediates.noindex/TacticalGoCore.build/Debug-iphoneos/TacticalGoCore_TacticalGoOnboarding.build/empty-TacticalGoCore_TacticalGoOnboarding.plist (in target 'TacticalGoCore_TacticalGoOnboarding' from project 'TacticalGoCore')
    cd /Users/pc49-58/.codex/worktrees/cozy-02-integration/TacticalGo/swift/TacticalGoCore
    builtin-infoPlistUtility /Users/pc49-58/.codex/worktrees/cozy-02-integration/TacticalGo/ios/Build/Intermediates.noindex/TacticalGoCore.build/Debug-iphoneos/TacticalGoCore_TacticalGoOnboarding.build/empty-TacticalGoCore_TacticalGoOnboarding.plist -producttype com.apple.product-type.bundle -expandbuildsettings -format binary -platform iphoneos -requiredArchitecture arm64 -o /Users/pc49-58/.codex/worktrees/cozy-02-integration/TacticalGo/ios/Build/Products/Debug-iphoneos/TacticalGoCore_TacticalGoOnboarding.bundle/Info.plist

SwiftDriver TacticalGoVisuals normal arm64 com.apple.xcode.tools.swift.compiler (in target 'TacticalGoVisuals' from project 'TacticalGoCore')
    cd /Users/pc49-58/.codex/worktrees/cozy-02-integration/TacticalGo/ios/TacticalGo.xcodeproj
    builtin-SwiftDriver -- /Applications/Xcode.app/Contents/Developer/Toolchains/XcodeDefault.xctoolchain/usr/bin/swiftc -module-name TacticalGoVisuals -Onone @/Users/pc49-58/.codex/worktrees/cozy-02-integration/TacticalGo/ios/Build/Intermediates.noindex/TacticalGoCore.build/Debug-iphoneos/TacticalGoVisuals.build/Objects-normal/arm64/TacticalGoVisuals.SwiftFileList -DSWIFT_PACKAGE -DDEBUG -DSWIFT_MODULE_RESOURCE_BUNDLE_UNAVAILABLE -DXcode -plugin-path /Applications/Xcode.app/Contents/Developer/Toolchains/XcodeDefault.xctoolchain/usr/lib/swift/host/plugins/testing -enable-experimental-feature DebugDescriptionMacro -sdk /Applications/Xcode.app/Contents/Developer/Platforms/iPhoneOS.platform/Developer/SDKs/iPhoneOS26.5.sdk -target arm64-apple-ios12.0 -g -module-cache-path /Users/pc49-58/.codex/worktrees/cozy-02-integration/TacticalGo/ios/MageM3DeviceBuild/ModuleCache.noindex -Xfrontend -serialize-debugging-options -enable-testing -suppress-warnings -index-store-path /Users/pc49-58/.codex/worktrees/cozy-02-integration/TacticalGo/ios/MageM3DeviceBuild/Index.noindex/DataStore -Xcc -D_LIBCPP_HARDENING_MODE\=_LIBCPP_HARDENING_MODE_DEBUG -swift-version 6 -I /Users/pc49-58/.codex/worktrees/cozy-02-integration/TacticalGo/ios/Build/Products/Debug-iphoneos -Isystem /Applications/Xcode.app/Contents/Developer/Platforms/iPhoneOS.platform/Developer/usr/lib -F /Users/pc49-58/.codex/worktrees/cozy-02-integration/TacticalGo/ios/Build/Products/Debug-iphoneos -F /Applications/Xcode.app/Contents/Developer/Platforms/iPhoneOS.platform/Developer/Library/Frameworks -F /Applications/Xcode.app/Contents/Developer/Platforms/iPhoneOS.platform/Developer/SDKs/iPhoneOS26.5.sdk/Developer/Library/Frameworks -c -j8 -enable-batch-mode -incremental -Xcc -ivfsstatcache -Xcc /Users/pc49-58/.codex/worktrees/cozy-02-integration/TacticalGo/ios/MageM3DeviceBuild/SDKStatCaches.noindex/iphoneos26.5-23F81a-32daed1954a7d5dd0789fcaf2a9bb78b.sdkstatcache -output-file-map /Users/pc49-58/.codex/worktrees/cozy-02-integration/TacticalGo/ios/Build/Intermediates.noindex/TacticalGoCore.build/Debug-iphoneos/TacticalGoVisuals.build/Objects-normal/arm64/TacticalGoVisuals-OutputFileMap.json -use-frontend-parseable-output -save-temps -no-color-diagnostics -explicit-module-build -module-cache-path /Users/pc49-58/.codex/worktrees/cozy-02-integration/TacticalGo/ios/Build/Intermediates.noindex/SwiftExplicitPrecompiledModules -clang-scanner-module-cache-path /Users/pc49-58/.codex/worktrees/cozy-02-integration/TacticalGo/ios/MageM3DeviceBuild/ModuleCache.noindex -sdk-module-cache-path /Users/pc49-58/.codex/worktrees/cozy-02-integration/TacticalGo/ios/MageM3DeviceBuild/ModuleCache.noindex -serialize-diagnostics -emit-dependencies -emit-module -emit-module-path /Users/pc49-58/.codex/worktrees/cozy-02-integration/TacticalGo/ios/Build/Intermediates.noindex/TacticalGoCore.build/Debug-iphoneos/TacticalGoVisuals.build/Objects-normal/arm64/TacticalGoVisuals.swiftmodule -validate-clang-modules-once -clang-build-session-file /Users/pc49-58/.codex/worktrees/cozy-02-integration/TacticalGo/ios/MageM3DeviceBuild/ModuleCache.noindex/Session.modulevalidation -package-name tacticalgocore -Xcc -I/Users/pc49-58/.codex/worktrees/cozy-02-integration/TacticalGo/ios/Build/Intermediates.noindex/TacticalGoCore.build/Debug-iphoneos/TacticalGoVisuals.build/swift-overrides.hmap -emit-const-values -Xfrontend -const-gather-protocols-file -Xfrontend /Users/pc49-58/.codex/worktrees/cozy-02-integration/TacticalGo/ios/Build/Intermediates.noindex/TacticalGoCore.build/Debug-iphoneos/TacticalGoVisuals.build/Objects-normal/arm64/TacticalGoVisuals_const_extract_protocols.json -Xcc -I/Users/pc49-58/.codex/worktrees/cozy-02-integration/TacticalGo/ios/Build/Products/Debug-iphoneos/include -Xcc -I/Users/pc49-58/.codex/worktrees/cozy-02-integration/TacticalGo/ios/Build/Intermediates.noindex/TacticalGoCore.build/Debug-iphoneos/TacticalGoVisuals.build/DerivedSources-normal/arm64 -Xcc -I/Users/pc49-58/.codex/worktrees/cozy-02-integration/TacticalGo/ios/Build/Intermediates.noindex/TacticalGoCore.build/Debug-iphoneos/TacticalGoVisuals.build/DerivedSources/arm64 -Xcc -I/Users/pc49-58/.codex/worktrees/cozy-02-integration/TacticalGo/ios/Build/Intermediates.noindex/TacticalGoCore.build/Debug-iphoneos/TacticalGoVisuals.build/DerivedSources -Xcc -DSWIFT_PACKAGE -Xcc -DDEBUG\=1 -emit-objc-header -emit-objc-header-path /Users/pc49-58/.codex/worktrees/cozy-02-integration/TacticalGo/ios/Build/Intermediates.noindex/TacticalGoCore.build/Debug-iphoneos/TacticalGoVisuals.build/Objects-normal/arm64/TacticalGoVisuals-Swift.h -working-directory /Users/pc49-58/.codex/worktrees/cozy-02-integration/TacticalGo/ios/TacticalGo.xcodeproj -experimental-emit-module-separately -disable-cmo

SwiftDriver TacticalGoCore normal arm64 com.apple.xcode.tools.swift.compiler (in target 'TacticalGoCore' from project 'TacticalGoCore')
    cd /Users/pc49-58/.codex/worktrees/cozy-02-integration/TacticalGo/ios/TacticalGo.xcodeproj
    builtin-SwiftDriver -- /Applications/Xcode.app/Contents/Developer/Toolchains/XcodeDefault.xctoolchain/usr/bin/swiftc -module-name TacticalGoCore -Onone @/Users/pc49-58/.codex/worktrees/cozy-02-integration/TacticalGo/ios/Build/Intermediates.noindex/TacticalGoCore.build/Debug-iphoneos/TacticalGoCore.build/Objects-normal/arm64/TacticalGoCore.SwiftFileList -DSWIFT_PACKAGE -DDEBUG -DSWIFT_MODULE_RESOURCE_BUNDLE_UNAVAILABLE -DXcode -plugin-path /Applications/Xcode.app/Contents/Developer/Toolchains/XcodeDefault.xctoolchain/usr/lib/swift/host/plugins/testing -enable-experimental-feature DebugDescriptionMacro -sdk /Applications/Xcode.app/Contents/Developer/Platforms/iPhoneOS.platform/Developer/SDKs/iPhoneOS26.5.sdk -target arm64-apple-ios12.0 -g -module-cache-path /Users/pc49-58/.codex/worktrees/cozy-02-integration/TacticalGo/ios/MageM3DeviceBuild/ModuleCache.noindex -Xfrontend -serialize-debugging-options -enable-testing -suppress-warnings -index-store-path /Users/pc49-58/.codex/worktrees/cozy-02-integration/TacticalGo/ios/MageM3DeviceBuild/Index.noindex/DataStore -Xcc -D_LIBCPP_HARDENING_MODE\=_LIBCPP_HARDENING_MODE_DEBUG -swift-version 6 -I /Users/pc49-58/.codex/worktrees/cozy-02-integration/TacticalGo/ios/Build/Products/Debug-iphoneos -Isystem /Applications/Xcode.app/Contents/Developer/Platforms/iPhoneOS.platform/Developer/usr/lib -F /Users/pc49-58/.codex/worktrees/cozy-02-integration/TacticalGo/ios/Build/Products/Debug-iphoneos -F /Applications/Xcode.app/Contents/Developer/Platforms/iPhoneOS.platform/Developer/Library/Frameworks -F /Applications/Xcode.app/Contents/Developer/Platforms/iPhoneOS.platform/Developer/SDKs/iPhoneOS26.5.sdk/Developer/Library/Frameworks -c -j8 -enable-batch-mode -incremental -Xcc -ivfsstatcache -Xcc /Users/pc49-58/.codex/worktrees/cozy-02-integration/TacticalGo/ios/MageM3DeviceBuild/SDKStatCaches.noindex/iphoneos26.5-23F81a-32daed1954a7d5dd0789fcaf2a9bb78b.sdkstatcache -output-file-map /Users/pc49-58/.codex/worktrees/cozy-02-integration/TacticalGo/ios/Build/Intermediates.noindex/TacticalGoCore.build/Debug-iphoneos/TacticalGoCore.build/Objects-normal/arm64/TacticalGoCore-OutputFileMap.json -use-frontend-parseable-output -save-temps -no-color-diagnostics -explicit-module-build -module-cache-path /Users/pc49-58/.codex/worktrees/cozy-02-integration/TacticalGo/ios/Build/Intermediates.noindex/SwiftExplicitPrecompiledModules -clang-scanner-module-cache-path /Users/pc49-58/.codex/worktrees/cozy-02-integration/TacticalGo/ios/MageM3DeviceBuild/ModuleCache.noindex -sdk-module-cache-path /Users/pc49-58/.codex/worktrees/cozy-02-integration/TacticalGo/ios/MageM3DeviceBuild/ModuleCache.noindex -serialize-diagnostics -emit-dependencies -emit-module -emit-module-path /Users/pc49-58/.codex/worktrees/cozy-02-integration/TacticalGo/ios/Build/Intermediates.noindex/TacticalGoCore.build/Debug-iphoneos/TacticalGoCore.build/Objects-normal/arm64/TacticalGoCore.swiftmodule -validate-clang-modules-once -clang-build-session-file /Users/pc49-58/.codex/worktrees/cozy-02-integration/TacticalGo/ios/MageM3DeviceBuild/ModuleCache.noindex/Session.modulevalidation -package-name tacticalgocore -Xcc -I/Users/pc49-58/.codex/worktrees/cozy-02-integration/TacticalGo/ios/Build/Intermediates.noindex/TacticalGoCore.build/Debug-iphoneos/TacticalGoCore.build/swift-overrides.hmap -emit-const-values -Xfrontend -const-gather-protocols-file -Xfrontend /Users/pc49-58/.codex/worktrees/cozy-02-integration/TacticalGo/ios/Build/Intermediates.noindex/TacticalGoCore.build/Debug-iphoneos/TacticalGoCore.build/Objects-normal/arm64/TacticalGoCore_const_extract_protocols.json -Xcc -I/Users/pc49-58/.codex/worktrees/cozy-02-integration/TacticalGo/ios/Build/Products/Debug-iphoneos/include -Xcc -I/Users/pc49-58/.codex/worktrees/cozy-02-integration/TacticalGo/ios/Build/Intermediates.noindex/TacticalGoCore.build/Debug-iphoneos/TacticalGoCore.build/DerivedSources-normal/arm64 -Xcc -I/Users/pc49-58/.codex/worktrees/cozy-02-integration/TacticalGo/ios/Build/Intermediates.noindex/TacticalGoCore.build/Debug-iphoneos/TacticalGoCore.build/DerivedSources/arm64 -Xcc -I/Users/pc49-58/.codex/worktrees/cozy-02-integration/TacticalGo/ios/Build/Intermediates.noindex/TacticalGoCore.build/Debug-iphoneos/TacticalGoCore.build/DerivedSources -Xcc -DSWIFT_PACKAGE -Xcc -DDEBUG\=1 -emit-objc-header -emit-objc-header-path /Users/pc49-58/.codex/worktrees/cozy-02-integration/TacticalGo/ios/Build/Intermediates.noindex/TacticalGoCore.build/Debug-iphoneos/TacticalGoCore.build/Objects-normal/arm64/TacticalGoCore-Swift.h -working-directory /Users/pc49-58/.codex/worktrees/cozy-02-integration/TacticalGo/ios/TacticalGo.xcodeproj -experimental-emit-module-separately -disable-cmo

SwiftExplicitDependencyGeneratePcm arm64 /Users/pc49-58/.codex/worktrees/cozy-02-integration/TacticalGo/ios/MageM3DeviceBuild/ModuleCache.noindex/_SwiftConcurrencyShims-EDRT34M3V0PLC2VICPIUMA0FI.pcm

SwiftExplicitDependencyGeneratePcm arm64 /Users/pc49-58/.codex/worktrees/cozy-02-integration/TacticalGo/ios/MageM3DeviceBuild/ModuleCache.noindex/SwiftShims-BE7ERVWBVNZZHX7ZA5UUXOO94.pcm

SwiftEmitModule normal arm64 Emitting\ module\ for\ TacticalGoCore (in target 'TacticalGoCore' from project 'TacticalGoCore')
EmitSwiftModule normal arm64 (in target 'TacticalGoCore' from project 'TacticalGoCore')
    cd /Users/pc49-58/.codex/worktrees/cozy-02-integration/TacticalGo/ios/TacticalGo.xcodeproj
    

SwiftCompile normal arm64 Compiling\ BoardProjection.swift /Users/pc49-58/.codex/worktrees/cozy-02-integration/TacticalGo/swift/TacticalGoCore/Sources/TacticalGoCore/BoardProjection.swift (in target 'TacticalGoCore' from project 'TacticalGoCore')
SwiftCompile normal arm64 /Users/pc49-58/.codex/worktrees/cozy-02-integration/TacticalGo/swift/TacticalGoCore/Sources/TacticalGoCore/BoardProjection.swift (in target 'TacticalGoCore' from project 'TacticalGoCore')
    cd /Users/pc49-58/.codex/worktrees/cozy-02-integration/TacticalGo/ios/TacticalGo.xcodeproj
    

SwiftCompile normal arm64 Compiling\ GameEngine.swift /Users/pc49-58/.codex/worktrees/cozy-02-integration/TacticalGo/swift/TacticalGoCore/Sources/TacticalGoCore/GameEngine.swift (in target 'TacticalGoCore' from project 'TacticalGoCore')
SwiftCompile normal arm64 /Users/pc49-58/.codex/worktrees/cozy-02-integration/TacticalGo/swift/TacticalGoCore/Sources/TacticalGoCore/GameEngine.swift (in target 'TacticalGoCore' from project 'TacticalGoCore')
    cd /Users/pc49-58/.codex/worktrees/cozy-02-integration/TacticalGo/ios/TacticalGo.xcodeproj
    

SwiftCompile normal arm64 Compiling\ Model.swift /Users/pc49-58/.codex/worktrees/cozy-02-integration/TacticalGo/swift/TacticalGoCore/Sources/TacticalGoCore/Model.swift (in target 'TacticalGoCore' from project 'TacticalGoCore')
SwiftCompile normal arm64 /Users/pc49-58/.codex/worktrees/cozy-02-integration/TacticalGo/swift/TacticalGoCore/Sources/TacticalGoCore/Model.swift (in target 'TacticalGoCore' from project 'TacticalGoCore')
    cd /Users/pc49-58/.codex/worktrees/cozy-02-integration/TacticalGo/ios/TacticalGo.xcodeproj
    

SwiftExplicitDependencyGeneratePcm arm64 /Users/pc49-58/.codex/worktrees/cozy-02-integration/TacticalGo/ios/MageM3DeviceBuild/ModuleCache.noindex/_AvailabilityInternal-EAF7ZCJIOD0QT5H6T6Y5KI496.pcm

SwiftExplicitDependencyGeneratePcm arm64 /Users/pc49-58/.codex/worktrees/cozy-02-integration/TacticalGo/ios/MageM3DeviceBuild/ModuleCache.noindex/_Builtin_stdbool-4Q7LNZJEAU0W1FT9XXESMM5BH.pcm

SwiftDriverJobDiscovery normal arm64 Emitting module for TacticalGoCore (in target 'TacticalGoCore' from project 'TacticalGoCore')

SwiftExplicitDependencyGeneratePcm arm64 /Users/pc49-58/.codex/worktrees/cozy-02-integration/TacticalGo/ios/MageM3DeviceBuild/ModuleCache.noindex/ptrcheck-N90ZFIPKDY8LWE0PLW8DSPSN.pcm

SwiftExplicitDependencyGeneratePcm arm64 /Users/pc49-58/.codex/worktrees/cozy-02-integration/TacticalGo/ios/MageM3DeviceBuild/ModuleCache.noindex/_Builtin_stdarg-5EL8WIX7MPAMPW3P54QQ5P7L8.pcm

SwiftExplicitDependencyGeneratePcm arm64 /Users/pc49-58/.codex/worktrees/cozy-02-integration/TacticalGo/ios/MageM3DeviceBuild/ModuleCache.noindex/_Builtin_stddef-D6UARRGBXMF86H5AZ631U75Z.pcm

SwiftDriver\ Compilation\ Requirements TacticalGoCore normal arm64 com.apple.xcode.tools.swift.compiler (in target 'TacticalGoCore' from project 'TacticalGoCore')
    cd /Users/pc49-58/.codex/worktrees/cozy-02-integration/TacticalGo/ios/TacticalGo.xcodeproj
    builtin-Swift-Compilation-Requirements -- /Applications/Xcode.app/Contents/Developer/Toolchains/XcodeDefault.xctoolchain/usr/bin/swiftc -module-name TacticalGoCore -Onone @/Users/pc49-58/.codex/worktrees/cozy-02-integration/TacticalGo/ios/Build/Intermediates.noindex/TacticalGoCore.build/Debug-iphoneos/TacticalGoCore.build/Objects-normal/arm64/TacticalGoCore.SwiftFileList -DSWIFT_PACKAGE -DDEBUG -DSWIFT_MODULE_RESOURCE_BUNDLE_UNAVAILABLE -DXcode -plugin-path /Applications/Xcode.app/Contents/Developer/Toolchains/XcodeDefault.xctoolchain/usr/lib/swift/host/plugins/testing -enable-experimental-feature DebugDescriptionMacro -sdk /Applications/Xcode.app/Contents/Developer/Platforms/iPhoneOS.platform/Developer/SDKs/iPhoneOS26.5.sdk -target arm64-apple-ios12.0 -g -module-cache-path /Users/pc49-58/.codex/worktrees/cozy-02-integration/TacticalGo/ios/MageM3DeviceBuild/ModuleCache.noindex -Xfrontend -serialize-debugging-options -enable-testing -suppress-warnings -index-store-path /Users/pc49-58/.codex/worktrees/cozy-02-integration/TacticalGo/ios/MageM3DeviceBuild/Index.noindex/DataStore -Xcc -D_LIBCPP_HARDENING_MODE\=_LIBCPP_HARDENING_MODE_DEBUG -swift-version 6 -I /Users/pc49-58/.codex/worktrees/cozy-02-integration/TacticalGo/ios/Build/Products/Debug-iphoneos -Isystem /Applications/Xcode.app/Contents/Developer/Platforms/iPhoneOS.platform/Developer/usr/lib -F /Users/pc49-58/.codex/worktrees/cozy-02-integration/TacticalGo/ios/Build/Products/Debug-iphoneos -F /Applications/Xcode.app/Contents/Developer/Platforms/iPhoneOS.platform/Developer/Library/Frameworks -F /Applications/Xcode.app/Contents/Developer/Platforms/iPhoneOS.platform/Developer/SDKs/iPhoneOS26.5.sdk/Developer/Library/Frameworks -c -j8 -enable-batch-mode -incremental -Xcc -ivfsstatcache -Xcc /Users/pc49-58/.codex/worktrees/cozy-02-integration/TacticalGo/ios/MageM3DeviceBuild/SDKStatCaches.noindex/iphoneos26.5-23F81a-32daed1954a7d5dd0789fcaf2a9bb78b.sdkstatcache -output-file-map /Users/pc49-58/.codex/worktrees/cozy-02-integration/TacticalGo/ios/Build/Intermediates.noindex/TacticalGoCore.build/Debug-iphoneos/TacticalGoCore.build/Objects-normal/arm64/TacticalGoCore-OutputFileMap.json -use-frontend-parseable-output -save-temps -no-color-diagnostics -explicit-module-build -module-cache-path /Users/pc49-58/.codex/worktrees/cozy-02-integration/TacticalGo/ios/Build/Intermediates.noindex/SwiftExplicitPrecompiledModules -clang-scanner-module-cache-path /Users/pc49-58/.codex/worktrees/cozy-02-integration/TacticalGo/ios/MageM3DeviceBuild/ModuleCache.noindex -sdk-module-cache-path /Users/pc49-58/.codex/worktrees/cozy-02-integration/TacticalGo/ios/MageM3DeviceBuild/ModuleCache.noindex -serialize-diagnostics -emit-dependencies -emit-module -emit-module-path /Users/pc49-58/.codex/worktrees/cozy-02-integration/TacticalGo/ios/Build/Intermediates.noindex/TacticalGoCore.build/Debug-iphoneos/TacticalGoCore.build/Objects-normal/arm64/TacticalGoCore.swiftmodule -validate-clang-modules-once -clang-build-session-file /Users/pc49-58/.codex/worktrees/cozy-02-integration/TacticalGo/ios/MageM3DeviceBuild/ModuleCache.noindex/Session.modulevalidation -package-name tacticalgocore -Xcc -I/Users/pc49-58/.codex/worktrees/cozy-02-integration/TacticalGo/ios/Build/Intermediates.noindex/TacticalGoCore.build/Debug-iphoneos/TacticalGoCore.build/swift-overrides.hmap -emit-const-values -Xfrontend -const-gather-protocols-file -Xfrontend /Users/pc49-58/.codex/worktrees/cozy-02-integration/TacticalGo/ios/Build/Intermediates.noindex/TacticalGoCore.build/Debug-iphoneos/TacticalGoCore.build/Objects-normal/arm64/TacticalGoCore_const_extract_protocols.json -Xcc -I/Users/pc49-58/.codex/worktrees/cozy-02-integration/TacticalGo/ios/Build/Products/Debug-iphoneos/include -Xcc -I/Users/pc49-58/.codex/worktrees/cozy-02-integration/TacticalGo/ios/Build/Intermediates.noindex/TacticalGoCore.build/Debug-iphoneos/TacticalGoCore.build/DerivedSources-normal/arm64 -Xcc -I/Users/pc49-58/.codex/worktrees/cozy-02-integration/TacticalGo/ios/Build/Intermediates.noindex/TacticalGoCore.build/Debug-iphoneos/TacticalGoCore.build/DerivedSources/arm64 -Xcc -I/Users/pc49-58/.codex/worktrees/cozy-02-integration/TacticalGo/ios/Build/Intermediates.noindex/TacticalGoCore.build/Debug-iphoneos/TacticalGoCore.build/DerivedSources -Xcc -DSWIFT_PACKAGE -Xcc -DDEBUG\=1 -emit-objc-header -emit-objc-header-path /Users/pc49-58/.codex/worktrees/cozy-02-integration/TacticalGo/ios/Build/Intermediates.noindex/TacticalGoCore.build/Debug-iphoneos/TacticalGoCore.build/Objects-normal/arm64/TacticalGoCore-Swift.h -working-directory /Users/pc49-58/.codex/worktrees/cozy-02-integration/TacticalGo/ios/TacticalGo.xcodeproj -experimental-emit-module-separately -disable-cmo

SwiftExplicitDependencyGeneratePcm arm64 /Users/pc49-58/.codex/worktrees/cozy-02-integration/TacticalGo/ios/MageM3DeviceBuild/ModuleCache.noindex/ptrauth-865UMDB8ATQQ9R53RNDW4PXEP.pcm

SwiftMergeGeneratedHeaders /Users/pc49-58/.codex/worktrees/cozy-02-integration/TacticalGo/ios/Build/Intermediates.noindex/GeneratedModuleMaps-iphoneos/TacticalGoCore-Swift.h /Users/pc49-58/.codex/worktrees/cozy-02-integration/TacticalGo/ios/Build/Intermediates.noindex/TacticalGoCore.build/Debug-iphoneos/TacticalGoCore.build/Objects-normal/arm64/TacticalGoCore-Swift.h (in target 'TacticalGoCore' from project 'TacticalGoCore')
    cd /Users/pc49-58/.codex/worktrees/cozy-02-integration/TacticalGo/swift/TacticalGoCore
    builtin-swiftHeaderTool -arch arm64 /Users/pc49-58/.codex/worktrees/cozy-02-integration/TacticalGo/ios/Build/Intermediates.noindex/TacticalGoCore.build/Debug-iphoneos/TacticalGoCore.build/Objects-normal/arm64/TacticalGoCore-Swift.h -o /Users/pc49-58/.codex/worktrees/cozy-02-integration/TacticalGo/ios/Build/Intermediates.noindex/GeneratedModuleMaps-iphoneos/TacticalGoCore-Swift.h

Copy /Users/pc49-58/.codex/worktrees/cozy-02-integration/TacticalGo/ios/Build/Products/Debug-iphoneos/TacticalGoCore.swiftmodule/arm64-apple-ios.abi.json /Users/pc49-58/.codex/worktrees/cozy-02-integration/TacticalGo/ios/Build/Intermediates.noindex/TacticalGoCore.build/Debug-iphoneos/TacticalGoCore.build/Objects-normal/arm64/TacticalGoCore.abi.json (in target 'TacticalGoCore' from project 'TacticalGoCore')
    cd /Users/pc49-58/.codex/worktrees/cozy-02-integration/TacticalGo/swift/TacticalGoCore
    builtin-copy -exclude .DS_Store -exclude CVS -exclude .svn -exclude .git -exclude .hg -resolve-src-symlinks -rename /Users/pc49-58/.codex/worktrees/cozy-02-integration/TacticalGo/ios/Build/Intermediates.noindex/TacticalGoCore.build/Debug-iphoneos/TacticalGoCore.build/Objects-normal/arm64/TacticalGoCore.abi.json /Users/pc49-58/.codex/worktrees/cozy-02-integration/TacticalGo/ios/Build/Products/Debug-iphoneos/TacticalGoCore.swiftmodule/arm64-apple-ios.abi.json

Copy /Users/pc49-58/.codex/worktrees/cozy-02-integration/TacticalGo/ios/Build/Products/Debug-iphoneos/TacticalGoCore.swiftmodule/arm64-apple-ios.swiftmodule /Users/pc49-58/.codex/worktrees/cozy-02-integration/TacticalGo/ios/Build/Intermediates.noindex/TacticalGoCore.build/Debug-iphoneos/TacticalGoCore.build/Objects-normal/arm64/TacticalGoCore.swiftmodule (in target 'TacticalGoCore' from project 'TacticalGoCore')
    cd /Users/pc49-58/.codex/worktrees/cozy-02-integration/TacticalGo/swift/TacticalGoCore
    builtin-copy -exclude .DS_Store -exclude CVS -exclude .svn -exclude .git -exclude .hg -resolve-src-symlinks -rename /Users/pc49-58/.codex/worktrees/cozy-02-integration/TacticalGo/ios/Build/Intermediates.noindex/TacticalGoCore.build/Debug-iphoneos/TacticalGoCore.build/Objects-normal/arm64/TacticalGoCore.swiftmodule /Users/pc49-58/.codex/worktrees/cozy-02-integration/TacticalGo/ios/Build/Products/Debug-iphoneos/TacticalGoCore.swiftmodule/arm64-apple-ios.swiftmodule

SwiftExplicitDependencyGeneratePcm arm64 /Users/pc49-58/.codex/worktrees/cozy-02-integration/TacticalGo/ios/MageM3DeviceBuild/ModuleCache.noindex/_Builtin_float-CYEJP1M4EBU0S7JC0719PZJ6Z.pcm

SwiftDriver TacticalGoRecords normal arm64 com.apple.xcode.tools.swift.compiler (in target 'TacticalGoRecords' from project 'TacticalGoCore')
    cd /Users/pc49-58/.codex/worktrees/cozy-02-integration/TacticalGo/ios/TacticalGo.xcodeproj
    builtin-SwiftDriver -- /Applications/Xcode.app/Contents/Developer/Toolchains/XcodeDefault.xctoolchain/usr/bin/swiftc -module-name TacticalGoRecords -Onone @/Users/pc49-58/.codex/worktrees/cozy-02-integration/TacticalGo/ios/Build/Intermediates.noindex/TacticalGoCore.build/Debug-iphoneos/TacticalGoRecords.build/Objects-normal/arm64/TacticalGoRecords.SwiftFileList -DSWIFT_PACKAGE -DDEBUG -DSWIFT_MODULE_RESOURCE_BUNDLE_UNAVAILABLE -DXcode -plugin-path /Applications/Xcode.app/Contents/Developer/Toolchains/XcodeDefault.xctoolchain/usr/lib/swift/host/plugins/testing -enable-experimental-feature DebugDescriptionMacro -sdk /Applications/Xcode.app/Contents/Developer/Platforms/iPhoneOS.platform/Developer/SDKs/iPhoneOS26.5.sdk -target arm64-apple-ios12.0 -g -module-cache-path /Users/pc49-58/.codex/worktrees/cozy-02-integration/TacticalGo/ios/MageM3DeviceBuild/ModuleCache.noindex -Xfrontend -serialize-debugging-options -enable-testing -suppress-warnings -index-store-path /Users/pc49-58/.codex/worktrees/cozy-02-integration/TacticalGo/ios/MageM3DeviceBuild/Index.noindex/DataStore -Xcc -D_LIBCPP_HARDENING_MODE\=_LIBCPP_HARDENING_MODE_DEBUG -swift-version 6 -I /Users/pc49-58/.codex/worktrees/cozy-02-integration/TacticalGo/ios/Build/Products/Debug-iphoneos -Isystem /Applications/Xcode.app/Contents/Developer/Platforms/iPhoneOS.platform/Developer/usr/lib -F /Users/pc49-58/.codex/worktrees/cozy-02-integration/TacticalGo/ios/Build/Products/Debug-iphoneos/PackageFrameworks -F /Users/pc49-58/.codex/worktrees/cozy-02-integration/TacticalGo/ios/Build/Products/Debug-iphoneos -F /Applications/Xcode.app/Contents/Developer/Platforms/iPhoneOS.platform/Developer/Library/Frameworks -F /Applications/Xcode.app/Contents/Developer/Platforms/iPhoneOS.platform/Developer/SDKs/iPhoneOS26.5.sdk/Developer/Library/Frameworks -parse-as-library -c -j8 -enable-batch-mode -incremental -Xcc -ivfsstatcache -Xcc /Users/pc49-58/.codex/worktrees/cozy-02-integration/TacticalGo/ios/MageM3DeviceBuild/SDKStatCaches.noindex/iphoneos26.5-23F81a-32daed1954a7d5dd0789fcaf2a9bb78b.sdkstatcache -output-file-map /Users/pc49-58/.codex/worktrees/cozy-02-integration/TacticalGo/ios/Build/Intermediates.noindex/TacticalGoCore.build/Debug-iphoneos/TacticalGoRecords.build/Objects-normal/arm64/TacticalGoRecords-OutputFileMap.json -use-frontend-parseable-output -save-temps -no-color-diagnostics -explicit-module-build -module-cache-path /Users/pc49-58/.codex/worktrees/cozy-02-integration/TacticalGo/ios/Build/Intermediates.noindex/SwiftExplicitPrecompiledModules -clang-scanner-module-cache-path /Users/pc49-58/.codex/worktrees/cozy-02-integration/TacticalGo/ios/MageM3DeviceBuild/ModuleCache.noindex -sdk-module-cache-path /Users/pc49-58/.codex/worktrees/cozy-02-integration/TacticalGo/ios/MageM3DeviceBuild/ModuleCache.noindex -serialize-diagnostics -emit-dependencies -emit-module -emit-module-path /Users/pc49-58/.codex/worktrees/cozy-02-integration/TacticalGo/ios/Build/Intermediates.noindex/TacticalGoCore.build/Debug-iphoneos/TacticalGoRecords.build/Objects-normal/arm64/TacticalGoRecords.swiftmodule -validate-clang-modules-once -clang-build-session-file /Users/pc49-58/.codex/worktrees/cozy-02-integration/TacticalGo/ios/MageM3DeviceBuild/ModuleCache.noindex/Session.modulevalidation -package-name tacticalgocore -Xcc -I/Users/pc49-58/.codex/worktrees/cozy-02-integration/TacticalGo/ios/Build/Intermediates.noindex/TacticalGoCore.build/Debug-iphoneos/TacticalGoRecords.build/swift-overrides.hmap -emit-const-values -Xfrontend -const-gather-protocols-file -Xfrontend /Users/pc49-58/.codex/worktrees/cozy-02-integration/TacticalGo/ios/Build/Intermediates.noindex/TacticalGoCore.build/Debug-iphoneos/TacticalGoRecords.build/Objects-normal/arm64/TacticalGoRecords_const_extract_protocols.json -Xcc -I/Users/pc49-58/.codex/worktrees/cozy-02-integration/TacticalGo/ios/Build/Products/Debug-iphoneos/include -Xcc -I/Users/pc49-58/.codex/worktrees/cozy-02-integration/TacticalGo/ios/Build/Intermediates.noindex/TacticalGoCore.build/Debug-iphoneos/TacticalGoRecords.build/DerivedSources-normal/arm64 -Xcc -I/Users/pc49-58/.codex/worktrees/cozy-02-integration/TacticalGo/ios/Build/Intermediates.noindex/TacticalGoCore.build/Debug-iphoneos/TacticalGoRecords.build/DerivedSources/arm64 -Xcc -I/Users/pc49-58/.codex/worktrees/cozy-02-integration/TacticalGo/ios/Build/Intermediates.noindex/TacticalGoCore.build/Debug-iphoneos/TacticalGoRecords.build/DerivedSources -Xcc -DSWIFT_PACKAGE -Xcc -DDEBUG\=1 -emit-objc-header -emit-objc-header-path /Users/pc49-58/.codex/worktrees/cozy-02-integration/TacticalGo/ios/Build/Intermediates.noindex/TacticalGoCore.build/Debug-iphoneos/TacticalGoRecords.build/Objects-normal/arm64/TacticalGoRecords-Swift.h -working-directory /Users/pc49-58/.codex/worktrees/cozy-02-integration/TacticalGo/ios/TacticalGo.xcodeproj -experimental-emit-module-separately -disable-cmo

SwiftExplicitDependencyGeneratePcm arm64 /Users/pc49-58/.codex/worktrees/cozy-02-integration/TacticalGo/ios/MageM3DeviceBuild/ModuleCache.noindex/_DarwinFoundation1-8YPZU678G9CUN6ZLS5TDXV3W1.pcm

SwiftDriver TacticalGoOnboarding normal arm64 com.apple.xcode.tools.swift.compiler (in target 'TacticalGoOnboarding' from project 'TacticalGoCore')
    cd /Users/pc49-58/.codex/worktrees/cozy-02-integration/TacticalGo/ios/TacticalGo.xcodeproj
    builtin-SwiftDriver -- /Applications/Xcode.app/Contents/Developer/Toolchains/XcodeDefault.xctoolchain/usr/bin/swiftc -module-name TacticalGoOnboarding -Onone @/Users/pc49-58/.codex/worktrees/cozy-02-integration/TacticalGo/ios/Build/Intermediates.noindex/TacticalGoCore.build/Debug-iphoneos/TacticalGoOnboarding.build/Objects-normal/arm64/TacticalGoOnboarding.SwiftFileList -DSWIFT_PACKAGE -DDEBUG -DSWIFT_MODULE_RESOURCE_BUNDLE_AVAILABLE -DXcode -plugin-path /Applications/Xcode.app/Contents/Developer/Toolchains/XcodeDefault.xctoolchain/usr/lib/swift/host/plugins/testing -enable-experimental-feature DebugDescriptionMacro -sdk /Applications/Xcode.app/Contents/Developer/Platforms/iPhoneOS.platform/Developer/SDKs/iPhoneOS26.5.sdk -target arm64-apple-ios12.0 -g -module-cache-path /Users/pc49-58/.codex/worktrees/cozy-02-integration/TacticalGo/ios/MageM3DeviceBuild/ModuleCache.noindex -Xfrontend -serialize-debugging-options -enable-testing -suppress-warnings -index-store-path /Users/pc49-58/.codex/worktrees/cozy-02-integration/TacticalGo/ios/MageM3DeviceBuild/Index.noindex/DataStore -Xcc -D_LIBCPP_HARDENING_MODE\=_LIBCPP_HARDENING_MODE_DEBUG -swift-version 6 -I /Users/pc49-58/.codex/worktrees/cozy-02-integration/TacticalGo/ios/Build/Products/Debug-iphoneos -Isystem /Applications/Xcode.app/Contents/Developer/Platforms/iPhoneOS.platform/Developer/usr/lib -F /Users/pc49-58/.codex/worktrees/cozy-02-integration/TacticalGo/ios/Build/Products/Debug-iphoneos/PackageFrameworks -F /Users/pc49-58/.codex/worktrees/cozy-02-integration/TacticalGo/ios/Build/Products/Debug-iphoneos -F /Applications/Xcode.app/Contents/Developer/Platforms/iPhoneOS.platform/Developer/Library/Frameworks -F /Applications/Xcode.app/Contents/Developer/Platforms/iPhoneOS.platform/Developer/SDKs/iPhoneOS26.5.sdk/Developer/Library/Frameworks -c -j8 -enable-batch-mode -incremental -Xcc -ivfsstatcache -Xcc /Users/pc49-58/.codex/worktrees/cozy-02-integration/TacticalGo/ios/MageM3DeviceBuild/SDKStatCaches.noindex/iphoneos26.5-23F81a-32daed1954a7d5dd0789fcaf2a9bb78b.sdkstatcache -output-file-map /Users/pc49-58/.codex/worktrees/cozy-02-integration/TacticalGo/ios/Build/Intermediates.noindex/TacticalGoCore.build/Debug-iphoneos/TacticalGoOnboarding.build/Objects-normal/arm64/TacticalGoOnboarding-OutputFileMap.json -use-frontend-parseable-output -save-temps -no-color-diagnostics -explicit-module-build -module-cache-path /Users/pc49-58/.codex/worktrees/cozy-02-integration/TacticalGo/ios/Build/Intermediates.noindex/SwiftExplicitPrecompiledModules -clang-scanner-module-cache-path /Users/pc49-58/.codex/worktrees/cozy-02-integration/TacticalGo/ios/MageM3DeviceBuild/ModuleCache.noindex -sdk-module-cache-path /Users/pc49-58/.codex/worktrees/cozy-02-integration/TacticalGo/ios/MageM3DeviceBuild/ModuleCache.noindex -serialize-diagnostics -emit-dependencies -emit-module -emit-module-path /Users/pc49-58/.codex/worktrees/cozy-02-integration/TacticalGo/ios/Build/Intermediates.noindex/TacticalGoCore.build/Debug-iphoneos/TacticalGoOnboarding.build/Objects-normal/arm64/TacticalGoOnboarding.swiftmodule -validate-clang-modules-once -clang-build-session-file /Users/pc49-58/.codex/worktrees/cozy-02-integration/TacticalGo/ios/MageM3DeviceBuild/ModuleCache.noindex/Session.modulevalidation -package-name tacticalgocore -Xcc -I/Users/pc49-58/.codex/worktrees/cozy-02-integration/TacticalGo/ios/Build/Intermediates.noindex/TacticalGoCore.build/Debug-iphoneos/TacticalGoOnboarding.build/swift-overrides.hmap -emit-const-values -Xfrontend -const-gather-protocols-file -Xfrontend /Users/pc49-58/.codex/worktrees/cozy-02-integration/TacticalGo/ios/Build/Intermediates.noindex/TacticalGoCore.build/Debug-iphoneos/TacticalGoOnboarding.build/Objects-normal/arm64/TacticalGoOnboarding_const_extract_protocols.json -Xcc -I/Users/pc49-58/.codex/worktrees/cozy-02-integration/TacticalGo/ios/Build/Products/Debug-iphoneos/include -Xcc -I/Users/pc49-58/.codex/worktrees/cozy-02-integration/TacticalGo/ios/Build/Intermediates.noindex/TacticalGoCore.build/Debug-iphoneos/TacticalGoOnboarding.build/DerivedSources-normal/arm64 -Xcc -I/Users/pc49-58/.codex/worktrees/cozy-02-integration/TacticalGo/ios/Build/Intermediates.noindex/TacticalGoCore.build/Debug-iphoneos/TacticalGoOnboarding.build/DerivedSources/arm64 -Xcc -I/Users/pc49-58/.codex/worktrees/cozy-02-integration/TacticalGo/ios/Build/Intermediates.noindex/TacticalGoCore.build/Debug-iphoneos/TacticalGoOnboarding.build/DerivedSources -Xcc -DSWIFT_PACKAGE -Xcc -DDEBUG\=1 -emit-objc-header -emit-objc-header-path /Users/pc49-58/.codex/worktrees/cozy-02-integration/TacticalGo/ios/Build/Intermediates.noindex/TacticalGoCore.build/Debug-iphoneos/TacticalGoOnboarding.build/Objects-normal/arm64/TacticalGoOnboarding-Swift.h -working-directory /Users/pc49-58/.codex/worktrees/cozy-02-integration/TacticalGo/ios/TacticalGo.xcodeproj -experimental-emit-module-separately -disable-cmo

SwiftDriver TacticalGoMotion normal arm64 com.apple.xcode.tools.swift.compiler (in target 'TacticalGoMotion' from project 'TacticalGoCore')
    cd /Users/pc49-58/.codex/worktrees/cozy-02-integration/TacticalGo/ios/TacticalGo.xcodeproj
    builtin-SwiftDriver -- /Applications/Xcode.app/Contents/Developer/Toolchains/XcodeDefault.xctoolchain/usr/bin/swiftc -module-name TacticalGoMotion -Onone @/Users/pc49-58/.codex/worktrees/cozy-02-integration/TacticalGo/ios/Build/Intermediates.noindex/TacticalGoCore.build/Debug-iphoneos/TacticalGoMotion.build/Objects-normal/arm64/TacticalGoMotion.SwiftFileList -DSWIFT_PACKAGE -DDEBUG -DSWIFT_MODULE_RESOURCE_BUNDLE_UNAVAILABLE -DXcode -plugin-path /Applications/Xcode.app/Contents/Developer/Toolchains/XcodeDefault.xctoolchain/usr/lib/swift/host/plugins/testing -enable-experimental-feature DebugDescriptionMacro -sdk /Applications/Xcode.app/Contents/Developer/Platforms/iPhoneOS.platform/Developer/SDKs/iPhoneOS26.5.sdk -target arm64-apple-ios12.0 -g -module-cache-path /Users/pc49-58/.codex/worktrees/cozy-02-integration/TacticalGo/ios/MageM3DeviceBuild/ModuleCache.noindex -Xfrontend -serialize-debugging-options -enable-testing -suppress-warnings -index-store-path /Users/pc49-58/.codex/worktrees/cozy-02-integration/TacticalGo/ios/MageM3DeviceBuild/Index.noindex/DataStore -Xcc -D_LIBCPP_HARDENING_MODE\=_LIBCPP_HARDENING_MODE_DEBUG -swift-version 6 -I /Users/pc49-58/.codex/worktrees/cozy-02-integration/TacticalGo/ios/Build/Products/Debug-iphoneos -Isystem /Applications/Xcode.app/Contents/Developer/Platforms/iPhoneOS.platform/Developer/usr/lib -F /Users/pc49-58/.codex/worktrees/cozy-02-integration/TacticalGo/ios/Build/Products/Debug-iphoneos/PackageFrameworks -F /Users/pc49-58/.codex/worktrees/cozy-02-integration/TacticalGo/ios/Build/Products/Debug-iphoneos -F /Applications/Xcode.app/Contents/Developer/Platforms/iPhoneOS.platform/Developer/Library/Frameworks -F /Applications/Xcode.app/Contents/Developer/Platforms/iPhoneOS.platform/Developer/SDKs/iPhoneOS26.5.sdk/Developer/Library/Frameworks -c -j8 -enable-batch-mode -incremental -Xcc -ivfsstatcache -Xcc /Users/pc49-58/.codex/worktrees/cozy-02-integration/TacticalGo/ios/MageM3DeviceBuild/SDKStatCaches.noindex/iphoneos26.5-23F81a-32daed1954a7d5dd0789fcaf2a9bb78b.sdkstatcache -output-file-map /Users/pc49-58/.codex/worktrees/cozy-02-integration/TacticalGo/ios/Build/Intermediates.noindex/TacticalGoCore.build/Debug-iphoneos/TacticalGoMotion.build/Objects-normal/arm64/TacticalGoMotion-OutputFileMap.json -use-frontend-parseable-output -save-temps -no-color-diagnostics -explicit-module-build -module-cache-path /Users/pc49-58/.codex/worktrees/cozy-02-integration/TacticalGo/ios/Build/Intermediates.noindex/SwiftExplicitPrecompiledModules -clang-scanner-module-cache-path /Users/pc49-58/.codex/worktrees/cozy-02-integration/TacticalGo/ios/MageM3DeviceBuild/ModuleCache.noindex -sdk-module-cache-path /Users/pc49-58/.codex/worktrees/cozy-02-integration/TacticalGo/ios/MageM3DeviceBuild/ModuleCache.noindex -serialize-diagnostics -emit-dependencies -emit-module -emit-module-path /Users/pc49-58/.codex/worktrees/cozy-02-integration/TacticalGo/ios/Build/Intermediates.noindex/TacticalGoCore.build/Debug-iphoneos/TacticalGoMotion.build/Objects-normal/arm64/TacticalGoMotion.swiftmodule -validate-clang-modules-once -clang-build-session-file /Users/pc49-58/.codex/worktrees/cozy-02-integration/TacticalGo/ios/MageM3DeviceBuild/ModuleCache.noindex/Session.modulevalidation -package-name tacticalgocore -Xcc -I/Users/pc49-58/.codex/worktrees/cozy-02-integration/TacticalGo/ios/Build/Intermediates.noindex/TacticalGoCore.build/Debug-iphoneos/TacticalGoMotion.build/swift-overrides.hmap -emit-const-values -Xfrontend -const-gather-protocols-file -Xfrontend /Users/pc49-58/.codex/worktrees/cozy-02-integration/TacticalGo/ios/Build/Intermediates.noindex/TacticalGoCore.build/Debug-iphoneos/TacticalGoMotion.build/Objects-normal/arm64/TacticalGoMotion_const_extract_protocols.json -Xcc -I/Users/pc49-58/.codex/worktrees/cozy-02-integration/TacticalGo/ios/Build/Products/Debug-iphoneos/include -Xcc -I/Users/pc49-58/.codex/worktrees/cozy-02-integration/TacticalGo/ios/Build/Intermediates.noindex/TacticalGoCore.build/Debug-iphoneos/TacticalGoMotion.build/DerivedSources-normal/arm64 -Xcc -I/Users/pc49-58/.codex/worktrees/cozy-02-integration/TacticalGo/ios/Build/Intermediates.noindex/TacticalGoCore.build/Debug-iphoneos/TacticalGoMotion.build/DerivedSources/arm64 -Xcc -I/Users/pc49-58/.codex/worktrees/cozy-02-integration/TacticalGo/ios/Build/Intermediates.noindex/TacticalGoCore.build/Debug-iphoneos/TacticalGoMotion.build/DerivedSources -Xcc -DSWIFT_PACKAGE -Xcc -DDEBUG\=1 -emit-objc-header -emit-objc-header-path /Users/pc49-58/.codex/worktrees/cozy-02-integration/TacticalGo/ios/Build/Intermediates.noindex/TacticalGoCore.build/Debug-iphoneos/TacticalGoMotion.build/Objects-normal/arm64/TacticalGoMotion-Swift.h -working-directory /Users/pc49-58/.codex/worktrees/cozy-02-integration/TacticalGo/ios/TacticalGo.xcodeproj -experimental-emit-module-separately -disable-cmo

SwiftDriver TacticalGoBot normal arm64 com.apple.xcode.tools.swift.compiler (in target 'TacticalGoBot' from project 'TacticalGoCore')
    cd /Users/pc49-58/.codex/worktrees/cozy-02-integration/TacticalGo/ios/TacticalGo.xcodeproj
    builtin-SwiftDriver -- /Applications/Xcode.app/Contents/Developer/Toolchains/XcodeDefault.xctoolchain/usr/bin/swiftc -module-name TacticalGoBot -Onone @/Users/pc49-58/.codex/worktrees/cozy-02-integration/TacticalGo/ios/Build/Intermediates.noindex/TacticalGoCore.build/Debug-iphoneos/TacticalGoBot.build/Objects-normal/arm64/TacticalGoBot.SwiftFileList -DSWIFT_PACKAGE -DDEBUG -DSWIFT_MODULE_RESOURCE_BUNDLE_UNAVAILABLE -DXcode -plugin-path /Applications/Xcode.app/Contents/Developer/Toolchains/XcodeDefault.xctoolchain/usr/lib/swift/host/plugins/testing -enable-experimental-feature DebugDescriptionMacro -sdk /Applications/Xcode.app/Contents/Developer/Platforms/iPhoneOS.platform/Developer/SDKs/iPhoneOS26.5.sdk -target arm64-apple-ios12.0 -g -module-cache-path /Users/pc49-58/.codex/worktrees/cozy-02-integration/TacticalGo/ios/MageM3DeviceBuild/ModuleCache.noindex -Xfrontend -serialize-debugging-options -enable-testing -suppress-warnings -index-store-path /Users/pc49-58/.codex/worktrees/cozy-02-integration/TacticalGo/ios/MageM3DeviceBuild/Index.noindex/DataStore -Xcc -D_LIBCPP_HARDENING_MODE\=_LIBCPP_HARDENING_MODE_DEBUG -swift-version 6 -I /Users/pc49-58/.codex/worktrees/cozy-02-integration/TacticalGo/ios/Build/Products/Debug-iphoneos -Isystem /Applications/Xcode.app/Contents/Developer/Platforms/iPhoneOS.platform/Developer/usr/lib -F /Users/pc49-58/.codex/worktrees/cozy-02-integration/TacticalGo/ios/Build/Products/Debug-iphoneos/PackageFrameworks -F /Users/pc49-58/.codex/worktrees/cozy-02-integration/TacticalGo/ios/Build/Products/Debug-iphoneos -F /Applications/Xcode.app/Contents/Developer/Platforms/iPhoneOS.platform/Developer/Library/Frameworks -F /Applications/Xcode.app/Contents/Developer/Platforms/iPhoneOS.platform/Developer/SDKs/iPhoneOS26.5.sdk/Developer/Library/Frameworks -parse-as-library -c -j8 -enable-batch-mode -incremental -Xcc -ivfsstatcache -Xcc /Users/pc49-58/.codex/worktrees/cozy-02-integration/TacticalGo/ios/MageM3DeviceBuild/SDKStatCaches.noindex/iphoneos26.5-23F81a-32daed1954a7d5dd0789fcaf2a9bb78b.sdkstatcache -output-file-map /Users/pc49-58/.codex/worktrees/cozy-02-integration/TacticalGo/ios/Build/Intermediates.noindex/TacticalGoCore.build/Debug-iphoneos/TacticalGoBot.build/Objects-normal/arm64/TacticalGoBot-OutputFileMap.json -use-frontend-parseable-output -save-temps -no-color-diagnostics -explicit-module-build -module-cache-path /Users/pc49-58/.codex/worktrees/cozy-02-integration/TacticalGo/ios/Build/Intermediates.noindex/SwiftExplicitPrecompiledModules -clang-scanner-module-cache-path /Users/pc49-58/.codex/worktrees/cozy-02-integration/TacticalGo/ios/MageM3DeviceBuild/ModuleCache.noindex -sdk-module-cache-path /Users/pc49-58/.codex/worktrees/cozy-02-integration/TacticalGo/ios/MageM3DeviceBuild/ModuleCache.noindex -serialize-diagnostics -emit-dependencies -emit-module -emit-module-path /Users/pc49-58/.codex/worktrees/cozy-02-integration/TacticalGo/ios/Build/Intermediates.noindex/TacticalGoCore.build/Debug-iphoneos/TacticalGoBot.build/Objects-normal/arm64/TacticalGoBot.swiftmodule -validate-clang-modules-once -clang-build-session-file /Users/pc49-58/.codex/worktrees/cozy-02-integration/TacticalGo/ios/MageM3DeviceBuild/ModuleCache.noindex/Session.modulevalidation -package-name tacticalgocore -Xcc -I/Users/pc49-58/.codex/worktrees/cozy-02-integration/TacticalGo/ios/Build/Intermediates.noindex/TacticalGoCore.build/Debug-iphoneos/TacticalGoBot.build/swift-overrides.hmap -emit-const-values -Xfrontend -const-gather-protocols-file -Xfrontend /Users/pc49-58/.codex/worktrees/cozy-02-integration/TacticalGo/ios/Build/Intermediates.noindex/TacticalGoCore.build/Debug-iphoneos/TacticalGoBot.build/Objects-normal/arm64/TacticalGoBot_const_extract_protocols.json -Xcc -I/Users/pc49-58/.codex/worktrees/cozy-02-integration/TacticalGo/ios/Build/Products/Debug-iphoneos/include -Xcc -I/Users/pc49-58/.codex/worktrees/cozy-02-integration/TacticalGo/ios/Build/Intermediates.noindex/TacticalGoCore.build/Debug-iphoneos/TacticalGoBot.build/DerivedSources-normal/arm64 -Xcc -I/Users/pc49-58/.codex/worktrees/cozy-02-integration/TacticalGo/ios/Build/Intermediates.noindex/TacticalGoCore.build/Debug-iphoneos/TacticalGoBot.build/DerivedSources/arm64 -Xcc -I/Users/pc49-58/.codex/worktrees/cozy-02-integration/TacticalGo/ios/Build/Intermediates.noindex/TacticalGoCore.build/Debug-iphoneos/TacticalGoBot.build/DerivedSources -Xcc -DSWIFT_PACKAGE -Xcc -DDEBUG\=1 -emit-objc-header -emit-objc-header-path /Users/pc49-58/.codex/worktrees/cozy-02-integration/TacticalGo/ios/Build/Intermediates.noindex/TacticalGoCore.build/Debug-iphoneos/TacticalGoBot.build/Objects-normal/arm64/TacticalGoBot-Swift.h -working-directory /Users/pc49-58/.codex/worktrees/cozy-02-integration/TacticalGo/ios/TacticalGo.xcodeproj -experimental-emit-module-separately -disable-cmo

SwiftEmitModule normal arm64 Emitting\ module\ for\ TacticalGoBot (in target 'TacticalGoBot' from project 'TacticalGoCore')

SwiftCompile normal arm64 /Users/pc49-58/.codex/worktrees/cozy-02-integration/TacticalGo/swift/TacticalGoCore/Sources/TacticalGoBot/BotPlanner.swift (in target 'TacticalGoBot' from project 'TacticalGoCore')
    cd /Users/pc49-58/.codex/worktrees/cozy-02-integration/TacticalGo/ios/TacticalGo.xcodeproj
    

SwiftCompile normal arm64 Compiling\ BotPlanner.swift /Users/pc49-58/.codex/worktrees/cozy-02-integration/TacticalGo/swift/TacticalGoCore/Sources/TacticalGoBot/BotPlanner.swift (in target 'TacticalGoBot' from project 'TacticalGoCore')

SwiftCompile normal arm64 /Users/pc49-58/.codex/worktrees/cozy-02-integration/TacticalGo/swift/TacticalGoCore/Sources/TacticalGoBot/BotPlanner.swift (in target 'TacticalGoBot' from project 'TacticalGoCore')
    cd /Users/pc49-58/.codex/worktrees/cozy-02-integration/TacticalGo/ios/TacticalGo.xcodeproj
    

SwiftExplicitDependencyGeneratePcm arm64 /Users/pc49-58/.codex/worktrees/cozy-02-integration/TacticalGo/ios/MageM3DeviceBuild/ModuleCache.noindex/_Builtin_limits-2NCM2KV19OSTLD7FSQEYM22S1.pcm

SwiftDriverJobDiscovery normal arm64 Emitting module for TacticalGoBot (in target 'TacticalGoBot' from project 'TacticalGoCore')

SwiftDriver\ Compilation\ Requirements TacticalGoBot normal arm64 com.apple.xcode.tools.swift.compiler (in target 'TacticalGoBot' from project 'TacticalGoCore')
    cd /Users/pc49-58/.codex/worktrees/cozy-02-integration/TacticalGo/ios/TacticalGo.xcodeproj
    builtin-Swift-Compilation-Requirements -- /Applications/Xcode.app/Contents/Developer/Toolchains/XcodeDefault.xctoolchain/usr/bin/swiftc -module-name TacticalGoBot -Onone @/Users/pc49-58/.codex/worktrees/cozy-02-integration/TacticalGo/ios/Build/Intermediates.noindex/TacticalGoCore.build/Debug-iphoneos/TacticalGoBot.build/Objects-normal/arm64/TacticalGoBot.SwiftFileList -DSWIFT_PACKAGE -DDEBUG -DSWIFT_MODULE_RESOURCE_BUNDLE_UNAVAILABLE -DXcode -plugin-path /Applications/Xcode.app/Contents/Developer/Toolchains/XcodeDefault.xctoolchain/usr/lib/swift/host/plugins/testing -enable-experimental-feature DebugDescriptionMacro -sdk /Applications/Xcode.app/Contents/Developer/Platforms/iPhoneOS.platform/Developer/SDKs/iPhoneOS26.5.sdk -target arm64-apple-ios12.0 -g -module-cache-path /Users/pc49-58/.codex/worktrees/cozy-02-integration/TacticalGo/ios/MageM3DeviceBuild/ModuleCache.noindex -Xfrontend -serialize-debugging-options -enable-testing -suppress-warnings -index-store-path /Users/pc49-58/.codex/worktrees/cozy-02-integration/TacticalGo/ios/MageM3DeviceBuild/Index.noindex/DataStore -Xcc -D_LIBCPP_HARDENING_MODE\=_LIBCPP_HARDENING_MODE_DEBUG -swift-version 6 -I /Users/pc49-58/.codex/worktrees/cozy-02-integration/TacticalGo/ios/Build/Products/Debug-iphoneos -Isystem /Applications/Xcode.app/Contents/Developer/Platforms/iPhoneOS.platform/Developer/usr/lib -F /Users/pc49-58/.codex/worktrees/cozy-02-integration/TacticalGo/ios/Build/Products/Debug-iphoneos/PackageFrameworks -F /Users/pc49-58/.codex/worktrees/cozy-02-integration/TacticalGo/ios/Build/Products/Debug-iphoneos -F /Applications/Xcode.app/Contents/Developer/Platforms/iPhoneOS.platform/Developer/Library/Frameworks -F /Applications/Xcode.app/Contents/Developer/Platforms/iPhoneOS.platform/Developer/SDKs/iPhoneOS26.5.sdk/Developer/Library/Frameworks -parse-as-library -c -j8 -enable-batch-mode -incremental -Xcc -ivfsstatcache -Xcc /Users/pc49-58/.codex/worktrees/cozy-02-integration/TacticalGo/ios/MageM3DeviceBuild/SDKStatCaches.noindex/iphoneos26.5-23F81a-32daed1954a7d5dd0789fcaf2a9bb78b.sdkstatcache -output-file-map /Users/pc49-58/.codex/worktrees/cozy-02-integration/TacticalGo/ios/Build/Intermediates.noindex/TacticalGoCore.build/Debug-iphoneos/TacticalGoBot.build/Objects-normal/arm64/TacticalGoBot-OutputFileMap.json -use-frontend-parseable-output -save-temps -no-color-diagnostics -explicit-module-build -module-cache-path /Users/pc49-58/.codex/worktrees/cozy-02-integration/TacticalGo/ios/Build/Intermediates.noindex/SwiftExplicitPrecompiledModules -clang-scanner-module-cache-path /Users/pc49-58/.codex/worktrees/cozy-02-integration/TacticalGo/ios/MageM3DeviceBuild/ModuleCache.noindex -sdk-module-cache-path /Users/pc49-58/.codex/worktrees/cozy-02-integration/TacticalGo/ios/MageM3DeviceBuild/ModuleCache.noindex -serialize-diagnostics -emit-dependencies -emit-module -emit-module-path /Users/pc49-58/.codex/worktrees/cozy-02-integration/TacticalGo/ios/Build/Intermediates.noindex/TacticalGoCore.build/Debug-iphoneos/TacticalGoBot.build/Objects-normal/arm64/TacticalGoBot.swiftmodule -validate-clang-modules-once -clang-build-session-file /Users/pc49-58/.codex/worktrees/cozy-02-integration/TacticalGo/ios/MageM3DeviceBuild/ModuleCache.noindex/Session.modulevalidation -package-name tacticalgocore -Xcc -I/Users/pc49-58/.codex/worktrees/cozy-02-integration/TacticalGo/ios/Build/Intermediates.noindex/TacticalGoCore.build/Debug-iphoneos/TacticalGoBot.build/swift-overrides.hmap -emit-const-values -Xfrontend -const-gather-protocols-file -Xfrontend /Users/pc49-58/.codex/worktrees/cozy-02-integration/TacticalGo/ios/Build/Intermediates.noindex/TacticalGoCore.build/Debug-iphoneos/TacticalGoBot.build/Objects-normal/arm64/TacticalGoBot_const_extract_protocols.json -Xcc -I/Users/pc49-58/.codex/worktrees/cozy-02-integration/TacticalGo/ios/Build/Products/Debug-iphoneos/include -Xcc -I/Users/pc49-58/.codex/worktrees/cozy-02-integration/TacticalGo/ios/Build/Intermediates.noindex/TacticalGoCore.build/Debug-iphoneos/TacticalGoBot.build/DerivedSources-normal/arm64 -Xcc -I/Users/pc49-58/.codex/worktrees/cozy-02-integration/TacticalGo/ios/Build/Intermediates.noindex/TacticalGoCore.build/Debug-iphoneos/TacticalGoBot.build/DerivedSources/arm64 -Xcc -I/Users/pc49-58/.codex/worktrees/cozy-02-integration/TacticalGo/ios/Build/Intermediates.noindex/TacticalGoCore.build/Debug-iphoneos/TacticalGoBot.build/DerivedSources -Xcc -DSWIFT_PACKAGE -Xcc -DDEBUG\=1 -emit-objc-header -emit-objc-header-path /Users/pc49-58/.codex/worktrees/cozy-02-integration/TacticalGo/ios/Build/Intermediates.noindex/TacticalGoCore.build/Debug-iphoneos/TacticalGoBot.build/Objects-normal/arm64/TacticalGoBot-Swift.h -working-directory /Users/pc49-58/.codex/worktrees/cozy-02-integration/TacticalGo/ios/TacticalGo.xcodeproj -experimental-emit-module-separately -disable-cmo

SwiftExplicitDependencyGeneratePcm arm64 /Users/pc49-58/.codex/worktrees/cozy-02-integration/TacticalGo/ios/MageM3DeviceBuild/ModuleCache.noindex/_DarwinFoundation2-4FJV6ZRMC5I6S37APV5T0C5II.pcm

SwiftMergeGeneratedHeaders /Users/pc49-58/.codex/worktrees/cozy-02-integration/TacticalGo/ios/Build/Intermediates.noindex/GeneratedModuleMaps-iphoneos/TacticalGoBot-Swift.h /Users/pc49-58/.codex/worktrees/cozy-02-integration/TacticalGo/ios/Build/Intermediates.noindex/TacticalGoCore.build/Debug-iphoneos/TacticalGoBot.build/Objects-normal/arm64/TacticalGoBot-Swift.h (in target 'TacticalGoBot' from project 'TacticalGoCore')
    cd /Users/pc49-58/.codex/worktrees/cozy-02-integration/TacticalGo/swift/TacticalGoCore
    builtin-swiftHeaderTool -arch arm64 /Users/pc49-58/.codex/worktrees/cozy-02-integration/TacticalGo/ios/Build/Intermediates.noindex/TacticalGoCore.build/Debug-iphoneos/TacticalGoBot.build/Objects-normal/arm64/TacticalGoBot-Swift.h -o /Users/pc49-58/.codex/worktrees/cozy-02-integration/TacticalGo/ios/Build/Intermediates.noindex/GeneratedModuleMaps-iphoneos/TacticalGoBot-Swift.h

Copy /Users/pc49-58/.codex/worktrees/cozy-02-integration/TacticalGo/ios/Build/Products/Debug-iphoneos/TacticalGoBot.swiftmodule/arm64-apple-ios.abi.json /Users/pc49-58/.codex/worktrees/cozy-02-integration/TacticalGo/ios/Build/Intermediates.noindex/TacticalGoCore.build/Debug-iphoneos/TacticalGoBot.build/Objects-normal/arm64/TacticalGoBot.abi.json (in target 'TacticalGoBot' from project 'TacticalGoCore')
    cd /Users/pc49-58/.codex/worktrees/cozy-02-integration/TacticalGo/swift/TacticalGoCore
    builtin-copy -exclude .DS_Store -exclude CVS -exclude .svn -exclude .git -exclude .hg -resolve-src-symlinks -rename /Users/pc49-58/.codex/worktrees/cozy-02-integration/TacticalGo/ios/Build/Intermediates.noindex/TacticalGoCore.build/Debug-iphoneos/TacticalGoBot.build/Objects-normal/arm64/TacticalGoBot.abi.json /Users/pc49-58/.codex/worktrees/cozy-02-integration/TacticalGo/ios/Build/Products/Debug-iphoneos/TacticalGoBot.swiftmodule/arm64-apple-ios.abi.json

Copy /Users/pc49-58/.codex/worktrees/cozy-02-integration/TacticalGo/ios/Build/Products/Debug-iphoneos/TacticalGoBot.swiftmodule/arm64-apple-ios.swiftmodule /Users/pc49-58/.codex/worktrees/cozy-02-integration/TacticalGo/ios/Build/Intermediates.noindex/TacticalGoCore.build/Debug-iphoneos/TacticalGoBot.build/Objects-normal/arm64/TacticalGoBot.swiftmodule (in target 'TacticalGoBot' from project 'TacticalGoCore')
    cd /Users/pc49-58/.codex/worktrees/cozy-02-integration/TacticalGo/swift/TacticalGoCore
    builtin-copy -exclude .DS_Store -exclude CVS -exclude .svn -exclude .git -exclude .hg -resolve-src-symlinks -rename /Users/pc49-58/.codex/worktrees/cozy-02-integration/TacticalGo/ios/Build/Intermediates.noindex/TacticalGoCore.build/Debug-iphoneos/TacticalGoBot.build/Objects-normal/arm64/TacticalGoBot.swiftmodule /Users/pc49-58/.codex/worktrees/cozy-02-integration/TacticalGo/ios/Build/Products/Debug-iphoneos/TacticalGoBot.swiftmodule/arm64-apple-ios.swiftmodule

SwiftDriverJobDiscovery normal arm64 Compiling BoardProjection.swift (in target 'TacticalGoCore' from project 'TacticalGoCore')

SwiftExplicitDependencyGeneratePcm arm64 /Users/pc49-58/.codex/worktrees/cozy-02-integration/TacticalGo/ios/MageM3DeviceBuild/ModuleCache.noindex/_Builtin_stdint-BMHD5WH689R04DZUL8L83NC28.pcm

SwiftExplicitDependencyGeneratePcm arm64 /Users/pc49-58/.codex/worktrees/cozy-02-integration/TacticalGo/ios/MageM3DeviceBuild/ModuleCache.noindex/sys_types-E52C3ES1WZU7GFY6SAY1T5OQP.pcm

SwiftExplicitDependencyGeneratePcm arm64 /Users/pc49-58/.codex/worktrees/cozy-02-integration/TacticalGo/ios/MageM3DeviceBuild/ModuleCache.noindex/_DarwinFoundation3-F051RPOO76H7LPMRVQ8NXSWL2.pcm

SwiftDriverJobDiscovery normal arm64 Compiling GameEngine.swift (in target 'TacticalGoCore' from project 'TacticalGoCore')

SwiftExplicitDependencyGeneratePcm arm64 /Users/pc49-58/.codex/worktrees/cozy-02-integration/TacticalGo/ios/MageM3DeviceBuild/ModuleCache.noindex/_Builtin_inttypes-C9U3ZVKEJCYLGQAKF74L5WJL8.pcm

SwiftExplicitDependencyGeneratePcm arm64 /Users/pc49-58/.codex/worktrees/cozy-02-integration/TacticalGo/ios/MageM3DeviceBuild/ModuleCache.noindex/Darwin-833LDL9WDQD2MF9GO4X6AR9JT.pcm

SwiftDriverJobDiscovery normal arm64 Compiling BotPlanner.swift (in target 'TacticalGoBot' from project 'TacticalGoCore')

SwiftDriver\ Compilation TacticalGoBot normal arm64 com.apple.xcode.tools.swift.compiler (in target 'TacticalGoBot' from project 'TacticalGoCore')
    cd /Users/pc49-58/.codex/worktrees/cozy-02-integration/TacticalGo/ios/TacticalGo.xcodeproj
    builtin-Swift-Compilation -- /Applications/Xcode.app/Contents/Developer/Toolchains/XcodeDefault.xctoolchain/usr/bin/swiftc -module-name TacticalGoBot -Onone @/Users/pc49-58/.codex/worktrees/cozy-02-integration/TacticalGo/ios/Build/Intermediates.noindex/TacticalGoCore.build/Debug-iphoneos/TacticalGoBot.build/Objects-normal/arm64/TacticalGoBot.SwiftFileList -DSWIFT_PACKAGE -DDEBUG -DSWIFT_MODULE_RESOURCE_BUNDLE_UNAVAILABLE -DXcode -plugin-path /Applications/Xcode.app/Contents/Developer/Toolchains/XcodeDefault.xctoolchain/usr/lib/swift/host/plugins/testing -enable-experimental-feature DebugDescriptionMacro -sdk /Applications/Xcode.app/Contents/Developer/Platforms/iPhoneOS.platform/Developer/SDKs/iPhoneOS26.5.sdk -target arm64-apple-ios12.0 -g -module-cache-path /Users/pc49-58/.codex/worktrees/cozy-02-integration/TacticalGo/ios/MageM3DeviceBuild/ModuleCache.noindex -Xfrontend -serialize-debugging-options -enable-testing -suppress-warnings -index-store-path /Users/pc49-58/.codex/worktrees/cozy-02-integration/TacticalGo/ios/MageM3DeviceBuild/Index.noindex/DataStore -Xcc -D_LIBCPP_HARDENING_MODE\=_LIBCPP_HARDENING_MODE_DEBUG -swift-version 6 -I /Users/pc49-58/.codex/worktrees/cozy-02-integration/TacticalGo/ios/Build/Products/Debug-iphoneos -Isystem /Applications/Xcode.app/Contents/Developer/Platforms/iPhoneOS.platform/Developer/usr/lib -F /Users/pc49-58/.codex/worktrees/cozy-02-integration/TacticalGo/ios/Build/Products/Debug-iphoneos/PackageFrameworks -F /Users/pc49-58/.codex/worktrees/cozy-02-integration/TacticalGo/ios/Build/Products/Debug-iphoneos -F /Applications/Xcode.app/Contents/Developer/Platforms/iPhoneOS.platform/Developer/Library/Frameworks -F /Applications/Xcode.app/Contents/Developer/Platforms/iPhoneOS.platform/Developer/SDKs/iPhoneOS26.5.sdk/Developer/Library/Frameworks -parse-as-library -c -j8 -enable-batch-mode -incremental -Xcc -ivfsstatcache -Xcc /Users/pc49-58/.codex/worktrees/cozy-02-integration/TacticalGo/ios/MageM3DeviceBuild/SDKStatCaches.noindex/iphoneos26.5-23F81a-32daed1954a7d5dd0789fcaf2a9bb78b.sdkstatcache -output-file-map /Users/pc49-58/.codex/worktrees/cozy-02-integration/TacticalGo/ios/Build/Intermediates.noindex/TacticalGoCore.build/Debug-iphoneos/TacticalGoBot.build/Objects-normal/arm64/TacticalGoBot-OutputFileMap.json -use-frontend-parseable-output -save-temps -no-color-diagnostics -explicit-module-build -module-cache-path /Users/pc49-58/.codex/worktrees/cozy-02-integration/TacticalGo/ios/Build/Intermediates.noindex/SwiftExplicitPrecompiledModules -clang-scanner-module-cache-path /Users/pc49-58/.codex/worktrees/cozy-02-integration/TacticalGo/ios/MageM3DeviceBuild/ModuleCache.noindex -sdk-module-cache-path /Users/pc49-58/.codex/worktrees/cozy-02-integration/TacticalGo/ios/MageM3DeviceBuild/ModuleCache.noindex -serialize-diagnostics -emit-dependencies -emit-module -emit-module-path /Users/pc49-58/.codex/worktrees/cozy-02-integration/TacticalGo/ios/Build/Intermediates.noindex/TacticalGoCore.build/Debug-iphoneos/TacticalGoBot.build/Objects-normal/arm64/TacticalGoBot.swiftmodule -validate-clang-modules-once -clang-build-session-file /Users/pc49-58/.codex/worktrees/cozy-02-integration/TacticalGo/ios/MageM3DeviceBuild/ModuleCache.noindex/Session.modulevalidation -package-name tacticalgocore -Xcc -I/Users/pc49-58/.codex/worktrees/cozy-02-integration/TacticalGo/ios/Build/Intermediates.noindex/TacticalGoCore.build/Debug-iphoneos/TacticalGoBot.build/swift-overrides.hmap -emit-const-values -Xfrontend -const-gather-protocols-file -Xfrontend /Users/pc49-58/.codex/worktrees/cozy-02-integration/TacticalGo/ios/Build/Intermediates.noindex/TacticalGoCore.build/Debug-iphoneos/TacticalGoBot.build/Objects-normal/arm64/TacticalGoBot_const_extract_protocols.json -Xcc -I/Users/pc49-58/.codex/worktrees/cozy-02-integration/TacticalGo/ios/Build/Products/Debug-iphoneos/include -Xcc -I/Users/pc49-58/.codex/worktrees/cozy-02-integration/TacticalGo/ios/Build/Intermediates.noindex/TacticalGoCore.build/Debug-iphoneos/TacticalGoBot.build/DerivedSources-normal/arm64 -Xcc -I/Users/pc49-58/.codex/worktrees/cozy-02-integration/TacticalGo/ios/Build/Intermediates.noindex/TacticalGoCore.build/Debug-iphoneos/TacticalGoBot.build/DerivedSources/arm64 -Xcc -I/Users/pc49-58/.codex/worktrees/cozy-02-integration/TacticalGo/ios/Build/Intermediates.noindex/TacticalGoCore.build/Debug-iphoneos/TacticalGoBot.build/DerivedSources -Xcc -DSWIFT_PACKAGE -Xcc -DDEBUG\=1 -emit-objc-header -emit-objc-header-path /Users/pc49-58/.codex/worktrees/cozy-02-integration/TacticalGo/ios/Build/Intermediates.noindex/TacticalGoCore.build/Debug-iphoneos/TacticalGoBot.build/Objects-normal/arm64/TacticalGoBot-Swift.h -working-directory /Users/pc49-58/.codex/worktrees/cozy-02-integration/TacticalGo/ios/TacticalGo.xcodeproj -experimental-emit-module-separately -disable-cmo

SwiftDriverJobDiscovery normal arm64 Compiling Model.swift (in target 'TacticalGoCore' from project 'TacticalGoCore')

SwiftDriver\ Compilation TacticalGoCore normal arm64 com.apple.xcode.tools.swift.compiler (in target 'TacticalGoCore' from project 'TacticalGoCore')
    cd /Users/pc49-58/.codex/worktrees/cozy-02-integration/TacticalGo/ios/TacticalGo.xcodeproj
    builtin-Swift-Compilation -- /Applications/Xcode.app/Contents/Developer/Toolchains/XcodeDefault.xctoolchain/usr/bin/swiftc -module-name TacticalGoCore -Onone @/Users/pc49-58/.codex/worktrees/cozy-02-integration/TacticalGo/ios/Build/Intermediates.noindex/TacticalGoCore.build/Debug-iphoneos/TacticalGoCore.build/Objects-normal/arm64/TacticalGoCore.SwiftFileList -DSWIFT_PACKAGE -DDEBUG -DSWIFT_MODULE_RESOURCE_BUNDLE_UNAVAILABLE -DXcode -plugin-path /Applications/Xcode.app/Contents/Developer/Toolchains/XcodeDefault.xctoolchain/usr/lib/swift/host/plugins/testing -enable-experimental-feature DebugDescriptionMacro -sdk /Applications/Xcode.app/Contents/Developer/Platforms/iPhoneOS.platform/Developer/SDKs/iPhoneOS26.5.sdk -target arm64-apple-ios12.0 -g -module-cache-path /Users/pc49-58/.codex/worktrees/cozy-02-integration/TacticalGo/ios/MageM3DeviceBuild/ModuleCache.noindex -Xfrontend -serialize-debugging-options -enable-testing -suppress-warnings -index-store-path /Users/pc49-58/.codex/worktrees/cozy-02-integration/TacticalGo/ios/MageM3DeviceBuild/Index.noindex/DataStore -Xcc -D_LIBCPP_HARDENING_MODE\=_LIBCPP_HARDENING_MODE_DEBUG -swift-version 6 -I /Users/pc49-58/.codex/worktrees/cozy-02-integration/TacticalGo/ios/Build/Products/Debug-iphoneos -Isystem /Applications/Xcode.app/Contents/Developer/Platforms/iPhoneOS.platform/Developer/usr/lib -F /Users/pc49-58/.codex/worktrees/cozy-02-integration/TacticalGo/ios/Build/Products/Debug-iphoneos -F /Applications/Xcode.app/Contents/Developer/Platforms/iPhoneOS.platform/Developer/Library/Frameworks -F /Applications/Xcode.app/Contents/Developer/Platforms/iPhoneOS.platform/Developer/SDKs/iPhoneOS26.5.sdk/Developer/Library/Frameworks -c -j8 -enable-batch-mode -incremental -Xcc -ivfsstatcache -Xcc /Users/pc49-58/.codex/worktrees/cozy-02-integration/TacticalGo/ios/MageM3DeviceBuild/SDKStatCaches.noindex/iphoneos26.5-23F81a-32daed1954a7d5dd0789fcaf2a9bb78b.sdkstatcache -output-file-map /Users/pc49-58/.codex/worktrees/cozy-02-integration/TacticalGo/ios/Build/Intermediates.noindex/TacticalGoCore.build/Debug-iphoneos/TacticalGoCore.build/Objects-normal/arm64/TacticalGoCore-OutputFileMap.json -use-frontend-parseable-output -save-temps -no-color-diagnostics -explicit-module-build -module-cache-path /Users/pc49-58/.codex/worktrees/cozy-02-integration/TacticalGo/ios/Build/Intermediates.noindex/SwiftExplicitPrecompiledModules -clang-scanner-module-cache-path /Users/pc49-58/.codex/worktrees/cozy-02-integration/TacticalGo/ios/MageM3DeviceBuild/ModuleCache.noindex -sdk-module-cache-path /Users/pc49-58/.codex/worktrees/cozy-02-integration/TacticalGo/ios/MageM3DeviceBuild/ModuleCache.noindex -serialize-diagnostics -emit-dependencies -emit-module -emit-module-path /Users/pc49-58/.codex/worktrees/cozy-02-integration/TacticalGo/ios/Build/Intermediates.noindex/TacticalGoCore.build/Debug-iphoneos/TacticalGoCore.build/Objects-normal/arm64/TacticalGoCore.swiftmodule -validate-clang-modules-once -clang-build-session-file /Users/pc49-58/.codex/worktrees/cozy-02-integration/TacticalGo/ios/MageM3DeviceBuild/ModuleCache.noindex/Session.modulevalidation -package-name tacticalgocore -Xcc -I/Users/pc49-58/.codex/worktrees/cozy-02-integration/TacticalGo/ios/Build/Intermediates.noindex/TacticalGoCore.build/Debug-iphoneos/TacticalGoCore.build/swift-overrides.hmap -emit-const-values -Xfrontend -const-gather-protocols-file -Xfrontend /Users/pc49-58/.codex/worktrees/cozy-02-integration/TacticalGo/ios/Build/Intermediates.noindex/TacticalGoCore.build/Debug-iphoneos/TacticalGoCore.build/Objects-normal/arm64/TacticalGoCore_const_extract_protocols.json -Xcc -I/Users/pc49-58/.codex/worktrees/cozy-02-integration/TacticalGo/ios/Build/Products/Debug-iphoneos/include -Xcc -I/Users/pc49-58/.codex/worktrees/cozy-02-integration/TacticalGo/ios/Build/Intermediates.noindex/TacticalGoCore.build/Debug-iphoneos/TacticalGoCore.build/DerivedSources-normal/arm64 -Xcc -I/Users/pc49-58/.codex/worktrees/cozy-02-integration/TacticalGo/ios/Build/Intermediates.noindex/TacticalGoCore.build/Debug-iphoneos/TacticalGoCore.build/DerivedSources/arm64 -Xcc -I/Users/pc49-58/.codex/worktrees/cozy-02-integration/TacticalGo/ios/Build/Intermediates.noindex/TacticalGoCore.build/Debug-iphoneos/TacticalGoCore.build/DerivedSources -Xcc -DSWIFT_PACKAGE -Xcc -DDEBUG\=1 -emit-objc-header -emit-objc-header-path /Users/pc49-58/.codex/worktrees/cozy-02-integration/TacticalGo/ios/Build/Intermediates.noindex/TacticalGoCore.build/Debug-iphoneos/TacticalGoCore.build/Objects-normal/arm64/TacticalGoCore-Swift.h -working-directory /Users/pc49-58/.codex/worktrees/cozy-02-integration/TacticalGo/ios/TacticalGo.xcodeproj -experimental-emit-module-separately -disable-cmo

Ld /Users/pc49-58/.codex/worktrees/cozy-02-integration/TacticalGo/ios/Build/Products/Debug-iphoneos/TacticalGoCore.o normal (in target 'TacticalGoCore' from project 'TacticalGoCore')
    cd /Users/pc49-58/.codex/worktrees/cozy-02-integration/TacticalGo/swift/TacticalGoCore
    /Applications/Xcode.app/Contents/Developer/Toolchains/XcodeDefault.xctoolchain/usr/bin/clang -Xlinker -reproducible -target arm64-apple-ios12.0 -r -isysroot /Applications/Xcode.app/Contents/Developer/Platforms/iPhoneOS.platform/Developer/SDKs/iPhoneOS26.5.sdk -O0 -w -F/Users/pc49-58/.codex/worktrees/cozy-02-integration/TacticalGo/ios/Build/Intermediates.noindex/EagerLinkingTBDs/Debug-iphoneos -F/Users/pc49-58/.codex/worktrees/cozy-02-integration/TacticalGo/ios/Build/Products/Debug-iphoneos -iframework /Applications/Xcode.app/Contents/Developer/Platforms/iPhoneOS.platform/Developer/Library/Frameworks -iframework /Applications/Xcode.app/Contents/Developer/Platforms/iPhoneOS.platform/Developer/SDKs/iPhoneOS26.5.sdk/Developer/Library/Frameworks -filelist /Users/pc49-58/.codex/worktrees/cozy-02-integration/TacticalGo/ios/Build/Intermediates.noindex/TacticalGoCore.build/Debug-iphoneos/TacticalGoCore.build/Objects-normal/arm64/TacticalGoCore.LinkFileList -nostdlib -Xlinker -object_path_lto -Xlinker /Users/pc49-58/.codex/worktrees/cozy-02-integration/TacticalGo/ios/Build/Intermediates.noindex/TacticalGoCore.build/Debug-iphoneos/TacticalGoCore.build/Objects-normal/arm64/TacticalGoCore_lto.o -Xlinker -no_deduplicate -Xlinker -dependency_info -Xlinker /Users/pc49-58/.codex/worktrees/cozy-02-integration/TacticalGo/ios/Build/Intermediates.noindex/TacticalGoCore.build/Debug-iphoneos/TacticalGoCore.build/Objects-normal/arm64/TacticalGoCore_dependency_info.dat -fobjc-link-runtime -L/Applications/Xcode.app/Contents/Developer/Toolchains/XcodeDefault.xctoolchain/usr/lib/swift/iphoneos -L/usr/lib/swift -Xlinker -add_ast_path -Xlinker /Users/pc49-58/.codex/worktrees/cozy-02-integration/TacticalGo/ios/Build/Intermediates.noindex/TacticalGoCore.build/Debug-iphoneos/TacticalGoCore.build/Objects-normal/arm64/TacticalGoCore.swiftmodule @/Users/pc49-58/.codex/worktrees/cozy-02-integration/TacticalGo/ios/Build/Intermediates.noindex/TacticalGoCore.build/Debug-iphoneos/TacticalGoCore.build/Objects-normal/arm64/TacticalGoCore-linker-args.resp -o /Users/pc49-58/.codex/worktrees/cozy-02-integration/TacticalGo/ios/Build/Products/Debug-iphoneos/TacticalGoCore.o

SwiftExplicitDependencyGeneratePcm arm64 /Users/pc49-58/.codex/worktrees/cozy-02-integration/TacticalGo/ios/MageM3DeviceBuild/ModuleCache.noindex/ObjectiveC-3CNWBTFPYF38RMAW7E6PP33J3.pcm

ExtractAppIntentsMetadata (in target 'TacticalGoCore' from project 'TacticalGoCore')
    cd /Users/pc49-58/.codex/worktrees/cozy-02-integration/TacticalGo/swift/TacticalGoCore
    /Applications/Xcode.app/Contents/Developer/Toolchains/XcodeDefault.xctoolchain/usr/bin/appintentsmetadataprocessor --toolchain-dir /Applications/Xcode.app/Contents/Developer/Toolchains/XcodeDefault.xctoolchain --module-name TacticalGoCore --sdk-root /Applications/Xcode.app/Contents/Developer/Platforms/iPhoneOS.platform/Developer/SDKs/iPhoneOS26.5.sdk --xcode-version 17F113 --platform-family iOS --deployment-target 12.0 --bundle-identifier com.tacticalgo.prototype.magem3 --output /Users/pc49-58/.codex/worktrees/cozy-02-integration/TacticalGo/ios/Build/Products/Debug-iphoneos/TacticalGoCore.appintents --target-triple arm64-apple-ios12.0 --binary-file /Users/pc49-58/.codex/worktrees/cozy-02-integration/TacticalGo/ios/Build/Products/Debug-iphoneos/TacticalGoCore.o --dependency-file /Users/pc49-58/.codex/worktrees/cozy-02-integration/TacticalGo/ios/Build/Intermediates.noindex/TacticalGoCore.build/Debug-iphoneos/TacticalGoCore.build/Objects-normal/arm64/TacticalGoCore_dependency_info.dat --stringsdata-file /Users/pc49-58/.codex/worktrees/cozy-02-integration/TacticalGo/ios/Build/Intermediates.noindex/TacticalGoCore.build/Debug-iphoneos/TacticalGoCore.build/Objects-normal/arm64/ExtractedAppShortcutsMetadata.stringsdata --source-file-list /Users/pc49-58/.codex/worktrees/cozy-02-integration/TacticalGo/ios/Build/Intermediates.noindex/TacticalGoCore.build/Debug-iphoneos/TacticalGoCore.build/Objects-normal/arm64/TacticalGoCore.SwiftFileList --metadata-file-list /Users/pc49-58/.codex/worktrees/cozy-02-integration/TacticalGo/ios/Build/Intermediates.noindex/TacticalGoCore.build/Debug-iphoneos/TacticalGoCore.build/TacticalGoCore.DependencyMetadataFileList --static-metadata-file-list /Users/pc49-58/.codex/worktrees/cozy-02-integration/TacticalGo/ios/Build/Intermediates.noindex/TacticalGoCore.build/Debug-iphoneos/TacticalGoCore.build/TacticalGoCore.DependencyStaticMetadataFileList --swift-const-vals-list /Users/pc49-58/.codex/worktrees/cozy-02-integration/TacticalGo/ios/Build/Intermediates.noindex/TacticalGoCore.build/Debug-iphoneos/TacticalGoCore.build/Objects-normal/arm64/TacticalGoCore.SwiftConstValuesFileList --force --compile-time-extraction --deployment-aware-processing --validate-assistant-intents --no-app-shortcuts-localization
2026-10-10 16:17:02.026 appintentsmetadataprocessor[375:1254132] Starting appintentsmetadataprocessor export
2026-10-10 16:17:02.052 appintentsmetadataprocessor[375:1254132] Extracted no relevant App Intents symbols, skipping writing output

SwiftExplicitDependencyGeneratePcm arm64 /Users/pc49-58/.codex/worktrees/cozy-02-integration/TacticalGo/ios/MageM3DeviceBuild/ModuleCache.noindex/os_object-EM3VFIBR3V3QRXCSRZKFB862E.pcm

RegisterExecutionPolicyException /Users/pc49-58/.codex/worktrees/cozy-02-integration/TacticalGo/ios/Build/Products/Debug-iphoneos/TacticalGoCore.o (in target 'TacticalGoCore' from project 'TacticalGoCore')
    cd /Users/pc49-58/.codex/worktrees/cozy-02-integration/TacticalGo/swift/TacticalGoCore
    builtin-RegisterExecutionPolicyException /Users/pc49-58/.codex/worktrees/cozy-02-integration/TacticalGo/ios/Build/Products/Debug-iphoneos/TacticalGoCore.o

Ld /Users/pc49-58/.codex/worktrees/cozy-02-integration/TacticalGo/ios/Build/Products/Debug-iphoneos/TacticalGoBot.o normal (in target 'TacticalGoBot' from project 'TacticalGoCore')
    cd /Users/pc49-58/.codex/worktrees/cozy-02-integration/TacticalGo/swift/TacticalGoCore
    /Applications/Xcode.app/Contents/Developer/Toolchains/XcodeDefault.xctoolchain/usr/bin/clang -Xlinker -reproducible -target arm64-apple-ios12.0 -r -isysroot /Applications/Xcode.app/Contents/Developer/Platforms/iPhoneOS.platform/Developer/SDKs/iPhoneOS26.5.sdk -O0 -w -F/Users/pc49-58/.codex/worktrees/cozy-02-integration/TacticalGo/ios/Build/Intermediates.noindex/EagerLinkingTBDs/Debug-iphoneos -F/Users/pc49-58/.codex/worktrees/cozy-02-integration/TacticalGo/ios/Build/Products/Debug-iphoneos/PackageFrameworks -F/Users/pc49-58/.codex/worktrees/cozy-02-integration/TacticalGo/ios/Build/Products/Debug-iphoneos -iframework /Applications/Xcode.app/Contents/Developer/Platforms/iPhoneOS.platform/Developer/Library/Frameworks -iframework /Applications/Xcode.app/Contents/Developer/Platforms/iPhoneOS.platform/Developer/SDKs/iPhoneOS26.5.sdk/Developer/Library/Frameworks -filelist /Users/pc49-58/.codex/worktrees/cozy-02-integration/TacticalGo/ios/Build/Intermediates.noindex/TacticalGoCore.build/Debug-iphoneos/TacticalGoBot.build/Objects-normal/arm64/TacticalGoBot.LinkFileList -nostdlib -Xlinker -object_path_lto -Xlinker /Users/pc49-58/.codex/worktrees/cozy-02-integration/TacticalGo/ios/Build/Intermediates.noindex/TacticalGoCore.build/Debug-iphoneos/TacticalGoBot.build/Objects-normal/arm64/TacticalGoBot_lto.o -Xlinker -no_deduplicate -Xlinker -dependency_info -Xlinker /Users/pc49-58/.codex/worktrees/cozy-02-integration/TacticalGo/ios/Build/Intermediates.noindex/TacticalGoCore.build/Debug-iphoneos/TacticalGoBot.build/Objects-normal/arm64/TacticalGoBot_dependency_info.dat -fobjc-link-runtime -L/Applications/Xcode.app/Contents/Developer/Toolchains/XcodeDefault.xctoolchain/usr/lib/swift/iphoneos -L/usr/lib/swift -Xlinker -add_ast_path -Xlinker /Users/pc49-58/.codex/worktrees/cozy-02-integration/TacticalGo/ios/Build/Intermediates.noindex/TacticalGoCore.build/Debug-iphoneos/TacticalGoBot.build/Objects-normal/arm64/TacticalGoBot.swiftmodule @/Users/pc49-58/.codex/worktrees/cozy-02-integration/TacticalGo/ios/Build/Intermediates.noindex/TacticalGoCore.build/Debug-iphoneos/TacticalGoBot.build/Objects-normal/arm64/TacticalGoBot-linker-args.resp -o /Users/pc49-58/.codex/worktrees/cozy-02-integration/TacticalGo/ios/Build/Products/Debug-iphoneos/TacticalGoBot.o

SwiftExplicitDependencyGeneratePcm arm64 /Users/pc49-58/.codex/worktrees/cozy-02-integration/TacticalGo/ios/MageM3DeviceBuild/ModuleCache.noindex/os_workgroup-AV4NKNL5L2ZBFJCV2OXBOG8DQ.pcm

ExtractAppIntentsMetadata (in target 'TacticalGoBot' from project 'TacticalGoCore')
    cd /Users/pc49-58/.codex/worktrees/cozy-02-integration/TacticalGo/swift/TacticalGoCore
    /Applications/Xcode.app/Contents/Developer/Toolchains/XcodeDefault.xctoolchain/usr/bin/appintentsmetadataprocessor --toolchain-dir /Applications/Xcode.app/Contents/Developer/Toolchains/XcodeDefault.xctoolchain --module-name TacticalGoBot --sdk-root /Applications/Xcode.app/Contents/Developer/Platforms/iPhoneOS.platform/Developer/SDKs/iPhoneOS26.5.sdk --xcode-version 17F113 --platform-family iOS --deployment-target 12.0 --bundle-identifier com.tacticalgo.prototype.magem3 --output /Users/pc49-58/.codex/worktrees/cozy-02-integration/TacticalGo/ios/Build/Products/Debug-iphoneos/TacticalGoBot.appintents --target-triple arm64-apple-ios12.0 --binary-file /Users/pc49-58/.codex/worktrees/cozy-02-integration/TacticalGo/ios/Build/Products/Debug-iphoneos/TacticalGoBot.o --dependency-file /Users/pc49-58/.codex/worktrees/cozy-02-integration/TacticalGo/ios/Build/Intermediates.noindex/TacticalGoCore.build/Debug-iphoneos/TacticalGoBot.build/Objects-normal/arm64/TacticalGoBot_dependency_info.dat --stringsdata-file /Users/pc49-58/.codex/worktrees/cozy-02-integration/TacticalGo/ios/Build/Intermediates.noindex/TacticalGoCore.build/Debug-iphoneos/TacticalGoBot.build/Objects-normal/arm64/ExtractedAppShortcutsMetadata.stringsdata --source-file-list /Users/pc49-58/.codex/worktrees/cozy-02-integration/TacticalGo/ios/Build/Intermediates.noindex/TacticalGoCore.build/Debug-iphoneos/TacticalGoBot.build/Objects-normal/arm64/TacticalGoBot.SwiftFileList --metadata-file-list /Users/pc49-58/.codex/worktrees/cozy-02-integration/TacticalGo/ios/Build/Intermediates.noindex/TacticalGoCore.build/Debug-iphoneos/TacticalGoBot.build/TacticalGoBot.DependencyMetadataFileList --static-metadata-file-list /Users/pc49-58/.codex/worktrees/cozy-02-integration/TacticalGo/ios/Build/Intermediates.noindex/TacticalGoCore.build/Debug-iphoneos/TacticalGoBot.build/TacticalGoBot.DependencyStaticMetadataFileList --swift-const-vals-list /Users/pc49-58/.codex/worktrees/cozy-02-integration/TacticalGo/ios/Build/Intermediates.noindex/TacticalGoCore.build/Debug-iphoneos/TacticalGoBot.build/Objects-normal/arm64/TacticalGoBot.SwiftConstValuesFileList --force --compile-time-extraction --deployment-aware-processing --validate-assistant-intents --no-app-shortcuts-localization
2026-10-10 16:17:02.107 appintentsmetadataprocessor[380:1254150] Starting appintentsmetadataprocessor export
2026-10-10 16:17:02.113 appintentsmetadataprocessor[380:1254150] Extracted no relevant App Intents symbols, skipping writing output

RegisterExecutionPolicyException /Users/pc49-58/.codex/worktrees/cozy-02-integration/TacticalGo/ios/Build/Products/Debug-iphoneos/TacticalGoBot.o (in target 'TacticalGoBot' from project 'TacticalGoCore')
    cd /Users/pc49-58/.codex/worktrees/cozy-02-integration/TacticalGo/swift/TacticalGoCore
    builtin-RegisterExecutionPolicyException /Users/pc49-58/.codex/worktrees/cozy-02-integration/TacticalGo/ios/Build/Products/Debug-iphoneos/TacticalGoBot.o

SwiftExplicitDependencyGeneratePcm arm64 /Users/pc49-58/.codex/worktrees/cozy-02-integration/TacticalGo/ios/MageM3DeviceBuild/ModuleCache.noindex/Dispatch-79ZTXJIR6HBKDAWOCUR86IEFQ.pcm

SwiftExplicitDependencyGeneratePcm arm64 /Users/pc49-58/.codex/worktrees/cozy-02-integration/TacticalGo/ios/MageM3DeviceBuild/ModuleCache.noindex/CoreFoundation-68DS4OZ7SUSMUEMP3FFXRGD4W.pcm

SwiftExplicitDependencyGeneratePcm arm64 /Users/pc49-58/.codex/worktrees/cozy-02-integration/TacticalGo/ios/MageM3DeviceBuild/ModuleCache.noindex/XPC-DN4FVMDBYGOGL9GK0P55K5G6Y.pcm

SwiftExplicitDependencyGeneratePcm arm64 /Users/pc49-58/.codex/worktrees/cozy-02-integration/TacticalGo/ios/MageM3DeviceBuild/ModuleCache.noindex/CFNetwork-7O0ZYJZBCBG2F2456SPAWJOX9.pcm

SwiftExplicitDependencyGeneratePcm arm64 /Users/pc49-58/.codex/worktrees/cozy-02-integration/TacticalGo/ios/MageM3DeviceBuild/ModuleCache.noindex/Security-AU2OOM1YU141KBFXXUN7XHFXD.pcm

SwiftExplicitDependencyGeneratePcm arm64 /Users/pc49-58/.codex/worktrees/cozy-02-integration/TacticalGo/ios/MageM3DeviceBuild/ModuleCache.noindex/Foundation-1DX5JAUHCD22YAF7TSV9QQQ8V.pcm

SwiftEmitModule normal arm64 Emitting\ module\ for\ TacticalGoRecords (in target 'TacticalGoRecords' from project 'TacticalGoCore')

SwiftCompile normal arm64 /Users/pc49-58/.codex/worktrees/cozy-02-integration/TacticalGo/swift/TacticalGoCore/Sources/TacticalGoRecords/MatchRecord.swift (in target 'TacticalGoRecords' from project 'TacticalGoCore')
    cd /Users/pc49-58/.codex/worktrees/cozy-02-integration/TacticalGo/ios/TacticalGo.xcodeproj
    

SwiftCompile normal arm64 Compiling\ MatchRecord.swift /Users/pc49-58/.codex/worktrees/cozy-02-integration/TacticalGo/swift/TacticalGoCore/Sources/TacticalGoRecords/MatchRecord.swift (in target 'TacticalGoRecords' from project 'TacticalGoCore')
SwiftCompile normal arm64 /Users/pc49-58/.codex/worktrees/cozy-02-integration/TacticalGo/swift/TacticalGoCore/Sources/TacticalGoRecords/MatchRecord.swift (in target 'TacticalGoRecords' from project 'TacticalGoCore')
    cd /Users/pc49-58/.codex/worktrees/cozy-02-integration/TacticalGo/ios/TacticalGo.xcodeproj
    

SwiftEmitModule normal arm64 Emitting\ module\ for\ TacticalGoMotion (in target 'TacticalGoMotion' from project 'TacticalGoCore')

EmitSwiftModule normal arm64 (in target 'TacticalGoMotion' from project 'TacticalGoCore')
    cd /Users/pc49-58/.codex/worktrees/cozy-02-integration/TacticalGo/ios/TacticalGo.xcodeproj
    

SwiftCompile normal arm64 Compiling\ MatchExamples.swift /Users/pc49-58/.codex/worktrees/cozy-02-integration/TacticalGo/swift/TacticalGoCore/Sources/TacticalGoMotion/MatchExamples.swift (in target 'TacticalGoMotion' from project 'TacticalGoCore')

SwiftCompile normal arm64 /Users/pc49-58/.codex/worktrees/cozy-02-integration/TacticalGo/swift/TacticalGoCore/Sources/TacticalGoMotion/MatchExamples.swift (in target 'TacticalGoMotion' from project 'TacticalGoCore')
    cd /Users/pc49-58/.codex/worktrees/cozy-02-integration/TacticalGo/ios/TacticalGo.xcodeproj
    

SwiftCompile normal arm64 Compiling\ MotionPlan.swift /Users/pc49-58/.codex/worktrees/cozy-02-integration/TacticalGo/swift/TacticalGoCore/Sources/TacticalGoMotion/MotionPlan.swift (in target 'TacticalGoMotion' from project 'TacticalGoCore')

SwiftCompile normal arm64 /Users/pc49-58/.codex/worktrees/cozy-02-integration/TacticalGo/swift/TacticalGoCore/Sources/TacticalGoMotion/MotionPlan.swift (in target 'TacticalGoMotion' from project 'TacticalGoCore')
    cd /Users/pc49-58/.codex/worktrees/cozy-02-integration/TacticalGo/ios/TacticalGo.xcodeproj
    

SwiftCompile normal arm64 Compiling\ MotionExamples.swift /Users/pc49-58/.codex/worktrees/cozy-02-integration/TacticalGo/swift/TacticalGoCore/Sources/TacticalGoMotion/MotionExamples.swift (in target 'TacticalGoMotion' from project 'TacticalGoCore')

SwiftCompile normal arm64 /Users/pc49-58/.codex/worktrees/cozy-02-integration/TacticalGo/swift/TacticalGoCore/Sources/TacticalGoMotion/MotionExamples.swift (in target 'TacticalGoMotion' from project 'TacticalGoCore')
    cd /Users/pc49-58/.codex/worktrees/cozy-02-integration/TacticalGo/ios/TacticalGo.xcodeproj
    

SwiftEmitModule normal arm64 Emitting\ module\ for\ TacticalGoVisuals (in target 'TacticalGoVisuals' from project 'TacticalGoCore')

EmitSwiftModule normal arm64 (in target 'TacticalGoVisuals' from project 'TacticalGoCore')
    cd /Users/pc49-58/.codex/worktrees/cozy-02-integration/TacticalGo/ios/TacticalGo.xcodeproj
    

SwiftCompile normal arm64 Compiling\ MagePerformance.swift /Users/pc49-58/.codex/worktrees/cozy-02-integration/TacticalGo/swift/TacticalGoCore/Sources/TacticalGoMotion/MagePerformance.swift (in target 'TacticalGoMotion' from project 'TacticalGoCore')

SwiftCompile normal arm64 /Users/pc49-58/.codex/worktrees/cozy-02-integration/TacticalGo/swift/TacticalGoCore/Sources/TacticalGoMotion/MagePerformance.swift (in target 'TacticalGoMotion' from project 'TacticalGoCore')
    cd /Users/pc49-58/.codex/worktrees/cozy-02-integration/TacticalGo/ios/TacticalGo.xcodeproj
    

SwiftEmitModule normal arm64 Emitting\ module\ for\ TacticalGoOnboarding (in target 'TacticalGoOnboarding' from project 'TacticalGoCore')

EmitSwiftModule normal arm64 (in target 'TacticalGoOnboarding' from project 'TacticalGoCore')
    cd /Users/pc49-58/.codex/worktrees/cozy-02-integration/TacticalGo/ios/TacticalGo.xcodeproj
    

SwiftDriverJobDiscovery normal arm64 Emitting module for TacticalGoVisuals (in target 'TacticalGoVisuals' from project 'TacticalGoCore')

SwiftDriver\ Compilation\ Requirements TacticalGoVisuals normal arm64 com.apple.xcode.tools.swift.compiler (in target 'TacticalGoVisuals' from project 'TacticalGoCore')
    cd /Users/pc49-58/.codex/worktrees/cozy-02-integration/TacticalGo/ios/TacticalGo.xcodeproj
    builtin-Swift-Compilation-Requirements -- /Applications/Xcode.app/Contents/Developer/Toolchains/XcodeDefault.xctoolchain/usr/bin/swiftc -module-name TacticalGoVisuals -Onone @/Users/pc49-58/.codex/worktrees/cozy-02-integration/TacticalGo/ios/Build/Intermediates.noindex/TacticalGoCore.build/Debug-iphoneos/TacticalGoVisuals.build/Objects-normal/arm64/TacticalGoVisuals.SwiftFileList -DSWIFT_PACKAGE -DDEBUG -DSWIFT_MODULE_RESOURCE_BUNDLE_UNAVAILABLE -DXcode -plugin-path /Applications/Xcode.app/Contents/Developer/Toolchains/XcodeDefault.xctoolchain/usr/lib/swift/host/plugins/testing -enable-experimental-feature DebugDescriptionMacro -sdk /Applications/Xcode.app/Contents/Developer/Platforms/iPhoneOS.platform/Developer/SDKs/iPhoneOS26.5.sdk -target arm64-apple-ios12.0 -g -module-cache-path /Users/pc49-58/.codex/worktrees/cozy-02-integration/TacticalGo/ios/MageM3DeviceBuild/ModuleCache.noindex -Xfrontend -serialize-debugging-options -enable-testing -suppress-warnings -index-store-path /Users/pc49-58/.codex/worktrees/cozy-02-integration/TacticalGo/ios/MageM3DeviceBuild/Index.noindex/DataStore -Xcc -D_LIBCPP_HARDENING_MODE\=_LIBCPP_HARDENING_MODE_DEBUG -swift-version 6 -I /Users/pc49-58/.codex/worktrees/cozy-02-integration/TacticalGo/ios/Build/Products/Debug-iphoneos -Isystem /Applications/Xcode.app/Contents/Developer/Platforms/iPhoneOS.platform/Developer/usr/lib -F /Users/pc49-58/.codex/worktrees/cozy-02-integration/TacticalGo/ios/Build/Products/Debug-iphoneos -F /Applications/Xcode.app/Contents/Developer/Platforms/iPhoneOS.platform/Developer/Library/Frameworks -F /Applications/Xcode.app/Contents/Developer/Platforms/iPhoneOS.platform/Developer/SDKs/iPhoneOS26.5.sdk/Developer/Library/Frameworks -c -j8 -enable-batch-mode -incremental -Xcc -ivfsstatcache -Xcc /Users/pc49-58/.codex/worktrees/cozy-02-integration/TacticalGo/ios/MageM3DeviceBuild/SDKStatCaches.noindex/iphoneos26.5-23F81a-32daed1954a7d5dd0789fcaf2a9bb78b.sdkstatcache -output-file-map /Users/pc49-58/.codex/worktrees/cozy-02-integration/TacticalGo/ios/Build/Intermediates.noindex/TacticalGoCore.build/Debug-iphoneos/TacticalGoVisuals.build/Objects-normal/arm64/TacticalGoVisuals-OutputFileMap.json -use-frontend-parseable-output -save-temps -no-color-diagnostics -explicit-module-build -module-cache-path /Users/pc49-58/.codex/worktrees/cozy-02-integration/TacticalGo/ios/Build/Intermediates.noindex/SwiftExplicitPrecompiledModules -clang-scanner-module-cache-path /Users/pc49-58/.codex/worktrees/cozy-02-integration/TacticalGo/ios/MageM3DeviceBuild/ModuleCache.noindex -sdk-module-cache-path /Users/pc49-58/.codex/worktrees/cozy-02-integration/TacticalGo/ios/MageM3DeviceBuild/ModuleCache.noindex -serialize-diagnostics -emit-dependencies -emit-module -emit-module-path /Users/pc49-58/.codex/worktrees/cozy-02-integration/TacticalGo/ios/Build/Intermediates.noindex/TacticalGoCore.build/Debug-iphoneos/TacticalGoVisuals.build/Objects-normal/arm64/TacticalGoVisuals.swiftmodule -validate-clang-modules-once -clang-build-session-file /Users/pc49-58/.codex/worktrees/cozy-02-integration/TacticalGo/ios/MageM3DeviceBuild/ModuleCache.noindex/Session.modulevalidation -package-name tacticalgocore -Xcc -I/Users/pc49-58/.codex/worktrees/cozy-02-integration/TacticalGo/ios/Build/Intermediates.noindex/TacticalGoCore.build/Debug-iphoneos/TacticalGoVisuals.build/swift-overrides.hmap -emit-const-values -Xfrontend -const-gather-protocols-file -Xfrontend /Users/pc49-58/.codex/worktrees/cozy-02-integration/TacticalGo/ios/Build/Intermediates.noindex/TacticalGoCore.build/Debug-iphoneos/TacticalGoVisuals.build/Objects-normal/arm64/TacticalGoVisuals_const_extract_protocols.json -Xcc -I/Users/pc49-58/.codex/worktrees/cozy-02-integration/TacticalGo/ios/Build/Products/Debug-iphoneos/include -Xcc -I/Users/pc49-58/.codex/worktrees/cozy-02-integration/TacticalGo/ios/Build/Intermediates.noindex/TacticalGoCore.build/Debug-iphoneos/TacticalGoVisuals.build/DerivedSources-normal/arm64 -Xcc -I/Users/pc49-58/.codex/worktrees/cozy-02-integration/TacticalGo/ios/Build/Intermediates.noindex/TacticalGoCore.build/Debug-iphoneos/TacticalGoVisuals.build/DerivedSources/arm64 -Xcc -I/Users/pc49-58/.codex/worktrees/cozy-02-integration/TacticalGo/ios/Build/Intermediates.noindex/TacticalGoCore.build/Debug-iphoneos/TacticalGoVisuals.build/DerivedSources -Xcc -DSWIFT_PACKAGE -Xcc -DDEBUG\=1 -emit-objc-header -emit-objc-header-path /Users/pc49-58/.codex/worktrees/cozy-02-integration/TacticalGo/ios/Build/Intermediates.noindex/TacticalGoCore.build/Debug-iphoneos/TacticalGoVisuals.build/Objects-normal/arm64/TacticalGoVisuals-Swift.h -working-directory /Users/pc49-58/.codex/worktrees/cozy-02-integration/TacticalGo/ios/TacticalGo.xcodeproj -experimental-emit-module-separately -disable-cmo

SwiftDriverJobDiscovery normal arm64 Compiling MatchExamples.swift (in target 'TacticalGoMotion' from project 'TacticalGoCore')

SwiftCompile normal arm64 Compiling\ Anim01Geometry.swift /Users/pc49-58/.codex/worktrees/cozy-02-integration/TacticalGo/swift/TacticalGoCore/Sources/TacticalGoVisuals/Anim01Geometry.swift (in target 'TacticalGoVisuals' from project 'TacticalGoCore')

SwiftCompile normal arm64 /Users/pc49-58/.codex/worktrees/cozy-02-integration/TacticalGo/swift/TacticalGoCore/Sources/TacticalGoVisuals/Anim01Geometry.swift (in target 'TacticalGoVisuals' from project 'TacticalGoCore')
    cd /Users/pc49-58/.codex/worktrees/cozy-02-integration/TacticalGo/ios/TacticalGo.xcodeproj
    

SwiftMergeGeneratedHeaders /Users/pc49-58/.codex/worktrees/cozy-02-integration/TacticalGo/ios/Build/Intermediates.noindex/GeneratedModuleMaps-iphoneos/TacticalGoVisuals-Swift.h /Users/pc49-58/.codex/worktrees/cozy-02-integration/TacticalGo/ios/Build/Intermediates.noindex/TacticalGoCore.build/Debug-iphoneos/TacticalGoVisuals.build/Objects-normal/arm64/TacticalGoVisuals-Swift.h (in target 'TacticalGoVisuals' from project 'TacticalGoCore')
    cd /Users/pc49-58/.codex/worktrees/cozy-02-integration/TacticalGo/swift/TacticalGoCore
    builtin-swiftHeaderTool -arch arm64 /Users/pc49-58/.codex/worktrees/cozy-02-integration/TacticalGo/ios/Build/Intermediates.noindex/TacticalGoCore.build/Debug-iphoneos/TacticalGoVisuals.build/Objects-normal/arm64/TacticalGoVisuals-Swift.h -o /Users/pc49-58/.codex/worktrees/cozy-02-integration/TacticalGo/ios/Build/Intermediates.noindex/GeneratedModuleMaps-iphoneos/TacticalGoVisuals-Swift.h

SwiftDriverJobDiscovery normal arm64 Compiling MotionExamples.swift (in target 'TacticalGoMotion' from project 'TacticalGoCore')

Copy /Users/pc49-58/.codex/worktrees/cozy-02-integration/TacticalGo/ios/Build/Products/Debug-iphoneos/TacticalGoVisuals.swiftmodule/arm64-apple-ios.swiftmodule /Users/pc49-58/.codex/worktrees/cozy-02-integration/TacticalGo/ios/Build/Intermediates.noindex/TacticalGoCore.build/Debug-iphoneos/TacticalGoVisuals.build/Objects-normal/arm64/TacticalGoVisuals.swiftmodule (in target 'TacticalGoVisuals' from project 'TacticalGoCore')
    cd /Users/pc49-58/.codex/worktrees/cozy-02-integration/TacticalGo/swift/TacticalGoCore
    builtin-copy -exclude .DS_Store -exclude CVS -exclude .svn -exclude .git -exclude .hg -resolve-src-symlinks -rename /Users/pc49-58/.codex/worktrees/cozy-02-integration/TacticalGo/ios/Build/Intermediates.noindex/TacticalGoCore.build/Debug-iphoneos/TacticalGoVisuals.build/Objects-normal/arm64/TacticalGoVisuals.swiftmodule /Users/pc49-58/.codex/worktrees/cozy-02-integration/TacticalGo/ios/Build/Products/Debug-iphoneos/TacticalGoVisuals.swiftmodule/arm64-apple-ios.swiftmodule

Copy /Users/pc49-58/.codex/worktrees/cozy-02-integration/TacticalGo/ios/Build/Products/Debug-iphoneos/TacticalGoVisuals.swiftmodule/arm64-apple-ios.abi.json /Users/pc49-58/.codex/worktrees/cozy-02-integration/TacticalGo/ios/Build/Intermediates.noindex/TacticalGoCore.build/Debug-iphoneos/TacticalGoVisuals.build/Objects-normal/arm64/TacticalGoVisuals.abi.json (in target 'TacticalGoVisuals' from project 'TacticalGoCore')
    cd /Users/pc49-58/.codex/worktrees/cozy-02-integration/TacticalGo/swift/TacticalGoCore
    builtin-copy -exclude .DS_Store -exclude CVS -exclude .svn -exclude .git -exclude .hg -resolve-src-symlinks -rename /Users/pc49-58/.codex/worktrees/cozy-02-integration/TacticalGo/ios/Build/Intermediates.noindex/TacticalGoCore.build/Debug-iphoneos/TacticalGoVisuals.build/Objects-normal/arm64/TacticalGoVisuals.abi.json /Users/pc49-58/.codex/worktrees/cozy-02-integration/TacticalGo/ios/Build/Products/Debug-iphoneos/TacticalGoVisuals.swiftmodule/arm64-apple-ios.abi.json

SwiftCompile normal arm64 Compiling\ VisualPack.swift /Users/pc49-58/.codex/worktrees/cozy-02-integration/TacticalGo/swift/TacticalGoCore/Sources/TacticalGoVisuals/VisualPack.swift (in target 'TacticalGoVisuals' from project 'TacticalGoCore')

SwiftCompile normal arm64 /Users/pc49-58/.codex/worktrees/cozy-02-integration/TacticalGo/swift/TacticalGoCore/Sources/TacticalGoVisuals/VisualPack.swift (in target 'TacticalGoVisuals' from project 'TacticalGoCore')
    cd /Users/pc49-58/.codex/worktrees/cozy-02-integration/TacticalGo/ios/TacticalGo.xcodeproj
    

SwiftDriverJobDiscovery normal arm64 Emitting module for TacticalGoRecords (in target 'TacticalGoRecords' from project 'TacticalGoCore')

SwiftCompile normal arm64 Compiling\ resource_bundle_accessor.swift /Users/pc49-58/.codex/worktrees/cozy-02-integration/TacticalGo/ios/Build/Intermediates.noindex/TacticalGoCore.build/Debug-iphoneos/TacticalGoOnboarding.build/DerivedSources/resource_bundle_accessor.swift (in target 'TacticalGoOnboarding' from project 'TacticalGoCore')

SwiftCompile normal arm64 /Users/pc49-58/.codex/worktrees/cozy-02-integration/TacticalGo/ios/Build/Intermediates.noindex/TacticalGoCore.build/Debug-iphoneos/TacticalGoOnboarding.build/DerivedSources/resource_bundle_accessor.swift (in target 'TacticalGoOnboarding' from project 'TacticalGoCore')
    cd /Users/pc49-58/.codex/worktrees/cozy-02-integration/TacticalGo/ios/TacticalGo.xcodeproj
    

SwiftDriver\ Compilation\ Requirements TacticalGoRecords normal arm64 com.apple.xcode.tools.swift.compiler (in target 'TacticalGoRecords' from project 'TacticalGoCore')
    cd /Users/pc49-58/.codex/worktrees/cozy-02-integration/TacticalGo/ios/TacticalGo.xcodeproj
    builtin-Swift-Compilation-Requirements -- /Applications/Xcode.app/Contents/Developer/Toolchains/XcodeDefault.xctoolchain/usr/bin/swiftc -module-name TacticalGoRecords -Onone @/Users/pc49-58/.codex/worktrees/cozy-02-integration/TacticalGo/ios/Build/Intermediates.noindex/TacticalGoCore.build/Debug-iphoneos/TacticalGoRecords.build/Objects-normal/arm64/TacticalGoRecords.SwiftFileList -DSWIFT_PACKAGE -DDEBUG -DSWIFT_MODULE_RESOURCE_BUNDLE_UNAVAILABLE -DXcode -plugin-path /Applications/Xcode.app/Contents/Developer/Toolchains/XcodeDefault.xctoolchain/usr/lib/swift/host/plugins/testing -enable-experimental-feature DebugDescriptionMacro -sdk /Applications/Xcode.app/Contents/Developer/Platforms/iPhoneOS.platform/Developer/SDKs/iPhoneOS26.5.sdk -target arm64-apple-ios12.0 -g -module-cache-path /Users/pc49-58/.codex/worktrees/cozy-02-integration/TacticalGo/ios/MageM3DeviceBuild/ModuleCache.noindex -Xfrontend -serialize-debugging-options -enable-testing -suppress-warnings -index-store-path /Users/pc49-58/.codex/worktrees/cozy-02-integration/TacticalGo/ios/MageM3DeviceBuild/Index.noindex/DataStore -Xcc -D_LIBCPP_HARDENING_MODE\=_LIBCPP_HARDENING_MODE_DEBUG -swift-version 6 -I /Users/pc49-58/.codex/worktrees/cozy-02-integration/TacticalGo/ios/Build/Products/Debug-iphoneos -Isystem /Applications/Xcode.app/Contents/Developer/Platforms/iPhoneOS.platform/Developer/usr/lib -F /Users/pc49-58/.codex/worktrees/cozy-02-integration/TacticalGo/ios/Build/Products/Debug-iphoneos/PackageFrameworks -F /Users/pc49-58/.codex/worktrees/cozy-02-integration/TacticalGo/ios/Build/Products/Debug-iphoneos -F /Applications/Xcode.app/Contents/Developer/Platforms/iPhoneOS.platform/Developer/Library/Frameworks -F /Applications/Xcode.app/Contents/Developer/Platforms/iPhoneOS.platform/Developer/SDKs/iPhoneOS26.5.sdk/Developer/Library/Frameworks -parse-as-library -c -j8 -enable-batch-mode -incremental -Xcc -ivfsstatcache -Xcc /Users/pc49-58/.codex/worktrees/cozy-02-integration/TacticalGo/ios/MageM3DeviceBuild/SDKStatCaches.noindex/iphoneos26.5-23F81a-32daed1954a7d5dd0789fcaf2a9bb78b.sdkstatcache -output-file-map /Users/pc49-58/.codex/worktrees/cozy-02-integration/TacticalGo/ios/Build/Intermediates.noindex/TacticalGoCore.build/Debug-iphoneos/TacticalGoRecords.build/Objects-normal/arm64/TacticalGoRecords-OutputFileMap.json -use-frontend-parseable-output -save-temps -no-color-diagnostics -explicit-module-build -module-cache-path /Users/pc49-58/.codex/worktrees/cozy-02-integration/TacticalGo/ios/Build/Intermediates.noindex/SwiftExplicitPrecompiledModules -clang-scanner-module-cache-path /Users/pc49-58/.codex/worktrees/cozy-02-integration/TacticalGo/ios/MageM3DeviceBuild/ModuleCache.noindex -sdk-module-cache-path /Users/pc49-58/.codex/worktrees/cozy-02-integration/TacticalGo/ios/MageM3DeviceBuild/ModuleCache.noindex -serialize-diagnostics -emit-dependencies -emit-module -emit-module-path /Users/pc49-58/.codex/worktrees/cozy-02-integration/TacticalGo/ios/Build/Intermediates.noindex/TacticalGoCore.build/Debug-iphoneos/TacticalGoRecords.build/Objects-normal/arm64/TacticalGoRecords.swiftmodule -validate-clang-modules-once -clang-build-session-file /Users/pc49-58/.codex/worktrees/cozy-02-integration/TacticalGo/ios/MageM3DeviceBuild/ModuleCache.noindex/Session.modulevalidation -package-name tacticalgocore -Xcc -I/Users/pc49-58/.codex/worktrees/cozy-02-integration/TacticalGo/ios/Build/Intermediates.noindex/TacticalGoCore.build/Debug-iphoneos/TacticalGoRecords.build/swift-overrides.hmap -emit-const-values -Xfrontend -const-gather-protocols-file -Xfrontend /Users/pc49-58/.codex/worktrees/cozy-02-integration/TacticalGo/ios/Build/Intermediates.noindex/TacticalGoCore.build/Debug-iphoneos/TacticalGoRecords.build/Objects-normal/arm64/TacticalGoRecords_const_extract_protocols.json -Xcc -I/Users/pc49-58/.codex/worktrees/cozy-02-integration/TacticalGo/ios/Build/Products/Debug-iphoneos/include -Xcc -I/Users/pc49-58/.codex/worktrees/cozy-02-integration/TacticalGo/ios/Build/Intermediates.noindex/TacticalGoCore.build/Debug-iphoneos/TacticalGoRecords.build/DerivedSources-normal/arm64 -Xcc -I/Users/pc49-58/.codex/worktrees/cozy-02-integration/TacticalGo/ios/Build/Intermediates.noindex/TacticalGoCore.build/Debug-iphoneos/TacticalGoRecords.build/DerivedSources/arm64 -Xcc -I/Users/pc49-58/.codex/worktrees/cozy-02-integration/TacticalGo/ios/Build/Intermediates.noindex/TacticalGoCore.build/Debug-iphoneos/TacticalGoRecords.build/DerivedSources -Xcc -DSWIFT_PACKAGE -Xcc -DDEBUG\=1 -emit-objc-header -emit-objc-header-path /Users/pc49-58/.codex/worktrees/cozy-02-integration/TacticalGo/ios/Build/Intermediates.noindex/TacticalGoCore.build/Debug-iphoneos/TacticalGoRecords.build/Objects-normal/arm64/TacticalGoRecords-Swift.h -working-directory /Users/pc49-58/.codex/worktrees/cozy-02-integration/TacticalGo/ios/TacticalGo.xcodeproj -experimental-emit-module-separately -disable-cmo

SwiftDriverJobDiscovery normal arm64 Emitting module for TacticalGoMotion (in target 'TacticalGoMotion' from project 'TacticalGoCore')

SwiftCompile normal arm64 Compiling\ Onboarding.swift /Users/pc49-58/.codex/worktrees/cozy-02-integration/TacticalGo/swift/TacticalGoCore/Sources/TacticalGoOnboarding/Onboarding.swift (in target 'TacticalGoOnboarding' from project 'TacticalGoCore')

SwiftCompile normal arm64 /Users/pc49-58/.codex/worktrees/cozy-02-integration/TacticalGo/swift/TacticalGoCore/Sources/TacticalGoOnboarding/Onboarding.swift (in target 'TacticalGoOnboarding' from project 'TacticalGoCore')
    cd /Users/pc49-58/.codex/worktrees/cozy-02-integration/TacticalGo/ios/TacticalGo.xcodeproj
    

SwiftMergeGeneratedHeaders /Users/pc49-58/.codex/worktrees/cozy-02-integration/TacticalGo/ios/Build/Intermediates.noindex/GeneratedModuleMaps-iphoneos/TacticalGoRecords-Swift.h /Users/pc49-58/.codex/worktrees/cozy-02-integration/TacticalGo/ios/Build/Intermediates.noindex/TacticalGoCore.build/Debug-iphoneos/TacticalGoRecords.build/Objects-normal/arm64/TacticalGoRecords-Swift.h (in target 'TacticalGoRecords' from project 'TacticalGoCore')
    cd /Users/pc49-58/.codex/worktrees/cozy-02-integration/TacticalGo/swift/TacticalGoCore
    builtin-swiftHeaderTool -arch arm64 /Users/pc49-58/.codex/worktrees/cozy-02-integration/TacticalGo/ios/Build/Intermediates.noindex/TacticalGoCore.build/Debug-iphoneos/TacticalGoRecords.build/Objects-normal/arm64/TacticalGoRecords-Swift.h -o /Users/pc49-58/.codex/worktrees/cozy-02-integration/TacticalGo/ios/Build/Intermediates.noindex/GeneratedModuleMaps-iphoneos/TacticalGoRecords-Swift.h

SwiftDriverJobDiscovery normal arm64 Compiling MotionPlan.swift (in target 'TacticalGoMotion' from project 'TacticalGoCore')

Copy /Users/pc49-58/.codex/worktrees/cozy-02-integration/TacticalGo/ios/Build/Products/Debug-iphoneos/TacticalGoRecords.swiftmodule/arm64-apple-ios.swiftmodule /Users/pc49-58/.codex/worktrees/cozy-02-integration/TacticalGo/ios/Build/Intermediates.noindex/TacticalGoCore.build/Debug-iphoneos/TacticalGoRecords.build/Objects-normal/arm64/TacticalGoRecords.swiftmodule (in target 'TacticalGoRecords' from project 'TacticalGoCore')
    cd /Users/pc49-58/.codex/worktrees/cozy-02-integration/TacticalGo/swift/TacticalGoCore
    builtin-copy -exclude .DS_Store -exclude CVS -exclude .svn -exclude .git -exclude .hg -resolve-src-symlinks -rename /Users/pc49-58/.codex/worktrees/cozy-02-integration/TacticalGo/ios/Build/Intermediates.noindex/TacticalGoCore.build/Debug-iphoneos/TacticalGoRecords.build/Objects-normal/arm64/TacticalGoRecords.swiftmodule /Users/pc49-58/.codex/worktrees/cozy-02-integration/TacticalGo/ios/Build/Products/Debug-iphoneos/TacticalGoRecords.swiftmodule/arm64-apple-ios.swiftmodule

Copy /Users/pc49-58/.codex/worktrees/cozy-02-integration/TacticalGo/ios/Build/Products/Debug-iphoneos/TacticalGoRecords.swiftmodule/arm64-apple-ios.abi.json /Users/pc49-58/.codex/worktrees/cozy-02-integration/TacticalGo/ios/Build/Intermediates.noindex/TacticalGoCore.build/Debug-iphoneos/TacticalGoRecords.build/Objects-normal/arm64/TacticalGoRecords.abi.json (in target 'TacticalGoRecords' from project 'TacticalGoCore')
    cd /Users/pc49-58/.codex/worktrees/cozy-02-integration/TacticalGo/swift/TacticalGoCore
    builtin-copy -exclude .DS_Store -exclude CVS -exclude .svn -exclude .git -exclude .hg -resolve-src-symlinks -rename /Users/pc49-58/.codex/worktrees/cozy-02-integration/TacticalGo/ios/Build/Intermediates.noindex/TacticalGoCore.build/Debug-iphoneos/TacticalGoRecords.build/Objects-normal/arm64/TacticalGoRecords.abi.json /Users/pc49-58/.codex/worktrees/cozy-02-integration/TacticalGo/ios/Build/Products/Debug-iphoneos/TacticalGoRecords.swiftmodule/arm64-apple-ios.abi.json

SwiftDriver\ Compilation\ Requirements TacticalGoMotion normal arm64 com.apple.xcode.tools.swift.compiler (in target 'TacticalGoMotion' from project 'TacticalGoCore')
    cd /Users/pc49-58/.codex/worktrees/cozy-02-integration/TacticalGo/ios/TacticalGo.xcodeproj
    builtin-Swift-Compilation-Requirements -- /Applications/Xcode.app/Contents/Developer/Toolchains/XcodeDefault.xctoolchain/usr/bin/swiftc -module-name TacticalGoMotion -Onone @/Users/pc49-58/.codex/worktrees/cozy-02-integration/TacticalGo/ios/Build/Intermediates.noindex/TacticalGoCore.build/Debug-iphoneos/TacticalGoMotion.build/Objects-normal/arm64/TacticalGoMotion.SwiftFileList -DSWIFT_PACKAGE -DDEBUG -DSWIFT_MODULE_RESOURCE_BUNDLE_UNAVAILABLE -DXcode -plugin-path /Applications/Xcode.app/Contents/Developer/Toolchains/XcodeDefault.xctoolchain/usr/lib/swift/host/plugins/testing -enable-experimental-feature DebugDescriptionMacro -sdk /Applications/Xcode.app/Contents/Developer/Platforms/iPhoneOS.platform/Developer/SDKs/iPhoneOS26.5.sdk -target arm64-apple-ios12.0 -g -module-cache-path /Users/pc49-58/.codex/worktrees/cozy-02-integration/TacticalGo/ios/MageM3DeviceBuild/ModuleCache.noindex -Xfrontend -serialize-debugging-options -enable-testing -suppress-warnings -index-store-path /Users/pc49-58/.codex/worktrees/cozy-02-integration/TacticalGo/ios/MageM3DeviceBuild/Index.noindex/DataStore -Xcc -D_LIBCPP_HARDENING_MODE\=_LIBCPP_HARDENING_MODE_DEBUG -swift-version 6 -I /Users/pc49-58/.codex/worktrees/cozy-02-integration/TacticalGo/ios/Build/Products/Debug-iphoneos -Isystem /Applications/Xcode.app/Contents/Developer/Platforms/iPhoneOS.platform/Developer/usr/lib -F /Users/pc49-58/.codex/worktrees/cozy-02-integration/TacticalGo/ios/Build/Products/Debug-iphoneos/PackageFrameworks -F /Users/pc49-58/.codex/worktrees/cozy-02-integration/TacticalGo/ios/Build/Products/Debug-iphoneos -F /Applications/Xcode.app/Contents/Developer/Platforms/iPhoneOS.platform/Developer/Library/Frameworks -F /Applications/Xcode.app/Contents/Developer/Platforms/iPhoneOS.platform/Developer/SDKs/iPhoneOS26.5.sdk/Developer/Library/Frameworks -c -j8 -enable-batch-mode -incremental -Xcc -ivfsstatcache -Xcc /Users/pc49-58/.codex/worktrees/cozy-02-integration/TacticalGo/ios/MageM3DeviceBuild/SDKStatCaches.noindex/iphoneos26.5-23F81a-32daed1954a7d5dd0789fcaf2a9bb78b.sdkstatcache -output-file-map /Users/pc49-58/.codex/worktrees/cozy-02-integration/TacticalGo/ios/Build/Intermediates.noindex/TacticalGoCore.build/Debug-iphoneos/TacticalGoMotion.build/Objects-normal/arm64/TacticalGoMotion-OutputFileMap.json -use-frontend-parseable-output -save-temps -no-color-diagnostics -explicit-module-build -module-cache-path /Users/pc49-58/.codex/worktrees/cozy-02-integration/TacticalGo/ios/Build/Intermediates.noindex/SwiftExplicitPrecompiledModules -clang-scanner-module-cache-path /Users/pc49-58/.codex/worktrees/cozy-02-integration/TacticalGo/ios/MageM3DeviceBuild/ModuleCache.noindex -sdk-module-cache-path /Users/pc49-58/.codex/worktrees/cozy-02-integration/TacticalGo/ios/MageM3DeviceBuild/ModuleCache.noindex -serialize-diagnostics -emit-dependencies -emit-module -emit-module-path /Users/pc49-58/.codex/worktrees/cozy-02-integration/TacticalGo/ios/Build/Intermediates.noindex/TacticalGoCore.build/Debug-iphoneos/TacticalGoMotion.build/Objects-normal/arm64/TacticalGoMotion.swiftmodule -validate-clang-modules-once -clang-build-session-file /Users/pc49-58/.codex/worktrees/cozy-02-integration/TacticalGo/ios/MageM3DeviceBuild/ModuleCache.noindex/Session.modulevalidation -package-name tacticalgocore -Xcc -I/Users/pc49-58/.codex/worktrees/cozy-02-integration/TacticalGo/ios/Build/Intermediates.noindex/TacticalGoCore.build/Debug-iphoneos/TacticalGoMotion.build/swift-overrides.hmap -emit-const-values -Xfrontend -const-gather-protocols-file -Xfrontend /Users/pc49-58/.codex/worktrees/cozy-02-integration/TacticalGo/ios/Build/Intermediates.noindex/TacticalGoCore.build/Debug-iphoneos/TacticalGoMotion.build/Objects-normal/arm64/TacticalGoMotion_const_extract_protocols.json -Xcc -I/Users/pc49-58/.codex/worktrees/cozy-02-integration/TacticalGo/ios/Build/Products/Debug-iphoneos/include -Xcc -I/Users/pc49-58/.codex/worktrees/cozy-02-integration/TacticalGo/ios/Build/Intermediates.noindex/TacticalGoCore.build/Debug-iphoneos/TacticalGoMotion.build/DerivedSources-normal/arm64 -Xcc -I/Users/pc49-58/.codex/worktrees/cozy-02-integration/TacticalGo/ios/Build/Intermediates.noindex/TacticalGoCore.build/Debug-iphoneos/TacticalGoMotion.build/DerivedSources/arm64 -Xcc -I/Users/pc49-58/.codex/worktrees/cozy-02-integration/TacticalGo/ios/Build/Intermediates.noindex/TacticalGoCore.build/Debug-iphoneos/TacticalGoMotion.build/DerivedSources -Xcc -DSWIFT_PACKAGE -Xcc -DDEBUG\=1 -emit-objc-header -emit-objc-header-path /Users/pc49-58/.codex/worktrees/cozy-02-integration/TacticalGo/ios/Build/Intermediates.noindex/TacticalGoCore.build/Debug-iphoneos/TacticalGoMotion.build/Objects-normal/arm64/TacticalGoMotion-Swift.h -working-directory /Users/pc49-58/.codex/worktrees/cozy-02-integration/TacticalGo/ios/TacticalGo.xcodeproj -experimental-emit-module-separately -disable-cmo

SwiftCompile normal arm64 Compiling\ CombatFeedbackPlan.swift,\ GroundedLegPose.swift /Users/pc49-58/.codex/worktrees/cozy-02-integration/TacticalGo/swift/TacticalGoCore/Sources/TacticalGoMotion/CombatFeedbackPlan.swift /Users/pc49-58/.codex/worktrees/cozy-02-integration/TacticalGo/swift/TacticalGoCore/Sources/TacticalGoMotion/GroundedLegPose.swift (in target 'TacticalGoMotion' from project 'TacticalGoCore')

SwiftCompile normal arm64 /Users/pc49-58/.codex/worktrees/cozy-02-integration/TacticalGo/swift/TacticalGoCore/Sources/TacticalGoMotion/CombatFeedbackPlan.swift (in target 'TacticalGoMotion' from project 'TacticalGoCore')
    cd /Users/pc49-58/.codex/worktrees/cozy-02-integration/TacticalGo/ios/TacticalGo.xcodeproj
    

SwiftCompile normal arm64 /Users/pc49-58/.codex/worktrees/cozy-02-integration/TacticalGo/swift/TacticalGoCore/Sources/TacticalGoMotion/GroundedLegPose.swift (in target 'TacticalGoMotion' from project 'TacticalGoCore')
    cd /Users/pc49-58/.codex/worktrees/cozy-02-integration/TacticalGo/ios/TacticalGo.xcodeproj
    

SwiftMergeGeneratedHeaders /Users/pc49-58/.codex/worktrees/cozy-02-integration/TacticalGo/ios/Build/Intermediates.noindex/GeneratedModuleMaps-iphoneos/TacticalGoMotion-Swift.h /Users/pc49-58/.codex/worktrees/cozy-02-integration/TacticalGo/ios/Build/Intermediates.noindex/TacticalGoCore.build/Debug-iphoneos/TacticalGoMotion.build/Objects-normal/arm64/TacticalGoMotion-Swift.h (in target 'TacticalGoMotion' from project 'TacticalGoCore')
    cd /Users/pc49-58/.codex/worktrees/cozy-02-integration/TacticalGo/swift/TacticalGoCore
    builtin-swiftHeaderTool -arch arm64 /Users/pc49-58/.codex/worktrees/cozy-02-integration/TacticalGo/ios/Build/Intermediates.noindex/TacticalGoCore.build/Debug-iphoneos/TacticalGoMotion.build/Objects-normal/arm64/TacticalGoMotion-Swift.h -o /Users/pc49-58/.codex/worktrees/cozy-02-integration/TacticalGo/ios/Build/Intermediates.noindex/GeneratedModuleMaps-iphoneos/TacticalGoMotion-Swift.h

SwiftDriverJobDiscovery normal arm64 Compiling Anim01Geometry.swift (in target 'TacticalGoVisuals' from project 'TacticalGoCore')

Copy /Users/pc49-58/.codex/worktrees/cozy-02-integration/TacticalGo/ios/Build/Products/Debug-iphoneos/TacticalGoMotion.swiftmodule/arm64-apple-ios.swiftmodule /Users/pc49-58/.codex/worktrees/cozy-02-integration/TacticalGo/ios/Build/Intermediates.noindex/TacticalGoCore.build/Debug-iphoneos/TacticalGoMotion.build/Objects-normal/arm64/TacticalGoMotion.swiftmodule (in target 'TacticalGoMotion' from project 'TacticalGoCore')
    cd /Users/pc49-58/.codex/worktrees/cozy-02-integration/TacticalGo/swift/TacticalGoCore
    builtin-copy -exclude .DS_Store -exclude CVS -exclude .svn -exclude .git -exclude .hg -resolve-src-symlinks -rename /Users/pc49-58/.codex/worktrees/cozy-02-integration/TacticalGo/ios/Build/Intermediates.noindex/TacticalGoCore.build/Debug-iphoneos/TacticalGoMotion.build/Objects-normal/arm64/TacticalGoMotion.swiftmodule /Users/pc49-58/.codex/worktrees/cozy-02-integration/TacticalGo/ios/Build/Products/Debug-iphoneos/TacticalGoMotion.swiftmodule/arm64-apple-ios.swiftmodule

Copy /Users/pc49-58/.codex/worktrees/cozy-02-integration/TacticalGo/ios/Build/Products/Debug-iphoneos/TacticalGoMotion.swiftmodule/arm64-apple-ios.swiftdoc /Users/pc49-58/.codex/worktrees/cozy-02-integration/TacticalGo/ios/Build/Intermediates.noindex/TacticalGoCore.build/Debug-iphoneos/TacticalGoMotion.build/Objects-normal/arm64/TacticalGoMotion.swiftdoc (in target 'TacticalGoMotion' from project 'TacticalGoCore')
    cd /Users/pc49-58/.codex/worktrees/cozy-02-integration/TacticalGo/swift/TacticalGoCore
    builtin-copy -exclude .DS_Store -exclude CVS -exclude .svn -exclude .git -exclude .hg -resolve-src-symlinks -rename /Users/pc49-58/.codex/worktrees/cozy-02-integration/TacticalGo/ios/Build/Intermediates.noindex/TacticalGoCore.build/Debug-iphoneos/TacticalGoMotion.build/Objects-normal/arm64/TacticalGoMotion.swiftdoc /Users/pc49-58/.codex/worktrees/cozy-02-integration/TacticalGo/ios/Build/Products/Debug-iphoneos/TacticalGoMotion.swiftmodule/arm64-apple-ios.swiftdoc

Copy /Users/pc49-58/.codex/worktrees/cozy-02-integration/TacticalGo/ios/Build/Products/Debug-iphoneos/TacticalGoMotion.swiftmodule/arm64-apple-ios.abi.json /Users/pc49-58/.codex/worktrees/cozy-02-integration/TacticalGo/ios/Build/Intermediates.noindex/TacticalGoCore.build/Debug-iphoneos/TacticalGoMotion.build/Objects-normal/arm64/TacticalGoMotion.abi.json (in target 'TacticalGoMotion' from project 'TacticalGoCore')
    cd /Users/pc49-58/.codex/worktrees/cozy-02-integration/TacticalGo/swift/TacticalGoCore
    builtin-copy -exclude .DS_Store -exclude CVS -exclude .svn -exclude .git -exclude .hg -resolve-src-symlinks -rename /Users/pc49-58/.codex/worktrees/cozy-02-integration/TacticalGo/ios/Build/Intermediates.noindex/TacticalGoCore.build/Debug-iphoneos/TacticalGoMotion.build/Objects-normal/arm64/TacticalGoMotion.abi.json /Users/pc49-58/.codex/worktrees/cozy-02-integration/TacticalGo/ios/Build/Products/Debug-iphoneos/TacticalGoMotion.swiftmodule/arm64-apple-ios.abi.json

Copy /Users/pc49-58/.codex/worktrees/cozy-02-integration/TacticalGo/ios/Build/Products/Debug-iphoneos/TacticalGoMotion.swiftmodule/Project/arm64-apple-ios.swiftsourceinfo /Users/pc49-58/.codex/worktrees/cozy-02-integration/TacticalGo/ios/Build/Intermediates.noindex/TacticalGoCore.build/Debug-iphoneos/TacticalGoMotion.build/Objects-normal/arm64/TacticalGoMotion.swiftsourceinfo (in target 'TacticalGoMotion' from project 'TacticalGoCore')
    cd /Users/pc49-58/.codex/worktrees/cozy-02-integration/TacticalGo/swift/TacticalGoCore
    builtin-copy -exclude .DS_Store -exclude CVS -exclude .svn -exclude .git -exclude .hg -resolve-src-symlinks -rename /Users/pc49-58/.codex/worktrees/cozy-02-integration/TacticalGo/ios/Build/Intermediates.noindex/TacticalGoCore.build/Debug-iphoneos/TacticalGoMotion.build/Objects-normal/arm64/TacticalGoMotion.swiftsourceinfo /Users/pc49-58/.codex/worktrees/cozy-02-integration/TacticalGo/ios/Build/Products/Debug-iphoneos/TacticalGoMotion.swiftmodule/Project/arm64-apple-ios.swiftsourceinfo

SwiftCompile normal arm64 Compiling\ HeroVoiceCue.swift /Users/pc49-58/.codex/worktrees/cozy-02-integration/TacticalGo/swift/TacticalGoCore/Sources/TacticalGoMotion/HeroVoiceCue.swift (in target 'TacticalGoMotion' from project 'TacticalGoCore')

SwiftCompile normal arm64 /Users/pc49-58/.codex/worktrees/cozy-02-integration/TacticalGo/swift/TacticalGoCore/Sources/TacticalGoMotion/HeroVoiceCue.swift (in target 'TacticalGoMotion' from project 'TacticalGoCore')
    cd /Users/pc49-58/.codex/worktrees/cozy-02-integration/TacticalGo/ios/TacticalGo.xcodeproj
    

SwiftDriverJobDiscovery normal arm64 Emitting module for TacticalGoOnboarding (in target 'TacticalGoOnboarding' from project 'TacticalGoCore')

SwiftDriver\ Compilation\ Requirements TacticalGoOnboarding normal arm64 com.apple.xcode.tools.swift.compiler (in target 'TacticalGoOnboarding' from project 'TacticalGoCore')
    cd /Users/pc49-58/.codex/worktrees/cozy-02-integration/TacticalGo/ios/TacticalGo.xcodeproj
    builtin-Swift-Compilation-Requirements -- /Applications/Xcode.app/Contents/Developer/Toolchains/XcodeDefault.xctoolchain/usr/bin/swiftc -module-name TacticalGoOnboarding -Onone @/Users/pc49-58/.codex/worktrees/cozy-02-integration/TacticalGo/ios/Build/Intermediates.noindex/TacticalGoCore.build/Debug-iphoneos/TacticalGoOnboarding.build/Objects-normal/arm64/TacticalGoOnboarding.SwiftFileList -DSWIFT_PACKAGE -DDEBUG -DSWIFT_MODULE_RESOURCE_BUNDLE_AVAILABLE -DXcode -plugin-path /Applications/Xcode.app/Contents/Developer/Toolchains/XcodeDefault.xctoolchain/usr/lib/swift/host/plugins/testing -enable-experimental-feature DebugDescriptionMacro -sdk /Applications/Xcode.app/Contents/Developer/Platforms/iPhoneOS.platform/Developer/SDKs/iPhoneOS26.5.sdk -target arm64-apple-ios12.0 -g -module-cache-path /Users/pc49-58/.codex/worktrees/cozy-02-integration/TacticalGo/ios/MageM3DeviceBuild/ModuleCache.noindex -Xfrontend -serialize-debugging-options -enable-testing -suppress-warnings -index-store-path /Users/pc49-58/.codex/worktrees/cozy-02-integration/TacticalGo/ios/MageM3DeviceBuild/Index.noindex/DataStore -Xcc -D_LIBCPP_HARDENING_MODE\=_LIBCPP_HARDENING_MODE_DEBUG -swift-version 6 -I /Users/pc49-58/.codex/worktrees/cozy-02-integration/TacticalGo/ios/Build/Products/Debug-iphoneos -Isystem /Applications/Xcode.app/Contents/Developer/Platforms/iPhoneOS.platform/Developer/usr/lib -F /Users/pc49-58/.codex/worktrees/cozy-02-integration/TacticalGo/ios/Build/Products/Debug-iphoneos/PackageFrameworks -F /Users/pc49-58/.codex/worktrees/cozy-02-integration/TacticalGo/ios/Build/Products/Debug-iphoneos -F /Applications/Xcode.app/Contents/Developer/Platforms/iPhoneOS.platform/Developer/Library/Frameworks -F /Applications/Xcode.app/Contents/Developer/Platforms/iPhoneOS.platform/Developer/SDKs/iPhoneOS26.5.sdk/Developer/Library/Frameworks -c -j8 -enable-batch-mode -incremental -Xcc -ivfsstatcache -Xcc /Users/pc49-58/.codex/worktrees/cozy-02-integration/TacticalGo/ios/MageM3DeviceBuild/SDKStatCaches.noindex/iphoneos26.5-23F81a-32daed1954a7d5dd0789fcaf2a9bb78b.sdkstatcache -output-file-map /Users/pc49-58/.codex/worktrees/cozy-02-integration/TacticalGo/ios/Build/Intermediates.noindex/TacticalGoCore.build/Debug-iphoneos/TacticalGoOnboarding.build/Objects-normal/arm64/TacticalGoOnboarding-OutputFileMap.json -use-frontend-parseable-output -save-temps -no-color-diagnostics -explicit-module-build -module-cache-path /Users/pc49-58/.codex/worktrees/cozy-02-integration/TacticalGo/ios/Build/Intermediates.noindex/SwiftExplicitPrecompiledModules -clang-scanner-module-cache-path /Users/pc49-58/.codex/worktrees/cozy-02-integration/TacticalGo/ios/MageM3DeviceBuild/ModuleCache.noindex -sdk-module-cache-path /Users/pc49-58/.codex/worktrees/cozy-02-integration/TacticalGo/ios/MageM3DeviceBuild/ModuleCache.noindex -serialize-diagnostics -emit-dependencies -emit-module -emit-module-path /Users/pc49-58/.codex/worktrees/cozy-02-integration/TacticalGo/ios/Build/Intermediates.noindex/TacticalGoCore.build/Debug-iphoneos/TacticalGoOnboarding.build/Objects-normal/arm64/TacticalGoOnboarding.swiftmodule -validate-clang-modules-once -clang-build-session-file /Users/pc49-58/.codex/worktrees/cozy-02-integration/TacticalGo/ios/MageM3DeviceBuild/ModuleCache.noindex/Session.modulevalidation -package-name tacticalgocore -Xcc -I/Users/pc49-58/.codex/worktrees/cozy-02-integration/TacticalGo/ios/Build/Intermediates.noindex/TacticalGoCore.build/Debug-iphoneos/TacticalGoOnboarding.build/swift-overrides.hmap -emit-const-values -Xfrontend -const-gather-protocols-file -Xfrontend /Users/pc49-58/.codex/worktrees/cozy-02-integration/TacticalGo/ios/Build/Intermediates.noindex/TacticalGoCore.build/Debug-iphoneos/TacticalGoOnboarding.build/Objects-normal/arm64/TacticalGoOnboarding_const_extract_protocols.json -Xcc -I/Users/pc49-58/.codex/worktrees/cozy-02-integration/TacticalGo/ios/Build/Products/Debug-iphoneos/include -Xcc -I/Users/pc49-58/.codex/worktrees/cozy-02-integration/TacticalGo/ios/Build/Intermediates.noindex/TacticalGoCore.build/Debug-iphoneos/TacticalGoOnboarding.build/DerivedSources-normal/arm64 -Xcc -I/Users/pc49-58/.codex/worktrees/cozy-02-integration/TacticalGo/ios/Build/Intermediates.noindex/TacticalGoCore.build/Debug-iphoneos/TacticalGoOnboarding.build/DerivedSources/arm64 -Xcc -I/Users/pc49-58/.codex/worktrees/cozy-02-integration/TacticalGo/ios/Build/Intermediates.noindex/TacticalGoCore.build/Debug-iphoneos/TacticalGoOnboarding.build/DerivedSources -Xcc -DSWIFT_PACKAGE -Xcc -DDEBUG\=1 -emit-objc-header -emit-objc-header-path /Users/pc49-58/.codex/worktrees/cozy-02-integration/TacticalGo/ios/Build/Intermediates.noindex/TacticalGoCore.build/Debug-iphoneos/TacticalGoOnboarding.build/Objects-normal/arm64/TacticalGoOnboarding-Swift.h -working-directory /Users/pc49-58/.codex/worktrees/cozy-02-integration/TacticalGo/ios/TacticalGo.xcodeproj -experimental-emit-module-separately -disable-cmo

SwiftMergeGeneratedHeaders /Users/pc49-58/.codex/worktrees/cozy-02-integration/TacticalGo/ios/Build/Intermediates.noindex/GeneratedModuleMaps-iphoneos/TacticalGoOnboarding-Swift.h /Users/pc49-58/.codex/worktrees/cozy-02-integration/TacticalGo/ios/Build/Intermediates.noindex/TacticalGoCore.build/Debug-iphoneos/TacticalGoOnboarding.build/Objects-normal/arm64/TacticalGoOnboarding-Swift.h (in target 'TacticalGoOnboarding' from project 'TacticalGoCore')
    cd /Users/pc49-58/.codex/worktrees/cozy-02-integration/TacticalGo/swift/TacticalGoCore
    builtin-swiftHeaderTool -arch arm64 /Users/pc49-58/.codex/worktrees/cozy-02-integration/TacticalGo/ios/Build/Intermediates.noindex/TacticalGoCore.build/Debug-iphoneos/TacticalGoOnboarding.build/Objects-normal/arm64/TacticalGoOnboarding-Swift.h -o /Users/pc49-58/.codex/worktrees/cozy-02-integration/TacticalGo/ios/Build/Intermediates.noindex/GeneratedModuleMaps-iphoneos/TacticalGoOnboarding-Swift.h

Copy /Users/pc49-58/.codex/worktrees/cozy-02-integration/TacticalGo/ios/Build/Products/Debug-iphoneos/TacticalGoOnboarding.swiftmodule/arm64-apple-ios.swiftmodule /Users/pc49-58/.codex/worktrees/cozy-02-integration/TacticalGo/ios/Build/Intermediates.noindex/TacticalGoCore.build/Debug-iphoneos/TacticalGoOnboarding.build/Objects-normal/arm64/TacticalGoOnboarding.swiftmodule (in target 'TacticalGoOnboarding' from project 'TacticalGoCore')
    cd /Users/pc49-58/.codex/worktrees/cozy-02-integration/TacticalGo/swift/TacticalGoCore
    builtin-copy -exclude .DS_Store -exclude CVS -exclude .svn -exclude .git -exclude .hg -resolve-src-symlinks -rename /Users/pc49-58/.codex/worktrees/cozy-02-integration/TacticalGo/ios/Build/Intermediates.noindex/TacticalGoCore.build/Debug-iphoneos/TacticalGoOnboarding.build/Objects-normal/arm64/TacticalGoOnboarding.swiftmodule /Users/pc49-58/.codex/worktrees/cozy-02-integration/TacticalGo/ios/Build/Products/Debug-iphoneos/TacticalGoOnboarding.swiftmodule/arm64-apple-ios.swiftmodule

Copy /Users/pc49-58/.codex/worktrees/cozy-02-integration/TacticalGo/ios/Build/Products/Debug-iphoneos/TacticalGoOnboarding.swiftmodule/arm64-apple-ios.abi.json /Users/pc49-58/.codex/worktrees/cozy-02-integration/TacticalGo/ios/Build/Intermediates.noindex/TacticalGoCore.build/Debug-iphoneos/TacticalGoOnboarding.build/Objects-normal/arm64/TacticalGoOnboarding.abi.json (in target 'TacticalGoOnboarding' from project 'TacticalGoCore')
    cd /Users/pc49-58/.codex/worktrees/cozy-02-integration/TacticalGo/swift/TacticalGoCore
    builtin-copy -exclude .DS_Store -exclude CVS -exclude .svn -exclude .git -exclude .hg -resolve-src-symlinks -rename /Users/pc49-58/.codex/worktrees/cozy-02-integration/TacticalGo/ios/Build/Intermediates.noindex/TacticalGoCore.build/Debug-iphoneos/TacticalGoOnboarding.build/Objects-normal/arm64/TacticalGoOnboarding.abi.json /Users/pc49-58/.codex/worktrees/cozy-02-integration/TacticalGo/ios/Build/Products/Debug-iphoneos/TacticalGoOnboarding.swiftmodule/arm64-apple-ios.abi.json

SwiftCompile normal arm64 Compiling\ IdleHeroPose.swift /Users/pc49-58/.codex/worktrees/cozy-02-integration/TacticalGo/swift/TacticalGoCore/Sources/TacticalGoMotion/IdleHeroPose.swift (in target 'TacticalGoMotion' from project 'TacticalGoCore')

SwiftCompile normal arm64 /Users/pc49-58/.codex/worktrees/cozy-02-integration/TacticalGo/swift/TacticalGoCore/Sources/TacticalGoMotion/IdleHeroPose.swift (in target 'TacticalGoMotion' from project 'TacticalGoCore')
    cd /Users/pc49-58/.codex/worktrees/cozy-02-integration/TacticalGo/ios/TacticalGo.xcodeproj
    

SwiftDriverJobDiscovery normal arm64 Compiling HeroVoiceCue.swift (in target 'TacticalGoMotion' from project 'TacticalGoCore')

SwiftCompile normal arm64 Compiling\ Anim01MagicHand.swift,\ BattleMusicMix.swift /Users/pc49-58/.codex/worktrees/cozy-02-integration/TacticalGo/swift/TacticalGoCore/Sources/TacticalGoMotion/Anim01MagicHand.swift /Users/pc49-58/.codex/worktrees/cozy-02-integration/TacticalGo/swift/TacticalGoCore/Sources/TacticalGoMotion/BattleMusicMix.swift (in target 'TacticalGoMotion' from project 'TacticalGoCore')

SwiftCompile normal arm64 /Users/pc49-58/.codex/worktrees/cozy-02-integration/TacticalGo/swift/TacticalGoCore/Sources/TacticalGoMotion/Anim01MagicHand.swift (in target 'TacticalGoMotion' from project 'TacticalGoCore')
    cd /Users/pc49-58/.codex/worktrees/cozy-02-integration/TacticalGo/ios/TacticalGo.xcodeproj
    

SwiftCompile normal arm64 /Users/pc49-58/.codex/worktrees/cozy-02-integration/TacticalGo/swift/TacticalGoCore/Sources/TacticalGoMotion/BattleMusicMix.swift (in target 'TacticalGoMotion' from project 'TacticalGoCore')
    cd /Users/pc49-58/.codex/worktrees/cozy-02-integration/TacticalGo/ios/TacticalGo.xcodeproj
    

SwiftDriverJobDiscovery normal arm64 Compiling IdleHeroPose.swift (in target 'TacticalGoMotion' from project 'TacticalGoCore')

SwiftDriverJobDiscovery normal arm64 Compiling CombatFeedbackPlan.swift, GroundedLegPose.swift (in target 'TacticalGoMotion' from project 'TacticalGoCore')

ProcessProductPackaging "" /Users/pc49-58/.codex/worktrees/cozy-02-integration/TacticalGo/ios/Build/Intermediates.noindex/TacticalGo.build/Debug-iphoneos/TacticalGo.build/TacticalGo.app.xcent (in target 'TacticalGo' from project 'TacticalGo')
    cd /Users/pc49-58/.codex/worktrees/cozy-02-integration/TacticalGo/ios
    
    Entitlements:
    
    {
    "application-identifier" = "P358EB3X9H.com.tacticalgo.prototype.magem3";
    "com.apple.developer.team-identifier" = P358EB3X9H;
    "get-task-allow" = 1;
}
    
    builtin-productPackagingUtility -entitlements -format xml -o /Users/pc49-58/.codex/worktrees/cozy-02-integration/TacticalGo/ios/Build/Intermediates.noindex/TacticalGo.build/Debug-iphoneos/TacticalGo.build/TacticalGo.app.xcent

ProcessProductPackagingDER /Users/pc49-58/.codex/worktrees/cozy-02-integration/TacticalGo/ios/Build/Intermediates.noindex/TacticalGo.build/Debug-iphoneos/TacticalGo.build/TacticalGo.app.xcent /Users/pc49-58/.codex/worktrees/cozy-02-integration/TacticalGo/ios/Build/Intermediates.noindex/TacticalGo.build/Debug-iphoneos/TacticalGo.build/TacticalGo.app.xcent.der (in target 'TacticalGo' from project 'TacticalGo')
    cd /Users/pc49-58/.codex/worktrees/cozy-02-integration/TacticalGo/ios
    /usr/bin/derq query -f xml -i /Users/pc49-58/.codex/worktrees/cozy-02-integration/TacticalGo/ios/Build/Intermediates.noindex/TacticalGo.build/Debug-iphoneos/TacticalGo.build/TacticalGo.app.xcent -o /Users/pc49-58/.codex/worktrees/cozy-02-integration/TacticalGo/ios/Build/Intermediates.noindex/TacticalGo.build/Debug-iphoneos/TacticalGo.build/TacticalGo.app.xcent.der --raw

SwiftDriverJobDiscovery normal arm64 Compiling resource_bundle_accessor.swift (in target 'TacticalGoOnboarding' from project 'TacticalGoCore')

GenerateAssetSymbols /Users/pc49-58/.codex/worktrees/cozy-02-integration/TacticalGo/ios/TacticalGo/Assets.xcassets (in target 'TacticalGo' from project 'TacticalGo')
    cd /Users/pc49-58/.codex/worktrees/cozy-02-integration/TacticalGo/ios
    /Applications/Xcode.app/Contents/Developer/usr/bin/actool /Users/pc49-58/.codex/worktrees/cozy-02-integration/TacticalGo/ios/TacticalGo/Assets.xcassets --compile /Users/pc49-58/.codex/worktrees/cozy-02-integration/TacticalGo/ios/Build/Products/Debug-iphoneos/TacticalGo.app --output-format human-readable-text --notices --warnings --export-dependency-info /Users/pc49-58/.codex/worktrees/cozy-02-integration/TacticalGo/ios/Build/Intermediates.noindex/TacticalGo.build/Debug-iphoneos/TacticalGo.build/assetcatalog_dependencies --output-partial-info-plist /Users/pc49-58/.codex/worktrees/cozy-02-integration/TacticalGo/ios/Build/Intermediates.noindex/TacticalGo.build/Debug-iphoneos/TacticalGo.build/assetcatalog_generated_info.plist --compress-pngs --enable-on-demand-resources YES --development-region en --target-device iphone --target-device ipad --minimum-deployment-target 17.0 --platform iphoneos --bundle-identifier com.tacticalgo.prototype.magem3 --generate-swift-asset-symbol-extensions NO --generate-swift-asset-symbols /Users/pc49-58/.codex/worktrees/cozy-02-integration/TacticalGo/ios/Build/Intermediates.noindex/TacticalGo.build/Debug-iphoneos/TacticalGo.build/DerivedSources/GeneratedAssetSymbols.swift --generate-objc-asset-symbols /Users/pc49-58/.codex/worktrees/cozy-02-integration/TacticalGo/ios/Build/Intermediates.noindex/TacticalGo.build/Debug-iphoneos/TacticalGo.build/DerivedSources/GeneratedAssetSymbols.h --generate-asset-symbol-index /Users/pc49-58/.codex/worktrees/cozy-02-integration/TacticalGo/ios/Build/Intermediates.noindex/TacticalGo.build/Debug-iphoneos/TacticalGo.build/DerivedSources/GeneratedAssetSymbols-Index.plist
/* com.apple.actool.compilation-results */
/Users/pc49-58/.codex/worktrees/cozy-02-integration/TacticalGo/ios/Build/Intermediates.noindex/TacticalGo.build/Debug-iphoneos/TacticalGo.build/DerivedSources/GeneratedAssetSymbols-Index.plist
/Users/pc49-58/.codex/worktrees/cozy-02-integration/TacticalGo/ios/Build/Intermediates.noindex/TacticalGo.build/Debug-iphoneos/TacticalGo.build/DerivedSources/GeneratedAssetSymbols.h
/Users/pc49-58/.codex/worktrees/cozy-02-integration/TacticalGo/ios/Build/Intermediates.noindex/TacticalGo.build/Debug-iphoneos/TacticalGo.build/DerivedSources/GeneratedAssetSymbols.swift


LinkAssetCatalog /Users/pc49-58/.codex/worktrees/cozy-02-integration/TacticalGo/ios/TacticalGo/Assets.xcassets (in target 'TacticalGo' from project 'TacticalGo')
    cd /Users/pc49-58/.codex/worktrees/cozy-02-integration/TacticalGo/ios
    builtin-linkAssetCatalog --thinned /Users/pc49-58/.codex/worktrees/cozy-02-integration/TacticalGo/ios/Build/Intermediates.noindex/TacticalGo.build/Debug-iphoneos/TacticalGo.build/assetcatalog_output/thinned --thinned-dependencies /Users/pc49-58/.codex/worktrees/cozy-02-integration/TacticalGo/ios/Build/Intermediates.noindex/TacticalGo.build/Debug-iphoneos/TacticalGo.build/assetcatalog_dependencies_thinned --thinned-info-plist-content /Users/pc49-58/.codex/worktrees/cozy-02-integration/TacticalGo/ios/Build/Intermediates.noindex/TacticalGo.build/Debug-iphoneos/TacticalGo.build/assetcatalog_generated_info.plist_thinned --unthinned /Users/pc49-58/.codex/worktrees/cozy-02-integration/TacticalGo/ios/Build/Intermediates.noindex/TacticalGo.build/Debug-iphoneos/TacticalGo.build/assetcatalog_output/unthinned --unthinned-dependencies /Users/pc49-58/.codex/worktrees/cozy-02-integration/TacticalGo/ios/Build/Intermediates.noindex/TacticalGo.build/Debug-iphoneos/TacticalGo.build/assetcatalog_dependencies_unthinned --unthinned-info-plist-content /Users/pc49-58/.codex/worktrees/cozy-02-integration/TacticalGo/ios/Build/Intermediates.noindex/TacticalGo.build/Debug-iphoneos/TacticalGo.build/assetcatalog_generated_info.plist_unthinned --output /Users/pc49-58/.codex/worktrees/cozy-02-integration/TacticalGo/ios/Build/Products/Debug-iphoneos/TacticalGo.app --plist-output /Users/pc49-58/.codex/worktrees/cozy-02-integration/TacticalGo/ios/Build/Intermediates.noindex/TacticalGo.build/Debug-iphoneos/TacticalGo.build/assetcatalog_generated_info.plist
note: Emplaced /Users/pc49-58/.codex/worktrees/cozy-02-integration/TacticalGo/ios/Build/Products/Debug-iphoneos/TacticalGo.app/Assets.car (in target 'TacticalGo' from project 'TacticalGo')

SwiftDriverJobDiscovery normal arm64 Compiling MagePerformance.swift (in target 'TacticalGoMotion' from project 'TacticalGoCore')

SwiftDriverJobDiscovery normal arm64 Compiling VisualPack.swift (in target 'TacticalGoVisuals' from project 'TacticalGoCore')

SwiftDriver\ Compilation TacticalGoVisuals normal arm64 com.apple.xcode.tools.swift.compiler (in target 'TacticalGoVisuals' from project 'TacticalGoCore')
    cd /Users/pc49-58/.codex/worktrees/cozy-02-integration/TacticalGo/ios/TacticalGo.xcodeproj
    builtin-Swift-Compilation -- /Applications/Xcode.app/Contents/Developer/Toolchains/XcodeDefault.xctoolchain/usr/bin/swiftc -module-name TacticalGoVisuals -Onone @/Users/pc49-58/.codex/worktrees/cozy-02-integration/TacticalGo/ios/Build/Intermediates.noindex/TacticalGoCore.build/Debug-iphoneos/TacticalGoVisuals.build/Objects-normal/arm64/TacticalGoVisuals.SwiftFileList -DSWIFT_PACKAGE -DDEBUG -DSWIFT_MODULE_RESOURCE_BUNDLE_UNAVAILABLE -DXcode -plugin-path /Applications/Xcode.app/Contents/Developer/Toolchains/XcodeDefault.xctoolchain/usr/lib/swift/host/plugins/testing -enable-experimental-feature DebugDescriptionMacro -sdk /Applications/Xcode.app/Contents/Developer/Platforms/iPhoneOS.platform/Developer/SDKs/iPhoneOS26.5.sdk -target arm64-apple-ios12.0 -g -module-cache-path /Users/pc49-58/.codex/worktrees/cozy-02-integration/TacticalGo/ios/MageM3DeviceBuild/ModuleCache.noindex -Xfrontend -serialize-debugging-options -enable-testing -suppress-warnings -index-store-path /Users/pc49-58/.codex/worktrees/cozy-02-integration/TacticalGo/ios/MageM3DeviceBuild/Index.noindex/DataStore -Xcc -D_LIBCPP_HARDENING_MODE\=_LIBCPP_HARDENING_MODE_DEBUG -swift-version 6 -I /Users/pc49-58/.codex/worktrees/cozy-02-integration/TacticalGo/ios/Build/Products/Debug-iphoneos -Isystem /Applications/Xcode.app/Contents/Developer/Platforms/iPhoneOS.platform/Developer/usr/lib -F /Users/pc49-58/.codex/worktrees/cozy-02-integration/TacticalGo/ios/Build/Products/Debug-iphoneos -F /Applications/Xcode.app/Contents/Developer/Platforms/iPhoneOS.platform/Developer/Library/Frameworks -F /Applications/Xcode.app/Contents/Developer/Platforms/iPhoneOS.platform/Developer/SDKs/iPhoneOS26.5.sdk/Developer/Library/Frameworks -c -j8 -enable-batch-mode -incremental -Xcc -ivfsstatcache -Xcc /Users/pc49-58/.codex/worktrees/cozy-02-integration/TacticalGo/ios/MageM3DeviceBuild/SDKStatCaches.noindex/iphoneos26.5-23F81a-32daed1954a7d5dd0789fcaf2a9bb78b.sdkstatcache -output-file-map /Users/pc49-58/.codex/worktrees/cozy-02-integration/TacticalGo/ios/Build/Intermediates.noindex/TacticalGoCore.build/Debug-iphoneos/TacticalGoVisuals.build/Objects-normal/arm64/TacticalGoVisuals-OutputFileMap.json -use-frontend-parseable-output -save-temps -no-color-diagnostics -explicit-module-build -module-cache-path /Users/pc49-58/.codex/worktrees/cozy-02-integration/TacticalGo/ios/Build/Intermediates.noindex/SwiftExplicitPrecompiledModules -clang-scanner-module-cache-path /Users/pc49-58/.codex/worktrees/cozy-02-integration/TacticalGo/ios/MageM3DeviceBuild/ModuleCache.noindex -sdk-module-cache-path /Users/pc49-58/.codex/worktrees/cozy-02-integration/TacticalGo/ios/MageM3DeviceBuild/ModuleCache.noindex -serialize-diagnostics -emit-dependencies -emit-module -emit-module-path /Users/pc49-58/.codex/worktrees/cozy-02-integration/TacticalGo/ios/Build/Intermediates.noindex/TacticalGoCore.build/Debug-iphoneos/TacticalGoVisuals.build/Objects-normal/arm64/TacticalGoVisuals.swiftmodule -validate-clang-modules-once -clang-build-session-file /Users/pc49-58/.codex/worktrees/cozy-02-integration/TacticalGo/ios/MageM3DeviceBuild/ModuleCache.noindex/Session.modulevalidation -package-name tacticalgocore -Xcc -I/Users/pc49-58/.codex/worktrees/cozy-02-integration/TacticalGo/ios/Build/Intermediates.noindex/TacticalGoCore.build/Debug-iphoneos/TacticalGoVisuals.build/swift-overrides.hmap -emit-const-values -Xfrontend -const-gather-protocols-file -Xfrontend /Users/pc49-58/.codex/worktrees/cozy-02-integration/TacticalGo/ios/Build/Intermediates.noindex/TacticalGoCore.build/Debug-iphoneos/TacticalGoVisuals.build/Objects-normal/arm64/TacticalGoVisuals_const_extract_protocols.json -Xcc -I/Users/pc49-58/.codex/worktrees/cozy-02-integration/TacticalGo/ios/Build/Products/Debug-iphoneos/include -Xcc -I/Users/pc49-58/.codex/worktrees/cozy-02-integration/TacticalGo/ios/Build/Intermediates.noindex/TacticalGoCore.build/Debug-iphoneos/TacticalGoVisuals.build/DerivedSources-normal/arm64 -Xcc -I/Users/pc49-58/.codex/worktrees/cozy-02-integration/TacticalGo/ios/Build/Intermediates.noindex/TacticalGoCore.build/Debug-iphoneos/TacticalGoVisuals.build/DerivedSources/arm64 -Xcc -I/Users/pc49-58/.codex/worktrees/cozy-02-integration/TacticalGo/ios/Build/Intermediates.noindex/TacticalGoCore.build/Debug-iphoneos/TacticalGoVisuals.build/DerivedSources -Xcc -DSWIFT_PACKAGE -Xcc -DDEBUG\=1 -emit-objc-header -emit-objc-header-path /Users/pc49-58/.codex/worktrees/cozy-02-integration/TacticalGo/ios/Build/Intermediates.noindex/TacticalGoCore.build/Debug-iphoneos/TacticalGoVisuals.build/Objects-normal/arm64/TacticalGoVisuals-Swift.h -working-directory /Users/pc49-58/.codex/worktrees/cozy-02-integration/TacticalGo/ios/TacticalGo.xcodeproj -experimental-emit-module-separately -disable-cmo

SwiftDriverJobDiscovery normal arm64 Compiling Onboarding.swift (in target 'TacticalGoOnboarding' from project 'TacticalGoCore')

SwiftDriver\ Compilation TacticalGoOnboarding normal arm64 com.apple.xcode.tools.swift.compiler (in target 'TacticalGoOnboarding' from project 'TacticalGoCore')
    cd /Users/pc49-58/.codex/worktrees/cozy-02-integration/TacticalGo/ios/TacticalGo.xcodeproj
    builtin-Swift-Compilation -- /Applications/Xcode.app/Contents/Developer/Toolchains/XcodeDefault.xctoolchain/usr/bin/swiftc -module-name TacticalGoOnboarding -Onone @/Users/pc49-58/.codex/worktrees/cozy-02-integration/TacticalGo/ios/Build/Intermediates.noindex/TacticalGoCore.build/Debug-iphoneos/TacticalGoOnboarding.build/Objects-normal/arm64/TacticalGoOnboarding.SwiftFileList -DSWIFT_PACKAGE -DDEBUG -DSWIFT_MODULE_RESOURCE_BUNDLE_AVAILABLE -DXcode -plugin-path /Applications/Xcode.app/Contents/Developer/Toolchains/XcodeDefault.xctoolchain/usr/lib/swift/host/plugins/testing -enable-experimental-feature DebugDescriptionMacro -sdk /Applications/Xcode.app/Contents/Developer/Platforms/iPhoneOS.platform/Developer/SDKs/iPhoneOS26.5.sdk -target arm64-apple-ios12.0 -g -module-cache-path /Users/pc49-58/.codex/worktrees/cozy-02-integration/TacticalGo/ios/MageM3DeviceBuild/ModuleCache.noindex -Xfrontend -serialize-debugging-options -enable-testing -suppress-warnings -index-store-path /Users/pc49-58/.codex/worktrees/cozy-02-integration/TacticalGo/ios/MageM3DeviceBuild/Index.noindex/DataStore -Xcc -D_LIBCPP_HARDENING_MODE\=_LIBCPP_HARDENING_MODE_DEBUG -swift-version 6 -I /Users/pc49-58/.codex/worktrees/cozy-02-integration/TacticalGo/ios/Build/Products/Debug-iphoneos -Isystem /Applications/Xcode.app/Contents/Developer/Platforms/iPhoneOS.platform/Developer/usr/lib -F /Users/pc49-58/.codex/worktrees/cozy-02-integration/TacticalGo/ios/Build/Products/Debug-iphoneos/PackageFrameworks -F /Users/pc49-58/.codex/worktrees/cozy-02-integration/TacticalGo/ios/Build/Products/Debug-iphoneos -F /Applications/Xcode.app/Contents/Developer/Platforms/iPhoneOS.platform/Developer/Library/Frameworks -F /Applications/Xcode.app/Contents/Developer/Platforms/iPhoneOS.platform/Developer/SDKs/iPhoneOS26.5.sdk/Developer/Library/Frameworks -c -j8 -enable-batch-mode -incremental -Xcc -ivfsstatcache -Xcc /Users/pc49-58/.codex/worktrees/cozy-02-integration/TacticalGo/ios/MageM3DeviceBuild/SDKStatCaches.noindex/iphoneos26.5-23F81a-32daed1954a7d5dd0789fcaf2a9bb78b.sdkstatcache -output-file-map /Users/pc49-58/.codex/worktrees/cozy-02-integration/TacticalGo/ios/Build/Intermediates.noindex/TacticalGoCore.build/Debug-iphoneos/TacticalGoOnboarding.build/Objects-normal/arm64/TacticalGoOnboarding-OutputFileMap.json -use-frontend-parseable-output -save-temps -no-color-diagnostics -explicit-module-build -module-cache-path /Users/pc49-58/.codex/worktrees/cozy-02-integration/TacticalGo/ios/Build/Intermediates.noindex/SwiftExplicitPrecompiledModules -clang-scanner-module-cache-path /Users/pc49-58/.codex/worktrees/cozy-02-integration/TacticalGo/ios/MageM3DeviceBuild/ModuleCache.noindex -sdk-module-cache-path /Users/pc49-58/.codex/worktrees/cozy-02-integration/TacticalGo/ios/MageM3DeviceBuild/ModuleCache.noindex -serialize-diagnostics -emit-dependencies -emit-module -emit-module-path /Users/pc49-58/.codex/worktrees/cozy-02-integration/TacticalGo/ios/Build/Intermediates.noindex/TacticalGoCore.build/Debug-iphoneos/TacticalGoOnboarding.build/Objects-normal/arm64/TacticalGoOnboarding.swiftmodule -validate-clang-modules-once -clang-build-session-file /Users/pc49-58/.codex/worktrees/cozy-02-integration/TacticalGo/ios/MageM3DeviceBuild/ModuleCache.noindex/Session.modulevalidation -package-name tacticalgocore -Xcc -I/Users/pc49-58/.codex/worktrees/cozy-02-integration/TacticalGo/ios/Build/Intermediates.noindex/TacticalGoCore.build/Debug-iphoneos/TacticalGoOnboarding.build/swift-overrides.hmap -emit-const-values -Xfrontend -const-gather-protocols-file -Xfrontend /Users/pc49-58/.codex/worktrees/cozy-02-integration/TacticalGo/ios/Build/Intermediates.noindex/TacticalGoCore.build/Debug-iphoneos/TacticalGoOnboarding.build/Objects-normal/arm64/TacticalGoOnboarding_const_extract_protocols.json -Xcc -I/Users/pc49-58/.codex/worktrees/cozy-02-integration/TacticalGo/ios/Build/Products/Debug-iphoneos/include -Xcc -I/Users/pc49-58/.codex/worktrees/cozy-02-integration/TacticalGo/ios/Build/Intermediates.noindex/TacticalGoCore.build/Debug-iphoneos/TacticalGoOnboarding.build/DerivedSources-normal/arm64 -Xcc -I/Users/pc49-58/.codex/worktrees/cozy-02-integration/TacticalGo/ios/Build/Intermediates.noindex/TacticalGoCore.build/Debug-iphoneos/TacticalGoOnboarding.build/DerivedSources/arm64 -Xcc -I/Users/pc49-58/.codex/worktrees/cozy-02-integration/TacticalGo/ios/Build/Intermediates.noindex/TacticalGoCore.build/Debug-iphoneos/TacticalGoOnboarding.build/DerivedSources -Xcc -DSWIFT_PACKAGE -Xcc -DDEBUG\=1 -emit-objc-header -emit-objc-header-path /Users/pc49-58/.codex/worktrees/cozy-02-integration/TacticalGo/ios/Build/Intermediates.noindex/TacticalGoCore.build/Debug-iphoneos/TacticalGoOnboarding.build/Objects-normal/arm64/TacticalGoOnboarding-Swift.h -working-directory /Users/pc49-58/.codex/worktrees/cozy-02-integration/TacticalGo/ios/TacticalGo.xcodeproj -experimental-emit-module-separately -disable-cmo

Ld /Users/pc49-58/.codex/worktrees/cozy-02-integration/TacticalGo/ios/Build/Products/Debug-iphoneos/TacticalGoVisuals.o normal (in target 'TacticalGoVisuals' from project 'TacticalGoCore')
    cd /Users/pc49-58/.codex/worktrees/cozy-02-integration/TacticalGo/swift/TacticalGoCore
    /Applications/Xcode.app/Contents/Developer/Toolchains/XcodeDefault.xctoolchain/usr/bin/clang -Xlinker -reproducible -target arm64-apple-ios12.0 -r -isysroot /Applications/Xcode.app/Contents/Developer/Platforms/iPhoneOS.platform/Developer/SDKs/iPhoneOS26.5.sdk -O0 -w -F/Users/pc49-58/.codex/worktrees/cozy-02-integration/TacticalGo/ios/Build/Intermediates.noindex/EagerLinkingTBDs/Debug-iphoneos -F/Users/pc49-58/.codex/worktrees/cozy-02-integration/TacticalGo/ios/Build/Products/Debug-iphoneos -iframework /Applications/Xcode.app/Contents/Developer/Platforms/iPhoneOS.platform/Developer/Library/Frameworks -iframework /Applications/Xcode.app/Contents/Developer/Platforms/iPhoneOS.platform/Developer/SDKs/iPhoneOS26.5.sdk/Developer/Library/Frameworks -filelist /Users/pc49-58/.codex/worktrees/cozy-02-integration/TacticalGo/ios/Build/Intermediates.noindex/TacticalGoCore.build/Debug-iphoneos/TacticalGoVisuals.build/Objects-normal/arm64/TacticalGoVisuals.LinkFileList -nostdlib -Xlinker -object_path_lto -Xlinker /Users/pc49-58/.codex/worktrees/cozy-02-integration/TacticalGo/ios/Build/Intermediates.noindex/TacticalGoCore.build/Debug-iphoneos/TacticalGoVisuals.build/Objects-normal/arm64/TacticalGoVisuals_lto.o -Xlinker -no_deduplicate -Xlinker -dependency_info -Xlinker /Users/pc49-58/.codex/worktrees/cozy-02-integration/TacticalGo/ios/Build/Intermediates.noindex/TacticalGoCore.build/Debug-iphoneos/TacticalGoVisuals.build/Objects-normal/arm64/TacticalGoVisuals_dependency_info.dat -fobjc-link-runtime -L/Applications/Xcode.app/Contents/Developer/Toolchains/XcodeDefault.xctoolchain/usr/lib/swift/iphoneos -L/usr/lib/swift -Xlinker -add_ast_path -Xlinker /Users/pc49-58/.codex/worktrees/cozy-02-integration/TacticalGo/ios/Build/Intermediates.noindex/TacticalGoCore.build/Debug-iphoneos/TacticalGoVisuals.build/Objects-normal/arm64/TacticalGoVisuals.swiftmodule @/Users/pc49-58/.codex/worktrees/cozy-02-integration/TacticalGo/ios/Build/Intermediates.noindex/TacticalGoCore.build/Debug-iphoneos/TacticalGoVisuals.build/Objects-normal/arm64/TacticalGoVisuals-linker-args.resp -o /Users/pc49-58/.codex/worktrees/cozy-02-integration/TacticalGo/ios/Build/Products/Debug-iphoneos/TacticalGoVisuals.o

Ld /Users/pc49-58/.codex/worktrees/cozy-02-integration/TacticalGo/ios/Build/Products/Debug-iphoneos/TacticalGoOnboarding.o normal (in target 'TacticalGoOnboarding' from project 'TacticalGoCore')
    cd /Users/pc49-58/.codex/worktrees/cozy-02-integration/TacticalGo/swift/TacticalGoCore
    /Applications/Xcode.app/Contents/Developer/Toolchains/XcodeDefault.xctoolchain/usr/bin/clang -Xlinker -reproducible -target arm64-apple-ios12.0 -r -isysroot /Applications/Xcode.app/Contents/Developer/Platforms/iPhoneOS.platform/Developer/SDKs/iPhoneOS26.5.sdk -O0 -w -F/Users/pc49-58/.codex/worktrees/cozy-02-integration/TacticalGo/ios/Build/Intermediates.noindex/EagerLinkingTBDs/Debug-iphoneos -F/Users/pc49-58/.codex/worktrees/cozy-02-integration/TacticalGo/ios/Build/Products/Debug-iphoneos/PackageFrameworks -F/Users/pc49-58/.codex/worktrees/cozy-02-integration/TacticalGo/ios/Build/Products/Debug-iphoneos -iframework /Applications/Xcode.app/Contents/Developer/Platforms/iPhoneOS.platform/Developer/Library/Frameworks -iframework /Applications/Xcode.app/Contents/Developer/Platforms/iPhoneOS.platform/Developer/SDKs/iPhoneOS26.5.sdk/Developer/Library/Frameworks -filelist /Users/pc49-58/.codex/worktrees/cozy-02-integration/TacticalGo/ios/Build/Intermediates.noindex/TacticalGoCore.build/Debug-iphoneos/TacticalGoOnboarding.build/Objects-normal/arm64/TacticalGoOnboarding.LinkFileList -nostdlib -Xlinker -object_path_lto -Xlinker /Users/pc49-58/.codex/worktrees/cozy-02-integration/TacticalGo/ios/Build/Intermediates.noindex/TacticalGoCore.build/Debug-iphoneos/TacticalGoOnboarding.build/Objects-normal/arm64/TacticalGoOnboarding_lto.o -Xlinker -no_deduplicate -Xlinker -dependency_info -Xlinker /Users/pc49-58/.codex/worktrees/cozy-02-integration/TacticalGo/ios/Build/Intermediates.noindex/TacticalGoCore.build/Debug-iphoneos/TacticalGoOnboarding.build/Objects-normal/arm64/TacticalGoOnboarding_dependency_info.dat -fobjc-link-runtime -L/Applications/Xcode.app/Contents/Developer/Toolchains/XcodeDefault.xctoolchain/usr/lib/swift/iphoneos -L/usr/lib/swift -Xlinker -add_ast_path -Xlinker /Users/pc49-58/.codex/worktrees/cozy-02-integration/TacticalGo/ios/Build/Intermediates.noindex/TacticalGoCore.build/Debug-iphoneos/TacticalGoOnboarding.build/Objects-normal/arm64/TacticalGoOnboarding.swiftmodule @/Users/pc49-58/.codex/worktrees/cozy-02-integration/TacticalGo/ios/Build/Intermediates.noindex/TacticalGoCore.build/Debug-iphoneos/TacticalGoOnboarding.build/Objects-normal/arm64/TacticalGoOnboarding-linker-args.resp -o /Users/pc49-58/.codex/worktrees/cozy-02-integration/TacticalGo/ios/Build/Products/Debug-iphoneos/TacticalGoOnboarding.o

ExtractAppIntentsMetadata (in target 'TacticalGoOnboarding' from project 'TacticalGoCore')
    cd /Users/pc49-58/.codex/worktrees/cozy-02-integration/TacticalGo/swift/TacticalGoCore
    /Applications/Xcode.app/Contents/Developer/Toolchains/XcodeDefault.xctoolchain/usr/bin/appintentsmetadataprocessor --toolchain-dir /Applications/Xcode.app/Contents/Developer/Toolchains/XcodeDefault.xctoolchain --module-name TacticalGoOnboarding --sdk-root /Applications/Xcode.app/Contents/Developer/Platforms/iPhoneOS.platform/Developer/SDKs/iPhoneOS26.5.sdk --xcode-version 17F113 --platform-family iOS --deployment-target 12.0 --bundle-identifier com.tacticalgo.prototype.magem3 --output /Users/pc49-58/.codex/worktrees/cozy-02-integration/TacticalGo/ios/Build/Products/Debug-iphoneos/TacticalGoOnboarding.appintents --target-triple arm64-apple-ios12.0 --binary-file /Users/pc49-58/.codex/worktrees/cozy-02-integration/TacticalGo/ios/Build/Products/Debug-iphoneos/TacticalGoOnboarding.o --dependency-file /Users/pc49-58/.codex/worktrees/cozy-02-integration/TacticalGo/ios/Build/Intermediates.noindex/TacticalGoCore.build/Debug-iphoneos/TacticalGoOnboarding.build/Objects-normal/arm64/TacticalGoOnboarding_dependency_info.dat --stringsdata-file /Users/pc49-58/.codex/worktrees/cozy-02-integration/TacticalGo/ios/Build/Intermediates.noindex/TacticalGoCore.build/Debug-iphoneos/TacticalGoOnboarding.build/Objects-normal/arm64/ExtractedAppShortcutsMetadata.stringsdata --source-file-list /Users/pc49-58/.codex/worktrees/cozy-02-integration/TacticalGo/ios/Build/Intermediates.noindex/TacticalGoCore.build/Debug-iphoneos/TacticalGoOnboarding.build/Objects-normal/arm64/TacticalGoOnboarding.SwiftFileList --metadata-file-list /Users/pc49-58/.codex/worktrees/cozy-02-integration/TacticalGo/ios/Build/Intermediates.noindex/TacticalGoCore.build/Debug-iphoneos/TacticalGoOnboarding.build/TacticalGoOnboarding.DependencyMetadataFileList --static-metadata-file-list /Users/pc49-58/.codex/worktrees/cozy-02-integration/TacticalGo/ios/Build/Intermediates.noindex/TacticalGoCore.build/Debug-iphoneos/TacticalGoOnboarding.build/TacticalGoOnboarding.DependencyStaticMetadataFileList --swift-const-vals-list /Users/pc49-58/.codex/worktrees/cozy-02-integration/TacticalGo/ios/Build/Intermediates.noindex/TacticalGoCore.build/Debug-iphoneos/TacticalGoOnboarding.build/Objects-normal/arm64/TacticalGoOnboarding.SwiftConstValuesFileList --force --compile-time-extraction --deployment-aware-processing --validate-assistant-intents --no-app-shortcuts-localization
2026-10-10 16:17:04.415 appintentsmetadataprocessor[483:1254360] Starting appintentsmetadataprocessor export
2026-10-10 16:17:04.428 appintentsmetadataprocessor[483:1254360] Extracted no relevant App Intents symbols, skipping writing output

ExtractAppIntentsMetadata (in target 'TacticalGoVisuals' from project 'TacticalGoCore')
    cd /Users/pc49-58/.codex/worktrees/cozy-02-integration/TacticalGo/swift/TacticalGoCore
    /Applications/Xcode.app/Contents/Developer/Toolchains/XcodeDefault.xctoolchain/usr/bin/appintentsmetadataprocessor --toolchain-dir /Applications/Xcode.app/Contents/Developer/Toolchains/XcodeDefault.xctoolchain --module-name TacticalGoVisuals --sdk-root /Applications/Xcode.app/Contents/Developer/Platforms/iPhoneOS.platform/Developer/SDKs/iPhoneOS26.5.sdk --xcode-version 17F113 --platform-family iOS --deployment-target 12.0 --bundle-identifier com.tacticalgo.prototype.magem3 --output /Users/pc49-58/.codex/worktrees/cozy-02-integration/TacticalGo/ios/Build/Products/Debug-iphoneos/TacticalGoVisuals.appintents --target-triple arm64-apple-ios12.0 --binary-file /Users/pc49-58/.codex/worktrees/cozy-02-integration/TacticalGo/ios/Build/Products/Debug-iphoneos/TacticalGoVisuals.o --dependency-file /Users/pc49-58/.codex/worktrees/cozy-02-integration/TacticalGo/ios/Build/Intermediates.noindex/TacticalGoCore.build/Debug-iphoneos/TacticalGoVisuals.build/Objects-normal/arm64/TacticalGoVisuals_dependency_info.dat --stringsdata-file /Users/pc49-58/.codex/worktrees/cozy-02-integration/TacticalGo/ios/Build/Intermediates.noindex/TacticalGoCore.build/Debug-iphoneos/TacticalGoVisuals.build/Objects-normal/arm64/ExtractedAppShortcutsMetadata.stringsdata --source-file-list /Users/pc49-58/.codex/worktrees/cozy-02-integration/TacticalGo/ios/Build/Intermediates.noindex/TacticalGoCore.build/Debug-iphoneos/TacticalGoVisuals.build/Objects-normal/arm64/TacticalGoVisuals.SwiftFileList --metadata-file-list /Users/pc49-58/.codex/worktrees/cozy-02-integration/TacticalGo/ios/Build/Intermediates.noindex/TacticalGoCore.build/Debug-iphoneos/TacticalGoVisuals.build/TacticalGoVisuals.DependencyMetadataFileList --static-metadata-file-list /Users/pc49-58/.codex/worktrees/cozy-02-integration/TacticalGo/ios/Build/Intermediates.noindex/TacticalGoCore.build/Debug-iphoneos/TacticalGoVisuals.build/TacticalGoVisuals.DependencyStaticMetadataFileList --swift-const-vals-list /Users/pc49-58/.codex/worktrees/cozy-02-integration/TacticalGo/ios/Build/Intermediates.noindex/TacticalGoCore.build/Debug-iphoneos/TacticalGoVisuals.build/Objects-normal/arm64/TacticalGoVisuals.SwiftConstValuesFileList --force --compile-time-extraction --deployment-aware-processing --validate-assistant-intents --no-app-shortcuts-localization
2026-10-10 16:17:04.415 appintentsmetadataprocessor[485:1254361] Starting appintentsmetadataprocessor export
2026-10-10 16:17:04.426 appintentsmetadataprocessor[485:1254361] Extracted no relevant App Intents symbols, skipping writing output

SwiftDriverJobDiscovery normal arm64 Compiling Anim01MagicHand.swift, BattleMusicMix.swift (in target 'TacticalGoMotion' from project 'TacticalGoCore')

SwiftDriver\ Compilation TacticalGoMotion normal arm64 com.apple.xcode.tools.swift.compiler (in target 'TacticalGoMotion' from project 'TacticalGoCore')
    cd /Users/pc49-58/.codex/worktrees/cozy-02-integration/TacticalGo/ios/TacticalGo.xcodeproj
    builtin-Swift-Compilation -- /Applications/Xcode.app/Contents/Developer/Toolchains/XcodeDefault.xctoolchain/usr/bin/swiftc -module-name TacticalGoMotion -Onone @/Users/pc49-58/.codex/worktrees/cozy-02-integration/TacticalGo/ios/Build/Intermediates.noindex/TacticalGoCore.build/Debug-iphoneos/TacticalGoMotion.build/Objects-normal/arm64/TacticalGoMotion.SwiftFileList -DSWIFT_PACKAGE -DDEBUG -DSWIFT_MODULE_RESOURCE_BUNDLE_UNAVAILABLE -DXcode -plugin-path /Applications/Xcode.app/Contents/Developer/Toolchains/XcodeDefault.xctoolchain/usr/lib/swift/host/plugins/testing -enable-experimental-feature DebugDescriptionMacro -sdk /Applications/Xcode.app/Contents/Developer/Platforms/iPhoneOS.platform/Developer/SDKs/iPhoneOS26.5.sdk -target arm64-apple-ios12.0 -g -module-cache-path /Users/pc49-58/.codex/worktrees/cozy-02-integration/TacticalGo/ios/MageM3DeviceBuild/ModuleCache.noindex -Xfrontend -serialize-debugging-options -enable-testing -suppress-warnings -index-store-path /Users/pc49-58/.codex/worktrees/cozy-02-integration/TacticalGo/ios/MageM3DeviceBuild/Index.noindex/DataStore -Xcc -D_LIBCPP_HARDENING_MODE\=_LIBCPP_HARDENING_MODE_DEBUG -swift-version 6 -I /Users/pc49-58/.codex/worktrees/cozy-02-integration/TacticalGo/ios/Build/Products/Debug-iphoneos -Isystem /Applications/Xcode.app/Contents/Developer/Platforms/iPhoneOS.platform/Developer/usr/lib -F /Users/pc49-58/.codex/worktrees/cozy-02-integration/TacticalGo/ios/Build/Products/Debug-iphoneos/PackageFrameworks -F /Users/pc49-58/.codex/worktrees/cozy-02-integration/TacticalGo/ios/Build/Products/Debug-iphoneos -F /Applications/Xcode.app/Contents/Developer/Platforms/iPhoneOS.platform/Developer/Library/Frameworks -F /Applications/Xcode.app/Contents/Developer/Platforms/iPhoneOS.platform/Developer/SDKs/iPhoneOS26.5.sdk/Developer/Library/Frameworks -c -j8 -enable-batch-mode -incremental -Xcc -ivfsstatcache -Xcc /Users/pc49-58/.codex/worktrees/cozy-02-integration/TacticalGo/ios/MageM3DeviceBuild/SDKStatCaches.noindex/iphoneos26.5-23F81a-32daed1954a7d5dd0789fcaf2a9bb78b.sdkstatcache -output-file-map /Users/pc49-58/.codex/worktrees/cozy-02-integration/TacticalGo/ios/Build/Intermediates.noindex/TacticalGoCore.build/Debug-iphoneos/TacticalGoMotion.build/Objects-normal/arm64/TacticalGoMotion-OutputFileMap.json -use-frontend-parseable-output -save-temps -no-color-diagnostics -explicit-module-build -module-cache-path /Users/pc49-58/.codex/worktrees/cozy-02-integration/TacticalGo/ios/Build/Intermediates.noindex/SwiftExplicitPrecompiledModules -clang-scanner-module-cache-path /Users/pc49-58/.codex/worktrees/cozy-02-integration/TacticalGo/ios/MageM3DeviceBuild/ModuleCache.noindex -sdk-module-cache-path /Users/pc49-58/.codex/worktrees/cozy-02-integration/TacticalGo/ios/MageM3DeviceBuild/ModuleCache.noindex -serialize-diagnostics -emit-dependencies -emit-module -emit-module-path /Users/pc49-58/.codex/worktrees/cozy-02-integration/TacticalGo/ios/Build/Intermediates.noindex/TacticalGoCore.build/Debug-iphoneos/TacticalGoMotion.build/Objects-normal/arm64/TacticalGoMotion.swiftmodule -validate-clang-modules-once -clang-build-session-file /Users/pc49-58/.codex/worktrees/cozy-02-integration/TacticalGo/ios/MageM3DeviceBuild/ModuleCache.noindex/Session.modulevalidation -package-name tacticalgocore -Xcc -I/Users/pc49-58/.codex/worktrees/cozy-02-integration/TacticalGo/ios/Build/Intermediates.noindex/TacticalGoCore.build/Debug-iphoneos/TacticalGoMotion.build/swift-overrides.hmap -emit-const-values -Xfrontend -const-gather-protocols-file -Xfrontend /Users/pc49-58/.codex/worktrees/cozy-02-integration/TacticalGo/ios/Build/Intermediates.noindex/TacticalGoCore.build/Debug-iphoneos/TacticalGoMotion.build/Objects-normal/arm64/TacticalGoMotion_const_extract_protocols.json -Xcc -I/Users/pc49-58/.codex/worktrees/cozy-02-integration/TacticalGo/ios/Build/Products/Debug-iphoneos/include -Xcc -I/Users/pc49-58/.codex/worktrees/cozy-02-integration/TacticalGo/ios/Build/Intermediates.noindex/TacticalGoCore.build/Debug-iphoneos/TacticalGoMotion.build/DerivedSources-normal/arm64 -Xcc -I/Users/pc49-58/.codex/worktrees/cozy-02-integration/TacticalGo/ios/Build/Intermediates.noindex/TacticalGoCore.build/Debug-iphoneos/TacticalGoMotion.build/DerivedSources/arm64 -Xcc -I/Users/pc49-58/.codex/worktrees/cozy-02-integration/TacticalGo/ios/Build/Intermediates.noindex/TacticalGoCore.build/Debug-iphoneos/TacticalGoMotion.build/DerivedSources -Xcc -DSWIFT_PACKAGE -Xcc -DDEBUG\=1 -emit-objc-header -emit-objc-header-path /Users/pc49-58/.codex/worktrees/cozy-02-integration/TacticalGo/ios/Build/Intermediates.noindex/TacticalGoCore.build/Debug-iphoneos/TacticalGoMotion.build/Objects-normal/arm64/TacticalGoMotion-Swift.h -working-directory /Users/pc49-58/.codex/worktrees/cozy-02-integration/TacticalGo/ios/TacticalGo.xcodeproj -experimental-emit-module-separately -disable-cmo

Ld /Users/pc49-58/.codex/worktrees/cozy-02-integration/TacticalGo/ios/Build/Products/Debug-iphoneos/TacticalGoMotion.o normal (in target 'TacticalGoMotion' from project 'TacticalGoCore')
    cd /Users/pc49-58/.codex/worktrees/cozy-02-integration/TacticalGo/swift/TacticalGoCore
    /Applications/Xcode.app/Contents/Developer/Toolchains/XcodeDefault.xctoolchain/usr/bin/clang -Xlinker -reproducible -target arm64-apple-ios12.0 -r -isysroot /Applications/Xcode.app/Contents/Developer/Platforms/iPhoneOS.platform/Developer/SDKs/iPhoneOS26.5.sdk -O0 -w -F/Users/pc49-58/.codex/worktrees/cozy-02-integration/TacticalGo/ios/Build/Intermediates.noindex/EagerLinkingTBDs/Debug-iphoneos -F/Users/pc49-58/.codex/worktrees/cozy-02-integration/TacticalGo/ios/Build/Products/Debug-iphoneos/PackageFrameworks -F/Users/pc49-58/.codex/worktrees/cozy-02-integration/TacticalGo/ios/Build/Products/Debug-iphoneos -iframework /Applications/Xcode.app/Contents/Developer/Platforms/iPhoneOS.platform/Developer/Library/Frameworks -iframework /Applications/Xcode.app/Contents/Developer/Platforms/iPhoneOS.platform/Developer/SDKs/iPhoneOS26.5.sdk/Developer/Library/Frameworks -filelist /Users/pc49-58/.codex/worktrees/cozy-02-integration/TacticalGo/ios/Build/Intermediates.noindex/TacticalGoCore.build/Debug-iphoneos/TacticalGoMotion.build/Objects-normal/arm64/TacticalGoMotion.LinkFileList -nostdlib -Xlinker -object_path_lto -Xlinker /Users/pc49-58/.codex/worktrees/cozy-02-integration/TacticalGo/ios/Build/Intermediates.noindex/TacticalGoCore.build/Debug-iphoneos/TacticalGoMotion.build/Objects-normal/arm64/TacticalGoMotion_lto.o -Xlinker -no_deduplicate -Xlinker -dependency_info -Xlinker /Users/pc49-58/.codex/worktrees/cozy-02-integration/TacticalGo/ios/Build/Intermediates.noindex/TacticalGoCore.build/Debug-iphoneos/TacticalGoMotion.build/Objects-normal/arm64/TacticalGoMotion_dependency_info.dat -fobjc-link-runtime -L/Applications/Xcode.app/Contents/Developer/Toolchains/XcodeDefault.xctoolchain/usr/lib/swift/iphoneos -L/usr/lib/swift -Xlinker -add_ast_path -Xlinker /Users/pc49-58/.codex/worktrees/cozy-02-integration/TacticalGo/ios/Build/Intermediates.noindex/TacticalGoCore.build/Debug-iphoneos/TacticalGoMotion.build/Objects-normal/arm64/TacticalGoMotion.swiftmodule @/Users/pc49-58/.codex/worktrees/cozy-02-integration/TacticalGo/ios/Build/Intermediates.noindex/TacticalGoCore.build/Debug-iphoneos/TacticalGoMotion.build/Objects-normal/arm64/TacticalGoMotion-linker-args.resp -o /Users/pc49-58/.codex/worktrees/cozy-02-integration/TacticalGo/ios/Build/Products/Debug-iphoneos/TacticalGoMotion.o

RegisterExecutionPolicyException /Users/pc49-58/.codex/worktrees/cozy-02-integration/TacticalGo/ios/Build/Products/Debug-iphoneos/TacticalGoVisuals.o (in target 'TacticalGoVisuals' from project 'TacticalGoCore')
    cd /Users/pc49-58/.codex/worktrees/cozy-02-integration/TacticalGo/swift/TacticalGoCore
    builtin-RegisterExecutionPolicyException /Users/pc49-58/.codex/worktrees/cozy-02-integration/TacticalGo/ios/Build/Products/Debug-iphoneos/TacticalGoVisuals.o

RegisterExecutionPolicyException /Users/pc49-58/.codex/worktrees/cozy-02-integration/TacticalGo/ios/Build/Products/Debug-iphoneos/TacticalGoOnboarding.o (in target 'TacticalGoOnboarding' from project 'TacticalGoCore')
    cd /Users/pc49-58/.codex/worktrees/cozy-02-integration/TacticalGo/swift/TacticalGoCore
    builtin-RegisterExecutionPolicyException /Users/pc49-58/.codex/worktrees/cozy-02-integration/TacticalGo/ios/Build/Products/Debug-iphoneos/TacticalGoOnboarding.o

ExtractAppIntentsMetadata (in target 'TacticalGoMotion' from project 'TacticalGoCore')
    cd /Users/pc49-58/.codex/worktrees/cozy-02-integration/TacticalGo/swift/TacticalGoCore
    /Applications/Xcode.app/Contents/Developer/Toolchains/XcodeDefault.xctoolchain/usr/bin/appintentsmetadataprocessor --toolchain-dir /Applications/Xcode.app/Contents/Developer/Toolchains/XcodeDefault.xctoolchain --module-name TacticalGoMotion --sdk-root /Applications/Xcode.app/Contents/Developer/Platforms/iPhoneOS.platform/Developer/SDKs/iPhoneOS26.5.sdk --xcode-version 17F113 --platform-family iOS --deployment-target 12.0 --bundle-identifier com.tacticalgo.prototype.magem3 --output /Users/pc49-58/.codex/worktrees/cozy-02-integration/TacticalGo/ios/Build/Products/Debug-iphoneos/TacticalGoMotion.appintents --target-triple arm64-apple-ios12.0 --binary-file /Users/pc49-58/.codex/worktrees/cozy-02-integration/TacticalGo/ios/Build/Products/Debug-iphoneos/TacticalGoMotion.o --dependency-file /Users/pc49-58/.codex/worktrees/cozy-02-integration/TacticalGo/ios/Build/Intermediates.noindex/TacticalGoCore.build/Debug-iphoneos/TacticalGoMotion.build/Objects-normal/arm64/TacticalGoMotion_dependency_info.dat --stringsdata-file /Users/pc49-58/.codex/worktrees/cozy-02-integration/TacticalGo/ios/Build/Intermediates.noindex/TacticalGoCore.build/Debug-iphoneos/TacticalGoMotion.build/Objects-normal/arm64/ExtractedAppShortcutsMetadata.stringsdata --source-file-list /Users/pc49-58/.codex/worktrees/cozy-02-integration/TacticalGo/ios/Build/Intermediates.noindex/TacticalGoCore.build/Debug-iphoneos/TacticalGoMotion.build/Objects-normal/arm64/TacticalGoMotion.SwiftFileList --metadata-file-list /Users/pc49-58/.codex/worktrees/cozy-02-integration/TacticalGo/ios/Build/Intermediates.noindex/TacticalGoCore.build/Debug-iphoneos/TacticalGoMotion.build/TacticalGoMotion.DependencyMetadataFileList --static-metadata-file-list /Users/pc49-58/.codex/worktrees/cozy-02-integration/TacticalGo/ios/Build/Intermediates.noindex/TacticalGoCore.build/Debug-iphoneos/TacticalGoMotion.build/TacticalGoMotion.DependencyStaticMetadataFileList --swift-const-vals-list /Users/pc49-58/.codex/worktrees/cozy-02-integration/TacticalGo/ios/Build/Intermediates.noindex/TacticalGoCore.build/Debug-iphoneos/TacticalGoMotion.build/Objects-normal/arm64/TacticalGoMotion.SwiftConstValuesFileList --force --compile-time-extraction --deployment-aware-processing --validate-assistant-intents --no-app-shortcuts-localization
2026-10-10 16:17:04.492 appintentsmetadataprocessor[490:1254378] Starting appintentsmetadataprocessor export
2026-10-10 16:17:04.501 appintentsmetadataprocessor[490:1254378] Extracted no relevant App Intents symbols, skipping writing output

SwiftDriverJobDiscovery normal arm64 Compiling MatchRecord.swift (in target 'TacticalGoRecords' from project 'TacticalGoCore')

SwiftDriver\ Compilation TacticalGoRecords normal arm64 com.apple.xcode.tools.swift.compiler (in target 'TacticalGoRecords' from project 'TacticalGoCore')
    cd /Users/pc49-58/.codex/worktrees/cozy-02-integration/TacticalGo/ios/TacticalGo.xcodeproj
    builtin-Swift-Compilation -- /Applications/Xcode.app/Contents/Developer/Toolchains/XcodeDefault.xctoolchain/usr/bin/swiftc -module-name TacticalGoRecords -Onone @/Users/pc49-58/.codex/worktrees/cozy-02-integration/TacticalGo/ios/Build/Intermediates.noindex/TacticalGoCore.build/Debug-iphoneos/TacticalGoRecords.build/Objects-normal/arm64/TacticalGoRecords.SwiftFileList -DSWIFT_PACKAGE -DDEBUG -DSWIFT_MODULE_RESOURCE_BUNDLE_UNAVAILABLE -DXcode -plugin-path /Applications/Xcode.app/Contents/Developer/Toolchains/XcodeDefault.xctoolchain/usr/lib/swift/host/plugins/testing -enable-experimental-feature DebugDescriptionMacro -sdk /Applications/Xcode.app/Contents/Developer/Platforms/iPhoneOS.platform/Developer/SDKs/iPhoneOS26.5.sdk -target arm64-apple-ios12.0 -g -module-cache-path /Users/pc49-58/.codex/worktrees/cozy-02-integration/TacticalGo/ios/MageM3DeviceBuild/ModuleCache.noindex -Xfrontend -serialize-debugging-options -enable-testing -suppress-warnings -index-store-path /Users/pc49-58/.codex/worktrees/cozy-02-integration/TacticalGo/ios/MageM3DeviceBuild/Index.noindex/DataStore -Xcc -D_LIBCPP_HARDENING_MODE\=_LIBCPP_HARDENING_MODE_DEBUG -swift-version 6 -I /Users/pc49-58/.codex/worktrees/cozy-02-integration/TacticalGo/ios/Build/Products/Debug-iphoneos -Isystem /Applications/Xcode.app/Contents/Developer/Platforms/iPhoneOS.platform/Developer/usr/lib -F /Users/pc49-58/.codex/worktrees/cozy-02-integration/TacticalGo/ios/Build/Products/Debug-iphoneos/PackageFrameworks -F /Users/pc49-58/.codex/worktrees/cozy-02-integration/TacticalGo/ios/Build/Products/Debug-iphoneos -F /Applications/Xcode.app/Contents/Developer/Platforms/iPhoneOS.platform/Developer/Library/Frameworks -F /Applications/Xcode.app/Contents/Developer/Platforms/iPhoneOS.platform/Developer/SDKs/iPhoneOS26.5.sdk/Developer/Library/Frameworks -parse-as-library -c -j8 -enable-batch-mode -incremental -Xcc -ivfsstatcache -Xcc /Users/pc49-58/.codex/worktrees/cozy-02-integration/TacticalGo/ios/MageM3DeviceBuild/SDKStatCaches.noindex/iphoneos26.5-23F81a-32daed1954a7d5dd0789fcaf2a9bb78b.sdkstatcache -output-file-map /Users/pc49-58/.codex/worktrees/cozy-02-integration/TacticalGo/ios/Build/Intermediates.noindex/TacticalGoCore.build/Debug-iphoneos/TacticalGoRecords.build/Objects-normal/arm64/TacticalGoRecords-OutputFileMap.json -use-frontend-parseable-output -save-temps -no-color-diagnostics -explicit-module-build -module-cache-path /Users/pc49-58/.codex/worktrees/cozy-02-integration/TacticalGo/ios/Build/Intermediates.noindex/SwiftExplicitPrecompiledModules -clang-scanner-module-cache-path /Users/pc49-58/.codex/worktrees/cozy-02-integration/TacticalGo/ios/MageM3DeviceBuild/ModuleCache.noindex -sdk-module-cache-path /Users/pc49-58/.codex/worktrees/cozy-02-integration/TacticalGo/ios/MageM3DeviceBuild/ModuleCache.noindex -serialize-diagnostics -emit-dependencies -emit-module -emit-module-path /Users/pc49-58/.codex/worktrees/cozy-02-integration/TacticalGo/ios/Build/Intermediates.noindex/TacticalGoCore.build/Debug-iphoneos/TacticalGoRecords.build/Objects-normal/arm64/TacticalGoRecords.swiftmodule -validate-clang-modules-once -clang-build-session-file /Users/pc49-58/.codex/worktrees/cozy-02-integration/TacticalGo/ios/MageM3DeviceBuild/ModuleCache.noindex/Session.modulevalidation -package-name tacticalgocore -Xcc -I/Users/pc49-58/.codex/worktrees/cozy-02-integration/TacticalGo/ios/Build/Intermediates.noindex/TacticalGoCore.build/Debug-iphoneos/TacticalGoRecords.build/swift-overrides.hmap -emit-const-values -Xfrontend -const-gather-protocols-file -Xfrontend /Users/pc49-58/.codex/worktrees/cozy-02-integration/TacticalGo/ios/Build/Intermediates.noindex/TacticalGoCore.build/Debug-iphoneos/TacticalGoRecords.build/Objects-normal/arm64/TacticalGoRecords_const_extract_protocols.json -Xcc -I/Users/pc49-58/.codex/worktrees/cozy-02-integration/TacticalGo/ios/Build/Products/Debug-iphoneos/include -Xcc -I/Users/pc49-58/.codex/worktrees/cozy-02-integration/TacticalGo/ios/Build/Intermediates.noindex/TacticalGoCore.build/Debug-iphoneos/TacticalGoRecords.build/DerivedSources-normal/arm64 -Xcc -I/Users/pc49-58/.codex/worktrees/cozy-02-integration/TacticalGo/ios/Build/Intermediates.noindex/TacticalGoCore.build/Debug-iphoneos/TacticalGoRecords.build/DerivedSources/arm64 -Xcc -I/Users/pc49-58/.codex/worktrees/cozy-02-integration/TacticalGo/ios/Build/Intermediates.noindex/TacticalGoCore.build/Debug-iphoneos/TacticalGoRecords.build/DerivedSources -Xcc -DSWIFT_PACKAGE -Xcc -DDEBUG\=1 -emit-objc-header -emit-objc-header-path /Users/pc49-58/.codex/worktrees/cozy-02-integration/TacticalGo/ios/Build/Intermediates.noindex/TacticalGoCore.build/Debug-iphoneos/TacticalGoRecords.build/Objects-normal/arm64/TacticalGoRecords-Swift.h -working-directory /Users/pc49-58/.codex/worktrees/cozy-02-integration/TacticalGo/ios/TacticalGo.xcodeproj -experimental-emit-module-separately -disable-cmo

Ld /Users/pc49-58/.codex/worktrees/cozy-02-integration/TacticalGo/ios/Build/Products/Debug-iphoneos/TacticalGoRecords.o normal (in target 'TacticalGoRecords' from project 'TacticalGoCore')
    cd /Users/pc49-58/.codex/worktrees/cozy-02-integration/TacticalGo/swift/TacticalGoCore
    /Applications/Xcode.app/Contents/Developer/Toolchains/XcodeDefault.xctoolchain/usr/bin/clang -Xlinker -reproducible -target arm64-apple-ios12.0 -r -isysroot /Applications/Xcode.app/Contents/Developer/Platforms/iPhoneOS.platform/Developer/SDKs/iPhoneOS26.5.sdk -O0 -w -F/Users/pc49-58/.codex/worktrees/cozy-02-integration/TacticalGo/ios/Build/Intermediates.noindex/EagerLinkingTBDs/Debug-iphoneos -F/Users/pc49-58/.codex/worktrees/cozy-02-integration/TacticalGo/ios/Build/Products/Debug-iphoneos/PackageFrameworks -F/Users/pc49-58/.codex/worktrees/cozy-02-integration/TacticalGo/ios/Build/Products/Debug-iphoneos -iframework /Applications/Xcode.app/Contents/Developer/Platforms/iPhoneOS.platform/Developer/Library/Frameworks -iframework /Applications/Xcode.app/Contents/Developer/Platforms/iPhoneOS.platform/Developer/SDKs/iPhoneOS26.5.sdk/Developer/Library/Frameworks -filelist /Users/pc49-58/.codex/worktrees/cozy-02-integration/TacticalGo/ios/Build/Intermediates.noindex/TacticalGoCore.build/Debug-iphoneos/TacticalGoRecords.build/Objects-normal/arm64/TacticalGoRecords.LinkFileList -nostdlib -Xlinker -object_path_lto -Xlinker /Users/pc49-58/.codex/worktrees/cozy-02-integration/TacticalGo/ios/Build/Intermediates.noindex/TacticalGoCore.build/Debug-iphoneos/TacticalGoRecords.build/Objects-normal/arm64/TacticalGoRecords_lto.o -Xlinker -no_deduplicate -Xlinker -dependency_info -Xlinker /Users/pc49-58/.codex/worktrees/cozy-02-integration/TacticalGo/ios/Build/Intermediates.noindex/TacticalGoCore.build/Debug-iphoneos/TacticalGoRecords.build/Objects-normal/arm64/TacticalGoRecords_dependency_info.dat -fobjc-link-runtime -L/Applications/Xcode.app/Contents/Developer/Toolchains/XcodeDefault.xctoolchain/usr/lib/swift/iphoneos -L/usr/lib/swift -Xlinker -add_ast_path -Xlinker /Users/pc49-58/.codex/worktrees/cozy-02-integration/TacticalGo/ios/Build/Intermediates.noindex/TacticalGoCore.build/Debug-iphoneos/TacticalGoRecords.build/Objects-normal/arm64/TacticalGoRecords.swiftmodule @/Users/pc49-58/.codex/worktrees/cozy-02-integration/TacticalGo/ios/Build/Intermediates.noindex/TacticalGoCore.build/Debug-iphoneos/TacticalGoRecords.build/Objects-normal/arm64/TacticalGoRecords-linker-args.resp -o /Users/pc49-58/.codex/worktrees/cozy-02-integration/TacticalGo/ios/Build/Products/Debug-iphoneos/TacticalGoRecords.o

RegisterExecutionPolicyException /Users/pc49-58/.codex/worktrees/cozy-02-integration/TacticalGo/ios/Build/Products/Debug-iphoneos/TacticalGoMotion.o (in target 'TacticalGoMotion' from project 'TacticalGoCore')
    cd /Users/pc49-58/.codex/worktrees/cozy-02-integration/TacticalGo/swift/TacticalGoCore
    builtin-RegisterExecutionPolicyException /Users/pc49-58/.codex/worktrees/cozy-02-integration/TacticalGo/ios/Build/Products/Debug-iphoneos/TacticalGoMotion.o

ExtractAppIntentsMetadata (in target 'TacticalGoRecords' from project 'TacticalGoCore')
    cd /Users/pc49-58/.codex/worktrees/cozy-02-integration/TacticalGo/swift/TacticalGoCore
    /Applications/Xcode.app/Contents/Developer/Toolchains/XcodeDefault.xctoolchain/usr/bin/appintentsmetadataprocessor --toolchain-dir /Applications/Xcode.app/Contents/Developer/Toolchains/XcodeDefault.xctoolchain --module-name TacticalGoRecords --sdk-root /Applications/Xcode.app/Contents/Developer/Platforms/iPhoneOS.platform/Developer/SDKs/iPhoneOS26.5.sdk --xcode-version 17F113 --platform-family iOS --deployment-target 12.0 --bundle-identifier com.tacticalgo.prototype.magem3 --output /Users/pc49-58/.codex/worktrees/cozy-02-integration/TacticalGo/ios/Build/Products/Debug-iphoneos/TacticalGoRecords.appintents --target-triple arm64-apple-ios12.0 --binary-file /Users/pc49-58/.codex/worktrees/cozy-02-integration/TacticalGo/ios/Build/Products/Debug-iphoneos/TacticalGoRecords.o --dependency-file /Users/pc49-58/.codex/worktrees/cozy-02-integration/TacticalGo/ios/Build/Intermediates.noindex/TacticalGoCore.build/Debug-iphoneos/TacticalGoRecords.build/Objects-normal/arm64/TacticalGoRecords_dependency_info.dat --stringsdata-file /Users/pc49-58/.codex/worktrees/cozy-02-integration/TacticalGo/ios/Build/Intermediates.noindex/TacticalGoCore.build/Debug-iphoneos/TacticalGoRecords.build/Objects-normal/arm64/ExtractedAppShortcutsMetadata.stringsdata --source-file-list /Users/pc49-58/.codex/worktrees/cozy-02-integration/TacticalGo/ios/Build/Intermediates.noindex/TacticalGoCore.build/Debug-iphoneos/TacticalGoRecords.build/Objects-normal/arm64/TacticalGoRecords.SwiftFileList --metadata-file-list /Users/pc49-58/.codex/worktrees/cozy-02-integration/TacticalGo/ios/Build/Intermediates.noindex/TacticalGoCore.build/Debug-iphoneos/TacticalGoRecords.build/TacticalGoRecords.DependencyMetadataFileList --static-metadata-file-list /Users/pc49-58/.codex/worktrees/cozy-02-integration/TacticalGo/ios/Build/Intermediates.noindex/TacticalGoCore.build/Debug-iphoneos/TacticalGoRecords.build/TacticalGoRecords.DependencyStaticMetadataFileList --swift-const-vals-list /Users/pc49-58/.codex/worktrees/cozy-02-integration/TacticalGo/ios/Build/Intermediates.noindex/TacticalGoCore.build/Debug-iphoneos/TacticalGoRecords.build/Objects-normal/arm64/TacticalGoRecords.SwiftConstValuesFileList --force --compile-time-extraction --deployment-aware-processing --validate-assistant-intents --no-app-shortcuts-localization
2026-10-10 16:17:04.540 appintentsmetadataprocessor[493:1254395] Starting appintentsmetadataprocessor export
2026-10-10 16:17:04.548 appintentsmetadataprocessor[493:1254395] Extracted no relevant App Intents symbols, skipping writing output

RegisterExecutionPolicyException /Users/pc49-58/.codex/worktrees/cozy-02-integration/TacticalGo/ios/Build/Products/Debug-iphoneos/TacticalGoRecords.o (in target 'TacticalGoRecords' from project 'TacticalGoCore')
    cd /Users/pc49-58/.codex/worktrees/cozy-02-integration/TacticalGo/swift/TacticalGoCore
    builtin-RegisterExecutionPolicyException /Users/pc49-58/.codex/worktrees/cozy-02-integration/TacticalGo/ios/Build/Products/Debug-iphoneos/TacticalGoRecords.o

Copy /Users/pc49-58/.codex/worktrees/cozy-02-integration/TacticalGo/ios/Build/Products/Debug-iphoneos/TacticalGo.app/TacticalGoCore_TacticalGoOnboarding.bundle /Users/pc49-58/.codex/worktrees/cozy-02-integration/TacticalGo/ios/Build/Products/Debug-iphoneos/TacticalGoCore_TacticalGoOnboarding.bundle (in target 'TacticalGo' from project 'TacticalGo')
    cd /Users/pc49-58/.codex/worktrees/cozy-02-integration/TacticalGo/ios
    builtin-copy -exclude .DS_Store -exclude CVS -exclude .svn -exclude .git -exclude .hg -strip-unsigned-binaries -strip-deterministic -strip-tool /Applications/Xcode.app/Contents/Developer/Toolchains/XcodeDefault.xctoolchain/usr/bin/strip -resolve-src-symlinks /Users/pc49-58/.codex/worktrees/cozy-02-integration/TacticalGo/ios/Build/Products/Debug-iphoneos/TacticalGoCore_TacticalGoOnboarding.bundle /Users/pc49-58/.codex/worktrees/cozy-02-integration/TacticalGo/ios/Build/Products/Debug-iphoneos/TacticalGo.app

ProcessInfoPlistFile /Users/pc49-58/.codex/worktrees/cozy-02-integration/TacticalGo/ios/Build/Products/Debug-iphoneos/TacticalGo.app/Info.plist /Users/pc49-58/.codex/worktrees/cozy-02-integration/TacticalGo/ios/Build/Intermediates.noindex/TacticalGo.build/Debug-iphoneos/TacticalGo.build/empty-TacticalGo.plist (in target 'TacticalGo' from project 'TacticalGo')
    cd /Users/pc49-58/.codex/worktrees/cozy-02-integration/TacticalGo/ios
    builtin-infoPlistUtility /Users/pc49-58/.codex/worktrees/cozy-02-integration/TacticalGo/ios/Build/Intermediates.noindex/TacticalGo.build/Debug-iphoneos/TacticalGo.build/empty-TacticalGo.plist -producttype com.apple.product-type.application -genpkginfo /Users/pc49-58/.codex/worktrees/cozy-02-integration/TacticalGo/ios/Build/Products/Debug-iphoneos/TacticalGo.app/PkgInfo -expandbuildsettings -format binary -platform iphoneos -additionalcontentfile /Users/pc49-58/.codex/worktrees/cozy-02-integration/TacticalGo/ios/Build/Intermediates.noindex/TacticalGo.build/Debug-iphoneos/TacticalGo.build/assetcatalog_generated_info.plist -scanforprivacyfile /Users/pc49-58/.codex/worktrees/cozy-02-integration/TacticalGo/ios/Build/Products/Debug-iphoneos/TacticalGo.app/TacticalGoCore_TacticalGoOnboarding.bundle -requiredArchitecture arm64 -o /Users/pc49-58/.codex/worktrees/cozy-02-integration/TacticalGo/ios/Build/Products/Debug-iphoneos/TacticalGo.app/Info.plist

SwiftDriver TacticalGo normal arm64 com.apple.xcode.tools.swift.compiler (in target 'TacticalGo' from project 'TacticalGo')
    cd /Users/pc49-58/.codex/worktrees/cozy-02-integration/TacticalGo/ios
    builtin-SwiftDriver -- /Applications/Xcode.app/Contents/Developer/Toolchains/XcodeDefault.xctoolchain/usr/bin/swiftc -module-name TacticalGo -Onone @/Users/pc49-58/.codex/worktrees/cozy-02-integration/TacticalGo/ios/Build/Intermediates.noindex/TacticalGo.build/Debug-iphoneos/TacticalGo.build/Objects-normal/arm64/TacticalGo.SwiftFileList -DDEBUG -enable-experimental-feature DebugDescriptionMacro -sdk /Applications/Xcode.app/Contents/Developer/Platforms/iPhoneOS.platform/Developer/SDKs/iPhoneOS26.5.sdk -target arm64-apple-ios17.0 -g -module-cache-path /Users/pc49-58/.codex/worktrees/cozy-02-integration/TacticalGo/ios/MageM3DeviceBuild/ModuleCache.noindex -Xfrontend -serialize-debugging-options -enable-testing -index-store-path /Users/pc49-58/.codex/worktrees/cozy-02-integration/TacticalGo/ios/MageM3DeviceBuild/Index.noindex/DataStore -swift-version 6 -I /Users/pc49-58/.codex/worktrees/cozy-02-integration/TacticalGo/ios/Build/Products/Debug-iphoneos -F /Users/pc49-58/.codex/worktrees/cozy-02-integration/TacticalGo/ios/Build/Products/Debug-iphoneos/PackageFrameworks -F /Users/pc49-58/.codex/worktrees/cozy-02-integration/TacticalGo/ios/Build/Products/Debug-iphoneos/PackageFrameworks -F /Users/pc49-58/.codex/worktrees/cozy-02-integration/TacticalGo/ios/Build/Products/Debug-iphoneos/PackageFrameworks -F /Users/pc49-58/.codex/worktrees/cozy-02-integration/TacticalGo/ios/Build/Products/Debug-iphoneos/PackageFrameworks -F /Users/pc49-58/.codex/worktrees/cozy-02-integration/TacticalGo/ios/Build/Products/Debug-iphoneos/PackageFrameworks -F /Users/pc49-58/.codex/worktrees/cozy-02-integration/TacticalGo/ios/Build/Products/Debug-iphoneos/PackageFrameworks -F /Users/pc49-58/.codex/worktrees/cozy-02-integration/TacticalGo/ios/Build/Products/Debug-iphoneos -c -j8 -enable-batch-mode -incremental -Xcc -ivfsstatcache -Xcc /Users/pc49-58/.codex/worktrees/cozy-02-integration/TacticalGo/ios/MageM3DeviceBuild/SDKStatCaches.noindex/iphoneos26.5-23F81a-32daed1954a7d5dd0789fcaf2a9bb78b.sdkstatcache -output-file-map /Users/pc49-58/.codex/worktrees/cozy-02-integration/TacticalGo/ios/Build/Intermediates.noindex/TacticalGo.build/Debug-iphoneos/TacticalGo.build/Objects-normal/arm64/TacticalGo-OutputFileMap.json -use-frontend-parseable-output -save-temps -no-color-diagnostics -explicit-module-build -module-cache-path /Users/pc49-58/.codex/worktrees/cozy-02-integration/TacticalGo/ios/Build/Intermediates.noindex/SwiftExplicitPrecompiledModules -clang-scanner-module-cache-path /Users/pc49-58/.codex/worktrees/cozy-02-integration/TacticalGo/ios/MageM3DeviceBuild/ModuleCache.noindex -sdk-module-cache-path /Users/pc49-58/.codex/worktrees/cozy-02-integration/TacticalGo/ios/MageM3DeviceBuild/ModuleCache.noindex -serialize-diagnostics -emit-dependencies -emit-module -emit-module-path /Users/pc49-58/.codex/worktrees/cozy-02-integration/TacticalGo/ios/Build/Intermediates.noindex/TacticalGo.build/Debug-iphoneos/TacticalGo.build/Objects-normal/arm64/TacticalGo.swiftmodule -validate-clang-modules-once -clang-build-session-file /Users/pc49-58/.codex/worktrees/cozy-02-integration/TacticalGo/ios/MageM3DeviceBuild/ModuleCache.noindex/Session.modulevalidation -Xcc -I/Users/pc49-58/.codex/worktrees/cozy-02-integration/TacticalGo/ios/Build/Intermediates.noindex/TacticalGo.build/Debug-iphoneos/TacticalGo.build/swift-overrides.hmap -emit-const-values -Xfrontend -const-gather-protocols-file -Xfrontend /Users/pc49-58/.codex/worktrees/cozy-02-integration/TacticalGo/ios/Build/Intermediates.noindex/TacticalGo.build/Debug-iphoneos/TacticalGo.build/Objects-normal/arm64/TacticalGo_const_extract_protocols.json -Xcc -iquote -Xcc /Users/pc49-58/.codex/worktrees/cozy-02-integration/TacticalGo/ios/Build/Intermediates.noindex/TacticalGo.build/Debug-iphoneos/TacticalGo.build/TacticalGo-generated-files.hmap -Xcc -I/Users/pc49-58/.codex/worktrees/cozy-02-integration/TacticalGo/ios/Build/Intermediates.noindex/TacticalGo.build/Debug-iphoneos/TacticalGo.build/TacticalGo-own-target-headers.hmap -Xcc -I/Users/pc49-58/.codex/worktrees/cozy-02-integration/TacticalGo/ios/Build/Intermediates.noindex/TacticalGo.build/Debug-iphoneos/TacticalGo.build/TacticalGo-all-non-framework-target-headers.hmap -Xcc -ivfsoverlay -Xcc /Users/pc49-58/.codex/worktrees/cozy-02-integration/TacticalGo/ios/Build/Intermediates.noindex/TacticalGo.build/Debug-iphoneos/TacticalGo-32580fe5d0e5965bad977075ff1df9a9-VFS-iphoneos/all-product-headers.yaml -Xcc -iquote -Xcc /Users/pc49-58/.codex/worktrees/cozy-02-integration/TacticalGo/ios/Build/Intermediates.noindex/TacticalGo.build/Debug-iphoneos/TacticalGo.build/TacticalGo-project-headers.hmap -Xcc -I/Users/pc49-58/.codex/worktrees/cozy-02-integration/TacticalGo/ios/Build/Products/Debug-iphoneos/include -Xcc -I/Users/pc49-58/.codex/worktrees/cozy-02-integration/TacticalGo/ios/Build/Intermediates.noindex/TacticalGo.build/Debug-iphoneos/TacticalGo.build/DerivedSources-normal/arm64 -Xcc -I/Users/pc49-58/.codex/worktrees/cozy-02-integration/TacticalGo/ios/Build/Intermediates.noindex/TacticalGo.build/Debug-iphoneos/TacticalGo.build/DerivedSources/arm64 -Xcc -I/Users/pc49-58/.codex/worktrees/cozy-02-integration/TacticalGo/ios/Build/Intermediates.noindex/TacticalGo.build/Debug-iphoneos/TacticalGo.build/DerivedSources -emit-objc-header -emit-objc-header-path /Users/pc49-58/.codex/worktrees/cozy-02-integration/TacticalGo/ios/Build/Intermediates.noindex/TacticalGo.build/Debug-iphoneos/TacticalGo.build/Objects-normal/arm64/TacticalGo-Swift.h -working-directory /Users/pc49-58/.codex/worktrees/cozy-02-integration/TacticalGo/ios -experimental-emit-module-separately -disable-cmo

SwiftExplicitDependencyGeneratePcm arm64 /Users/pc49-58/.codex/worktrees/cozy-02-integration/TacticalGo/ios/MageM3DeviceBuild/ModuleCache.noindex/_SwiftConcurrencyShims-5BNX96VJQTWB0P9UIPLOB1OWX.pcm

SwiftExplicitDependencyGeneratePcm arm64 /Users/pc49-58/.codex/worktrees/cozy-02-integration/TacticalGo/ios/MageM3DeviceBuild/ModuleCache.noindex/DeveloperToolsSupport-BZQIREJK033JCALK11GJJJSQB.pcm

SwiftExplicitDependencyGeneratePcm arm64 /Users/pc49-58/.codex/worktrees/cozy-02-integration/TacticalGo/ios/MageM3DeviceBuild/ModuleCache.noindex/_Builtin_stdarg-EXFV8TA9FWEEAH2HUYZ72L6PG.pcm

SwiftExplicitDependencyGeneratePcm arm64 /Users/pc49-58/.codex/worktrees/cozy-02-integration/TacticalGo/ios/MageM3DeviceBuild/ModuleCache.noindex/ptrcheck-EFNYYPRR95SYS7DQFIX94387Y.pcm

SwiftExplicitDependencyGeneratePcm arm64 /Users/pc49-58/.codex/worktrees/cozy-02-integration/TacticalGo/ios/MageM3DeviceBuild/ModuleCache.noindex/GroupActivities-3WCZHMV1JV5ZE5ZPC37R86RXO.pcm

SwiftExplicitDependencyGeneratePcm arm64 /Users/pc49-58/.codex/worktrees/cozy-02-integration/TacticalGo/ios/MageM3DeviceBuild/ModuleCache.noindex/ptrauth-8L5MKYHAPG7H38Q6VAKNZWZ8X.pcm

SwiftExplicitDependencyGeneratePcm arm64 /Users/pc49-58/.codex/worktrees/cozy-02-integration/TacticalGo/ios/MageM3DeviceBuild/ModuleCache.noindex/_AvailabilityInternal-2CT9BNZ2JYGMXMG5814J5KY8G.pcm

SwiftExplicitDependencyGeneratePcm arm64 /Users/pc49-58/.codex/worktrees/cozy-02-integration/TacticalGo/ios/MageM3DeviceBuild/ModuleCache.noindex/SwiftShims-B2IINKM12OBM8TD6Z9D3F72H.pcm

SwiftExplicitDependencyGeneratePcm arm64 /Users/pc49-58/.codex/worktrees/cozy-02-integration/TacticalGo/ios/MageM3DeviceBuild/ModuleCache.noindex/_Builtin_stddef-4MIIHHQ6N5QC99CAZSD1GBZI.pcm

SwiftExplicitDependencyGeneratePcm arm64 /Users/pc49-58/.codex/worktrees/cozy-02-integration/TacticalGo/ios/MageM3DeviceBuild/ModuleCache.noindex/_Builtin_float-E5CPQJDSFX1S1YGCLGKV1J9GB.pcm

SwiftExplicitDependencyGeneratePcm arm64 /Users/pc49-58/.codex/worktrees/cozy-02-integration/TacticalGo/ios/MageM3DeviceBuild/ModuleCache.noindex/_Builtin_stdbool-4RD6BUNY3SDBC5HF85IBHSJ0F.pcm

SwiftExplicitDependencyGeneratePcm arm64 /Users/pc49-58/.codex/worktrees/cozy-02-integration/TacticalGo/ios/MageM3DeviceBuild/ModuleCache.noindex/_DarwinFoundation1-EJPPHQ7HJCHPB8S4QU2MESQS0.pcm

SwiftExplicitDependencyGeneratePcm arm64 /Users/pc49-58/.codex/worktrees/cozy-02-integration/TacticalGo/ios/MageM3DeviceBuild/ModuleCache.noindex/_DarwinFoundation2-SUALYHM7GD3KJTTUI51WD4K0.pcm

SwiftExplicitDependencyGeneratePcm arm64 /Users/pc49-58/.codex/worktrees/cozy-02-integration/TacticalGo/ios/MageM3DeviceBuild/ModuleCache.noindex/_Builtin_limits-470WY2JDPWZFDWW924J4AA1HU.pcm

SwiftExplicitDependencyGeneratePcm arm64 /Users/pc49-58/.codex/worktrees/cozy-02-integration/TacticalGo/ios/MageM3DeviceBuild/ModuleCache.noindex/_Builtin_stdint-5EQI7L463GI5U3AJ9CWQL830T.pcm

SwiftExplicitDependencyGeneratePcm arm64 /Users/pc49-58/.codex/worktrees/cozy-02-integration/TacticalGo/ios/MageM3DeviceBuild/ModuleCache.noindex/_Builtin_tgmath-7ZGBWSDCWKQNRXVE32UG99J3G.pcm

SwiftExplicitDependencyGeneratePcm arm64 /Users/pc49-58/.codex/worktrees/cozy-02-integration/TacticalGo/ios/MageM3DeviceBuild/ModuleCache.noindex/sys_types-DGF5C9UBBADERMFUPZWJ63VPP.pcm

SwiftExplicitDependencyGeneratePcm arm64 /Users/pc49-58/.codex/worktrees/cozy-02-integration/TacticalGo/ios/MageM3DeviceBuild/ModuleCache.noindex/_Builtin_intrinsics-ER3JL6Z817MWN8MVIHI20MPB2.pcm

SwiftExplicitDependencyGeneratePcm arm64 /Users/pc49-58/.codex/worktrees/cozy-02-integration/TacticalGo/ios/MageM3DeviceBuild/ModuleCache.noindex/_Builtin_stdatomic-APIGGRELOM4KMB92OROJPQZAF.pcm

SwiftExplicitDependencyGeneratePcm arm64 /Users/pc49-58/.codex/worktrees/cozy-02-integration/TacticalGo/ios/MageM3DeviceBuild/ModuleCache.noindex/_DarwinFoundation3-2O2Q68ZMI9K1C1AGVP5TJOHYS.pcm

SwiftExplicitDependencyGeneratePcm arm64 /Users/pc49-58/.codex/worktrees/cozy-02-integration/TacticalGo/ios/MageM3DeviceBuild/ModuleCache.noindex/_Builtin_inttypes-4PI7TJJQZ7SKZAOUGQ4BI448R.pcm

SwiftExplicitDependencyGeneratePcm arm64 /Users/pc49-58/.codex/worktrees/cozy-02-integration/TacticalGo/ios/MageM3DeviceBuild/ModuleCache.noindex/Darwin-9QONC9JCRYUL6OWH8KPFWZQLE.pcm

SwiftExplicitDependencyGeneratePcm arm64 /Users/pc49-58/.codex/worktrees/cozy-02-integration/TacticalGo/ios/MageM3DeviceBuild/ModuleCache.noindex/simd-2OTT4BG2VXKBFK0GO5L1KZTBS.pcm

SwiftExplicitDependencyGeneratePcm arm64 /Users/pc49-58/.codex/worktrees/cozy-02-integration/TacticalGo/ios/MageM3DeviceBuild/ModuleCache.noindex/MachO-57II3DUG2I96EWQYT3HNYLB82.pcm

SwiftExplicitDependencyGeneratePcm arm64 /Users/pc49-58/.codex/worktrees/cozy-02-integration/TacticalGo/ios/MageM3DeviceBuild/ModuleCache.noindex/ObjectiveC-BDWOULL7TOR8R4VU4WTMYJVXP.pcm

SwiftExplicitDependencyGeneratePcm arm64 /Users/pc49-58/.codex/worktrees/cozy-02-integration/TacticalGo/ios/MageM3DeviceBuild/ModuleCache.noindex/os_object-EJR0KMMRP0WP9BIC3HMR8HIQT.pcm

SwiftExplicitDependencyGeneratePcm arm64 /Users/pc49-58/.codex/worktrees/cozy-02-integration/TacticalGo/ios/MageM3DeviceBuild/ModuleCache.noindex/os_workgroup-KGGF8EFW5ZYZ7JF1O1ZX7BXZ.pcm

SwiftExplicitDependencyGeneratePcm arm64 /Users/pc49-58/.codex/worktrees/cozy-02-integration/TacticalGo/ios/MageM3DeviceBuild/ModuleCache.noindex/Spatial-285AKPQYX2SGIPWVISZZQW7QG.pcm

SwiftExplicitDependencyGeneratePcm arm64 /Users/pc49-58/.codex/worktrees/cozy-02-integration/TacticalGo/ios/MageM3DeviceBuild/ModuleCache.noindex/Dispatch-6JFIVLZ14OOZEF1OKQOLHXJQR.pcm

SwiftExplicitDependencyGeneratePcm arm64 /Users/pc49-58/.codex/worktrees/cozy-02-integration/TacticalGo/ios/MageM3DeviceBuild/ModuleCache.noindex/CoreFoundation-5RF9A9ZNSIAWA4C55W60EKNGE.pcm

SwiftExplicitDependencyGeneratePcm arm64 /Users/pc49-58/.codex/worktrees/cozy-02-integration/TacticalGo/ios/MageM3DeviceBuild/ModuleCache.noindex/XPC-3J9G9D01VASYBVWBZ9X2W1IG5.pcm

SwiftExplicitDependencyGeneratePcm arm64 /Users/pc49-58/.codex/worktrees/cozy-02-integration/TacticalGo/ios/MageM3DeviceBuild/ModuleCache.noindex/dnssd-625NZ49K0FSIEA0XYU5VKEP5G.pcm

SwiftExplicitDependencyGeneratePcm arm64 /Users/pc49-58/.codex/worktrees/cozy-02-integration/TacticalGo/ios/MageM3DeviceBuild/ModuleCache.noindex/os-A7E0TN9MBIEULPDBW65RXJI38.pcm

SwiftExplicitDependencyGeneratePcm arm64 /Users/pc49-58/.codex/worktrees/cozy-02-integration/TacticalGo/ios/MageM3DeviceBuild/ModuleCache.noindex/CoreGraphics-5DA5EN1TK0AXLS3ZEIFPE69EE.pcm

SwiftExplicitDependencyGeneratePcm arm64 /Users/pc49-58/.codex/worktrees/cozy-02-integration/TacticalGo/ios/MageM3DeviceBuild/ModuleCache.noindex/CoreServices-4FEL6Z42498IQCOL0U084RYSD.pcm

SwiftExplicitDependencyGeneratePcm arm64 /Users/pc49-58/.codex/worktrees/cozy-02-integration/TacticalGo/ios/MageM3DeviceBuild/ModuleCache.noindex/CoreAudioTypes-3QTYI4BZ4ADW2FSAHPXRIJYUM.pcm

SwiftExplicitDependencyGeneratePcm arm64 /Users/pc49-58/.codex/worktrees/cozy-02-integration/TacticalGo/ios/MageM3DeviceBuild/ModuleCache.noindex/CFNetwork-1PHACI5IC33K5KXAW3WX0IYND.pcm

SwiftExplicitDependencyGeneratePcm arm64 /Users/pc49-58/.codex/worktrees/cozy-02-integration/TacticalGo/ios/MageM3DeviceBuild/ModuleCache.noindex/Security-54NH1W0X8GSHB61T081FJKME.pcm

SwiftExplicitDependencyGeneratePcm arm64 /Users/pc49-58/.codex/worktrees/cozy-02-integration/TacticalGo/ios/MageM3DeviceBuild/ModuleCache.noindex/CoreAudio-691XPX1NDUWD8OJLRTBV4ESSM.pcm

SwiftExplicitDependencyGeneratePcm arm64 /Users/pc49-58/.codex/worktrees/cozy-02-integration/TacticalGo/ios/MageM3DeviceBuild/ModuleCache.noindex/Foundation-258841IXV11XYQRHRNLUPSA6B.pcm

SwiftExplicitDependencyGeneratePcm arm64 /Users/pc49-58/.codex/worktrees/cozy-02-integration/TacticalGo/ios/MageM3DeviceBuild/ModuleCache.noindex/CoreText-B2Q31JCKYITSMAX9GJQ2OCA8U.pcm

SwiftExplicitDependencyGeneratePcm arm64 /Users/pc49-58/.codex/worktrees/cozy-02-integration/TacticalGo/ios/MageM3DeviceBuild/ModuleCache.noindex/ImageIO-323J0SQFA07PON8ZOTPQ47TCT.pcm

SwiftExplicitDependencyGeneratePcm arm64 /Users/pc49-58/.codex/worktrees/cozy-02-integration/TacticalGo/ios/MageM3DeviceBuild/ModuleCache.noindex/UIUtilities-ALIUBWYLTT9RY86GR0HJ8TP84.pcm

SwiftExplicitDependencyGeneratePcm arm64 /Users/pc49-58/.codex/worktrees/cozy-02-integration/TacticalGo/ios/MageM3DeviceBuild/ModuleCache.noindex/UniformTypeIdentifiers-50GVZQLHERM46ECRAAANRW4F6.pcm

SwiftExplicitDependencyGeneratePcm arm64 /Users/pc49-58/.codex/worktrees/cozy-02-integration/TacticalGo/ios/MageM3DeviceBuild/ModuleCache.noindex/Network-B1CKT2772IUQKF735QGBQ1NY0.pcm

SwiftExplicitDependencyGeneratePcm arm64 /Users/pc49-58/.codex/worktrees/cozy-02-integration/TacticalGo/ios/MageM3DeviceBuild/ModuleCache.noindex/CoreTransferable-2EQ3KPNKO8AX04MAPJRFHPPWX.pcm

SwiftExplicitDependencyGeneratePcm arm64 /Users/pc49-58/.codex/worktrees/cozy-02-integration/TacticalGo/ios/MageM3DeviceBuild/ModuleCache.noindex/LocalAuthentication-DH9JY4UA5N0F31LFRB4NJ22W8.pcm

SwiftExplicitDependencyGeneratePcm arm64 /Users/pc49-58/.codex/worktrees/cozy-02-integration/TacticalGo/ios/MageM3DeviceBuild/ModuleCache.noindex/UserNotifications-4FA8IHQTN3BA3JSWYY7FASHBD.pcm

SwiftExplicitDependencyGeneratePcm arm64 /Users/pc49-58/.codex/worktrees/cozy-02-integration/TacticalGo/ios/MageM3DeviceBuild/ModuleCache.noindex/IOSurface-LWJYV2MXMYMUME8WL7DIPG9U.pcm

SwiftExplicitDependencyGeneratePcm arm64 /Users/pc49-58/.codex/worktrees/cozy-02-integration/TacticalGo/ios/MageM3DeviceBuild/ModuleCache.noindex/CoreMIDI-E899661T0653B3NECXL5MPMIO.pcm

SwiftExplicitDependencyGeneratePcm arm64 /Users/pc49-58/.codex/worktrees/cozy-02-integration/TacticalGo/ios/MageM3DeviceBuild/ModuleCache.noindex/_LocationEssentials-35U2NTG6GKO9T6R4Z02I70E8O.pcm

SwiftExplicitDependencyGeneratePcm arm64 /Users/pc49-58/.codex/worktrees/cozy-02-integration/TacticalGo/ios/MageM3DeviceBuild/ModuleCache.noindex/CoreHaptics-V1LGREM7R422QD3VYJAAZMX7.pcm

SwiftExplicitDependencyGeneratePcm arm64 /Users/pc49-58/.codex/worktrees/cozy-02-integration/TacticalGo/ios/MageM3DeviceBuild/ModuleCache.noindex/CoreData-DBBOIZR0PECR5ZYLGD0CORZNH.pcm

SwiftExplicitDependencyGeneratePcm arm64 /Users/pc49-58/.codex/worktrees/cozy-02-integration/TacticalGo/ios/MageM3DeviceBuild/ModuleCache.noindex/OSLog-1TQ4ZYORN6GSGWCF7VGD9C89Y.pcm

SwiftExplicitDependencyGeneratePcm arm64 /Users/pc49-58/.codex/worktrees/cozy-02-integration/TacticalGo/ios/MageM3DeviceBuild/ModuleCache.noindex/Accessibility-D01H1X1UDXU7137RLKSE70YPS.pcm

SwiftExplicitDependencyGeneratePcm arm64 /Users/pc49-58/.codex/worktrees/cozy-02-integration/TacticalGo/ios/MageM3DeviceBuild/ModuleCache.noindex/OpenGLES-EZZLRUB9PDKXJCQOL9FHDBVEC.pcm

SwiftExplicitDependencyGeneratePcm arm64 /Users/pc49-58/.codex/worktrees/cozy-02-integration/TacticalGo/ios/MageM3DeviceBuild/ModuleCache.noindex/Metal-B1R1EX13T47E6AUJS4P1926UP.pcm

SwiftExplicitDependencyGeneratePcm arm64 /Users/pc49-58/.codex/worktrees/cozy-02-integration/TacticalGo/ios/MageM3DeviceBuild/ModuleCache.noindex/AudioToolbox-BQ3SNL8PSPRNGLU1X35C7J1DX.pcm

SwiftExplicitDependencyGeneratePcm arm64 /Users/pc49-58/.codex/worktrees/cozy-02-integration/TacticalGo/ios/MageM3DeviceBuild/ModuleCache.noindex/AVRouting-4Y0V66F1GREZ0MWJ6U4GPNEC9.pcm

SwiftExplicitDependencyGeneratePcm arm64 /Users/pc49-58/.codex/worktrees/cozy-02-integration/TacticalGo/ios/MageM3DeviceBuild/ModuleCache.noindex/CoreLocation-8M2IEZU7SKO8NBPN3RGXC3J0L.pcm

SwiftExplicitDependencyGeneratePcm arm64 /Users/pc49-58/.codex/worktrees/cozy-02-integration/TacticalGo/ios/MageM3DeviceBuild/ModuleCache.noindex/FileProvider-1XBWPH7P8X29Z9VSFDU6XI0B0.pcm

SwiftExplicitDependencyGeneratePcm arm64 /Users/pc49-58/.codex/worktrees/cozy-02-integration/TacticalGo/ios/MageM3DeviceBuild/ModuleCache.noindex/DataDetection-9F8ONKLWK7TYAS60WMO5FV2UO.pcm

SwiftExplicitDependencyGeneratePcm arm64 /Users/pc49-58/.codex/worktrees/cozy-02-integration/TacticalGo/ios/MageM3DeviceBuild/ModuleCache.noindex/Symbols-57KV5BOVDKHIT0QZO0J2Q6QD6.pcm

SwiftExplicitDependencyGeneratePcm arm64 /Users/pc49-58/.codex/worktrees/cozy-02-integration/TacticalGo/ios/MageM3DeviceBuild/ModuleCache.noindex/ModelIO-1D08QPQGQU4TYEM42BOEM5K9T.pcm

SwiftExplicitDependencyGeneratePcm arm64 /Users/pc49-58/.codex/worktrees/cozy-02-integration/TacticalGo/ios/MageM3DeviceBuild/ModuleCache.noindex/CoreMotion-7L98HRH58R560UPWZBW08VFT0.pcm

SwiftExplicitDependencyGeneratePcm arm64 /Users/pc49-58/.codex/worktrees/cozy-02-integration/TacticalGo/ios/MageM3DeviceBuild/ModuleCache.noindex/CloudKit-4HY1AVVMT2WASX62NZWNDF5NX.pcm

SwiftExplicitDependencyGeneratePcm arm64 /Users/pc49-58/.codex/worktrees/cozy-02-integration/TacticalGo/ios/MageM3DeviceBuild/ModuleCache.noindex/CoreVideo-2ZH3EX9NJ6DVWCTMCYE0IOO9E.pcm

SwiftExplicitDependencyGeneratePcm arm64 /Users/pc49-58/.codex/worktrees/cozy-02-integration/TacticalGo/ios/MageM3DeviceBuild/ModuleCache.noindex/CoreML-6MEK8RSNLFLY20HGEU510NUBE.pcm

SwiftExplicitDependencyGeneratePcm arm64 /Users/pc49-58/.codex/worktrees/cozy-02-integration/TacticalGo/ios/MageM3DeviceBuild/ModuleCache.noindex/CoreImage-C7BH2B6ADTKZJDUVAWLJC2M9L.pcm

SwiftExplicitDependencyGeneratePcm arm64 /Users/pc49-58/.codex/worktrees/cozy-02-integration/TacticalGo/ios/MageM3DeviceBuild/ModuleCache.noindex/QuartzCore-6H53PUZG4DQAE5HOLWOVFE3LN.pcm

SwiftExplicitDependencyGeneratePcm arm64 /Users/pc49-58/.codex/worktrees/cozy-02-integration/TacticalGo/ios/MageM3DeviceBuild/ModuleCache.noindex/Accelerate-DO5X4YGDXALMEHPUOZFT3OQ1A.pcm

SwiftExplicitDependencyGeneratePcm arm64 /Users/pc49-58/.codex/worktrees/cozy-02-integration/TacticalGo/ios/MageM3DeviceBuild/ModuleCache.noindex/CoreMedia-8E9S6HB7FJAHORPARAJWE7U5S.pcm

SwiftExplicitDependencyGeneratePcm arm64 /Users/pc49-58/.codex/worktrees/cozy-02-integration/TacticalGo/ios/MageM3DeviceBuild/ModuleCache.noindex/SwiftUICore-DB1SEH9I5MZL7ELFDN8A2AMOR.pcm

SwiftExplicitDependencyGeneratePcm arm64 /Users/pc49-58/.codex/worktrees/cozy-02-integration/TacticalGo/ios/MageM3DeviceBuild/ModuleCache.noindex/UIKit-D6CN0X41FLXH15A7HE6IRQ195.pcm

SwiftExplicitDependencyGeneratePcm arm64 /Users/pc49-58/.codex/worktrees/cozy-02-integration/TacticalGo/ios/MageM3DeviceBuild/ModuleCache.noindex/Vision-1WCECMYUK85WBQEWKHYYDDEJ7.pcm

SwiftExplicitDependencyGeneratePcm arm64 /Users/pc49-58/.codex/worktrees/cozy-02-integration/TacticalGo/ios/MageM3DeviceBuild/ModuleCache.noindex/MediaToolbox-8G9UTE9R1V8CSA3WK4AVO3XLU.pcm

SwiftExplicitDependencyGeneratePcm arm64 /Users/pc49-58/.codex/worktrees/cozy-02-integration/TacticalGo/ios/MageM3DeviceBuild/ModuleCache.noindex/AVFAudio-CM15XSI7H9NTSJH5JP6CD4S53.pcm

SwiftExplicitDependencyGeneratePcm arm64 /Users/pc49-58/.codex/worktrees/cozy-02-integration/TacticalGo/ios/MageM3DeviceBuild/ModuleCache.noindex/AVFoundation-2JMNC9NWJREI6JSRYT7N6BAI9.pcm

SwiftExplicitDependencyGeneratePcm arm64 /Users/pc49-58/.codex/worktrees/cozy-02-integration/TacticalGo/ios/MageM3DeviceBuild/ModuleCache.noindex/MultipeerConnectivity-DFAJL44FOKQ580QTHH7I1324Y.pcm

SwiftExplicitDependencyGeneratePcm arm64 /Users/pc49-58/.codex/worktrees/cozy-02-integration/TacticalGo/ios/MageM3DeviceBuild/ModuleCache.noindex/GLKit-8NKHCG7E6AC80FDDUQAA4L4F0.pcm

SwiftExplicitDependencyGeneratePcm arm64 /Users/pc49-58/.codex/worktrees/cozy-02-integration/TacticalGo/ios/MageM3DeviceBuild/ModuleCache.noindex/GameController-3I22UN0BY4JPD01FQQCOMP1XK.pcm

SwiftExplicitDependencyGeneratePcm arm64 /Users/pc49-58/.codex/worktrees/cozy-02-integration/TacticalGo/ios/MageM3DeviceBuild/ModuleCache.noindex/SwiftUI-DNUZ0MGNWV2K5BXFK0GV6AJ1L.pcm

SwiftExplicitDependencyGeneratePcm arm64 /Users/pc49-58/.codex/worktrees/cozy-02-integration/TacticalGo/ios/MageM3DeviceBuild/ModuleCache.noindex/SpriteKit-AFL35ZZVSSL7T7UTTDXY8OCR1.pcm

SwiftExplicitDependencyGeneratePcm arm64 /Users/pc49-58/.codex/worktrees/cozy-02-integration/TacticalGo/ios/MageM3DeviceBuild/ModuleCache.noindex/SceneKit-KZZMKMJV90F36P6RNLBL7E4W.pcm

SwiftExplicitDependencyGeneratePcm arm64 /Users/pc49-58/.codex/worktrees/cozy-02-integration/TacticalGo/ios/MageM3DeviceBuild/ModuleCache.noindex/ARKit-3HCAKRSAM7462B85T62WFU0WZ.pcm

SwiftEmitModule normal arm64 Emitting\ module\ for\ TacticalGo (in target 'TacticalGo' from project 'TacticalGo')

EmitSwiftModule normal arm64 (in target 'TacticalGo' from project 'TacticalGo')
    cd /Users/pc49-58/.codex/worktrees/cozy-02-integration/TacticalGo/ios
    

SwiftCompile normal arm64 Compiling\ ContentView.swift,\ ModelBoard.swift,\ BoardPlayback.swift,\ ModelMotion.swift /Users/pc49-58/.codex/worktrees/cozy-02-integration/TacticalGo/ios/TacticalGo/ContentView.swift /Users/pc49-58/.codex/worktrees/cozy-02-integration/TacticalGo/ios/TacticalGo/ModelBoard.swift /Users/pc49-58/.codex/worktrees/cozy-02-integration/TacticalGo/ios/TacticalGo/BoardPlayback.swift /Users/pc49-58/.codex/worktrees/cozy-02-integration/TacticalGo/ios/TacticalGo/ModelMotion.swift (in target 'TacticalGo' from project 'TacticalGo')
SwiftCompile normal arm64 /Users/pc49-58/.codex/worktrees/cozy-02-integration/TacticalGo/ios/TacticalGo/ContentView.swift (in target 'TacticalGo' from project 'TacticalGo')
    cd /Users/pc49-58/.codex/worktrees/cozy-02-integration/TacticalGo/ios
    

SwiftCompile normal arm64 /Users/pc49-58/.codex/worktrees/cozy-02-integration/TacticalGo/ios/TacticalGo/ModelBoard.swift (in target 'TacticalGo' from project 'TacticalGo')
    cd /Users/pc49-58/.codex/worktrees/cozy-02-integration/TacticalGo/ios
    

SwiftCompile normal arm64 /Users/pc49-58/.codex/worktrees/cozy-02-integration/TacticalGo/ios/TacticalGo/BoardPlayback.swift (in target 'TacticalGo' from project 'TacticalGo')
    cd /Users/pc49-58/.codex/worktrees/cozy-02-integration/TacticalGo/ios
    

SwiftCompile normal arm64 /Users/pc49-58/.codex/worktrees/cozy-02-integration/TacticalGo/ios/TacticalGo/ModelMotion.swift (in target 'TacticalGo' from project 'TacticalGo')
    cd /Users/pc49-58/.codex/worktrees/cozy-02-integration/TacticalGo/ios
    

SwiftCompile normal arm64 Compiling\ ModelEffects.swift,\ MatchGallery.swift,\ GeneratedAssetSymbols.swift /Users/pc49-58/.codex/worktrees/cozy-02-integration/TacticalGo/ios/TacticalGo/ModelEffects.swift /Users/pc49-58/.codex/worktrees/cozy-02-integration/TacticalGo/ios/TacticalGo/MatchGallery.swift /Users/pc49-58/.codex/worktrees/cozy-02-integration/TacticalGo/ios/Build/Intermediates.noindex/TacticalGo.build/Debug-iphoneos/TacticalGo.build/DerivedSources/GeneratedAssetSymbols.swift (in target 'TacticalGo' from project 'TacticalGo')

SwiftCompile normal arm64 /Users/pc49-58/.codex/worktrees/cozy-02-integration/TacticalGo/ios/TacticalGo/ModelEffects.swift (in target 'TacticalGo' from project 'TacticalGo')
    cd /Users/pc49-58/.codex/worktrees/cozy-02-integration/TacticalGo/ios
    

SwiftCompile normal arm64 /Users/pc49-58/.codex/worktrees/cozy-02-integration/TacticalGo/ios/TacticalGo/MatchGallery.swift (in target 'TacticalGo' from project 'TacticalGo')
    cd /Users/pc49-58/.codex/worktrees/cozy-02-integration/TacticalGo/ios
    

SwiftCompile normal arm64 /Users/pc49-58/.codex/worktrees/cozy-02-integration/TacticalGo/ios/Build/Intermediates.noindex/TacticalGo.build/Debug-iphoneos/TacticalGo.build/DerivedSources/GeneratedAssetSymbols.swift (in target 'TacticalGo' from project 'TacticalGo')
    cd /Users/pc49-58/.codex/worktrees/cozy-02-integration/TacticalGo/ios
    

SwiftCompile normal arm64 Compiling\ ModelLibrary.swift,\ ModelArena.swift,\ ModelCamera.swift /Users/pc49-58/.codex/worktrees/cozy-02-integration/TacticalGo/ios/TacticalGo/ModelLibrary.swift /Users/pc49-58/.codex/worktrees/cozy-02-integration/TacticalGo/ios/TacticalGo/ModelArena.swift /Users/pc49-58/.codex/worktrees/cozy-02-integration/TacticalGo/ios/TacticalGo/ModelCamera.swift (in target 'TacticalGo' from project 'TacticalGo')

SwiftCompile normal arm64 /Users/pc49-58/.codex/worktrees/cozy-02-integration/TacticalGo/ios/TacticalGo/ModelLibrary.swift (in target 'TacticalGo' from project 'TacticalGo')
    cd /Users/pc49-58/.codex/worktrees/cozy-02-integration/TacticalGo/ios
    

SwiftCompile normal arm64 /Users/pc49-58/.codex/worktrees/cozy-02-integration/TacticalGo/ios/TacticalGo/ModelArena.swift (in target 'TacticalGo' from project 'TacticalGo')
    cd /Users/pc49-58/.codex/worktrees/cozy-02-integration/TacticalGo/ios
    

SwiftCompile normal arm64 /Users/pc49-58/.codex/worktrees/cozy-02-integration/TacticalGo/ios/TacticalGo/ModelCamera.swift (in target 'TacticalGo' from project 'TacticalGo')
    cd /Users/pc49-58/.codex/worktrees/cozy-02-integration/TacticalGo/ios
    

SwiftCompile normal arm64 Compiling\ PlayableGameView.swift,\ TacticalGoApp.swift,\ GameStore.swift,\ BoardViews.swift /Users/pc49-58/.codex/worktrees/cozy-02-integration/TacticalGo/ios/TacticalGo/PlayableGameView.swift /Users/pc49-58/.codex/worktrees/cozy-02-integration/TacticalGo/ios/TacticalGo/TacticalGoApp.swift /Users/pc49-58/.codex/worktrees/cozy-02-integration/TacticalGo/ios/TacticalGo/GameStore.swift /Users/pc49-58/.codex/worktrees/cozy-02-integration/TacticalGo/ios/TacticalGo/BoardViews.swift (in target 'TacticalGo' from project 'TacticalGo')
SwiftCompile normal arm64 /Users/pc49-58/.codex/worktrees/cozy-02-integration/TacticalGo/ios/TacticalGo/PlayableGameView.swift (in target 'TacticalGo' from project 'TacticalGo')
    cd /Users/pc49-58/.codex/worktrees/cozy-02-integration/TacticalGo/ios
    
/Users/pc49-58/.codex/worktrees/cozy-02-integration/TacticalGo/ios/TacticalGo/PlayableGameView.swift:243:37: warning: treating a forced downcast to 'Int' as optional will never produce 'nil'
                    ap: scene["ap"] as! Int, ply: scene["ply"] as! Int))
                                    ^
/Users/pc49-58/.codex/worktrees/cozy-02-integration/TacticalGo/ios/TacticalGo/PlayableGameView.swift:243:39: note: use 'as?' to perform a conditional downcast to 'Int'
                    ap: scene["ap"] as! Int, ply: scene["ply"] as! Int))
                                      ^
                                      ?
/Users/pc49-58/.codex/worktrees/cozy-02-integration/TacticalGo/ios/TacticalGo/PlayableGameView.swift:243:25: note: add parentheses around the cast to silence this warning
                    ap: scene["ap"] as! Int, ply: scene["ply"] as! Int))
                        ^
                        (                  )

SwiftCompile normal arm64 /Users/pc49-58/.codex/worktrees/cozy-02-integration/TacticalGo/ios/TacticalGo/TacticalGoApp.swift (in target 'TacticalGo' from project 'TacticalGo')
    cd /Users/pc49-58/.codex/worktrees/cozy-02-integration/TacticalGo/ios
    

SwiftCompile normal arm64 /Users/pc49-58/.codex/worktrees/cozy-02-integration/TacticalGo/ios/TacticalGo/GameStore.swift (in target 'TacticalGo' from project 'TacticalGo')
    cd /Users/pc49-58/.codex/worktrees/cozy-02-integration/TacticalGo/ios
    

SwiftCompile normal arm64 /Users/pc49-58/.codex/worktrees/cozy-02-integration/TacticalGo/ios/TacticalGo/BoardViews.swift (in target 'TacticalGo' from project 'TacticalGo')
    cd /Users/pc49-58/.codex/worktrees/cozy-02-integration/TacticalGo/ios
    

SwiftCompile normal arm64 Compiling\ MagePoseReview.swift,\ MageBodyView.swift,\ CozyAudit.swift,\ CozyStyle.swift /Users/pc49-58/.codex/worktrees/cozy-02-integration/TacticalGo/ios/TacticalGo/MagePoseReview.swift /Users/pc49-58/.codex/worktrees/cozy-02-integration/TacticalGo/ios/TacticalGo/MageBodyView.swift /Users/pc49-58/.codex/worktrees/cozy-02-integration/TacticalGo/ios/TacticalGo/CozyAudit.swift /Users/pc49-58/.codex/worktrees/cozy-02-integration/TacticalGo/ios/TacticalGo/CozyStyle.swift (in target 'TacticalGo' from project 'TacticalGo')

SwiftCompile normal arm64 /Users/pc49-58/.codex/worktrees/cozy-02-integration/TacticalGo/ios/TacticalGo/MagePoseReview.swift (in target 'TacticalGo' from project 'TacticalGo')
    cd /Users/pc49-58/.codex/worktrees/cozy-02-integration/TacticalGo/ios
    

SwiftCompile normal arm64 /Users/pc49-58/.codex/worktrees/cozy-02-integration/TacticalGo/ios/TacticalGo/MageBodyView.swift (in target 'TacticalGo' from project 'TacticalGo')
    cd /Users/pc49-58/.codex/worktrees/cozy-02-integration/TacticalGo/ios
    

SwiftCompile normal arm64 /Users/pc49-58/.codex/worktrees/cozy-02-integration/TacticalGo/ios/TacticalGo/CozyAudit.swift (in target 'TacticalGo' from project 'TacticalGo')
    cd /Users/pc49-58/.codex/worktrees/cozy-02-integration/TacticalGo/ios
    

SwiftCompile normal arm64 /Users/pc49-58/.codex/worktrees/cozy-02-integration/TacticalGo/ios/TacticalGo/CozyStyle.swift (in target 'TacticalGo' from project 'TacticalGo')
    cd /Users/pc49-58/.codex/worktrees/cozy-02-integration/TacticalGo/ios
    

SwiftCompile normal arm64 Compiling\ RecordLibraryView.swift,\ IntegratedAudioAudit.swift,\ CombatAudio.swift,\ GameVisualAssets.swift /Users/pc49-58/.codex/worktrees/cozy-02-integration/TacticalGo/ios/TacticalGo/RecordLibraryView.swift /Users/pc49-58/.codex/worktrees/cozy-02-integration/TacticalGo/ios/TacticalGo/IntegratedAudioAudit.swift /Users/pc49-58/.codex/worktrees/cozy-02-integration/TacticalGo/ios/TacticalGo/CombatAudio.swift /Users/pc49-58/.codex/worktrees/cozy-02-integration/TacticalGo/ios/TacticalGo/GameVisualAssets.swift (in target 'TacticalGo' from project 'TacticalGo')

SwiftCompile normal arm64 /Users/pc49-58/.codex/worktrees/cozy-02-integration/TacticalGo/ios/TacticalGo/RecordLibraryView.swift (in target 'TacticalGo' from project 'TacticalGo')
    cd /Users/pc49-58/.codex/worktrees/cozy-02-integration/TacticalGo/ios
    

SwiftCompile normal arm64 /Users/pc49-58/.codex/worktrees/cozy-02-integration/TacticalGo/ios/TacticalGo/IntegratedAudioAudit.swift (in target 'TacticalGo' from project 'TacticalGo')
    cd /Users/pc49-58/.codex/worktrees/cozy-02-integration/TacticalGo/ios
    

SwiftCompile normal arm64 /Users/pc49-58/.codex/worktrees/cozy-02-integration/TacticalGo/ios/TacticalGo/CombatAudio.swift (in target 'TacticalGo' from project 'TacticalGo')
    cd /Users/pc49-58/.codex/worktrees/cozy-02-integration/TacticalGo/ios
    

SwiftCompile normal arm64 /Users/pc49-58/.codex/worktrees/cozy-02-integration/TacticalGo/ios/TacticalGo/GameVisualAssets.swift (in target 'TacticalGo' from project 'TacticalGo')
    cd /Users/pc49-58/.codex/worktrees/cozy-02-integration/TacticalGo/ios
    

SwiftCompile normal arm64 Compiling\ CozyBoard.swift,\ Anim01Assets.swift,\ OnboardingView.swift,\ R2LabView.swift /Users/pc49-58/.codex/worktrees/cozy-02-integration/TacticalGo/ios/TacticalGo/CozyBoard.swift /Users/pc49-58/.codex/worktrees/cozy-02-integration/TacticalGo/ios/TacticalGo/Anim01Assets.swift /Users/pc49-58/.codex/worktrees/cozy-02-integration/TacticalGo/ios/TacticalGo/OnboardingView.swift /Users/pc49-58/.codex/worktrees/cozy-02-integration/TacticalGo/ios/TacticalGo/R2LabView.swift (in target 'TacticalGo' from project 'TacticalGo')

SwiftCompile normal arm64 /Users/pc49-58/.codex/worktrees/cozy-02-integration/TacticalGo/ios/TacticalGo/CozyBoard.swift (in target 'TacticalGo' from project 'TacticalGo')
    cd /Users/pc49-58/.codex/worktrees/cozy-02-integration/TacticalGo/ios
    

SwiftCompile normal arm64 /Users/pc49-58/.codex/worktrees/cozy-02-integration/TacticalGo/ios/TacticalGo/Anim01Assets.swift (in target 'TacticalGo' from project 'TacticalGo')
    cd /Users/pc49-58/.codex/worktrees/cozy-02-integration/TacticalGo/ios
    

SwiftCompile normal arm64 /Users/pc49-58/.codex/worktrees/cozy-02-integration/TacticalGo/ios/TacticalGo/OnboardingView.swift (in target 'TacticalGo' from project 'TacticalGo')
    cd /Users/pc49-58/.codex/worktrees/cozy-02-integration/TacticalGo/ios
    

SwiftCompile normal arm64 /Users/pc49-58/.codex/worktrees/cozy-02-integration/TacticalGo/ios/TacticalGo/R2LabView.swift (in target 'TacticalGo' from project 'TacticalGo')
    cd /Users/pc49-58/.codex/worktrees/cozy-02-integration/TacticalGo/ios
    

SwiftCompile normal arm64 Compiling\ AnimationGallery.swift,\ ModelExport.swift,\ ModelGeometry.swift /Users/pc49-58/.codex/worktrees/cozy-02-integration/TacticalGo/ios/TacticalGo/AnimationGallery.swift /Users/pc49-58/.codex/worktrees/cozy-02-integration/TacticalGo/ios/TacticalGo/ModelExport.swift /Users/pc49-58/.codex/worktrees/cozy-02-integration/TacticalGo/ios/TacticalGo/ModelGeometry.swift (in target 'TacticalGo' from project 'TacticalGo')

SwiftCompile normal arm64 /Users/pc49-58/.codex/worktrees/cozy-02-integration/TacticalGo/ios/TacticalGo/AnimationGallery.swift (in target 'TacticalGo' from project 'TacticalGo')
    cd /Users/pc49-58/.codex/worktrees/cozy-02-integration/TacticalGo/ios
    

SwiftCompile normal arm64 /Users/pc49-58/.codex/worktrees/cozy-02-integration/TacticalGo/ios/TacticalGo/ModelExport.swift (in target 'TacticalGo' from project 'TacticalGo')
    cd /Users/pc49-58/.codex/worktrees/cozy-02-integration/TacticalGo/ios
    

SwiftCompile normal arm64 /Users/pc49-58/.codex/worktrees/cozy-02-integration/TacticalGo/ios/TacticalGo/ModelGeometry.swift (in target 'TacticalGo' from project 'TacticalGo')
    cd /Users/pc49-58/.codex/worktrees/cozy-02-integration/TacticalGo/ios
    

SwiftDriverJobDiscovery normal arm64 Emitting module for TacticalGo (in target 'TacticalGo' from project 'TacticalGo')

SwiftDriver\ Compilation\ Requirements TacticalGo normal arm64 com.apple.xcode.tools.swift.compiler (in target 'TacticalGo' from project 'TacticalGo')
    cd /Users/pc49-58/.codex/worktrees/cozy-02-integration/TacticalGo/ios
    builtin-Swift-Compilation-Requirements -- /Applications/Xcode.app/Contents/Developer/Toolchains/XcodeDefault.xctoolchain/usr/bin/swiftc -module-name TacticalGo -Onone @/Users/pc49-58/.codex/worktrees/cozy-02-integration/TacticalGo/ios/Build/Intermediates.noindex/TacticalGo.build/Debug-iphoneos/TacticalGo.build/Objects-normal/arm64/TacticalGo.SwiftFileList -DDEBUG -enable-experimental-feature DebugDescriptionMacro -sdk /Applications/Xcode.app/Contents/Developer/Platforms/iPhoneOS.platform/Developer/SDKs/iPhoneOS26.5.sdk -target arm64-apple-ios17.0 -g -module-cache-path /Users/pc49-58/.codex/worktrees/cozy-02-integration/TacticalGo/ios/MageM3DeviceBuild/ModuleCache.noindex -Xfrontend -serialize-debugging-options -enable-testing -index-store-path /Users/pc49-58/.codex/worktrees/cozy-02-integration/TacticalGo/ios/MageM3DeviceBuild/Index.noindex/DataStore -swift-version 6 -I /Users/pc49-58/.codex/worktrees/cozy-02-integration/TacticalGo/ios/Build/Products/Debug-iphoneos -F /Users/pc49-58/.codex/worktrees/cozy-02-integration/TacticalGo/ios/Build/Products/Debug-iphoneos/PackageFrameworks -F /Users/pc49-58/.codex/worktrees/cozy-02-integration/TacticalGo/ios/Build/Products/Debug-iphoneos/PackageFrameworks -F /Users/pc49-58/.codex/worktrees/cozy-02-integration/TacticalGo/ios/Build/Products/Debug-iphoneos/PackageFrameworks -F /Users/pc49-58/.codex/worktrees/cozy-02-integration/TacticalGo/ios/Build/Products/Debug-iphoneos/PackageFrameworks -F /Users/pc49-58/.codex/worktrees/cozy-02-integration/TacticalGo/ios/Build/Products/Debug-iphoneos/PackageFrameworks -F /Users/pc49-58/.codex/worktrees/cozy-02-integration/TacticalGo/ios/Build/Products/Debug-iphoneos/PackageFrameworks -F /Users/pc49-58/.codex/worktrees/cozy-02-integration/TacticalGo/ios/Build/Products/Debug-iphoneos -c -j8 -enable-batch-mode -incremental -Xcc -ivfsstatcache -Xcc /Users/pc49-58/.codex/worktrees/cozy-02-integration/TacticalGo/ios/MageM3DeviceBuild/SDKStatCaches.noindex/iphoneos26.5-23F81a-32daed1954a7d5dd0789fcaf2a9bb78b.sdkstatcache -output-file-map /Users/pc49-58/.codex/worktrees/cozy-02-integration/TacticalGo/ios/Build/Intermediates.noindex/TacticalGo.build/Debug-iphoneos/TacticalGo.build/Objects-normal/arm64/TacticalGo-OutputFileMap.json -use-frontend-parseable-output -save-temps -no-color-diagnostics -explicit-module-build -module-cache-path /Users/pc49-58/.codex/worktrees/cozy-02-integration/TacticalGo/ios/Build/Intermediates.noindex/SwiftExplicitPrecompiledModules -clang-scanner-module-cache-path /Users/pc49-58/.codex/worktrees/cozy-02-integration/TacticalGo/ios/MageM3DeviceBuild/ModuleCache.noindex -sdk-module-cache-path /Users/pc49-58/.codex/worktrees/cozy-02-integration/TacticalGo/ios/MageM3DeviceBuild/ModuleCache.noindex -serialize-diagnostics -emit-dependencies -emit-module -emit-module-path /Users/pc49-58/.codex/worktrees/cozy-02-integration/TacticalGo/ios/Build/Intermediates.noindex/TacticalGo.build/Debug-iphoneos/TacticalGo.build/Objects-normal/arm64/TacticalGo.swiftmodule -validate-clang-modules-once -clang-build-session-file /Users/pc49-58/.codex/worktrees/cozy-02-integration/TacticalGo/ios/MageM3DeviceBuild/ModuleCache.noindex/Session.modulevalidation -Xcc -I/Users/pc49-58/.codex/worktrees/cozy-02-integration/TacticalGo/ios/Build/Intermediates.noindex/TacticalGo.build/Debug-iphoneos/TacticalGo.build/swift-overrides.hmap -emit-const-values -Xfrontend -const-gather-protocols-file -Xfrontend /Users/pc49-58/.codex/worktrees/cozy-02-integration/TacticalGo/ios/Build/Intermediates.noindex/TacticalGo.build/Debug-iphoneos/TacticalGo.build/Objects-normal/arm64/TacticalGo_const_extract_protocols.json -Xcc -iquote -Xcc /Users/pc49-58/.codex/worktrees/cozy-02-integration/TacticalGo/ios/Build/Intermediates.noindex/TacticalGo.build/Debug-iphoneos/TacticalGo.build/TacticalGo-generated-files.hmap -Xcc -I/Users/pc49-58/.codex/worktrees/cozy-02-integration/TacticalGo/ios/Build/Intermediates.noindex/TacticalGo.build/Debug-iphoneos/TacticalGo.build/TacticalGo-own-target-headers.hmap -Xcc -I/Users/pc49-58/.codex/worktrees/cozy-02-integration/TacticalGo/ios/Build/Intermediates.noindex/TacticalGo.build/Debug-iphoneos/TacticalGo.build/TacticalGo-all-non-framework-target-headers.hmap -Xcc -ivfsoverlay -Xcc /Users/pc49-58/.codex/worktrees/cozy-02-integration/TacticalGo/ios/Build/Intermediates.noindex/TacticalGo.build/Debug-iphoneos/TacticalGo-32580fe5d0e5965bad977075ff1df9a9-VFS-iphoneos/all-product-headers.yaml -Xcc -iquote -Xcc /Users/pc49-58/.codex/worktrees/cozy-02-integration/TacticalGo/ios/Build/Intermediates.noindex/TacticalGo.build/Debug-iphoneos/TacticalGo.build/TacticalGo-project-headers.hmap -Xcc -I/Users/pc49-58/.codex/worktrees/cozy-02-integration/TacticalGo/ios/Build/Products/Debug-iphoneos/include -Xcc -I/Users/pc49-58/.codex/worktrees/cozy-02-integration/TacticalGo/ios/Build/Intermediates.noindex/TacticalGo.build/Debug-iphoneos/TacticalGo.build/DerivedSources-normal/arm64 -Xcc -I/Users/pc49-58/.codex/worktrees/cozy-02-integration/TacticalGo/ios/Build/Intermediates.noindex/TacticalGo.build/Debug-iphoneos/TacticalGo.build/DerivedSources/arm64 -Xcc -I/Users/pc49-58/.codex/worktrees/cozy-02-integration/TacticalGo/ios/Build/Intermediates.noindex/TacticalGo.build/Debug-iphoneos/TacticalGo.build/DerivedSources -emit-objc-header -emit-objc-header-path /Users/pc49-58/.codex/worktrees/cozy-02-integration/TacticalGo/ios/Build/Intermediates.noindex/TacticalGo.build/Debug-iphoneos/TacticalGo.build/Objects-normal/arm64/TacticalGo-Swift.h -working-directory /Users/pc49-58/.codex/worktrees/cozy-02-integration/TacticalGo/ios -experimental-emit-module-separately -disable-cmo

SwiftDriverJobDiscovery normal arm64 Compiling ModelLibrary.swift, ModelArena.swift, ModelCamera.swift (in target 'TacticalGo' from project 'TacticalGo')

Copy /Users/pc49-58/.codex/worktrees/cozy-02-integration/TacticalGo/ios/Build/Products/Debug-iphoneos/TacticalGo.swiftmodule/arm64-apple-ios.swiftmodule /Users/pc49-58/.codex/worktrees/cozy-02-integration/TacticalGo/ios/Build/Intermediates.noindex/TacticalGo.build/Debug-iphoneos/TacticalGo.build/Objects-normal/arm64/TacticalGo.swiftmodule (in target 'TacticalGo' from project 'TacticalGo')
    cd /Users/pc49-58/.codex/worktrees/cozy-02-integration/TacticalGo/ios
    builtin-copy -exclude .DS_Store -exclude CVS -exclude .svn -exclude .git -exclude .hg -strip-unsigned-binaries -strip-deterministic -strip-tool /Applications/Xcode.app/Contents/Developer/Toolchains/XcodeDefault.xctoolchain/usr/bin/strip -resolve-src-symlinks -rename /Users/pc49-58/.codex/worktrees/cozy-02-integration/TacticalGo/ios/Build/Intermediates.noindex/TacticalGo.build/Debug-iphoneos/TacticalGo.build/Objects-normal/arm64/TacticalGo.swiftmodule /Users/pc49-58/.codex/worktrees/cozy-02-integration/TacticalGo/ios/Build/Products/Debug-iphoneos/TacticalGo.swiftmodule/arm64-apple-ios.swiftmodule

Copy /Users/pc49-58/.codex/worktrees/cozy-02-integration/TacticalGo/ios/Build/Products/Debug-iphoneos/TacticalGo.swiftmodule/arm64-apple-ios.swiftdoc /Users/pc49-58/.codex/worktrees/cozy-02-integration/TacticalGo/ios/Build/Intermediates.noindex/TacticalGo.build/Debug-iphoneos/TacticalGo.build/Objects-normal/arm64/TacticalGo.swiftdoc (in target 'TacticalGo' from project 'TacticalGo')
    cd /Users/pc49-58/.codex/worktrees/cozy-02-integration/TacticalGo/ios
    builtin-copy -exclude .DS_Store -exclude CVS -exclude .svn -exclude .git -exclude .hg -strip-unsigned-binaries -strip-deterministic -strip-tool /Applications/Xcode.app/Contents/Developer/Toolchains/XcodeDefault.xctoolchain/usr/bin/strip -resolve-src-symlinks -rename /Users/pc49-58/.codex/worktrees/cozy-02-integration/TacticalGo/ios/Build/Intermediates.noindex/TacticalGo.build/Debug-iphoneos/TacticalGo.build/Objects-normal/arm64/TacticalGo.swiftdoc /Users/pc49-58/.codex/worktrees/cozy-02-integration/TacticalGo/ios/Build/Products/Debug-iphoneos/TacticalGo.swiftmodule/arm64-apple-ios.swiftdoc

Copy /Users/pc49-58/.codex/worktrees/cozy-02-integration/TacticalGo/ios/Build/Products/Debug-iphoneos/TacticalGo.swiftmodule/arm64-apple-ios.abi.json /Users/pc49-58/.codex/worktrees/cozy-02-integration/TacticalGo/ios/Build/Intermediates.noindex/TacticalGo.build/Debug-iphoneos/TacticalGo.build/Objects-normal/arm64/TacticalGo.abi.json (in target 'TacticalGo' from project 'TacticalGo')
    cd /Users/pc49-58/.codex/worktrees/cozy-02-integration/TacticalGo/ios
    builtin-copy -exclude .DS_Store -exclude CVS -exclude .svn -exclude .git -exclude .hg -strip-unsigned-binaries -strip-deterministic -strip-tool /Applications/Xcode.app/Contents/Developer/Toolchains/XcodeDefault.xctoolchain/usr/bin/strip -resolve-src-symlinks -rename /Users/pc49-58/.codex/worktrees/cozy-02-integration/TacticalGo/ios/Build/Intermediates.noindex/TacticalGo.build/Debug-iphoneos/TacticalGo.build/Objects-normal/arm64/TacticalGo.abi.json /Users/pc49-58/.codex/worktrees/cozy-02-integration/TacticalGo/ios/Build/Products/Debug-iphoneos/TacticalGo.swiftmodule/arm64-apple-ios.abi.json

Copy /Users/pc49-58/.codex/worktrees/cozy-02-integration/TacticalGo/ios/Build/Products/Debug-iphoneos/TacticalGo.swiftmodule/Project/arm64-apple-ios.swiftsourceinfo /Users/pc49-58/.codex/worktrees/cozy-02-integration/TacticalGo/ios/Build/Intermediates.noindex/TacticalGo.build/Debug-iphoneos/TacticalGo.build/Objects-normal/arm64/TacticalGo.swiftsourceinfo (in target 'TacticalGo' from project 'TacticalGo')
    cd /Users/pc49-58/.codex/worktrees/cozy-02-integration/TacticalGo/ios
    builtin-copy -exclude .DS_Store -exclude CVS -exclude .svn -exclude .git -exclude .hg -strip-unsigned-binaries -strip-deterministic -strip-tool /Applications/Xcode.app/Contents/Developer/Toolchains/XcodeDefault.xctoolchain/usr/bin/strip -resolve-src-symlinks -rename /Users/pc49-58/.codex/worktrees/cozy-02-integration/TacticalGo/ios/Build/Intermediates.noindex/TacticalGo.build/Debug-iphoneos/TacticalGo.build/Objects-normal/arm64/TacticalGo.swiftsourceinfo /Users/pc49-58/.codex/worktrees/cozy-02-integration/TacticalGo/ios/Build/Products/Debug-iphoneos/TacticalGo.swiftmodule/Project/arm64-apple-ios.swiftsourceinfo

ProcessProductPackaging "" /Users/pc49-58/.codex/worktrees/cozy-02-integration/TacticalGo/ios/Build/Intermediates.noindex/TacticalGo.build/Debug-iphoneos/TacticalGoUITests.build/TacticalGoUITests.xctest.xcent (in target 'TacticalGoUITests' from project 'TacticalGo')
    cd /Users/pc49-58/.codex/worktrees/cozy-02-integration/TacticalGo/ios
    
    Entitlements:
    
    {
    "application-identifier" = "P358EB3X9H.com.tacticalgo.prototype.magem3.xctrunner";
    "com.apple.developer.team-identifier" = P358EB3X9H;
    "get-task-allow" = 1;
    "keychain-access-groups" =     (
        "P358EB3X9H.com.tacticalgo.prototype.magem3.xctrunner"
    );
}
    
    builtin-productPackagingUtility -entitlements -format xml -o /Users/pc49-58/.codex/worktrees/cozy-02-integration/TacticalGo/ios/Build/Intermediates.noindex/TacticalGo.build/Debug-iphoneos/TacticalGoUITests.build/TacticalGoUITests.xctest.xcent

ProcessProductPackagingDER /Users/pc49-58/.codex/worktrees/cozy-02-integration/TacticalGo/ios/Build/Intermediates.noindex/TacticalGo.build/Debug-iphoneos/TacticalGoUITests.build/TacticalGoUITests.xctest.xcent /Users/pc49-58/.codex/worktrees/cozy-02-integration/TacticalGo/ios/Build/Intermediates.noindex/TacticalGo.build/Debug-iphoneos/TacticalGoUITests.build/TacticalGoUITests.xctest.xcent.der (in target 'TacticalGoUITests' from project 'TacticalGo')
    cd /Users/pc49-58/.codex/worktrees/cozy-02-integration/TacticalGo/ios
    /usr/bin/derq query -f xml -i /Users/pc49-58/.codex/worktrees/cozy-02-integration/TacticalGo/ios/Build/Intermediates.noindex/TacticalGo.build/Debug-iphoneos/TacticalGoUITests.build/TacticalGoUITests.xctest.xcent -o /Users/pc49-58/.codex/worktrees/cozy-02-integration/TacticalGo/ios/Build/Intermediates.noindex/TacticalGo.build/Debug-iphoneos/TacticalGoUITests.build/TacticalGoUITests.xctest.xcent.der --raw

SwiftDriver TacticalGoUITests normal arm64 com.apple.xcode.tools.swift.compiler (in target 'TacticalGoUITests' from project 'TacticalGo')
    cd /Users/pc49-58/.codex/worktrees/cozy-02-integration/TacticalGo/ios
    builtin-SwiftDriver -- /Applications/Xcode.app/Contents/Developer/Toolchains/XcodeDefault.xctoolchain/usr/bin/swiftc -module-name TacticalGoUITests -O @/Users/pc49-58/.codex/worktrees/cozy-02-integration/TacticalGo/ios/Build/Intermediates.noindex/TacticalGo.build/Debug-iphoneos/TacticalGoUITests.build/Objects-normal/arm64/TacticalGoUITests.SwiftFileList -module-alias Testing\=_Testing_Unavailable -plugin-path /Applications/Xcode.app/Contents/Developer/Toolchains/XcodeDefault.xctoolchain/usr/lib/swift/host/plugins/testing -enable-experimental-feature DebugDescriptionMacro -sdk /Applications/Xcode.app/Contents/Developer/Platforms/iPhoneOS.platform/Developer/SDKs/iPhoneOS26.5.sdk -target arm64-apple-ios17.0 -g -module-cache-path /Users/pc49-58/.codex/worktrees/cozy-02-integration/TacticalGo/ios/MageM3DeviceBuild/ModuleCache.noindex -Xfrontend -serialize-debugging-options -enable-testing -swift-version 6 -I /Users/pc49-58/.codex/worktrees/cozy-02-integration/TacticalGo/ios/Build/Products/Debug-iphoneos -Isystem /Applications/Xcode.app/Contents/Developer/Platforms/iPhoneOS.platform/Developer/usr/lib -F /Users/pc49-58/.codex/worktrees/cozy-02-integration/TacticalGo/ios/Build/Products/Debug-iphoneos -F /Applications/Xcode.app/Contents/Developer/Platforms/iPhoneOS.platform/Developer/Library/Frameworks -F /Applications/Xcode.app/Contents/Developer/Platforms/iPhoneOS.platform/Developer/SDKs/iPhoneOS26.5.sdk/Developer/Library/Frameworks -c -j8 -enable-batch-mode -incremental -Xcc -ivfsstatcache -Xcc /Users/pc49-58/.codex/worktrees/cozy-02-integration/TacticalGo/ios/MageM3DeviceBuild/SDKStatCaches.noindex/iphoneos26.5-23F81a-32daed1954a7d5dd0789fcaf2a9bb78b.sdkstatcache -output-file-map /Users/pc49-58/.codex/worktrees/cozy-02-integration/TacticalGo/ios/Build/Intermediates.noindex/TacticalGo.build/Debug-iphoneos/TacticalGoUITests.build/Objects-normal/arm64/TacticalGoUITests-OutputFileMap.json -use-frontend-parseable-output -save-temps -no-color-diagnostics -explicit-module-build -module-cache-path /Users/pc49-58/.codex/worktrees/cozy-02-integration/TacticalGo/ios/Build/Intermediates.noindex/SwiftExplicitPrecompiledModules -clang-scanner-module-cache-path /Users/pc49-58/.codex/worktrees/cozy-02-integration/TacticalGo/ios/MageM3DeviceBuild/ModuleCache.noindex -sdk-module-cache-path /Users/pc49-58/.codex/worktrees/cozy-02-integration/TacticalGo/ios/MageM3DeviceBuild/ModuleCache.noindex -serialize-diagnostics -emit-dependencies -emit-module -emit-module-path /Users/pc49-58/.codex/worktrees/cozy-02-integration/TacticalGo/ios/Build/Intermediates.noindex/TacticalGo.build/Debug-iphoneos/TacticalGoUITests.build/Objects-normal/arm64/TacticalGoUITests.swiftmodule -validate-clang-modules-once -clang-build-session-file /Users/pc49-58/.codex/worktrees/cozy-02-integration/TacticalGo/ios/MageM3DeviceBuild/ModuleCache.noindex/Session.modulevalidation -Xcc -I/Users/pc49-58/.codex/worktrees/cozy-02-integration/TacticalGo/ios/Build/Intermediates.noindex/TacticalGo.build/Debug-iphoneos/TacticalGoUITests.build/swift-overrides.hmap -emit-const-values -Xfrontend -const-gather-protocols-file -Xfrontend /Users/pc49-58/.codex/worktrees/cozy-02-integration/TacticalGo/ios/Build/Intermediates.noindex/TacticalGo.build/Debug-iphoneos/TacticalGoUITests.build/Objects-normal/arm64/TacticalGoUITests_const_extract_protocols.json -Xcc -iquote -Xcc /Users/pc49-58/.codex/worktrees/cozy-02-integration/TacticalGo/ios/Build/Intermediates.noindex/TacticalGo.build/Debug-iphoneos/TacticalGoUITests.build/TacticalGoUITests-generated-files.hmap -Xcc -I/Users/pc49-58/.codex/worktrees/cozy-02-integration/TacticalGo/ios/Build/Intermediates.noindex/TacticalGo.build/Debug-iphoneos/TacticalGoUITests.build/TacticalGoUITests-own-target-headers.hmap -Xcc -I/Users/pc49-58/.codex/worktrees/cozy-02-integration/TacticalGo/ios/Build/Intermediates.noindex/TacticalGo.build/Debug-iphoneos/TacticalGoUITests.build/TacticalGoUITests-all-non-framework-target-headers.hmap -Xcc -ivfsoverlay -Xcc /Users/pc49-58/.codex/worktrees/cozy-02-integration/TacticalGo/ios/Build/Intermediates.noindex/TacticalGo.build/Debug-iphoneos/TacticalGo-32580fe5d0e5965bad977075ff1df9a9-VFS-iphoneos/all-product-headers.yaml -Xcc -iquote -Xcc /Users/pc49-58/.codex/worktrees/cozy-02-integration/TacticalGo/ios/Build/Intermediates.noindex/TacticalGo.build/Debug-iphoneos/TacticalGoUITests.build/TacticalGoUITests-project-headers.hmap -Xcc -I/Users/pc49-58/.codex/worktrees/cozy-02-integration/TacticalGo/ios/Build/Products/Debug-iphoneos/include -Xcc -I/Users/pc49-58/.codex/worktrees/cozy-02-integration/TacticalGo/ios/Build/Intermediates.noindex/TacticalGo.build/Debug-iphoneos/TacticalGoUITests.build/DerivedSources-normal/arm64 -Xcc -I/Users/pc49-58/.codex/worktrees/cozy-02-integration/TacticalGo/ios/Build/Intermediates.noindex/TacticalGo.build/Debug-iphoneos/TacticalGoUITests.build/DerivedSources/arm64 -Xcc -I/Users/pc49-58/.codex/worktrees/cozy-02-integration/TacticalGo/ios/Build/Intermediates.noindex/TacticalGo.build/Debug-iphoneos/TacticalGoUITests.build/DerivedSources -emit-objc-header -emit-objc-header-path /Users/pc49-58/.codex/worktrees/cozy-02-integration/TacticalGo/ios/Build/Intermediates.noindex/TacticalGo.build/Debug-iphoneos/TacticalGoUITests.build/Objects-normal/arm64/TacticalGoUITests-Swift.h -working-directory /Users/pc49-58/.codex/worktrees/cozy-02-integration/TacticalGo/ios -experimental-emit-module-separately -disable-cmo

SwiftDriverJobDiscovery normal arm64 Compiling ModelEffects.swift, MatchGallery.swift, GeneratedAssetSymbols.swift (in target 'TacticalGo' from project 'TacticalGo')

SwiftDriverJobDiscovery normal arm64 Compiling RecordLibraryView.swift, IntegratedAudioAudit.swift, CombatAudio.swift, GameVisualAssets.swift (in target 'TacticalGo' from project 'TacticalGo')

SwiftExplicitDependencyGeneratePcm arm64 /Users/pc49-58/.codex/worktrees/cozy-02-integration/TacticalGo/ios/MageM3DeviceBuild/ModuleCache.noindex/_Builtin_stdbool-54F8C5SH0BEDKG1J8E2WTV7UK.pcm

SwiftExplicitDependencyGeneratePcm arm64 /Users/pc49-58/.codex/worktrees/cozy-02-integration/TacticalGo/ios/MageM3DeviceBuild/ModuleCache.noindex/_Builtin_stddef-AXM9Z3ODPURL9E5G8PIUQSLGN.pcm

SwiftExplicitDependencyGeneratePcm arm64 /Users/pc49-58/.codex/worktrees/cozy-02-integration/TacticalGo/ios/MageM3DeviceBuild/ModuleCache.noindex/_Builtin_stdarg-1N6Y5ZTP9GSVYWU4QGHU3W52C.pcm

SwiftExplicitDependencyGeneratePcm arm64 /Users/pc49-58/.codex/worktrees/cozy-02-integration/TacticalGo/ios/MageM3DeviceBuild/ModuleCache.noindex/_SwiftConcurrencyShims-9JEY97PBZYSZ488BQP3EH4VO9.pcm

SwiftExplicitDependencyGeneratePcm arm64 /Users/pc49-58/.codex/worktrees/cozy-02-integration/TacticalGo/ios/MageM3DeviceBuild/ModuleCache.noindex/SwiftShims-D66WY5P4NMBOP9Z6KQVBBIW4J.pcm

SwiftExplicitDependencyGeneratePcm arm64 /Users/pc49-58/.codex/worktrees/cozy-02-integration/TacticalGo/ios/MageM3DeviceBuild/ModuleCache.noindex/DeveloperToolsSupport-CWNW23AE7FYCUUA85MHN6WT7E.pcm

SwiftExplicitDependencyGeneratePcm arm64 /Users/pc49-58/.codex/worktrees/cozy-02-integration/TacticalGo/ios/MageM3DeviceBuild/ModuleCache.noindex/ptrauth-2VU7F6KQWCNM7PEL47I39L37R.pcm

SwiftDriverJobDiscovery normal arm64 Compiling MagePoseReview.swift, MageBodyView.swift, CozyAudit.swift, CozyStyle.swift (in target 'TacticalGo' from project 'TacticalGo')

SwiftExplicitDependencyGeneratePcm arm64 /Users/pc49-58/.codex/worktrees/cozy-02-integration/TacticalGo/ios/MageM3DeviceBuild/ModuleCache.noindex/ptrcheck-CAE4ZRZXF9WAAE6OFTAWPXE4R.pcm

SwiftExplicitDependencyGeneratePcm arm64 /Users/pc49-58/.codex/worktrees/cozy-02-integration/TacticalGo/ios/MageM3DeviceBuild/ModuleCache.noindex/_AvailabilityInternal-41JW8UYPR18VLJSG69FDH538N.pcm

SwiftExplicitDependencyGeneratePcm arm64 /Users/pc49-58/.codex/worktrees/cozy-02-integration/TacticalGo/ios/MageM3DeviceBuild/ModuleCache.noindex/_Builtin_float-2KGHFURD4QQQSGERYSN3S32RL.pcm

SwiftExplicitDependencyGeneratePcm arm64 /Users/pc49-58/.codex/worktrees/cozy-02-integration/TacticalGo/ios/MageM3DeviceBuild/ModuleCache.noindex/_DarwinFoundation1-3FKOSP5ALFAWKQ9N7AI7YTIGM.pcm

SwiftExplicitDependencyGeneratePcm arm64 /Users/pc49-58/.codex/worktrees/cozy-02-integration/TacticalGo/ios/MageM3DeviceBuild/ModuleCache.noindex/_Builtin_limits-8LOPUBH97OIGBE3SHUXMW66WG.pcm

SwiftExplicitDependencyGeneratePcm arm64 /Users/pc49-58/.codex/worktrees/cozy-02-integration/TacticalGo/ios/MageM3DeviceBuild/ModuleCache.noindex/_DarwinFoundation2-EZP0D7RQS7EJ5KRYMGMTS4F9Q.pcm

SwiftExplicitDependencyGeneratePcm arm64 /Users/pc49-58/.codex/worktrees/cozy-02-integration/TacticalGo/ios/MageM3DeviceBuild/ModuleCache.noindex/_Builtin_stdint-726BQ7AUIN5O7U1RY7HH9XLEN.pcm

SwiftExplicitDependencyGeneratePcm arm64 /Users/pc49-58/.codex/worktrees/cozy-02-integration/TacticalGo/ios/MageM3DeviceBuild/ModuleCache.noindex/_Builtin_tgmath-BBN76TJLOP2HH6X8X1RZ5QQKJ.pcm

SwiftExplicitDependencyGeneratePcm arm64 /Users/pc49-58/.codex/worktrees/cozy-02-integration/TacticalGo/ios/MageM3DeviceBuild/ModuleCache.noindex/sys_types-1W0Z49EVRES9DHR42GKFD2K5F.pcm

SwiftExplicitDependencyGeneratePcm arm64 /Users/pc49-58/.codex/worktrees/cozy-02-integration/TacticalGo/ios/MageM3DeviceBuild/ModuleCache.noindex/_Builtin_intrinsics-DIKMAHCEHLC4OWQL0WCRA37KW.pcm

SwiftExplicitDependencyGeneratePcm arm64 /Users/pc49-58/.codex/worktrees/cozy-02-integration/TacticalGo/ios/MageM3DeviceBuild/ModuleCache.noindex/_DarwinFoundation3-EQDAA21A39IO3XZQADCX3P1JY.pcm

SwiftExplicitDependencyGeneratePcm arm64 /Users/pc49-58/.codex/worktrees/cozy-02-integration/TacticalGo/ios/MageM3DeviceBuild/ModuleCache.noindex/_Builtin_stdatomic-CFJJ3H9SKO3MDJGGQVM6BLCUC.pcm

SwiftExplicitDependencyGeneratePcm arm64 /Users/pc49-58/.codex/worktrees/cozy-02-integration/TacticalGo/ios/MageM3DeviceBuild/ModuleCache.noindex/_Builtin_inttypes-2P7NK23S632SKRGG6Q51Y546K.pcm

SwiftExplicitDependencyGeneratePcm arm64 /Users/pc49-58/.codex/worktrees/cozy-02-integration/TacticalGo/ios/MageM3DeviceBuild/ModuleCache.noindex/Darwin-7UCDXWPHTXGRCENOI4DF22EHZ.pcm

SwiftExplicitDependencyGeneratePcm arm64 /Users/pc49-58/.codex/worktrees/cozy-02-integration/TacticalGo/ios/MageM3DeviceBuild/ModuleCache.noindex/simd-3MRHLFMUCD65TXV6NK5FP5Q2E.pcm

SwiftExplicitDependencyGeneratePcm arm64 /Users/pc49-58/.codex/worktrees/cozy-02-integration/TacticalGo/ios/MageM3DeviceBuild/ModuleCache.noindex/ObjectiveC-C88JPWJ0X452FX6URF5TBCD6Y.pcm

SwiftExplicitDependencyGeneratePcm arm64 /Users/pc49-58/.codex/worktrees/cozy-02-integration/TacticalGo/ios/MageM3DeviceBuild/ModuleCache.noindex/MachO-26NS6YM1Y2CYN35Q28C8AJRIZ.pcm

SwiftExplicitDependencyGeneratePcm arm64 /Users/pc49-58/.codex/worktrees/cozy-02-integration/TacticalGo/ios/MageM3DeviceBuild/ModuleCache.noindex/os_object-DK8X3V55W8KBQQAAVC4POKBCL.pcm

SwiftExplicitDependencyGeneratePcm arm64 /Users/pc49-58/.codex/worktrees/cozy-02-integration/TacticalGo/ios/MageM3DeviceBuild/ModuleCache.noindex/os_workgroup-4305L3Z4EUBWKJCWCYING0BUM.pcm

SwiftExplicitDependencyGeneratePcm arm64 /Users/pc49-58/.codex/worktrees/cozy-02-integration/TacticalGo/ios/MageM3DeviceBuild/ModuleCache.noindex/Spatial-BIHW052FY7FYC1BE0RHDCZPG.pcm

SwiftExplicitDependencyGeneratePcm arm64 /Users/pc49-58/.codex/worktrees/cozy-02-integration/TacticalGo/ios/MageM3DeviceBuild/ModuleCache.noindex/Dispatch-7EQ63JYYZBKM9OPBF99Y11WL1.pcm

SwiftExplicitDependencyGeneratePcm arm64 /Users/pc49-58/.codex/worktrees/cozy-02-integration/TacticalGo/ios/MageM3DeviceBuild/ModuleCache.noindex/XPC-596WYUKFFDTXCAB9XRMY0PT8B.pcm

SwiftExplicitDependencyGeneratePcm arm64 /Users/pc49-58/.codex/worktrees/cozy-02-integration/TacticalGo/ios/MageM3DeviceBuild/ModuleCache.noindex/CoreFoundation-3UA7DLL0MD3DK7YF0VGSZ1T98.pcm

SwiftExplicitDependencyGeneratePcm arm64 /Users/pc49-58/.codex/worktrees/cozy-02-integration/TacticalGo/ios/MageM3DeviceBuild/ModuleCache.noindex/os-1TDOL5Y27K3BW6MUUOK089LLH.pcm

SwiftExplicitDependencyGeneratePcm arm64 /Users/pc49-58/.codex/worktrees/cozy-02-integration/TacticalGo/ios/MageM3DeviceBuild/ModuleCache.noindex/Security-83NB0AVBRAKJON4CD1VTY325F.pcm

SwiftExplicitDependencyGeneratePcm arm64 /Users/pc49-58/.codex/worktrees/cozy-02-integration/TacticalGo/ios/MageM3DeviceBuild/ModuleCache.noindex/CFNetwork-ETNR0AVLUPKBSSA6LE4V3780M.pcm

SwiftExplicitDependencyGeneratePcm arm64 /Users/pc49-58/.codex/worktrees/cozy-02-integration/TacticalGo/ios/MageM3DeviceBuild/ModuleCache.noindex/CoreGraphics-69HKEP8G1IE42O4W0F9Y4IJRN.pcm

SwiftExplicitDependencyGeneratePcm arm64 /Users/pc49-58/.codex/worktrees/cozy-02-integration/TacticalGo/ios/MageM3DeviceBuild/ModuleCache.noindex/Foundation-1F3G9D6EP6U3NX3UJ768XFS3Y.pcm

SwiftExplicitDependencyGeneratePcm arm64 /Users/pc49-58/.codex/worktrees/cozy-02-integration/TacticalGo/ios/MageM3DeviceBuild/ModuleCache.noindex/ImageIO-7V3Q45L8X7SD823BZBRWHKHOQ.pcm

SwiftExplicitDependencyGeneratePcm arm64 /Users/pc49-58/.codex/worktrees/cozy-02-integration/TacticalGo/ios/MageM3DeviceBuild/ModuleCache.noindex/CoreText-84F479HAVC10X143VBIBD07X7.pcm

SwiftDriverJobDiscovery normal arm64 Compiling AnimationGallery.swift, ModelExport.swift, ModelGeometry.swift (in target 'TacticalGo' from project 'TacticalGo')

SwiftExplicitDependencyGeneratePcm arm64 /Users/pc49-58/.codex/worktrees/cozy-02-integration/TacticalGo/ios/MageM3DeviceBuild/ModuleCache.noindex/Symbols-B20XOUZBBYRO9V10NG62IVA2J.pcm

SwiftExplicitDependencyGeneratePcm arm64 /Users/pc49-58/.codex/worktrees/cozy-02-integration/TacticalGo/ios/MageM3DeviceBuild/ModuleCache.noindex/IOSurface-MMGMT4S52OFAOACGFN6PMCLF.pcm

SwiftExplicitDependencyGeneratePcm arm64 /Users/pc49-58/.codex/worktrees/cozy-02-integration/TacticalGo/ios/MageM3DeviceBuild/ModuleCache.noindex/FileProvider-EA9H5VPVSJIZFREJXWS7U8NVF.pcm

SwiftExplicitDependencyGeneratePcm arm64 /Users/pc49-58/.codex/worktrees/cozy-02-integration/TacticalGo/ios/MageM3DeviceBuild/ModuleCache.noindex/UIUtilities-EST4CHQ9126A4EJ8SC2QRA7NS.pcm

SwiftExplicitDependencyGeneratePcm arm64 /Users/pc49-58/.codex/worktrees/cozy-02-integration/TacticalGo/ios/MageM3DeviceBuild/ModuleCache.noindex/OSLog-771IMPP0RBPPQAWSBVGM3L9X.pcm

SwiftExplicitDependencyGeneratePcm arm64 /Users/pc49-58/.codex/worktrees/cozy-02-integration/TacticalGo/ios/MageM3DeviceBuild/ModuleCache.noindex/Accessibility-47B40OAQS6VO8A18TWE347KT8.pcm

SwiftExplicitDependencyGeneratePcm arm64 /Users/pc49-58/.codex/worktrees/cozy-02-integration/TacticalGo/ios/MageM3DeviceBuild/ModuleCache.noindex/CoreTransferable-5TI0WMKON3VB25SXI1MCJ1THM.pcm

SwiftExplicitDependencyGeneratePcm arm64 /Users/pc49-58/.codex/worktrees/cozy-02-integration/TacticalGo/ios/MageM3DeviceBuild/ModuleCache.noindex/DataDetection-EWSODATXBOGLO1Q8HTUE32WVJ.pcm

SwiftExplicitDependencyGeneratePcm arm64 /Users/pc49-58/.codex/worktrees/cozy-02-integration/TacticalGo/ios/MageM3DeviceBuild/ModuleCache.noindex/UniformTypeIdentifiers-EILDFWMP0ZVH00IL0AQ6INSYL.pcm

SwiftExplicitDependencyGeneratePcm arm64 /Users/pc49-58/.codex/worktrees/cozy-02-integration/TacticalGo/ios/MageM3DeviceBuild/ModuleCache.noindex/UserNotifications-EYOCUPWTYGELUR9VIWCG55U48.pcm

SwiftExplicitDependencyGeneratePcm arm64 /Users/pc49-58/.codex/worktrees/cozy-02-integration/TacticalGo/ios/MageM3DeviceBuild/ModuleCache.noindex/OpenGLES-2NMF19G42NO59J1SYSLCAXLED.pcm

SwiftExplicitDependencyGeneratePcm arm64 /Users/pc49-58/.codex/worktrees/cozy-02-integration/TacticalGo/ios/MageM3DeviceBuild/ModuleCache.noindex/Metal-59MG28MX4ICKDJGJWHE3E5SDC.pcm

SwiftExplicitDependencyGeneratePcm arm64 /Users/pc49-58/.codex/worktrees/cozy-02-integration/TacticalGo/ios/MageM3DeviceBuild/ModuleCache.noindex/CoreVideo-EY7MCBQC53LN173ZAKBLPQ8J8.pcm

SwiftExplicitDependencyGeneratePcm arm64 /Users/pc49-58/.codex/worktrees/cozy-02-integration/TacticalGo/ios/MageM3DeviceBuild/ModuleCache.noindex/QuartzCore-7VRVTS9L2Z409CWQUX4EAW5OR.pcm

SwiftExplicitDependencyGeneratePcm arm64 /Users/pc49-58/.codex/worktrees/cozy-02-integration/TacticalGo/ios/MageM3DeviceBuild/ModuleCache.noindex/CoreImage-AFDT396X9TKOECNQX0757ZC9E.pcm

SwiftExplicitDependencyGeneratePcm arm64 /Users/pc49-58/.codex/worktrees/cozy-02-integration/TacticalGo/ios/MageM3DeviceBuild/ModuleCache.noindex/SwiftUICore-DI87JSSG5JISXGSL5OUEB3Q5V.pcm

SwiftExplicitDependencyGeneratePcm arm64 /Users/pc49-58/.codex/worktrees/cozy-02-integration/TacticalGo/ios/MageM3DeviceBuild/ModuleCache.noindex/UIKit-DJJGC8HA99HIFJ6X52AR356NE.pcm

SwiftExplicitDependencyGeneratePcm arm64 /Users/pc49-58/.codex/worktrees/cozy-02-integration/TacticalGo/ios/Build/Intermediates.noindex/SwiftExplicitPrecompiledModules/XCUIAutomation-8C1UQMEM65H9N1XN6TG5S83A2.pcm

SwiftExplicitDependencyCompileModuleFromInterface arm64 /Users/pc49-58/.codex/worktrees/cozy-02-integration/TacticalGo/ios/Build/Intermediates.noindex/SwiftExplicitPrecompiledModules/XCUIAutomation-1ZOHUOGJGJ6CW.swiftmodule

SwiftExplicitDependencyGeneratePcm arm64 /Users/pc49-58/.codex/worktrees/cozy-02-integration/TacticalGo/ios/Build/Intermediates.noindex/SwiftExplicitPrecompiledModules/XCTest-EKR2G2CIW81AD8VT873UV829O.pcm

SwiftExplicitDependencyCompileModuleFromInterface arm64 /Users/pc49-58/.codex/worktrees/cozy-02-integration/TacticalGo/ios/Build/Intermediates.noindex/SwiftExplicitPrecompiledModules/XCTest-2APPVP9J5NI78.swiftmodule

SwiftCompile normal arm64 Compiling\ BoardInteractionTests.swift /Users/pc49-58/.codex/worktrees/cozy-02-integration/TacticalGo/ios/TacticalGoUITests/BoardInteractionTests.swift (in target 'TacticalGoUITests' from project 'TacticalGo')

SwiftCompile normal arm64 /Users/pc49-58/.codex/worktrees/cozy-02-integration/TacticalGo/ios/TacticalGoUITests/BoardInteractionTests.swift (in target 'TacticalGoUITests' from project 'TacticalGo')
    cd /Users/pc49-58/.codex/worktrees/cozy-02-integration/TacticalGo/ios
    

SwiftEmitModule normal arm64 Emitting\ module\ for\ TacticalGoUITests (in target 'TacticalGoUITests' from project 'TacticalGo')

EmitSwiftModule normal arm64 (in target 'TacticalGoUITests' from project 'TacticalGo')
    cd /Users/pc49-58/.codex/worktrees/cozy-02-integration/TacticalGo/ios
    

SwiftCompile normal arm64 Compiling\ PlayableGameTests.swift /Users/pc49-58/.codex/worktrees/cozy-02-integration/TacticalGo/ios/TacticalGoUITests/PlayableGameTests.swift (in target 'TacticalGoUITests' from project 'TacticalGo')

SwiftCompile normal arm64 /Users/pc49-58/.codex/worktrees/cozy-02-integration/TacticalGo/ios/TacticalGoUITests/PlayableGameTests.swift (in target 'TacticalGoUITests' from project 'TacticalGo')
    cd /Users/pc49-58/.codex/worktrees/cozy-02-integration/TacticalGo/ios
    

SwiftDriverJobDiscovery normal arm64 Emitting module for TacticalGoUITests (in target 'TacticalGoUITests' from project 'TacticalGo')

SwiftDriver\ Compilation\ Requirements TacticalGoUITests normal arm64 com.apple.xcode.tools.swift.compiler (in target 'TacticalGoUITests' from project 'TacticalGo')
    cd /Users/pc49-58/.codex/worktrees/cozy-02-integration/TacticalGo/ios
    builtin-Swift-Compilation-Requirements -- /Applications/Xcode.app/Contents/Developer/Toolchains/XcodeDefault.xctoolchain/usr/bin/swiftc -module-name TacticalGoUITests -O @/Users/pc49-58/.codex/worktrees/cozy-02-integration/TacticalGo/ios/Build/Intermediates.noindex/TacticalGo.build/Debug-iphoneos/TacticalGoUITests.build/Objects-normal/arm64/TacticalGoUITests.SwiftFileList -module-alias Testing\=_Testing_Unavailable -plugin-path /Applications/Xcode.app/Contents/Developer/Toolchains/XcodeDefault.xctoolchain/usr/lib/swift/host/plugins/testing -enable-experimental-feature DebugDescriptionMacro -sdk /Applications/Xcode.app/Contents/Developer/Platforms/iPhoneOS.platform/Developer/SDKs/iPhoneOS26.5.sdk -target arm64-apple-ios17.0 -g -module-cache-path /Users/pc49-58/.codex/worktrees/cozy-02-integration/TacticalGo/ios/MageM3DeviceBuild/ModuleCache.noindex -Xfrontend -serialize-debugging-options -enable-testing -swift-version 6 -I /Users/pc49-58/.codex/worktrees/cozy-02-integration/TacticalGo/ios/Build/Products/Debug-iphoneos -Isystem /Applications/Xcode.app/Contents/Developer/Platforms/iPhoneOS.platform/Developer/usr/lib -F /Users/pc49-58/.codex/worktrees/cozy-02-integration/TacticalGo/ios/Build/Products/Debug-iphoneos -F /Applications/Xcode.app/Contents/Developer/Platforms/iPhoneOS.platform/Developer/Library/Frameworks -F /Applications/Xcode.app/Contents/Developer/Platforms/iPhoneOS.platform/Developer/SDKs/iPhoneOS26.5.sdk/Developer/Library/Frameworks -c -j8 -enable-batch-mode -incremental -Xcc -ivfsstatcache -Xcc /Users/pc49-58/.codex/worktrees/cozy-02-integration/TacticalGo/ios/MageM3DeviceBuild/SDKStatCaches.noindex/iphoneos26.5-23F81a-32daed1954a7d5dd0789fcaf2a9bb78b.sdkstatcache -output-file-map /Users/pc49-58/.codex/worktrees/cozy-02-integration/TacticalGo/ios/Build/Intermediates.noindex/TacticalGo.build/Debug-iphoneos/TacticalGoUITests.build/Objects-normal/arm64/TacticalGoUITests-OutputFileMap.json -use-frontend-parseable-output -save-temps -no-color-diagnostics -explicit-module-build -module-cache-path /Users/pc49-58/.codex/worktrees/cozy-02-integration/TacticalGo/ios/Build/Intermediates.noindex/SwiftExplicitPrecompiledModules -clang-scanner-module-cache-path /Users/pc49-58/.codex/worktrees/cozy-02-integration/TacticalGo/ios/MageM3DeviceBuild/ModuleCache.noindex -sdk-module-cache-path /Users/pc49-58/.codex/worktrees/cozy-02-integration/TacticalGo/ios/MageM3DeviceBuild/ModuleCache.noindex -serialize-diagnostics -emit-dependencies -emit-module -emit-module-path /Users/pc49-58/.codex/worktrees/cozy-02-integration/TacticalGo/ios/Build/Intermediates.noindex/TacticalGo.build/Debug-iphoneos/TacticalGoUITests.build/Objects-normal/arm64/TacticalGoUITests.swiftmodule -validate-clang-modules-once -clang-build-session-file /Users/pc49-58/.codex/worktrees/cozy-02-integration/TacticalGo/ios/MageM3DeviceBuild/ModuleCache.noindex/Session.modulevalidation -Xcc -I/Users/pc49-58/.codex/worktrees/cozy-02-integration/TacticalGo/ios/Build/Intermediates.noindex/TacticalGo.build/Debug-iphoneos/TacticalGoUITests.build/swift-overrides.hmap -emit-const-values -Xfrontend -const-gather-protocols-file -Xfrontend /Users/pc49-58/.codex/worktrees/cozy-02-integration/TacticalGo/ios/Build/Intermediates.noindex/TacticalGo.build/Debug-iphoneos/TacticalGoUITests.build/Objects-normal/arm64/TacticalGoUITests_const_extract_protocols.json -Xcc -iquote -Xcc /Users/pc49-58/.codex/worktrees/cozy-02-integration/TacticalGo/ios/Build/Intermediates.noindex/TacticalGo.build/Debug-iphoneos/TacticalGoUITests.build/TacticalGoUITests-generated-files.hmap -Xcc -I/Users/pc49-58/.codex/worktrees/cozy-02-integration/TacticalGo/ios/Build/Intermediates.noindex/TacticalGo.build/Debug-iphoneos/TacticalGoUITests.build/TacticalGoUITests-own-target-headers.hmap -Xcc -I/Users/pc49-58/.codex/worktrees/cozy-02-integration/TacticalGo/ios/Build/Intermediates.noindex/TacticalGo.build/Debug-iphoneos/TacticalGoUITests.build/TacticalGoUITests-all-non-framework-target-headers.hmap -Xcc -ivfsoverlay -Xcc /Users/pc49-58/.codex/worktrees/cozy-02-integration/TacticalGo/ios/Build/Intermediates.noindex/TacticalGo.build/Debug-iphoneos/TacticalGo-32580fe5d0e5965bad977075ff1df9a9-VFS-iphoneos/all-product-headers.yaml -Xcc -iquote -Xcc /Users/pc49-58/.codex/worktrees/cozy-02-integration/TacticalGo/ios/Build/Intermediates.noindex/TacticalGo.build/Debug-iphoneos/TacticalGoUITests.build/TacticalGoUITests-project-headers.hmap -Xcc -I/Users/pc49-58/.codex/worktrees/cozy-02-integration/TacticalGo/ios/Build/Products/Debug-iphoneos/include -Xcc -I/Users/pc49-58/.codex/worktrees/cozy-02-integration/TacticalGo/ios/Build/Intermediates.noindex/TacticalGo.build/Debug-iphoneos/TacticalGoUITests.build/DerivedSources-normal/arm64 -Xcc -I/Users/pc49-58/.codex/worktrees/cozy-02-integration/TacticalGo/ios/Build/Intermediates.noindex/TacticalGo.build/Debug-iphoneos/TacticalGoUITests.build/DerivedSources/arm64 -Xcc -I/Users/pc49-58/.codex/worktrees/cozy-02-integration/TacticalGo/ios/Build/Intermediates.noindex/TacticalGo.build/Debug-iphoneos/TacticalGoUITests.build/DerivedSources -emit-objc-header -emit-objc-header-path /Users/pc49-58/.codex/worktrees/cozy-02-integration/TacticalGo/ios/Build/Intermediates.noindex/TacticalGo.build/Debug-iphoneos/TacticalGoUITests.build/Objects-normal/arm64/TacticalGoUITests-Swift.h -working-directory /Users/pc49-58/.codex/worktrees/cozy-02-integration/TacticalGo/ios -experimental-emit-module-separately -disable-cmo

Copy /Users/pc49-58/.codex/worktrees/cozy-02-integration/TacticalGo/ios/Build/Products/Debug-iphoneos/TacticalGoUITests.swiftmodule/arm64-apple-ios.swiftmodule /Users/pc49-58/.codex/worktrees/cozy-02-integration/TacticalGo/ios/Build/Intermediates.noindex/TacticalGo.build/Debug-iphoneos/TacticalGoUITests.build/Objects-normal/arm64/TacticalGoUITests.swiftmodule (in target 'TacticalGoUITests' from project 'TacticalGo')
    cd /Users/pc49-58/.codex/worktrees/cozy-02-integration/TacticalGo/ios
    builtin-copy -exclude .DS_Store -exclude CVS -exclude .svn -exclude .git -exclude .hg -strip-unsigned-binaries -strip-deterministic -strip-tool /Applications/Xcode.app/Contents/Developer/Toolchains/XcodeDefault.xctoolchain/usr/bin/strip -resolve-src-symlinks -rename /Users/pc49-58/.codex/worktrees/cozy-02-integration/TacticalGo/ios/Build/Intermediates.noindex/TacticalGo.build/Debug-iphoneos/TacticalGoUITests.build/Objects-normal/arm64/TacticalGoUITests.swiftmodule /Users/pc49-58/.codex/worktrees/cozy-02-integration/TacticalGo/ios/Build/Products/Debug-iphoneos/TacticalGoUITests.swiftmodule/arm64-apple-ios.swiftmodule

Copy /Users/pc49-58/.codex/worktrees/cozy-02-integration/TacticalGo/ios/Build/Products/Debug-iphoneos/TacticalGoUITests.swiftmodule/arm64-apple-ios.abi.json /Users/pc49-58/.codex/worktrees/cozy-02-integration/TacticalGo/ios/Build/Intermediates.noindex/TacticalGo.build/Debug-iphoneos/TacticalGoUITests.build/Objects-normal/arm64/TacticalGoUITests.abi.json (in target 'TacticalGoUITests' from project 'TacticalGo')
    cd /Users/pc49-58/.codex/worktrees/cozy-02-integration/TacticalGo/ios
    builtin-copy -exclude .DS_Store -exclude CVS -exclude .svn -exclude .git -exclude .hg -strip-unsigned-binaries -strip-deterministic -strip-tool /Applications/Xcode.app/Contents/Developer/Toolchains/XcodeDefault.xctoolchain/usr/bin/strip -resolve-src-symlinks -rename /Users/pc49-58/.codex/worktrees/cozy-02-integration/TacticalGo/ios/Build/Intermediates.noindex/TacticalGo.build/Debug-iphoneos/TacticalGoUITests.build/Objects-normal/arm64/TacticalGoUITests.abi.json /Users/pc49-58/.codex/worktrees/cozy-02-integration/TacticalGo/ios/Build/Products/Debug-iphoneos/TacticalGoUITests.swiftmodule/arm64-apple-ios.abi.json

Copy /Users/pc49-58/.codex/worktrees/cozy-02-integration/TacticalGo/ios/Build/Products/Debug-iphoneos/TacticalGoUITests.swiftmodule/Project/arm64-apple-ios.swiftsourceinfo /Users/pc49-58/.codex/worktrees/cozy-02-integration/TacticalGo/ios/Build/Intermediates.noindex/TacticalGo.build/Debug-iphoneos/TacticalGoUITests.build/Objects-normal/arm64/TacticalGoUITests.swiftsourceinfo (in target 'TacticalGoUITests' from project 'TacticalGo')
    cd /Users/pc49-58/.codex/worktrees/cozy-02-integration/TacticalGo/ios
    builtin-copy -exclude .DS_Store -exclude CVS -exclude .svn -exclude .git -exclude .hg -strip-unsigned-binaries -strip-deterministic -strip-tool /Applications/Xcode.app/Contents/Developer/Toolchains/XcodeDefault.xctoolchain/usr/bin/strip -resolve-src-symlinks -rename /Users/pc49-58/.codex/worktrees/cozy-02-integration/TacticalGo/ios/Build/Intermediates.noindex/TacticalGo.build/Debug-iphoneos/TacticalGoUITests.build/Objects-normal/arm64/TacticalGoUITests.swiftsourceinfo /Users/pc49-58/.codex/worktrees/cozy-02-integration/TacticalGo/ios/Build/Products/Debug-iphoneos/TacticalGoUITests.swiftmodule/Project/arm64-apple-ios.swiftsourceinfo

SwiftDriverJobDiscovery normal arm64 Compiling CozyBoard.swift, Anim01Assets.swift, OnboardingView.swift, R2LabView.swift (in target 'TacticalGo' from project 'TacticalGo')

SwiftDriverJobDiscovery normal arm64 Compiling ContentView.swift, ModelBoard.swift, BoardPlayback.swift, ModelMotion.swift (in target 'TacticalGo' from project 'TacticalGo')

SwiftDriverJobDiscovery normal arm64 Compiling BoardInteractionTests.swift (in target 'TacticalGoUITests' from project 'TacticalGo')

SwiftDriverJobDiscovery normal arm64 Compiling PlayableGameTests.swift (in target 'TacticalGoUITests' from project 'TacticalGo')

SwiftDriver\ Compilation TacticalGoUITests normal arm64 com.apple.xcode.tools.swift.compiler (in target 'TacticalGoUITests' from project 'TacticalGo')
    cd /Users/pc49-58/.codex/worktrees/cozy-02-integration/TacticalGo/ios
    builtin-Swift-Compilation -- /Applications/Xcode.app/Contents/Developer/Toolchains/XcodeDefault.xctoolchain/usr/bin/swiftc -module-name TacticalGoUITests -O @/Users/pc49-58/.codex/worktrees/cozy-02-integration/TacticalGo/ios/Build/Intermediates.noindex/TacticalGo.build/Debug-iphoneos/TacticalGoUITests.build/Objects-normal/arm64/TacticalGoUITests.SwiftFileList -module-alias Testing\=_Testing_Unavailable -plugin-path /Applications/Xcode.app/Contents/Developer/Toolchains/XcodeDefault.xctoolchain/usr/lib/swift/host/plugins/testing -enable-experimental-feature DebugDescriptionMacro -sdk /Applications/Xcode.app/Contents/Developer/Platforms/iPhoneOS.platform/Developer/SDKs/iPhoneOS26.5.sdk -target arm64-apple-ios17.0 -g -module-cache-path /Users/pc49-58/.codex/worktrees/cozy-02-integration/TacticalGo/ios/MageM3DeviceBuild/ModuleCache.noindex -Xfrontend -serialize-debugging-options -enable-testing -swift-version 6 -I /Users/pc49-58/.codex/worktrees/cozy-02-integration/TacticalGo/ios/Build/Products/Debug-iphoneos -Isystem /Applications/Xcode.app/Contents/Developer/Platforms/iPhoneOS.platform/Developer/usr/lib -F /Users/pc49-58/.codex/worktrees/cozy-02-integration/TacticalGo/ios/Build/Products/Debug-iphoneos -F /Applications/Xcode.app/Contents/Developer/Platforms/iPhoneOS.platform/Developer/Library/Frameworks -F /Applications/Xcode.app/Contents/Developer/Platforms/iPhoneOS.platform/Developer/SDKs/iPhoneOS26.5.sdk/Developer/Library/Frameworks -c -j8 -enable-batch-mode -incremental -Xcc -ivfsstatcache -Xcc /Users/pc49-58/.codex/worktrees/cozy-02-integration/TacticalGo/ios/MageM3DeviceBuild/SDKStatCaches.noindex/iphoneos26.5-23F81a-32daed1954a7d5dd0789fcaf2a9bb78b.sdkstatcache -output-file-map /Users/pc49-58/.codex/worktrees/cozy-02-integration/TacticalGo/ios/Build/Intermediates.noindex/TacticalGo.build/Debug-iphoneos/TacticalGoUITests.build/Objects-normal/arm64/TacticalGoUITests-OutputFileMap.json -use-frontend-parseable-output -save-temps -no-color-diagnostics -explicit-module-build -module-cache-path /Users/pc49-58/.codex/worktrees/cozy-02-integration/TacticalGo/ios/Build/Intermediates.noindex/SwiftExplicitPrecompiledModules -clang-scanner-module-cache-path /Users/pc49-58/.codex/worktrees/cozy-02-integration/TacticalGo/ios/MageM3DeviceBuild/ModuleCache.noindex -sdk-module-cache-path /Users/pc49-58/.codex/worktrees/cozy-02-integration/TacticalGo/ios/MageM3DeviceBuild/ModuleCache.noindex -serialize-diagnostics -emit-dependencies -emit-module -emit-module-path /Users/pc49-58/.codex/worktrees/cozy-02-integration/TacticalGo/ios/Build/Intermediates.noindex/TacticalGo.build/Debug-iphoneos/TacticalGoUITests.build/Objects-normal/arm64/TacticalGoUITests.swiftmodule -validate-clang-modules-once -clang-build-session-file /Users/pc49-58/.codex/worktrees/cozy-02-integration/TacticalGo/ios/MageM3DeviceBuild/ModuleCache.noindex/Session.modulevalidation -Xcc -I/Users/pc49-58/.codex/worktrees/cozy-02-integration/TacticalGo/ios/Build/Intermediates.noindex/TacticalGo.build/Debug-iphoneos/TacticalGoUITests.build/swift-overrides.hmap -emit-const-values -Xfrontend -const-gather-protocols-file -Xfrontend /Users/pc49-58/.codex/worktrees/cozy-02-integration/TacticalGo/ios/Build/Intermediates.noindex/TacticalGo.build/Debug-iphoneos/TacticalGoUITests.build/Objects-normal/arm64/TacticalGoUITests_const_extract_protocols.json -Xcc -iquote -Xcc /Users/pc49-58/.codex/worktrees/cozy-02-integration/TacticalGo/ios/Build/Intermediates.noindex/TacticalGo.build/Debug-iphoneos/TacticalGoUITests.build/TacticalGoUITests-generated-files.hmap -Xcc -I/Users/pc49-58/.codex/worktrees/cozy-02-integration/TacticalGo/ios/Build/Intermediates.noindex/TacticalGo.build/Debug-iphoneos/TacticalGoUITests.build/TacticalGoUITests-own-target-headers.hmap -Xcc -I/Users/pc49-58/.codex/worktrees/cozy-02-integration/TacticalGo/ios/Build/Intermediates.noindex/TacticalGo.build/Debug-iphoneos/TacticalGoUITests.build/TacticalGoUITests-all-non-framework-target-headers.hmap -Xcc -ivfsoverlay -Xcc /Users/pc49-58/.codex/worktrees/cozy-02-integration/TacticalGo/ios/Build/Intermediates.noindex/TacticalGo.build/Debug-iphoneos/TacticalGo-32580fe5d0e5965bad977075ff1df9a9-VFS-iphoneos/all-product-headers.yaml -Xcc -iquote -Xcc /Users/pc49-58/.codex/worktrees/cozy-02-integration/TacticalGo/ios/Build/Intermediates.noindex/TacticalGo.build/Debug-iphoneos/TacticalGoUITests.build/TacticalGoUITests-project-headers.hmap -Xcc -I/Users/pc49-58/.codex/worktrees/cozy-02-integration/TacticalGo/ios/Build/Products/Debug-iphoneos/include -Xcc -I/Users/pc49-58/.codex/worktrees/cozy-02-integration/TacticalGo/ios/Build/Intermediates.noindex/TacticalGo.build/Debug-iphoneos/TacticalGoUITests.build/DerivedSources-normal/arm64 -Xcc -I/Users/pc49-58/.codex/worktrees/cozy-02-integration/TacticalGo/ios/Build/Intermediates.noindex/TacticalGo.build/Debug-iphoneos/TacticalGoUITests.build/DerivedSources/arm64 -Xcc -I/Users/pc49-58/.codex/worktrees/cozy-02-integration/TacticalGo/ios/Build/Intermediates.noindex/TacticalGo.build/Debug-iphoneos/TacticalGoUITests.build/DerivedSources -emit-objc-header -emit-objc-header-path /Users/pc49-58/.codex/worktrees/cozy-02-integration/TacticalGo/ios/Build/Intermediates.noindex/TacticalGo.build/Debug-iphoneos/TacticalGoUITests.build/Objects-normal/arm64/TacticalGoUITests-Swift.h -working-directory /Users/pc49-58/.codex/worktrees/cozy-02-integration/TacticalGo/ios -experimental-emit-module-separately -disable-cmo

SwiftDriverJobDiscovery normal arm64 Compiling PlayableGameView.swift, TacticalGoApp.swift, GameStore.swift, BoardViews.swift (in target 'TacticalGo' from project 'TacticalGo')

SwiftDriver\ Compilation TacticalGo normal arm64 com.apple.xcode.tools.swift.compiler (in target 'TacticalGo' from project 'TacticalGo')
    cd /Users/pc49-58/.codex/worktrees/cozy-02-integration/TacticalGo/ios
    builtin-Swift-Compilation -- /Applications/Xcode.app/Contents/Developer/Toolchains/XcodeDefault.xctoolchain/usr/bin/swiftc -module-name TacticalGo -Onone @/Users/pc49-58/.codex/worktrees/cozy-02-integration/TacticalGo/ios/Build/Intermediates.noindex/TacticalGo.build/Debug-iphoneos/TacticalGo.build/Objects-normal/arm64/TacticalGo.SwiftFileList -DDEBUG -enable-experimental-feature DebugDescriptionMacro -sdk /Applications/Xcode.app/Contents/Developer/Platforms/iPhoneOS.platform/Developer/SDKs/iPhoneOS26.5.sdk -target arm64-apple-ios17.0 -g -module-cache-path /Users/pc49-58/.codex/worktrees/cozy-02-integration/TacticalGo/ios/MageM3DeviceBuild/ModuleCache.noindex -Xfrontend -serialize-debugging-options -enable-testing -index-store-path /Users/pc49-58/.codex/worktrees/cozy-02-integration/TacticalGo/ios/MageM3DeviceBuild/Index.noindex/DataStore -swift-version 6 -I /Users/pc49-58/.codex/worktrees/cozy-02-integration/TacticalGo/ios/Build/Products/Debug-iphoneos -F /Users/pc49-58/.codex/worktrees/cozy-02-integration/TacticalGo/ios/Build/Products/Debug-iphoneos/PackageFrameworks -F /Users/pc49-58/.codex/worktrees/cozy-02-integration/TacticalGo/ios/Build/Products/Debug-iphoneos/PackageFrameworks -F /Users/pc49-58/.codex/worktrees/cozy-02-integration/TacticalGo/ios/Build/Products/Debug-iphoneos/PackageFrameworks -F /Users/pc49-58/.codex/worktrees/cozy-02-integration/TacticalGo/ios/Build/Products/Debug-iphoneos/PackageFrameworks -F /Users/pc49-58/.codex/worktrees/cozy-02-integration/TacticalGo/ios/Build/Products/Debug-iphoneos/PackageFrameworks -F /Users/pc49-58/.codex/worktrees/cozy-02-integration/TacticalGo/ios/Build/Products/Debug-iphoneos/PackageFrameworks -F /Users/pc49-58/.codex/worktrees/cozy-02-integration/TacticalGo/ios/Build/Products/Debug-iphoneos -c -j8 -enable-batch-mode -incremental -Xcc -ivfsstatcache -Xcc /Users/pc49-58/.codex/worktrees/cozy-02-integration/TacticalGo/ios/MageM3DeviceBuild/SDKStatCaches.noindex/iphoneos26.5-23F81a-32daed1954a7d5dd0789fcaf2a9bb78b.sdkstatcache -output-file-map /Users/pc49-58/.codex/worktrees/cozy-02-integration/TacticalGo/ios/Build/Intermediates.noindex/TacticalGo.build/Debug-iphoneos/TacticalGo.build/Objects-normal/arm64/TacticalGo-OutputFileMap.json -use-frontend-parseable-output -save-temps -no-color-diagnostics -explicit-module-build -module-cache-path /Users/pc49-58/.codex/worktrees/cozy-02-integration/TacticalGo/ios/Build/Intermediates.noindex/SwiftExplicitPrecompiledModules -clang-scanner-module-cache-path /Users/pc49-58/.codex/worktrees/cozy-02-integration/TacticalGo/ios/MageM3DeviceBuild/ModuleCache.noindex -sdk-module-cache-path /Users/pc49-58/.codex/worktrees/cozy-02-integration/TacticalGo/ios/MageM3DeviceBuild/ModuleCache.noindex -serialize-diagnostics -emit-dependencies -emit-module -emit-module-path /Users/pc49-58/.codex/worktrees/cozy-02-integration/TacticalGo/ios/Build/Intermediates.noindex/TacticalGo.build/Debug-iphoneos/TacticalGo.build/Objects-normal/arm64/TacticalGo.swiftmodule -validate-clang-modules-once -clang-build-session-file /Users/pc49-58/.codex/worktrees/cozy-02-integration/TacticalGo/ios/MageM3DeviceBuild/ModuleCache.noindex/Session.modulevalidation -Xcc -I/Users/pc49-58/.codex/worktrees/cozy-02-integration/TacticalGo/ios/Build/Intermediates.noindex/TacticalGo.build/Debug-iphoneos/TacticalGo.build/swift-overrides.hmap -emit-const-values -Xfrontend -const-gather-protocols-file -Xfrontend /Users/pc49-58/.codex/worktrees/cozy-02-integration/TacticalGo/ios/Build/Intermediates.noindex/TacticalGo.build/Debug-iphoneos/TacticalGo.build/Objects-normal/arm64/TacticalGo_const_extract_protocols.json -Xcc -iquote -Xcc /Users/pc49-58/.codex/worktrees/cozy-02-integration/TacticalGo/ios/Build/Intermediates.noindex/TacticalGo.build/Debug-iphoneos/TacticalGo.build/TacticalGo-generated-files.hmap -Xcc -I/Users/pc49-58/.codex/worktrees/cozy-02-integration/TacticalGo/ios/Build/Intermediates.noindex/TacticalGo.build/Debug-iphoneos/TacticalGo.build/TacticalGo-own-target-headers.hmap -Xcc -I/Users/pc49-58/.codex/worktrees/cozy-02-integration/TacticalGo/ios/Build/Intermediates.noindex/TacticalGo.build/Debug-iphoneos/TacticalGo.build/TacticalGo-all-non-framework-target-headers.hmap -Xcc -ivfsoverlay -Xcc /Users/pc49-58/.codex/worktrees/cozy-02-integration/TacticalGo/ios/Build/Intermediates.noindex/TacticalGo.build/Debug-iphoneos/TacticalGo-32580fe5d0e5965bad977075ff1df9a9-VFS-iphoneos/all-product-headers.yaml -Xcc -iquote -Xcc /Users/pc49-58/.codex/worktrees/cozy-02-integration/TacticalGo/ios/Build/Intermediates.noindex/TacticalGo.build/Debug-iphoneos/TacticalGo.build/TacticalGo-project-headers.hmap -Xcc -I/Users/pc49-58/.codex/worktrees/cozy-02-integration/TacticalGo/ios/Build/Products/Debug-iphoneos/include -Xcc -I/Users/pc49-58/.codex/worktrees/cozy-02-integration/TacticalGo/ios/Build/Intermediates.noindex/TacticalGo.build/Debug-iphoneos/TacticalGo.build/DerivedSources-normal/arm64 -Xcc -I/Users/pc49-58/.codex/worktrees/cozy-02-integration/TacticalGo/ios/Build/Intermediates.noindex/TacticalGo.build/Debug-iphoneos/TacticalGo.build/DerivedSources/arm64 -Xcc -I/Users/pc49-58/.codex/worktrees/cozy-02-integration/TacticalGo/ios/Build/Intermediates.noindex/TacticalGo.build/Debug-iphoneos/TacticalGo.build/DerivedSources -emit-objc-header -emit-objc-header-path /Users/pc49-58/.codex/worktrees/cozy-02-integration/TacticalGo/ios/Build/Intermediates.noindex/TacticalGo.build/Debug-iphoneos/TacticalGo.build/Objects-normal/arm64/TacticalGo-Swift.h -working-directory /Users/pc49-58/.codex/worktrees/cozy-02-integration/TacticalGo/ios -experimental-emit-module-separately -disable-cmo

Ld /Users/pc49-58/.codex/worktrees/cozy-02-integration/TacticalGo/ios/Build/Products/Debug-iphoneos/TacticalGo.app/TacticalGo.debug.dylib normal (in target 'TacticalGo' from project 'TacticalGo')
    cd /Users/pc49-58/.codex/worktrees/cozy-02-integration/TacticalGo/ios
    /Applications/Xcode.app/Contents/Developer/Toolchains/XcodeDefault.xctoolchain/usr/bin/clang -Xlinker -reproducible -target arm64-apple-ios17.0 -dynamiclib -isysroot /Applications/Xcode.app/Contents/Developer/Platforms/iPhoneOS.platform/Developer/SDKs/iPhoneOS26.5.sdk -Os -L/Users/pc49-58/.codex/worktrees/cozy-02-integration/TacticalGo/ios/Build/Intermediates.noindex/EagerLinkingTBDs/Debug-iphoneos -L/Users/pc49-58/.codex/worktrees/cozy-02-integration/TacticalGo/ios/Build/Products/Debug-iphoneos -F/Users/pc49-58/.codex/worktrees/cozy-02-integration/TacticalGo/ios/Build/Intermediates.noindex/EagerLinkingTBDs/Debug-iphoneos -F/Users/pc49-58/.codex/worktrees/cozy-02-integration/TacticalGo/ios/Build/Products/Debug-iphoneos/PackageFrameworks -F/Users/pc49-58/.codex/worktrees/cozy-02-integration/TacticalGo/ios/Build/Products/Debug-iphoneos/PackageFrameworks -F/Users/pc49-58/.codex/worktrees/cozy-02-integration/TacticalGo/ios/Build/Products/Debug-iphoneos/PackageFrameworks -F/Users/pc49-58/.codex/worktrees/cozy-02-integration/TacticalGo/ios/Build/Products/Debug-iphoneos/PackageFrameworks -F/Users/pc49-58/.codex/worktrees/cozy-02-integration/TacticalGo/ios/Build/Products/Debug-iphoneos/PackageFrameworks -F/Users/pc49-58/.codex/worktrees/cozy-02-integration/TacticalGo/ios/Build/Products/Debug-iphoneos/PackageFrameworks -F/Users/pc49-58/.codex/worktrees/cozy-02-integration/TacticalGo/ios/Build/Products/Debug-iphoneos -filelist /Users/pc49-58/.codex/worktrees/cozy-02-integration/TacticalGo/ios/Build/Intermediates.noindex/TacticalGo.build/Debug-iphoneos/TacticalGo.build/Objects-normal/arm64/TacticalGo.LinkFileList -install_name @rpath/TacticalGo.debug.dylib -Xlinker -rpath -Xlinker /usr/lib/swift -Xlinker -rpath -Xlinker /Users/pc49-58/.codex/worktrees/cozy-02-integration/TacticalGo/ios/Build/Products/Debug-iphoneos/PackageFrameworks -Xlinker -dead_strip -Xlinker -object_path_lto -Xlinker /Users/pc49-58/.codex/worktrees/cozy-02-integration/TacticalGo/ios/Build/Intermediates.noindex/TacticalGo.build/Debug-iphoneos/TacticalGo.build/Objects-normal/arm64/TacticalGo_lto.o -rdynamic -Xlinker -dependency_info -Xlinker /Users/pc49-58/.codex/worktrees/cozy-02-integration/TacticalGo/ios/Build/Intermediates.noindex/TacticalGo.build/Debug-iphoneos/TacticalGo.build/Objects-normal/arm64/TacticalGo_dependency_info.dat -fobjc-link-runtime -L/Applications/Xcode.app/Contents/Developer/Toolchains/XcodeDefault.xctoolchain/usr/lib/swift/iphoneos -L/usr/lib/swift -Xlinker -add_ast_path -Xlinker /Users/pc49-58/.codex/worktrees/cozy-02-integration/TacticalGo/ios/Build/Intermediates.noindex/TacticalGo.build/Debug-iphoneos/TacticalGo.build/Objects-normal/arm64/TacticalGo.swiftmodule @/Users/pc49-58/.codex/worktrees/cozy-02-integration/TacticalGo/ios/Build/Intermediates.noindex/TacticalGo.build/Debug-iphoneos/TacticalGo.build/Objects-normal/arm64/TacticalGo-linker-args.resp -Wl,-no_warn_duplicate_libraries -Wl,-no_warn_duplicate_libraries -Wl,-no_warn_duplicate_libraries -Wl,-no_warn_duplicate_libraries -Wl,-no_warn_duplicate_libraries -Wl,-no_warn_duplicate_libraries -Xlinker -alias -Xlinker _main -Xlinker ___debug_main_executable_dylib_entry_point -Xlinker -no_adhoc_codesign -o /Users/pc49-58/.codex/worktrees/cozy-02-integration/TacticalGo/ios/Build/Products/Debug-iphoneos/TacticalGo.app/TacticalGo.debug.dylib -Xlinker -add_ast_path -Xlinker /Users/pc49-58/.codex/worktrees/cozy-02-integration/TacticalGo/ios/Build/Intermediates.noindex/TacticalGoCore.build/Debug-iphoneos/TacticalGoOnboarding.build/Objects-normal/arm64/TacticalGoOnboarding.swiftmodule @/Users/pc49-58/.codex/worktrees/cozy-02-integration/TacticalGo/ios/Build/Intermediates.noindex/TacticalGoCore.build/Debug-iphoneos/TacticalGoOnboarding.build/Objects-normal/arm64/TacticalGoOnboarding-linker-args.resp -Xlinker -add_ast_path -Xlinker /Users/pc49-58/.codex/worktrees/cozy-02-integration/TacticalGo/ios/Build/Intermediates.noindex/TacticalGoCore.build/Debug-iphoneos/TacticalGoCore.build/Objects-normal/arm64/TacticalGoCore.swiftmodule @/Users/pc49-58/.codex/worktrees/cozy-02-integration/TacticalGo/ios/Build/Intermediates.noindex/TacticalGoCore.build/Debug-iphoneos/TacticalGoCore.build/Objects-normal/arm64/TacticalGoCore-linker-args.resp -Xlinker -add_ast_path -Xlinker /Users/pc49-58/.codex/worktrees/cozy-02-integration/TacticalGo/ios/Build/Intermediates.noindex/TacticalGoCore.build/Debug-iphoneos/TacticalGoRecords.build/Objects-normal/arm64/TacticalGoRecords.swiftmodule @/Users/pc49-58/.codex/worktrees/cozy-02-integration/TacticalGo/ios/Build/Intermediates.noindex/TacticalGoCore.build/Debug-iphoneos/TacticalGoRecords.build/Objects-normal/arm64/TacticalGoRecords-linker-args.resp -Xlinker -add_ast_path -Xlinker /Users/pc49-58/.codex/worktrees/cozy-02-integration/TacticalGo/ios/Build/Intermediates.noindex/TacticalGoCore.build/Debug-iphoneos/TacticalGoBot.build/Objects-normal/arm64/TacticalGoBot.swiftmodule @/Users/pc49-58/.codex/worktrees/cozy-02-integration/TacticalGo/ios/Build/Intermediates.noindex/TacticalGoCore.build/Debug-iphoneos/TacticalGoBot.build/Objects-normal/arm64/TacticalGoBot-linker-args.resp -Xlinker -add_ast_path -Xlinker /Users/pc49-58/.codex/worktrees/cozy-02-integration/TacticalGo/ios/Build/Intermediates.noindex/TacticalGoCore.build/Debug-iphoneos/TacticalGoVisuals.build/Objects-normal/arm64/TacticalGoVisuals.swiftmodule @/Users/pc49-58/.codex/worktrees/cozy-02-integration/TacticalGo/ios/Build/Intermediates.noindex/TacticalGoCore.build/Debug-iphoneos/TacticalGoVisuals.build/Objects-normal/arm64/TacticalGoVisuals-linker-args.resp -Xlinker -add_ast_path -Xlinker /Users/pc49-58/.codex/worktrees/cozy-02-integration/TacticalGo/ios/Build/Intermediates.noindex/TacticalGoCore.build/Debug-iphoneos/TacticalGoMotion.build/Objects-normal/arm64/TacticalGoMotion.swiftmodule @/Users/pc49-58/.codex/worktrees/cozy-02-integration/TacticalGo/ios/Build/Intermediates.noindex/TacticalGoCore.build/Debug-iphoneos/TacticalGoMotion.build/Objects-normal/arm64/TacticalGoMotion-linker-args.resp

ConstructStubExecutorLinkFileList /Users/pc49-58/.codex/worktrees/cozy-02-integration/TacticalGo/ios/Build/Intermediates.noindex/TacticalGo.build/Debug-iphoneos/TacticalGo.build/TacticalGo-ExecutorLinkFileList-normal-arm64.txt (in target 'TacticalGo' from project 'TacticalGo')
    cd /Users/pc49-58/.codex/worktrees/cozy-02-integration/TacticalGo/ios
    construct-stub-executor-link-file-list /Users/pc49-58/.codex/worktrees/cozy-02-integration/TacticalGo/ios/Build/Products/Debug-iphoneos/TacticalGo.app/TacticalGo.debug.dylib /Applications/Xcode.app/Contents/Developer/Platforms/iPhoneOS.platform/Developer/usr/lib/libPreviewsJITStubExecutor_no_swift_entry_point.a /Applications/Xcode.app/Contents/Developer/Platforms/iPhoneOS.platform/Developer/usr/lib/libPreviewsJITStubExecutor.a --output /Users/pc49-58/.codex/worktrees/cozy-02-integration/TacticalGo/ios/Build/Intermediates.noindex/TacticalGo.build/Debug-iphoneos/TacticalGo.build/TacticalGo-ExecutorLinkFileList-normal-arm64.txt
note: Using stub executor library with Swift entry point. (in target 'TacticalGo' from project 'TacticalGo')

GenerateDSYMFile /Users/pc49-58/.codex/worktrees/cozy-02-integration/TacticalGo/ios/Build/Products/Debug-iphoneos/TacticalGo.app.dSYM /Users/pc49-58/.codex/worktrees/cozy-02-integration/TacticalGo/ios/Build/Products/Debug-iphoneos/TacticalGo.app/TacticalGo.debug.dylib (in target 'TacticalGo' from project 'TacticalGo')
    cd /Users/pc49-58/.codex/worktrees/cozy-02-integration/TacticalGo/ios
    /Applications/Xcode.app/Contents/Developer/Toolchains/XcodeDefault.xctoolchain/usr/bin/dsymutil /Users/pc49-58/.codex/worktrees/cozy-02-integration/TacticalGo/ios/Build/Products/Debug-iphoneos/TacticalGo.app/TacticalGo.debug.dylib -o /Users/pc49-58/.codex/worktrees/cozy-02-integration/TacticalGo/ios/Build/Products/Debug-iphoneos/TacticalGo.app.dSYM

Ld /Users/pc49-58/.codex/worktrees/cozy-02-integration/TacticalGo/ios/Build/Products/Debug-iphoneos/TacticalGo.app/TacticalGo normal (in target 'TacticalGo' from project 'TacticalGo')
    cd /Users/pc49-58/.codex/worktrees/cozy-02-integration/TacticalGo/ios
    /Applications/Xcode.app/Contents/Developer/Toolchains/XcodeDefault.xctoolchain/usr/bin/clang -Xlinker -reproducible -target arm64-apple-ios17.0 -isysroot /Applications/Xcode.app/Contents/Developer/Platforms/iPhoneOS.platform/Developer/SDKs/iPhoneOS26.5.sdk -Os -L/Users/pc49-58/.codex/worktrees/cozy-02-integration/TacticalGo/ios/Build/Products/Debug-iphoneos -F/Users/pc49-58/.codex/worktrees/cozy-02-integration/TacticalGo/ios/Build/Products/Debug-iphoneos/PackageFrameworks -F/Users/pc49-58/.codex/worktrees/cozy-02-integration/TacticalGo/ios/Build/Products/Debug-iphoneos/PackageFrameworks -F/Users/pc49-58/.codex/worktrees/cozy-02-integration/TacticalGo/ios/Build/Products/Debug-iphoneos/PackageFrameworks -F/Users/pc49-58/.codex/worktrees/cozy-02-integration/TacticalGo/ios/Build/Products/Debug-iphoneos/PackageFrameworks -F/Users/pc49-58/.codex/worktrees/cozy-02-integration/TacticalGo/ios/Build/Products/Debug-iphoneos/PackageFrameworks -F/Users/pc49-58/.codex/worktrees/cozy-02-integration/TacticalGo/ios/Build/Products/Debug-iphoneos/PackageFrameworks -F/Users/pc49-58/.codex/worktrees/cozy-02-integration/TacticalGo/ios/Build/Products/Debug-iphoneos -Xlinker -rpath -Xlinker @executable_path -Xlinker -rpath -Xlinker /Users/pc49-58/.codex/worktrees/cozy-02-integration/TacticalGo/ios/Build/Products/Debug-iphoneos/PackageFrameworks -rdynamic -e ___debug_blank_executor_main -Xlinker -sectcreate -Xlinker __TEXT -Xlinker __debug_dylib -Xlinker /Users/pc49-58/.codex/worktrees/cozy-02-integration/TacticalGo/ios/Build/Intermediates.noindex/TacticalGo.build/Debug-iphoneos/TacticalGo.build/TacticalGo-DebugDylibPath-normal-arm64.txt -Xlinker -sectcreate -Xlinker __TEXT -Xlinker __debug_instlnm -Xlinker /Users/pc49-58/.codex/worktrees/cozy-02-integration/TacticalGo/ios/Build/Intermediates.noindex/TacticalGo.build/Debug-iphoneos/TacticalGo.build/TacticalGo-DebugDylibInstallName-normal-arm64.txt -Xlinker -filelist -Xlinker /Users/pc49-58/.codex/worktrees/cozy-02-integration/TacticalGo/ios/Build/Intermediates.noindex/TacticalGo.build/Debug-iphoneos/TacticalGo.build/TacticalGo-ExecutorLinkFileList-normal-arm64.txt /Users/pc49-58/.codex/worktrees/cozy-02-integration/TacticalGo/ios/Build/Products/Debug-iphoneos/TacticalGo.app/TacticalGo.debug.dylib -Xlinker -no_adhoc_codesign -o /Users/pc49-58/.codex/worktrees/cozy-02-integration/TacticalGo/ios/Build/Products/Debug-iphoneos/TacticalGo.app/TacticalGo

GenerateDSYMFile /Users/pc49-58/.codex/worktrees/cozy-02-integration/TacticalGo/ios/Build/Products/Debug-iphoneos/TacticalGo.app.dSYM /Users/pc49-58/.codex/worktrees/cozy-02-integration/TacticalGo/ios/Build/Products/Debug-iphoneos/TacticalGo.app/TacticalGo (in target 'TacticalGo' from project 'TacticalGo')
    cd /Users/pc49-58/.codex/worktrees/cozy-02-integration/TacticalGo/ios
    /Applications/Xcode.app/Contents/Developer/Toolchains/XcodeDefault.xctoolchain/usr/bin/dsymutil -q /Users/pc49-58/.codex/worktrees/cozy-02-integration/TacticalGo/ios/Build/Products/Debug-iphoneos/TacticalGo.app/TacticalGo -o /Users/pc49-58/.codex/worktrees/cozy-02-integration/TacticalGo/ios/Build/Products/Debug-iphoneos/TacticalGo.app.dSYM

CopySwiftLibs /Users/pc49-58/.codex/worktrees/cozy-02-integration/TacticalGo/ios/Build/Products/Debug-iphoneos/TacticalGo.app (in target 'TacticalGo' from project 'TacticalGo')
    cd /Users/pc49-58/.codex/worktrees/cozy-02-integration/TacticalGo/ios
    builtin-swiftStdLibTool --copy --verbose --sign 8BFAC3C712376BE44F8856D9A3E70A5578A2D9E1 --scan-executable /Users/pc49-58/.codex/worktrees/cozy-02-integration/TacticalGo/ios/Build/Products/Debug-iphoneos/TacticalGo.app/TacticalGo.debug.dylib --scan-folder /Users/pc49-58/.codex/worktrees/cozy-02-integration/TacticalGo/ios/Build/Products/Debug-iphoneos/TacticalGo.app/Frameworks --scan-folder /Users/pc49-58/.codex/worktrees/cozy-02-integration/TacticalGo/ios/Build/Products/Debug-iphoneos/TacticalGo.app/PlugIns --scan-folder /Users/pc49-58/.codex/worktrees/cozy-02-integration/TacticalGo/ios/Build/Products/Debug-iphoneos/TacticalGo.app/SystemExtensions --scan-folder /Users/pc49-58/.codex/worktrees/cozy-02-integration/TacticalGo/ios/Build/Products/Debug-iphoneos/TacticalGo.app/Extensions --platform iphoneos --toolchain /Applications/Xcode.app/Contents/Developer/Toolchains/XcodeDefault.xctoolchain --destination /Users/pc49-58/.codex/worktrees/cozy-02-integration/TacticalGo/ios/Build/Products/Debug-iphoneos/TacticalGo.app/Frameworks --strip-bitcode --strip-bitcode-tool /Applications/Xcode.app/Contents/Developer/Toolchains/XcodeDefault.xctoolchain/usr/bin/bitcode_strip --emit-dependency-info /Users/pc49-58/.codex/worktrees/cozy-02-integration/TacticalGo/ios/Build/Intermediates.noindex/TacticalGo.build/Debug-iphoneos/TacticalGo.build/SwiftStdLibToolInputDependencies.dep --filter-for-swift-os --back-deploy-swift-span

ExtractAppIntentsMetadata (in target 'TacticalGo' from project 'TacticalGo')
    cd /Users/pc49-58/.codex/worktrees/cozy-02-integration/TacticalGo/ios
    /Applications/Xcode.app/Contents/Developer/Toolchains/XcodeDefault.xctoolchain/usr/bin/appintentsmetadataprocessor --toolchain-dir /Applications/Xcode.app/Contents/Developer/Toolchains/XcodeDefault.xctoolchain --module-name TacticalGo --sdk-root /Applications/Xcode.app/Contents/Developer/Platforms/iPhoneOS.platform/Developer/SDKs/iPhoneOS26.5.sdk --xcode-version 17F113 --platform-family iOS --deployment-target 17.0 --bundle-identifier com.tacticalgo.prototype.magem3 --output /Users/pc49-58/.codex/worktrees/cozy-02-integration/TacticalGo/ios/Build/Products/Debug-iphoneos/TacticalGo.app --target-triple arm64-apple-ios17.0 --binary-file /Users/pc49-58/.codex/worktrees/cozy-02-integration/TacticalGo/ios/Build/Products/Debug-iphoneos/TacticalGo.app/TacticalGo --dependency-file /Users/pc49-58/.codex/worktrees/cozy-02-integration/TacticalGo/ios/Build/Intermediates.noindex/TacticalGo.build/Debug-iphoneos/TacticalGo.build/Objects-normal/arm64/TacticalGo_dependency_info.dat --stringsdata-file /Users/pc49-58/.codex/worktrees/cozy-02-integration/TacticalGo/ios/Build/Intermediates.noindex/TacticalGo.build/Debug-iphoneos/TacticalGo.build/Objects-normal/arm64/ExtractedAppShortcutsMetadata.stringsdata --source-file-list /Users/pc49-58/.codex/worktrees/cozy-02-integration/TacticalGo/ios/Build/Intermediates.noindex/TacticalGo.build/Debug-iphoneos/TacticalGo.build/Objects-normal/arm64/TacticalGo.SwiftFileList --metadata-file-list /Users/pc49-58/.codex/worktrees/cozy-02-integration/TacticalGo/ios/Build/Intermediates.noindex/TacticalGo.build/Debug-iphoneos/TacticalGo.build/TacticalGo.DependencyMetadataFileList --static-metadata-file-list /Users/pc49-58/.codex/worktrees/cozy-02-integration/TacticalGo/ios/Build/Intermediates.noindex/TacticalGo.build/Debug-iphoneos/TacticalGo.build/TacticalGo.DependencyStaticMetadataFileList --swift-const-vals-list /Users/pc49-58/.codex/worktrees/cozy-02-integration/TacticalGo/ios/Build/Intermediates.noindex/TacticalGo.build/Debug-iphoneos/TacticalGo.build/Objects-normal/arm64/TacticalGo.SwiftConstValuesFileList --compile-time-extraction --deployment-aware-processing --validate-assistant-intents --no-app-shortcuts-localization
2026-10-10 16:17:22.583 appintentsmetadataprocessor[798:1255746] Starting appintentsmetadataprocessor export
2026-10-10 16:17:22.590 appintentsmetadataprocessor[798:1255746] warning: Metadata extraction skipped. No AppIntents.framework dependency found.

AppIntentsSSUTraining (in target 'TacticalGo' from project 'TacticalGo')
    cd /Users/pc49-58/.codex/worktrees/cozy-02-integration/TacticalGo/ios
    /Applications/Xcode.app/Contents/Developer/Toolchains/XcodeDefault.xctoolchain/usr/bin/appintentsnltrainingprocessor --infoplist-path /Users/pc49-58/.codex/worktrees/cozy-02-integration/TacticalGo/ios/Build/Products/Debug-iphoneos/TacticalGo.app/Info.plist --temp-dir-path /Users/pc49-58/.codex/worktrees/cozy-02-integration/TacticalGo/ios/Build/Intermediates.noindex/TacticalGo.build/Debug-iphoneos/TacticalGo.build/ssu --bundle-id com.tacticalgo.prototype.magem3 --product-path /Users/pc49-58/.codex/worktrees/cozy-02-integration/TacticalGo/ios/Build/Products/Debug-iphoneos/TacticalGo.app --extracted-metadata-path /Users/pc49-58/.codex/worktrees/cozy-02-integration/TacticalGo/ios/Build/Products/Debug-iphoneos/TacticalGo.app/Metadata.appintents --metadata-file-list /Users/pc49-58/.codex/worktrees/cozy-02-integration/TacticalGo/ios/Build/Intermediates.noindex/TacticalGo.build/Debug-iphoneos/TacticalGo.build/TacticalGo.DependencyMetadataFileList --source-file /Users/pc49-58/.codex/worktrees/cozy-02-integration/TacticalGo/ios/Build/Products/Debug-iphoneos/TacticalGo.app/Info.plist --archive-ssu-assets
2026-10-10 16:17:22.627 appintentsnltrainingprocessor[799:1255755] Parsing options for appintentsnltrainingprocessor
2026-10-10 16:17:22.628 appintentsnltrainingprocessor[799:1255755] Starting AppIntents SSU YAML Generation
2026-10-10 16:17:22.631 appintentsnltrainingprocessor[799:1255755] No AppShortcuts found - Skipping.

CodeSign /Users/pc49-58/.codex/worktrees/cozy-02-integration/TacticalGo/ios/Build/Products/Debug-iphoneos/TacticalGo.app/TacticalGo.debug.dylib (in target 'TacticalGo' from project 'TacticalGo')
    cd /Users/pc49-58/.codex/worktrees/cozy-02-integration/TacticalGo/ios
    
    Signing Identity:     "Apple Development: reiko0099+tw@gmail.com (MZ3K4WBZ69)"
    Provisioning Profile: "iOS Team Provisioning Profile: *"
                          (0464b3f2-ea73-4b9a-a0c7-d029f29c1151)
    
    /usr/bin/codesign --force --sign 8BFAC3C712376BE44F8856D9A3E70A5578A2D9E1 --timestamp\=none --generate-entitlement-der /Users/pc49-58/.codex/worktrees/cozy-02-integration/TacticalGo/ios/Build/Products/Debug-iphoneos/TacticalGo.app/TacticalGo.debug.dylib

CodeSign /Users/pc49-58/.codex/worktrees/cozy-02-integration/TacticalGo/ios/Build/Products/Debug-iphoneos/TacticalGo.app/__preview.dylib (in target 'TacticalGo' from project 'TacticalGo')
    cd /Users/pc49-58/.codex/worktrees/cozy-02-integration/TacticalGo/ios
    
    Signing Identity:     "Apple Development: reiko0099+tw@gmail.com (MZ3K4WBZ69)"
    Provisioning Profile: "iOS Team Provisioning Profile: *"
                          (0464b3f2-ea73-4b9a-a0c7-d029f29c1151)
    
    /usr/bin/codesign --force --sign 8BFAC3C712376BE44F8856D9A3E70A5578A2D9E1 --timestamp\=none --generate-entitlement-der /Users/pc49-58/.codex/worktrees/cozy-02-integration/TacticalGo/ios/Build/Products/Debug-iphoneos/TacticalGo.app/__preview.dylib
/Users/pc49-58/.codex/worktrees/cozy-02-integration/TacticalGo/ios/Build/Products/Debug-iphoneos/TacticalGo.app/__preview.dylib: replacing existing signature

CodeSign /Users/pc49-58/.codex/worktrees/cozy-02-integration/TacticalGo/ios/Build/Products/Debug-iphoneos/TacticalGo.app (in target 'TacticalGo' from project 'TacticalGo')
    cd /Users/pc49-58/.codex/worktrees/cozy-02-integration/TacticalGo/ios
    
    Signing Identity:     "Apple Development: reiko0099+tw@gmail.com (MZ3K4WBZ69)"
    Provisioning Profile: "iOS Team Provisioning Profile: *"
                          (0464b3f2-ea73-4b9a-a0c7-d029f29c1151)
    
    /usr/bin/codesign --force --sign 8BFAC3C712376BE44F8856D9A3E70A5578A2D9E1 --entitlements /Users/pc49-58/.codex/worktrees/cozy-02-integration/TacticalGo/ios/Build/Intermediates.noindex/TacticalGo.build/Debug-iphoneos/TacticalGo.build/TacticalGo.app.xcent --timestamp\=none --generate-entitlement-der /Users/pc49-58/.codex/worktrees/cozy-02-integration/TacticalGo/ios/Build/Products/Debug-iphoneos/TacticalGo.app

Validate /Users/pc49-58/.codex/worktrees/cozy-02-integration/TacticalGo/ios/Build/Products/Debug-iphoneos/TacticalGo.app (in target 'TacticalGo' from project 'TacticalGo')
    cd /Users/pc49-58/.codex/worktrees/cozy-02-integration/TacticalGo/ios
    builtin-validationUtility /Users/pc49-58/.codex/worktrees/cozy-02-integration/TacticalGo/ios/Build/Products/Debug-iphoneos/TacticalGo.app -shallow-bundle -infoplist-subpath Info.plist

Ld /Users/pc49-58/.codex/worktrees/cozy-02-integration/TacticalGo/ios/Build/Products/Debug-iphoneos/TacticalGoUITests-Runner.app/PlugIns/TacticalGoUITests.xctest/TacticalGoUITests normal (in target 'TacticalGoUITests' from project 'TacticalGo')
    cd /Users/pc49-58/.codex/worktrees/cozy-02-integration/TacticalGo/ios
    /Applications/Xcode.app/Contents/Developer/Toolchains/XcodeDefault.xctoolchain/usr/bin/clang -Xlinker -reproducible -target arm64-apple-ios17.0 -bundle -isysroot /Applications/Xcode.app/Contents/Developer/Platforms/iPhoneOS.platform/Developer/SDKs/iPhoneOS26.5.sdk -Os -L/Users/pc49-58/.codex/worktrees/cozy-02-integration/TacticalGo/ios/Build/Intermediates.noindex/EagerLinkingTBDs/Debug-iphoneos -L/Users/pc49-58/.codex/worktrees/cozy-02-integration/TacticalGo/ios/Build/Products/Debug-iphoneos -L/Applications/Xcode.app/Contents/Developer/Platforms/iPhoneOS.platform/Developer/usr/lib -F/Users/pc49-58/.codex/worktrees/cozy-02-integration/TacticalGo/ios/Build/Intermediates.noindex/EagerLinkingTBDs/Debug-iphoneos -F/Users/pc49-58/.codex/worktrees/cozy-02-integration/TacticalGo/ios/Build/Products/Debug-iphoneos -iframework /Applications/Xcode.app/Contents/Developer/Platforms/iPhoneOS.platform/Developer/Library/Frameworks -iframework /Applications/Xcode.app/Contents/Developer/Platforms/iPhoneOS.platform/Developer/SDKs/iPhoneOS26.5.sdk/Developer/Library/Frameworks -filelist /Users/pc49-58/.codex/worktrees/cozy-02-integration/TacticalGo/ios/Build/Intermediates.noindex/TacticalGo.build/Debug-iphoneos/TacticalGoUITests.build/Objects-normal/arm64/TacticalGoUITests.LinkFileList -Xlinker -rpath -Xlinker /usr/lib/swift -Xlinker -rpath -Xlinker @loader_path/Frameworks -Xlinker -dead_strip -Xlinker -object_path_lto -Xlinker /Users/pc49-58/.codex/worktrees/cozy-02-integration/TacticalGo/ios/Build/Intermediates.noindex/TacticalGo.build/Debug-iphoneos/TacticalGoUITests.build/Objects-normal/arm64/TacticalGoUITests_lto.o -rdynamic -Xlinker -dependency_info -Xlinker /Users/pc49-58/.codex/worktrees/cozy-02-integration/TacticalGo/ios/Build/Intermediates.noindex/TacticalGo.build/Debug-iphoneos/TacticalGoUITests.build/Objects-normal/arm64/TacticalGoUITests_dependency_info.dat -fobjc-link-runtime -L/Applications/Xcode.app/Contents/Developer/Toolchains/XcodeDefault.xctoolchain/usr/lib/swift/iphoneos -L/usr/lib/swift -Xlinker -add_ast_path -Xlinker /Users/pc49-58/.codex/worktrees/cozy-02-integration/TacticalGo/ios/Build/Intermediates.noindex/TacticalGo.build/Debug-iphoneos/TacticalGoUITests.build/Objects-normal/arm64/TacticalGoUITests.swiftmodule @/Users/pc49-58/.codex/worktrees/cozy-02-integration/TacticalGo/ios/Build/Intermediates.noindex/TacticalGo.build/Debug-iphoneos/TacticalGoUITests.build/Objects-normal/arm64/TacticalGoUITests-linker-args.resp -Xlinker -needed_framework -Xlinker XCTest -framework XCTest -Xlinker -needed-lXCTestSwiftSupport -lXCTestSwiftSupport -Xlinker -no_adhoc_codesign -o /Users/pc49-58/.codex/worktrees/cozy-02-integration/TacticalGo/ios/Build/Products/Debug-iphoneos/TacticalGoUITests-Runner.app/PlugIns/TacticalGoUITests.xctest/TacticalGoUITests

ProcessInfoPlistFile /Users/pc49-58/.codex/worktrees/cozy-02-integration/TacticalGo/ios/Build/Products/Debug-iphoneos/TacticalGoUITests-Runner.app/PlugIns/TacticalGoUITests.xctest/Info.plist /Users/pc49-58/.codex/worktrees/cozy-02-integration/TacticalGo/ios/Build/Intermediates.noindex/TacticalGo.build/Debug-iphoneos/TacticalGoUITests.build/empty-TacticalGoUITests.plist (in target 'TacticalGoUITests' from project 'TacticalGo')
    cd /Users/pc49-58/.codex/worktrees/cozy-02-integration/TacticalGo/ios
    builtin-infoPlistUtility /Users/pc49-58/.codex/worktrees/cozy-02-integration/TacticalGo/ios/Build/Intermediates.noindex/TacticalGo.build/Debug-iphoneos/TacticalGoUITests.build/empty-TacticalGoUITests.plist -producttype com.apple.product-type.bundle.ui-testing -expandbuildsettings -format binary -platform iphoneos -additionalcontentfile /Users/pc49-58/.codex/worktrees/cozy-02-integration/TacticalGo/ios/Build/Intermediates.noindex/TacticalGo.build/Debug-iphoneos/TacticalGoUITests.build/ProductTypeInfoPlistAdditions.plist -requiredArchitecture arm64 -o /Users/pc49-58/.codex/worktrees/cozy-02-integration/TacticalGo/ios/Build/Products/Debug-iphoneos/TacticalGoUITests-Runner.app/PlugIns/TacticalGoUITests.xctest/Info.plist

GenerateDSYMFile /Users/pc49-58/.codex/worktrees/cozy-02-integration/TacticalGo/ios/Build/Products/Debug-iphoneos/TacticalGoUITests-Runner.app/PlugIns/TacticalGoUITests.xctest.dSYM /Users/pc49-58/.codex/worktrees/cozy-02-integration/TacticalGo/ios/Build/Products/Debug-iphoneos/TacticalGoUITests-Runner.app/PlugIns/TacticalGoUITests.xctest/TacticalGoUITests (in target 'TacticalGoUITests' from project 'TacticalGo')
    cd /Users/pc49-58/.codex/worktrees/cozy-02-integration/TacticalGo/ios
    /Applications/Xcode.app/Contents/Developer/Toolchains/XcodeDefault.xctoolchain/usr/bin/dsymutil /Users/pc49-58/.codex/worktrees/cozy-02-integration/TacticalGo/ios/Build/Products/Debug-iphoneos/TacticalGoUITests-Runner.app/PlugIns/TacticalGoUITests.xctest/TacticalGoUITests -o /Users/pc49-58/.codex/worktrees/cozy-02-integration/TacticalGo/ios/Build/Products/Debug-iphoneos/TacticalGoUITests-Runner.app/PlugIns/TacticalGoUITests.xctest.dSYM

ExtractAppIntentsMetadata (in target 'TacticalGoUITests' from project 'TacticalGo')
    cd /Users/pc49-58/.codex/worktrees/cozy-02-integration/TacticalGo/ios
    /Applications/Xcode.app/Contents/Developer/Toolchains/XcodeDefault.xctoolchain/usr/bin/appintentsmetadataprocessor --toolchain-dir /Applications/Xcode.app/Contents/Developer/Toolchains/XcodeDefault.xctoolchain --module-name TacticalGoUITests --sdk-root /Applications/Xcode.app/Contents/Developer/Platforms/iPhoneOS.platform/Developer/SDKs/iPhoneOS26.5.sdk --xcode-version 17F113 --platform-family iOS --deployment-target 17.0 --bundle-identifier com.tacticalgo.prototype.magem3 --output /Users/pc49-58/.codex/worktrees/cozy-02-integration/TacticalGo/ios/Build/Products/Debug-iphoneos/TacticalGoUITests-Runner.app/PlugIns/TacticalGoUITests.xctest --target-triple arm64-apple-ios17.0 --binary-file /Users/pc49-58/.codex/worktrees/cozy-02-integration/TacticalGo/ios/Build/Products/Debug-iphoneos/TacticalGoUITests-Runner.app/PlugIns/TacticalGoUITests.xctest/TacticalGoUITests --dependency-file /Users/pc49-58/.codex/worktrees/cozy-02-integration/TacticalGo/ios/Build/Intermediates.noindex/TacticalGo.build/Debug-iphoneos/TacticalGoUITests.build/Objects-normal/arm64/TacticalGoUITests_dependency_info.dat --stringsdata-file /Users/pc49-58/.codex/worktrees/cozy-02-integration/TacticalGo/ios/Build/Intermediates.noindex/TacticalGo.build/Debug-iphoneos/TacticalGoUITests.build/Objects-normal/arm64/ExtractedAppShortcutsMetadata.stringsdata --source-file-list /Users/pc49-58/.codex/worktrees/cozy-02-integration/TacticalGo/ios/Build/Intermediates.noindex/TacticalGo.build/Debug-iphoneos/TacticalGoUITests.build/Objects-normal/arm64/TacticalGoUITests.SwiftFileList --metadata-file-list /Users/pc49-58/.codex/worktrees/cozy-02-integration/TacticalGo/ios/Build/Intermediates.noindex/TacticalGo.build/Debug-iphoneos/TacticalGoUITests.build/TacticalGoUITests.DependencyMetadataFileList --static-metadata-file-list /Users/pc49-58/.codex/worktrees/cozy-02-integration/TacticalGo/ios/Build/Intermediates.noindex/TacticalGo.build/Debug-iphoneos/TacticalGoUITests.build/TacticalGoUITests.DependencyStaticMetadataFileList --swift-const-vals-list /Users/pc49-58/.codex/worktrees/cozy-02-integration/TacticalGo/ios/Build/Intermediates.noindex/TacticalGo.build/Debug-iphoneos/TacticalGoUITests.build/Objects-normal/arm64/TacticalGoUITests.SwiftConstValuesFileList --compile-time-extraction --deployment-aware-processing --validate-assistant-intents --no-app-shortcuts-localization
2026-10-10 16:17:23.310 appintentsmetadataprocessor[810:1255798] Starting appintentsmetadataprocessor export
2026-10-10 16:17:23.311 appintentsmetadataprocessor[810:1255798] warning: Metadata extraction skipped. No AppIntents.framework dependency found.

CopySwiftLibs /Users/pc49-58/.codex/worktrees/cozy-02-integration/TacticalGo/ios/Build/Products/Debug-iphoneos/TacticalGoUITests-Runner.app/PlugIns/TacticalGoUITests.xctest (in target 'TacticalGoUITests' from project 'TacticalGo')
    cd /Users/pc49-58/.codex/worktrees/cozy-02-integration/TacticalGo/ios
    builtin-swiftStdLibTool --copy --verbose --sign 8BFAC3C712376BE44F8856D9A3E70A5578A2D9E1 --scan-executable /Users/pc49-58/.codex/worktrees/cozy-02-integration/TacticalGo/ios/Build/Products/Debug-iphoneos/TacticalGoUITests-Runner.app/PlugIns/TacticalGoUITests.xctest/TacticalGoUITests --scan-folder /Users/pc49-58/.codex/worktrees/cozy-02-integration/TacticalGo/ios/Build/Products/Debug-iphoneos/TacticalGoUITests-Runner.app/PlugIns/TacticalGoUITests.xctest/Frameworks --scan-folder /Users/pc49-58/.codex/worktrees/cozy-02-integration/TacticalGo/ios/Build/Products/Debug-iphoneos/TacticalGoUITests-Runner.app/PlugIns/TacticalGoUITests.xctest/PlugIns --scan-folder /Users/pc49-58/.codex/worktrees/cozy-02-integration/TacticalGo/ios/Build/Products/Debug-iphoneos/TacticalGoUITests-Runner.app/PlugIns/TacticalGoUITests.xctest/SystemExtensions --scan-folder /Users/pc49-58/.codex/worktrees/cozy-02-integration/TacticalGo/ios/Build/Products/Debug-iphoneos/TacticalGoUITests-Runner.app/PlugIns/TacticalGoUITests.xctest/Extensions --platform iphoneos --toolchain /Applications/Xcode.app/Contents/Developer/Toolchains/XcodeDefault.xctoolchain --destination /Users/pc49-58/.codex/worktrees/cozy-02-integration/TacticalGo/ios/Build/Products/Debug-iphoneos/TacticalGoUITests-Runner.app/PlugIns/TacticalGoUITests.xctest/Frameworks --strip-bitcode --scan-executable /Applications/Xcode.app/Contents/Developer/Platforms/iPhoneOS.platform/Developer/usr/lib/libXCTestSwiftSupport.dylib --strip-bitcode-tool /Applications/Xcode.app/Contents/Developer/Toolchains/XcodeDefault.xctoolchain/usr/bin/bitcode_strip --emit-dependency-info /Users/pc49-58/.codex/worktrees/cozy-02-integration/TacticalGo/ios/Build/Intermediates.noindex/TacticalGo.build/Debug-iphoneos/TacticalGoUITests.build/SwiftStdLibToolInputDependencies.dep --filter-for-swift-os --back-deploy-swift-span

AppIntentsSSUTraining (in target 'TacticalGoUITests' from project 'TacticalGo')
    cd /Users/pc49-58/.codex/worktrees/cozy-02-integration/TacticalGo/ios
    /Applications/Xcode.app/Contents/Developer/Toolchains/XcodeDefault.xctoolchain/usr/bin/appintentsnltrainingprocessor --infoplist-path /Users/pc49-58/.codex/worktrees/cozy-02-integration/TacticalGo/ios/Build/Products/Debug-iphoneos/TacticalGoUITests-Runner.app/PlugIns/TacticalGoUITests.xctest/Info.plist --temp-dir-path /Users/pc49-58/.codex/worktrees/cozy-02-integration/TacticalGo/ios/Build/Intermediates.noindex/TacticalGo.build/Debug-iphoneos/TacticalGoUITests.build/ssu --bundle-id com.tacticalgo.prototype.magem3 --product-path /Users/pc49-58/.codex/worktrees/cozy-02-integration/TacticalGo/ios/Build/Products/Debug-iphoneos/TacticalGoUITests-Runner.app/PlugIns/TacticalGoUITests.xctest --extracted-metadata-path /Users/pc49-58/.codex/worktrees/cozy-02-integration/TacticalGo/ios/Build/Products/Debug-iphoneos/TacticalGoUITests-Runner.app/PlugIns/TacticalGoUITests.xctest/Metadata.appintents --metadata-file-list /Users/pc49-58/.codex/worktrees/cozy-02-integration/TacticalGo/ios/Build/Intermediates.noindex/TacticalGo.build/Debug-iphoneos/TacticalGoUITests.build/TacticalGoUITests.DependencyMetadataFileList --source-file /Users/pc49-58/.codex/worktrees/cozy-02-integration/TacticalGo/ios/Build/Products/Debug-iphoneos/TacticalGoUITests-Runner.app/PlugIns/TacticalGoUITests.xctest/Info.plist --archive-ssu-assets
2026-10-10 16:17:23.340 appintentsnltrainingprocessor[811:1255801] Parsing options for appintentsnltrainingprocessor
2026-10-10 16:17:23.340 appintentsnltrainingprocessor[811:1255801] Starting AppIntents SSU YAML Generation
2026-10-10 16:17:23.340 appintentsnltrainingprocessor[811:1255801] No AppShortcuts found - Skipping.

CopyPlistFile /Users/pc49-58/.codex/worktrees/cozy-02-integration/TacticalGo/ios/Build/Products/Debug-iphoneos/TacticalGoUITests-Runner.app/Info.plist /Applications/Xcode.app/Contents/Developer/Platforms/iPhoneOS.platform/Developer/Library/Xcode/Agents/XCTRunner.app/Info.plist (in target 'TacticalGoUITests' from project 'TacticalGo')
    cd /Users/pc49-58/.codex/worktrees/cozy-02-integration/TacticalGo/ios
    builtin-copyPlist --validate --convert xml1 --macro-expansion WRAPPEDPRODUCTNAME TacticalGoUITests-Runner --macro-expansion WRAPPEDPRODUCTBUNDLEIDENTIFIER com.tacticalgo.prototype.magem3.xctrunner --macro-expansion TESTPRODUCTNAME TacticalGoUITests --macro-expansion TESTPRODUCTBUNDLEIDENTIFIER com.tacticalgo.prototype.magem3 --copy-value UIDeviceFamily /Users/pc49-58/.codex/worktrees/cozy-02-integration/TacticalGo/ios/Build/Products/Debug-iphoneos/TacticalGoUITests-Runner.app/PlugIns/TacticalGoUITests.xctest/Info.plist --outdir /Users/pc49-58/.codex/worktrees/cozy-02-integration/TacticalGo/ios/Build/Products/Debug-iphoneos/TacticalGoUITests-Runner.app -- /Applications/Xcode.app/Contents/Developer/Platforms/iPhoneOS.platform/Developer/Library/Xcode/Agents/XCTRunner.app/Info.plist

CodeSign /Users/pc49-58/.codex/worktrees/cozy-02-integration/TacticalGo/ios/Build/Products/Debug-iphoneos/TacticalGoUITests-Runner.app/PlugIns/TacticalGoUITests.xctest (in target 'TacticalGoUITests' from project 'TacticalGo')
    cd /Users/pc49-58/.codex/worktrees/cozy-02-integration/TacticalGo/ios
    
    Signing Identity:     "Apple Development: reiko0099+tw@gmail.com (MZ3K4WBZ69)"
    Provisioning Profile: "iOS Team Provisioning Profile: *"
                          (0464b3f2-ea73-4b9a-a0c7-d029f29c1151)
    
    /usr/bin/codesign --force --sign 8BFAC3C712376BE44F8856D9A3E70A5578A2D9E1 --entitlements /Users/pc49-58/.codex/worktrees/cozy-02-integration/TacticalGo/ios/Build/Intermediates.noindex/TacticalGo.build/Debug-iphoneos/TacticalGoUITests.build/TacticalGoUITests.xctest.xcent --timestamp\=none --generate-entitlement-der /Users/pc49-58/.codex/worktrees/cozy-02-integration/TacticalGo/ios/Build/Products/Debug-iphoneos/TacticalGoUITests-Runner.app/PlugIns/TacticalGoUITests.xctest

CodeSign /Users/pc49-58/.codex/worktrees/cozy-02-integration/TacticalGo/ios/Build/Products/Debug-iphoneos/TacticalGoUITests-Runner.app (in target 'TacticalGoUITests' from project 'TacticalGo')
    cd /Users/pc49-58/.codex/worktrees/cozy-02-integration/TacticalGo/ios
    
    Signing Identity:     "Apple Development: reiko0099+tw@gmail.com (MZ3K4WBZ69)"
    Provisioning Profile: "iOS Team Provisioning Profile: *"
                          (0464b3f2-ea73-4b9a-a0c7-d029f29c1151)
    
    /usr/bin/codesign --force --sign 8BFAC3C712376BE44F8856D9A3E70A5578A2D9E1 --entitlements /Users/pc49-58/.codex/worktrees/cozy-02-integration/TacticalGo/ios/Build/Intermediates.noindex/TacticalGo.build/Debug-iphoneos/TacticalGoUITests.build/TacticalGoUITests.xctest.xcent --timestamp\=none --generate-entitlement-der /Users/pc49-58/.codex/worktrees/cozy-02-integration/TacticalGo/ios/Build/Products/Debug-iphoneos/TacticalGoUITests-Runner.app
/Users/pc49-58/.codex/worktrees/cozy-02-integration/TacticalGo/ios/Build/Products/Debug-iphoneos/TacticalGoUITests-Runner.app: replacing existing signature

** TEST BUILD SUCCEEDED **

