Whitespace-normalized public transcript. Original raw log retained locally as release-warrior-impact.raw.log; SHA-256 29ec1bb6acb7fa2c207de0ccb9d17a367dee7a2d4fc2215d5c0fa219272c6035. No lines/diagnostics removed.
Command line invocation:
    /Applications/Xcode.app/Contents/Developer/usr/bin/xcodebuild build -project ios/TacticalGo.xcodeproj -scheme TacticalGo -configuration Release -destination "generic/platform=iOS Simulator" -derivedDataPath ios/HeroBodyReleaseBuild CODE_SIGNING_ALLOWED=NO

Build settings from command line:
    CODE_SIGNING_ALLOWED = NO

Resolve Package Graph


Resolved source packages:
  TacticalGoCore: /Users/pc49-58/.codex/worktrees/cozy-02-integration/TacticalGo/swift/TacticalGoCore @ local

ComputePackagePrebuildTargetDependencyGraph

Prepare packages

CreateBuildRequest

SendProjectDescription

CreateBuildOperation

ComputeTargetDependencyGraph
note: Building targets in dependency order
note: Target dependency graph (14 targets)
    Target 'TacticalGo' in project 'TacticalGo'
        ➜ Explicit dependency on target 'TacticalGoOnboarding' in project 'TacticalGoCore'
        ➜ Explicit dependency on target 'TacticalGoRecords' in project 'TacticalGoCore'
        ➜ Explicit dependency on target 'TacticalGoBot' in project 'TacticalGoCore'
        ➜ Explicit dependency on target 'TacticalGoVisuals' in project 'TacticalGoCore'
        ➜ Explicit dependency on target 'TacticalGoCore' in project 'TacticalGoCore'
        ➜ Explicit dependency on target 'TacticalGoMotion' in project 'TacticalGoCore'
    Target 'TacticalGoMotion' in project 'TacticalGoCore'
        ➜ Explicit dependency on target 'TacticalGoMotion' in project 'TacticalGoCore'
        ➜ Explicit dependency on target 'TacticalGoCore' in project 'TacticalGoCore'
    Target 'TacticalGoMotion' in project 'TacticalGoCore'
        ➜ Explicit dependency on target 'TacticalGoCore' in project 'TacticalGoCore'
    Target 'TacticalGoCore' in project 'TacticalGoCore'
        ➜ Explicit dependency on target 'TacticalGoCore' in project 'TacticalGoCore'
    Target 'TacticalGoVisuals' in project 'TacticalGoCore'
        ➜ Explicit dependency on target 'TacticalGoVisuals' in project 'TacticalGoCore'
    Target 'TacticalGoVisuals' in project 'TacticalGoCore' (no dependencies)
    Target 'TacticalGoBot' in project 'TacticalGoCore'
        ➜ Explicit dependency on target 'TacticalGoBot' in project 'TacticalGoCore'
        ➜ Explicit dependency on target 'TacticalGoCore' in project 'TacticalGoCore'
    Target 'TacticalGoBot' in project 'TacticalGoCore'
        ➜ Explicit dependency on target 'TacticalGoCore' in project 'TacticalGoCore'
    Target 'TacticalGoRecords' in project 'TacticalGoCore'
        ➜ Explicit dependency on target 'TacticalGoRecords' in project 'TacticalGoCore'
        ➜ Explicit dependency on target 'TacticalGoCore' in project 'TacticalGoCore'
    Target 'TacticalGoRecords' in project 'TacticalGoCore'
        ➜ Explicit dependency on target 'TacticalGoCore' in project 'TacticalGoCore'
    Target 'TacticalGoOnboarding' in project 'TacticalGoCore'
        ➜ Explicit dependency on target 'TacticalGoOnboarding' in project 'TacticalGoCore'
        ➜ Explicit dependency on target 'TacticalGoCore_TacticalGoOnboarding' in project 'TacticalGoCore'
        ➜ Explicit dependency on target 'TacticalGoCore' in project 'TacticalGoCore'
    Target 'TacticalGoOnboarding' in project 'TacticalGoCore'
        ➜ Explicit dependency on target 'TacticalGoCore_TacticalGoOnboarding' in project 'TacticalGoCore'
        ➜ Explicit dependency on target 'TacticalGoCore' in project 'TacticalGoCore'
    Target 'TacticalGoCore' in project 'TacticalGoCore' (no dependencies)
    Target 'TacticalGoCore_TacticalGoOnboarding' in project 'TacticalGoCore' (no dependencies)

GatherProvisioningInputs

CreateBuildDescription

ExecuteExternalTool /Applications/Xcode.app/Contents/Developer/Toolchains/XcodeDefault.xctoolchain/usr/bin/swiftc --version

ExecuteExternalTool /Applications/Xcode.app/Contents/Developer/Toolchains/XcodeDefault.xctoolchain/usr/bin/clang -v -E -dM -isysroot /Applications/Xcode.app/Contents/Developer/Platforms/iPhoneSimulator.platform/Developer/SDKs/iPhoneSimulator26.5.sdk -x c -c /dev/null

ExecuteExternalTool /Applications/Xcode.app/Contents/Developer/usr/bin/actool --print-asset-tag-combinations --output-format xml1 /Users/pc49-58/.codex/worktrees/cozy-02-integration/TacticalGo/ios/TacticalGo/Assets.xcassets

ExecuteExternalTool /Applications/Xcode.app/Contents/Developer/usr/bin/actool --version --output-format xml1

ExecuteExternalTool /Applications/Xcode.app/Contents/Developer/Toolchains/XcodeDefault.xctoolchain/usr/bin/ld -version_details

Build description signature: c3a91567391d2ac5087060e675a6ce6d
Build description path: /Users/pc49-58/.codex/worktrees/cozy-02-integration/TacticalGo/ios/Build/Intermediates.noindex/XCBuildData/c3a91567391d2ac5087060e675a6ce6d.xcbuilddata
ClangStatCache /Applications/Xcode.app/Contents/Developer/Toolchains/XcodeDefault.xctoolchain/usr/bin/clang-stat-cache /Applications/Xcode.app/Contents/Developer/Platforms/iPhoneSimulator.platform/Developer/SDKs/iPhoneSimulator26.5.sdk /Users/pc49-58/.codex/worktrees/cozy-02-integration/TacticalGo/ios/HeroBodyReleaseBuild/SDKStatCaches.noindex/iphonesimulator26.5-23F81a-6cfe768891a92b912361537c460fe42b.sdkstatcache
    cd /Users/pc49-58/.codex/worktrees/cozy-02-integration/TacticalGo/ios/TacticalGo.xcodeproj
    /Applications/Xcode.app/Contents/Developer/Toolchains/XcodeDefault.xctoolchain/usr/bin/clang-stat-cache /Applications/Xcode.app/Contents/Developer/Platforms/iPhoneSimulator.platform/Developer/SDKs/iPhoneSimulator26.5.sdk -o /Users/pc49-58/.codex/worktrees/cozy-02-integration/TacticalGo/ios/HeroBodyReleaseBuild/SDKStatCaches.noindex/iphonesimulator26.5-23F81a-6cfe768891a92b912361537c460fe42b.sdkstatcache

CreateBuildDirectory /Users/pc49-58/.codex/worktrees/cozy-02-integration/TacticalGo/ios/Build/Products/Release-iphonesimulator
    cd /Users/pc49-58/.codex/worktrees/cozy-02-integration/TacticalGo/ios/TacticalGo.xcodeproj
    builtin-create-build-directory /Users/pc49-58/.codex/worktrees/cozy-02-integration/TacticalGo/ios/Build/Products/Release-iphonesimulator

WriteAuxiliaryFile /Users/pc49-58/.codex/worktrees/cozy-02-integration/TacticalGo/ios/Build/Intermediates.noindex/TacticalGo.build/Release-iphonesimulator/TacticalGo-32580fe5d0e5965bad977075ff1df9a9-VFS-iphonesimulator/all-product-headers.yaml
    cd /Users/pc49-58/.codex/worktrees/cozy-02-integration/TacticalGo/ios/TacticalGo.xcodeproj
    write-file /Users/pc49-58/.codex/worktrees/cozy-02-integration/TacticalGo/ios/Build/Intermediates.noindex/TacticalGo.build/Release-iphonesimulator/TacticalGo-32580fe5d0e5965bad977075ff1df9a9-VFS-iphonesimulator/all-product-headers.yaml

CreateBuildDirectory /Users/pc49-58/.codex/worktrees/cozy-02-integration/TacticalGo/ios/Build/Intermediates.noindex/EagerLinkingTBDs/Release-iphonesimulator
    cd /Users/pc49-58/.codex/worktrees/cozy-02-integration/TacticalGo/ios/TacticalGo.xcodeproj
    builtin-create-build-directory /Users/pc49-58/.codex/worktrees/cozy-02-integration/TacticalGo/ios/Build/Intermediates.noindex/EagerLinkingTBDs/Release-iphonesimulator

CreateBuildDirectory /Users/pc49-58/.codex/worktrees/cozy-02-integration/TacticalGo/ios/Build/Products/Release-iphonesimulator/PackageFrameworks
    cd /Users/pc49-58/.codex/worktrees/cozy-02-integration/TacticalGo/ios/TacticalGo.xcodeproj
    builtin-create-build-directory /Users/pc49-58/.codex/worktrees/cozy-02-integration/TacticalGo/ios/Build/Products/Release-iphonesimulator/PackageFrameworks

WriteAuxiliaryFile /Users/pc49-58/.codex/worktrees/cozy-02-integration/TacticalGo/ios/Build/Intermediates.noindex/TacticalGoCore.build/Release-iphonesimulator/TacticalGoVisuals.build/TacticalGoVisuals.DependencyMetadataFileList (in target 'TacticalGoVisuals' from project 'TacticalGoCore')
    cd /Users/pc49-58/.codex/worktrees/cozy-02-integration/TacticalGo/swift/TacticalGoCore
    write-file /Users/pc49-58/.codex/worktrees/cozy-02-integration/TacticalGo/ios/Build/Intermediates.noindex/TacticalGoCore.build/Release-iphonesimulator/TacticalGoVisuals.build/TacticalGoVisuals.DependencyMetadataFileList

WriteAuxiliaryFile /Users/pc49-58/.codex/worktrees/cozy-02-integration/TacticalGo/ios/Build/Intermediates.noindex/TacticalGoCore.build/Release-iphonesimulator/TacticalGoVisuals.build/TacticalGoVisuals.DependencyStaticMetadataFileList (in target 'TacticalGoVisuals' from project 'TacticalGoCore')
    cd /Users/pc49-58/.codex/worktrees/cozy-02-integration/TacticalGo/swift/TacticalGoCore
    write-file /Users/pc49-58/.codex/worktrees/cozy-02-integration/TacticalGo/ios/Build/Intermediates.noindex/TacticalGoCore.build/Release-iphonesimulator/TacticalGoVisuals.build/TacticalGoVisuals.DependencyStaticMetadataFileList

WriteAuxiliaryFile /Users/pc49-58/.codex/worktrees/cozy-02-integration/TacticalGo/ios/Build/Intermediates.noindex/TacticalGoCore.build/Release-iphonesimulator/TacticalGoVisuals.build/TacticalGoVisuals.modulemap (in target 'TacticalGoVisuals' from project 'TacticalGoCore')
    cd /Users/pc49-58/.codex/worktrees/cozy-02-integration/TacticalGo/swift/TacticalGoCore
    write-file /Users/pc49-58/.codex/worktrees/cozy-02-integration/TacticalGo/ios/Build/Intermediates.noindex/TacticalGoCore.build/Release-iphonesimulator/TacticalGoVisuals.build/TacticalGoVisuals.modulemap

WriteAuxiliaryFile /Users/pc49-58/.codex/worktrees/cozy-02-integration/TacticalGo/ios/Build/Intermediates.noindex/TacticalGoCore.build/Release-iphonesimulator/TacticalGoVisuals.build/Objects-normal/x86_64/TacticalGoVisuals.SwiftFileList (in target 'TacticalGoVisuals' from project 'TacticalGoCore')
    cd /Users/pc49-58/.codex/worktrees/cozy-02-integration/TacticalGo/swift/TacticalGoCore
    write-file /Users/pc49-58/.codex/worktrees/cozy-02-integration/TacticalGo/ios/Build/Intermediates.noindex/TacticalGoCore.build/Release-iphonesimulator/TacticalGoVisuals.build/Objects-normal/x86_64/TacticalGoVisuals.SwiftFileList

WriteAuxiliaryFile /Users/pc49-58/.codex/worktrees/cozy-02-integration/TacticalGo/ios/Build/Intermediates.noindex/TacticalGoCore.build/Release-iphonesimulator/TacticalGoVisuals.build/Objects-normal/x86_64/TacticalGoVisuals.LinkFileList (in target 'TacticalGoVisuals' from project 'TacticalGoCore')
    cd /Users/pc49-58/.codex/worktrees/cozy-02-integration/TacticalGo/swift/TacticalGoCore
    write-file /Users/pc49-58/.codex/worktrees/cozy-02-integration/TacticalGo/ios/Build/Intermediates.noindex/TacticalGoCore.build/Release-iphonesimulator/TacticalGoVisuals.build/Objects-normal/x86_64/TacticalGoVisuals.LinkFileList

WriteAuxiliaryFile /Users/pc49-58/.codex/worktrees/cozy-02-integration/TacticalGo/ios/Build/Intermediates.noindex/TacticalGoCore.build/Release-iphonesimulator/TacticalGoVisuals.build/Objects-normal/x86_64/TacticalGoVisuals_const_extract_protocols.json (in target 'TacticalGoVisuals' from project 'TacticalGoCore')
    cd /Users/pc49-58/.codex/worktrees/cozy-02-integration/TacticalGo/swift/TacticalGoCore
    write-file /Users/pc49-58/.codex/worktrees/cozy-02-integration/TacticalGo/ios/Build/Intermediates.noindex/TacticalGoCore.build/Release-iphonesimulator/TacticalGoVisuals.build/Objects-normal/x86_64/TacticalGoVisuals_const_extract_protocols.json

WriteAuxiliaryFile /Users/pc49-58/.codex/worktrees/cozy-02-integration/TacticalGo/ios/Build/Intermediates.noindex/TacticalGoCore.build/Release-iphonesimulator/TacticalGoVisuals.build/Objects-normal/x86_64/TacticalGoVisuals.SwiftConstValuesFileList (in target 'TacticalGoVisuals' from project 'TacticalGoCore')
    cd /Users/pc49-58/.codex/worktrees/cozy-02-integration/TacticalGo/swift/TacticalGoCore
    write-file /Users/pc49-58/.codex/worktrees/cozy-02-integration/TacticalGo/ios/Build/Intermediates.noindex/TacticalGoCore.build/Release-iphonesimulator/TacticalGoVisuals.build/Objects-normal/x86_64/TacticalGoVisuals.SwiftConstValuesFileList

WriteAuxiliaryFile /Users/pc49-58/.codex/worktrees/cozy-02-integration/TacticalGo/ios/Build/Intermediates.noindex/TacticalGoCore.build/Release-iphonesimulator/TacticalGoVisuals.build/Objects-normal/x86_64/TacticalGoVisuals-OutputFileMap.json (in target 'TacticalGoVisuals' from project 'TacticalGoCore')
    cd /Users/pc49-58/.codex/worktrees/cozy-02-integration/TacticalGo/swift/TacticalGoCore
    write-file /Users/pc49-58/.codex/worktrees/cozy-02-integration/TacticalGo/ios/Build/Intermediates.noindex/TacticalGoCore.build/Release-iphonesimulator/TacticalGoVisuals.build/Objects-normal/x86_64/TacticalGoVisuals-OutputFileMap.json

WriteAuxiliaryFile /Users/pc49-58/.codex/worktrees/cozy-02-integration/TacticalGo/ios/Build/Intermediates.noindex/TacticalGoCore.build/Release-iphonesimulator/TacticalGoVisuals.build/Objects-normal/arm64/TacticalGoVisuals_const_extract_protocols.json (in target 'TacticalGoVisuals' from project 'TacticalGoCore')
    cd /Users/pc49-58/.codex/worktrees/cozy-02-integration/TacticalGo/swift/TacticalGoCore
    write-file /Users/pc49-58/.codex/worktrees/cozy-02-integration/TacticalGo/ios/Build/Intermediates.noindex/TacticalGoCore.build/Release-iphonesimulator/TacticalGoVisuals.build/Objects-normal/arm64/TacticalGoVisuals_const_extract_protocols.json

WriteAuxiliaryFile /Users/pc49-58/.codex/worktrees/cozy-02-integration/TacticalGo/ios/Build/Intermediates.noindex/TacticalGoCore.build/Release-iphonesimulator/TacticalGoVisuals.build/Objects-normal/arm64/TacticalGoVisuals.SwiftFileList (in target 'TacticalGoVisuals' from project 'TacticalGoCore')
    cd /Users/pc49-58/.codex/worktrees/cozy-02-integration/TacticalGo/swift/TacticalGoCore
    write-file /Users/pc49-58/.codex/worktrees/cozy-02-integration/TacticalGo/ios/Build/Intermediates.noindex/TacticalGoCore.build/Release-iphonesimulator/TacticalGoVisuals.build/Objects-normal/arm64/TacticalGoVisuals.SwiftFileList

WriteAuxiliaryFile /Users/pc49-58/.codex/worktrees/cozy-02-integration/TacticalGo/ios/Build/Intermediates.noindex/TacticalGoCore.build/Release-iphonesimulator/TacticalGoVisuals.build/Objects-normal/arm64/TacticalGoVisuals.SwiftConstValuesFileList (in target 'TacticalGoVisuals' from project 'TacticalGoCore')
    cd /Users/pc49-58/.codex/worktrees/cozy-02-integration/TacticalGo/swift/TacticalGoCore
    write-file /Users/pc49-58/.codex/worktrees/cozy-02-integration/TacticalGo/ios/Build/Intermediates.noindex/TacticalGoCore.build/Release-iphonesimulator/TacticalGoVisuals.build/Objects-normal/arm64/TacticalGoVisuals.SwiftConstValuesFileList

WriteAuxiliaryFile /Users/pc49-58/.codex/worktrees/cozy-02-integration/TacticalGo/ios/Build/Intermediates.noindex/TacticalGoCore.build/Release-iphonesimulator/TacticalGoVisuals.build/Objects-normal/arm64/TacticalGoVisuals.LinkFileList (in target 'TacticalGoVisuals' from project 'TacticalGoCore')
    cd /Users/pc49-58/.codex/worktrees/cozy-02-integration/TacticalGo/swift/TacticalGoCore
    write-file /Users/pc49-58/.codex/worktrees/cozy-02-integration/TacticalGo/ios/Build/Intermediates.noindex/TacticalGoCore.build/Release-iphonesimulator/TacticalGoVisuals.build/Objects-normal/arm64/TacticalGoVisuals.LinkFileList

WriteAuxiliaryFile /Users/pc49-58/.codex/worktrees/cozy-02-integration/TacticalGo/ios/Build/Intermediates.noindex/TacticalGoCore.build/Release-iphonesimulator/TacticalGoVisuals.build/Objects-normal/arm64/TacticalGoVisuals-OutputFileMap.json (in target 'TacticalGoVisuals' from project 'TacticalGoCore')
    cd /Users/pc49-58/.codex/worktrees/cozy-02-integration/TacticalGo/swift/TacticalGoCore
    write-file /Users/pc49-58/.codex/worktrees/cozy-02-integration/TacticalGo/ios/Build/Intermediates.noindex/TacticalGoCore.build/Release-iphonesimulator/TacticalGoVisuals.build/Objects-normal/arm64/TacticalGoVisuals-OutputFileMap.json

WriteAuxiliaryFile /Users/pc49-58/.codex/worktrees/cozy-02-integration/TacticalGo/ios/Build/Intermediates.noindex/TacticalGoCore.build/Release-iphonesimulator/TacticalGoRecords.build/TacticalGoRecords.modulemap (in target 'TacticalGoRecords' from project 'TacticalGoCore')
    cd /Users/pc49-58/.codex/worktrees/cozy-02-integration/TacticalGo/swift/TacticalGoCore
    write-file /Users/pc49-58/.codex/worktrees/cozy-02-integration/TacticalGo/ios/Build/Intermediates.noindex/TacticalGoCore.build/Release-iphonesimulator/TacticalGoRecords.build/TacticalGoRecords.modulemap

Copy /Users/pc49-58/.codex/worktrees/cozy-02-integration/TacticalGo/ios/Build/Intermediates.noindex/GeneratedModuleMaps-iphonesimulator/TacticalGoVisuals.modulemap /Users/pc49-58/.codex/worktrees/cozy-02-integration/TacticalGo/ios/Build/Intermediates.noindex/TacticalGoCore.build/Release-iphonesimulator/TacticalGoVisuals.build/TacticalGoVisuals.modulemap (in target 'TacticalGoVisuals' from project 'TacticalGoCore')
    cd /Users/pc49-58/.codex/worktrees/cozy-02-integration/TacticalGo/swift/TacticalGoCore
    builtin-copy -exclude .DS_Store -exclude CVS -exclude .svn -exclude .git -exclude .hg -strip-unsigned-binaries -strip-deterministic -strip-tool /Applications/Xcode.app/Contents/Developer/Toolchains/XcodeDefault.xctoolchain/usr/bin/strip -resolve-src-symlinks /Users/pc49-58/.codex/worktrees/cozy-02-integration/TacticalGo/ios/Build/Intermediates.noindex/TacticalGoCore.build/Release-iphonesimulator/TacticalGoVisuals.build/TacticalGoVisuals.modulemap /Users/pc49-58/.codex/worktrees/cozy-02-integration/TacticalGo/ios/Build/Intermediates.noindex/GeneratedModuleMaps-iphonesimulator

WriteAuxiliaryFile /Users/pc49-58/.codex/worktrees/cozy-02-integration/TacticalGo/ios/Build/Intermediates.noindex/TacticalGoCore.build/Release-iphonesimulator/TacticalGoRecords.build/TacticalGoRecords.DependencyStaticMetadataFileList (in target 'TacticalGoRecords' from project 'TacticalGoCore')
    cd /Users/pc49-58/.codex/worktrees/cozy-02-integration/TacticalGo/swift/TacticalGoCore
    write-file /Users/pc49-58/.codex/worktrees/cozy-02-integration/TacticalGo/ios/Build/Intermediates.noindex/TacticalGoCore.build/Release-iphonesimulator/TacticalGoRecords.build/TacticalGoRecords.DependencyStaticMetadataFileList

WriteAuxiliaryFile /Users/pc49-58/.codex/worktrees/cozy-02-integration/TacticalGo/ios/Build/Intermediates.noindex/TacticalGoCore.build/Release-iphonesimulator/TacticalGoRecords.build/TacticalGoRecords.DependencyMetadataFileList (in target 'TacticalGoRecords' from project 'TacticalGoCore')
    cd /Users/pc49-58/.codex/worktrees/cozy-02-integration/TacticalGo/swift/TacticalGoCore
    write-file /Users/pc49-58/.codex/worktrees/cozy-02-integration/TacticalGo/ios/Build/Intermediates.noindex/TacticalGoCore.build/Release-iphonesimulator/TacticalGoRecords.build/TacticalGoRecords.DependencyMetadataFileList

WriteAuxiliaryFile /Users/pc49-58/.codex/worktrees/cozy-02-integration/TacticalGo/ios/Build/Intermediates.noindex/TacticalGoCore.build/Release-iphonesimulator/TacticalGoRecords.build/Objects-normal/x86_64/TacticalGoRecords_const_extract_protocols.json (in target 'TacticalGoRecords' from project 'TacticalGoCore')
    cd /Users/pc49-58/.codex/worktrees/cozy-02-integration/TacticalGo/swift/TacticalGoCore
    write-file /Users/pc49-58/.codex/worktrees/cozy-02-integration/TacticalGo/ios/Build/Intermediates.noindex/TacticalGoCore.build/Release-iphonesimulator/TacticalGoRecords.build/Objects-normal/x86_64/TacticalGoRecords_const_extract_protocols.json

WriteAuxiliaryFile /Users/pc49-58/.codex/worktrees/cozy-02-integration/TacticalGo/ios/Build/Intermediates.noindex/TacticalGoCore.build/Release-iphonesimulator/TacticalGoRecords.build/Objects-normal/x86_64/TacticalGoRecords.SwiftFileList (in target 'TacticalGoRecords' from project 'TacticalGoCore')
    cd /Users/pc49-58/.codex/worktrees/cozy-02-integration/TacticalGo/swift/TacticalGoCore
    write-file /Users/pc49-58/.codex/worktrees/cozy-02-integration/TacticalGo/ios/Build/Intermediates.noindex/TacticalGoCore.build/Release-iphonesimulator/TacticalGoRecords.build/Objects-normal/x86_64/TacticalGoRecords.SwiftFileList

WriteAuxiliaryFile /Users/pc49-58/.codex/worktrees/cozy-02-integration/TacticalGo/ios/Build/Intermediates.noindex/TacticalGoCore.build/Release-iphonesimulator/TacticalGoRecords.build/Objects-normal/x86_64/TacticalGoRecords.SwiftConstValuesFileList (in target 'TacticalGoRecords' from project 'TacticalGoCore')
    cd /Users/pc49-58/.codex/worktrees/cozy-02-integration/TacticalGo/swift/TacticalGoCore
    write-file /Users/pc49-58/.codex/worktrees/cozy-02-integration/TacticalGo/ios/Build/Intermediates.noindex/TacticalGoCore.build/Release-iphonesimulator/TacticalGoRecords.build/Objects-normal/x86_64/TacticalGoRecords.SwiftConstValuesFileList

WriteAuxiliaryFile /Users/pc49-58/.codex/worktrees/cozy-02-integration/TacticalGo/ios/Build/Intermediates.noindex/TacticalGoCore.build/Release-iphonesimulator/TacticalGoRecords.build/Objects-normal/x86_64/TacticalGoRecords.LinkFileList (in target 'TacticalGoRecords' from project 'TacticalGoCore')
    cd /Users/pc49-58/.codex/worktrees/cozy-02-integration/TacticalGo/swift/TacticalGoCore
    write-file /Users/pc49-58/.codex/worktrees/cozy-02-integration/TacticalGo/ios/Build/Intermediates.noindex/TacticalGoCore.build/Release-iphonesimulator/TacticalGoRecords.build/Objects-normal/x86_64/TacticalGoRecords.LinkFileList

WriteAuxiliaryFile /Users/pc49-58/.codex/worktrees/cozy-02-integration/TacticalGo/ios/Build/Intermediates.noindex/TacticalGoCore.build/Release-iphonesimulator/TacticalGoRecords.build/Objects-normal/x86_64/TacticalGoRecords-OutputFileMap.json (in target 'TacticalGoRecords' from project 'TacticalGoCore')
    cd /Users/pc49-58/.codex/worktrees/cozy-02-integration/TacticalGo/swift/TacticalGoCore
    write-file /Users/pc49-58/.codex/worktrees/cozy-02-integration/TacticalGo/ios/Build/Intermediates.noindex/TacticalGoCore.build/Release-iphonesimulator/TacticalGoRecords.build/Objects-normal/x86_64/TacticalGoRecords-OutputFileMap.json

WriteAuxiliaryFile /Users/pc49-58/.codex/worktrees/cozy-02-integration/TacticalGo/ios/Build/Intermediates.noindex/TacticalGoCore.build/Release-iphonesimulator/TacticalGoRecords.build/Objects-normal/arm64/TacticalGoRecords.SwiftFileList (in target 'TacticalGoRecords' from project 'TacticalGoCore')
    cd /Users/pc49-58/.codex/worktrees/cozy-02-integration/TacticalGo/swift/TacticalGoCore
    write-file /Users/pc49-58/.codex/worktrees/cozy-02-integration/TacticalGo/ios/Build/Intermediates.noindex/TacticalGoCore.build/Release-iphonesimulator/TacticalGoRecords.build/Objects-normal/arm64/TacticalGoRecords.SwiftFileList

WriteAuxiliaryFile /Users/pc49-58/.codex/worktrees/cozy-02-integration/TacticalGo/ios/Build/Intermediates.noindex/TacticalGoCore.build/Release-iphonesimulator/TacticalGoRecords.build/Objects-normal/arm64/TacticalGoRecords_const_extract_protocols.json (in target 'TacticalGoRecords' from project 'TacticalGoCore')
    cd /Users/pc49-58/.codex/worktrees/cozy-02-integration/TacticalGo/swift/TacticalGoCore
    write-file /Users/pc49-58/.codex/worktrees/cozy-02-integration/TacticalGo/ios/Build/Intermediates.noindex/TacticalGoCore.build/Release-iphonesimulator/TacticalGoRecords.build/Objects-normal/arm64/TacticalGoRecords_const_extract_protocols.json

WriteAuxiliaryFile /Users/pc49-58/.codex/worktrees/cozy-02-integration/TacticalGo/ios/Build/Intermediates.noindex/TacticalGoCore.build/Release-iphonesimulator/TacticalGoRecords.build/Objects-normal/arm64/TacticalGoRecords.SwiftConstValuesFileList (in target 'TacticalGoRecords' from project 'TacticalGoCore')
    cd /Users/pc49-58/.codex/worktrees/cozy-02-integration/TacticalGo/swift/TacticalGoCore
    write-file /Users/pc49-58/.codex/worktrees/cozy-02-integration/TacticalGo/ios/Build/Intermediates.noindex/TacticalGoCore.build/Release-iphonesimulator/TacticalGoRecords.build/Objects-normal/arm64/TacticalGoRecords.SwiftConstValuesFileList

WriteAuxiliaryFile /Users/pc49-58/.codex/worktrees/cozy-02-integration/TacticalGo/ios/Build/Intermediates.noindex/TacticalGoCore.build/Release-iphonesimulator/TacticalGoRecords.build/Objects-normal/arm64/TacticalGoRecords.LinkFileList (in target 'TacticalGoRecords' from project 'TacticalGoCore')
    cd /Users/pc49-58/.codex/worktrees/cozy-02-integration/TacticalGo/swift/TacticalGoCore
    write-file /Users/pc49-58/.codex/worktrees/cozy-02-integration/TacticalGo/ios/Build/Intermediates.noindex/TacticalGoCore.build/Release-iphonesimulator/TacticalGoRecords.build/Objects-normal/arm64/TacticalGoRecords.LinkFileList

WriteAuxiliaryFile /Users/pc49-58/.codex/worktrees/cozy-02-integration/TacticalGo/ios/Build/Intermediates.noindex/TacticalGoCore.build/Release-iphonesimulator/TacticalGoRecords.build/Objects-normal/arm64/TacticalGoRecords-OutputFileMap.json (in target 'TacticalGoRecords' from project 'TacticalGoCore')
    cd /Users/pc49-58/.codex/worktrees/cozy-02-integration/TacticalGo/swift/TacticalGoCore
    write-file /Users/pc49-58/.codex/worktrees/cozy-02-integration/TacticalGo/ios/Build/Intermediates.noindex/TacticalGoCore.build/Release-iphonesimulator/TacticalGoRecords.build/Objects-normal/arm64/TacticalGoRecords-OutputFileMap.json

Copy /Users/pc49-58/.codex/worktrees/cozy-02-integration/TacticalGo/ios/Build/Intermediates.noindex/GeneratedModuleMaps-iphonesimulator/TacticalGoRecords.modulemap /Users/pc49-58/.codex/worktrees/cozy-02-integration/TacticalGo/ios/Build/Intermediates.noindex/TacticalGoCore.build/Release-iphonesimulator/TacticalGoRecords.build/TacticalGoRecords.modulemap (in target 'TacticalGoRecords' from project 'TacticalGoCore')
    cd /Users/pc49-58/.codex/worktrees/cozy-02-integration/TacticalGo/swift/TacticalGoCore
    builtin-copy -exclude .DS_Store -exclude CVS -exclude .svn -exclude .git -exclude .hg -strip-unsigned-binaries -strip-deterministic -strip-tool /Applications/Xcode.app/Contents/Developer/Toolchains/XcodeDefault.xctoolchain/usr/bin/strip -resolve-src-symlinks /Users/pc49-58/.codex/worktrees/cozy-02-integration/TacticalGo/ios/Build/Intermediates.noindex/TacticalGoCore.build/Release-iphonesimulator/TacticalGoRecords.build/TacticalGoRecords.modulemap /Users/pc49-58/.codex/worktrees/cozy-02-integration/TacticalGo/ios/Build/Intermediates.noindex/GeneratedModuleMaps-iphonesimulator

WriteAuxiliaryFile /Users/pc49-58/.codex/worktrees/cozy-02-integration/TacticalGo/ios/Build/Intermediates.noindex/TacticalGoCore.build/Release-iphonesimulator/TacticalGoOnboarding.build/TacticalGoOnboarding.DependencyStaticMetadataFileList (in target 'TacticalGoOnboarding' from project 'TacticalGoCore')
    cd /Users/pc49-58/.codex/worktrees/cozy-02-integration/TacticalGo/swift/TacticalGoCore
    write-file /Users/pc49-58/.codex/worktrees/cozy-02-integration/TacticalGo/ios/Build/Intermediates.noindex/TacticalGoCore.build/Release-iphonesimulator/TacticalGoOnboarding.build/TacticalGoOnboarding.DependencyStaticMetadataFileList

WriteAuxiliaryFile /Users/pc49-58/.codex/worktrees/cozy-02-integration/TacticalGo/ios/Build/Intermediates.noindex/TacticalGoCore.build/Release-iphonesimulator/TacticalGoOnboarding.build/TacticalGoOnboarding.modulemap (in target 'TacticalGoOnboarding' from project 'TacticalGoCore')
    cd /Users/pc49-58/.codex/worktrees/cozy-02-integration/TacticalGo/swift/TacticalGoCore
    write-file /Users/pc49-58/.codex/worktrees/cozy-02-integration/TacticalGo/ios/Build/Intermediates.noindex/TacticalGoCore.build/Release-iphonesimulator/TacticalGoOnboarding.build/TacticalGoOnboarding.modulemap

WriteAuxiliaryFile /Users/pc49-58/.codex/worktrees/cozy-02-integration/TacticalGo/ios/Build/Intermediates.noindex/TacticalGoCore.build/Release-iphonesimulator/TacticalGoOnboarding.build/TacticalGoOnboarding.DependencyMetadataFileList (in target 'TacticalGoOnboarding' from project 'TacticalGoCore')
    cd /Users/pc49-58/.codex/worktrees/cozy-02-integration/TacticalGo/swift/TacticalGoCore
    write-file /Users/pc49-58/.codex/worktrees/cozy-02-integration/TacticalGo/ios/Build/Intermediates.noindex/TacticalGoCore.build/Release-iphonesimulator/TacticalGoOnboarding.build/TacticalGoOnboarding.DependencyMetadataFileList

WriteAuxiliaryFile /Users/pc49-58/.codex/worktrees/cozy-02-integration/TacticalGo/ios/Build/Intermediates.noindex/TacticalGoCore.build/Release-iphonesimulator/TacticalGoOnboarding.build/Objects-normal/x86_64/TacticalGoOnboarding_const_extract_protocols.json (in target 'TacticalGoOnboarding' from project 'TacticalGoCore')
    cd /Users/pc49-58/.codex/worktrees/cozy-02-integration/TacticalGo/swift/TacticalGoCore
    write-file /Users/pc49-58/.codex/worktrees/cozy-02-integration/TacticalGo/ios/Build/Intermediates.noindex/TacticalGoCore.build/Release-iphonesimulator/TacticalGoOnboarding.build/Objects-normal/x86_64/TacticalGoOnboarding_const_extract_protocols.json

WriteAuxiliaryFile /Users/pc49-58/.codex/worktrees/cozy-02-integration/TacticalGo/ios/Build/Intermediates.noindex/TacticalGoCore.build/Release-iphonesimulator/TacticalGoOnboarding.build/Objects-normal/x86_64/TacticalGoOnboarding.SwiftFileList (in target 'TacticalGoOnboarding' from project 'TacticalGoCore')
    cd /Users/pc49-58/.codex/worktrees/cozy-02-integration/TacticalGo/swift/TacticalGoCore
    write-file /Users/pc49-58/.codex/worktrees/cozy-02-integration/TacticalGo/ios/Build/Intermediates.noindex/TacticalGoCore.build/Release-iphonesimulator/TacticalGoOnboarding.build/Objects-normal/x86_64/TacticalGoOnboarding.SwiftFileList

WriteAuxiliaryFile /Users/pc49-58/.codex/worktrees/cozy-02-integration/TacticalGo/ios/Build/Intermediates.noindex/TacticalGoCore.build/Release-iphonesimulator/TacticalGoOnboarding.build/Objects-normal/x86_64/TacticalGoOnboarding.SwiftConstValuesFileList (in target 'TacticalGoOnboarding' from project 'TacticalGoCore')
    cd /Users/pc49-58/.codex/worktrees/cozy-02-integration/TacticalGo/swift/TacticalGoCore
    write-file /Users/pc49-58/.codex/worktrees/cozy-02-integration/TacticalGo/ios/Build/Intermediates.noindex/TacticalGoCore.build/Release-iphonesimulator/TacticalGoOnboarding.build/Objects-normal/x86_64/TacticalGoOnboarding.SwiftConstValuesFileList

WriteAuxiliaryFile /Users/pc49-58/.codex/worktrees/cozy-02-integration/TacticalGo/ios/Build/Intermediates.noindex/TacticalGoCore.build/Release-iphonesimulator/TacticalGoOnboarding.build/Objects-normal/x86_64/TacticalGoOnboarding.LinkFileList (in target 'TacticalGoOnboarding' from project 'TacticalGoCore')
    cd /Users/pc49-58/.codex/worktrees/cozy-02-integration/TacticalGo/swift/TacticalGoCore
    write-file /Users/pc49-58/.codex/worktrees/cozy-02-integration/TacticalGo/ios/Build/Intermediates.noindex/TacticalGoCore.build/Release-iphonesimulator/TacticalGoOnboarding.build/Objects-normal/x86_64/TacticalGoOnboarding.LinkFileList

WriteAuxiliaryFile /Users/pc49-58/.codex/worktrees/cozy-02-integration/TacticalGo/ios/Build/Intermediates.noindex/TacticalGoCore.build/Release-iphonesimulator/TacticalGoOnboarding.build/Objects-normal/x86_64/TacticalGoOnboarding-OutputFileMap.json (in target 'TacticalGoOnboarding' from project 'TacticalGoCore')
    cd /Users/pc49-58/.codex/worktrees/cozy-02-integration/TacticalGo/swift/TacticalGoCore
    write-file /Users/pc49-58/.codex/worktrees/cozy-02-integration/TacticalGo/ios/Build/Intermediates.noindex/TacticalGoCore.build/Release-iphonesimulator/TacticalGoOnboarding.build/Objects-normal/x86_64/TacticalGoOnboarding-OutputFileMap.json

WriteAuxiliaryFile /Users/pc49-58/.codex/worktrees/cozy-02-integration/TacticalGo/ios/Build/Intermediates.noindex/TacticalGoCore.build/Release-iphonesimulator/TacticalGoOnboarding.build/Objects-normal/arm64/TacticalGoOnboarding.SwiftFileList (in target 'TacticalGoOnboarding' from project 'TacticalGoCore')
    cd /Users/pc49-58/.codex/worktrees/cozy-02-integration/TacticalGo/swift/TacticalGoCore
    write-file /Users/pc49-58/.codex/worktrees/cozy-02-integration/TacticalGo/ios/Build/Intermediates.noindex/TacticalGoCore.build/Release-iphonesimulator/TacticalGoOnboarding.build/Objects-normal/arm64/TacticalGoOnboarding.SwiftFileList

WriteAuxiliaryFile /Users/pc49-58/.codex/worktrees/cozy-02-integration/TacticalGo/ios/Build/Intermediates.noindex/TacticalGoCore.build/Release-iphonesimulator/TacticalGoOnboarding.build/Objects-normal/arm64/TacticalGoOnboarding_const_extract_protocols.json (in target 'TacticalGoOnboarding' from project 'TacticalGoCore')
    cd /Users/pc49-58/.codex/worktrees/cozy-02-integration/TacticalGo/swift/TacticalGoCore
    write-file /Users/pc49-58/.codex/worktrees/cozy-02-integration/TacticalGo/ios/Build/Intermediates.noindex/TacticalGoCore.build/Release-iphonesimulator/TacticalGoOnboarding.build/Objects-normal/arm64/TacticalGoOnboarding_const_extract_protocols.json

WriteAuxiliaryFile /Users/pc49-58/.codex/worktrees/cozy-02-integration/TacticalGo/ios/Build/Intermediates.noindex/TacticalGoCore.build/Release-iphonesimulator/TacticalGoOnboarding.build/Objects-normal/arm64/TacticalGoOnboarding.SwiftConstValuesFileList (in target 'TacticalGoOnboarding' from project 'TacticalGoCore')
    cd /Users/pc49-58/.codex/worktrees/cozy-02-integration/TacticalGo/swift/TacticalGoCore
    write-file /Users/pc49-58/.codex/worktrees/cozy-02-integration/TacticalGo/ios/Build/Intermediates.noindex/TacticalGoCore.build/Release-iphonesimulator/TacticalGoOnboarding.build/Objects-normal/arm64/TacticalGoOnboarding.SwiftConstValuesFileList

WriteAuxiliaryFile /Users/pc49-58/.codex/worktrees/cozy-02-integration/TacticalGo/ios/Build/Intermediates.noindex/TacticalGoCore.build/Release-iphonesimulator/TacticalGoOnboarding.build/Objects-normal/arm64/TacticalGoOnboarding.LinkFileList (in target 'TacticalGoOnboarding' from project 'TacticalGoCore')
    cd /Users/pc49-58/.codex/worktrees/cozy-02-integration/TacticalGo/swift/TacticalGoCore
    write-file /Users/pc49-58/.codex/worktrees/cozy-02-integration/TacticalGo/ios/Build/Intermediates.noindex/TacticalGoCore.build/Release-iphonesimulator/TacticalGoOnboarding.build/Objects-normal/arm64/TacticalGoOnboarding.LinkFileList

WriteAuxiliaryFile /Users/pc49-58/.codex/worktrees/cozy-02-integration/TacticalGo/ios/Build/Intermediates.noindex/TacticalGoCore.build/Release-iphonesimulator/TacticalGoOnboarding.build/Objects-normal/arm64/TacticalGoOnboarding-OutputFileMap.json (in target 'TacticalGoOnboarding' from project 'TacticalGoCore')
    cd /Users/pc49-58/.codex/worktrees/cozy-02-integration/TacticalGo/swift/TacticalGoCore
    write-file /Users/pc49-58/.codex/worktrees/cozy-02-integration/TacticalGo/ios/Build/Intermediates.noindex/TacticalGoCore.build/Release-iphonesimulator/TacticalGoOnboarding.build/Objects-normal/arm64/TacticalGoOnboarding-OutputFileMap.json

Copy /Users/pc49-58/.codex/worktrees/cozy-02-integration/TacticalGo/ios/Build/Intermediates.noindex/GeneratedModuleMaps-iphonesimulator/TacticalGoOnboarding.modulemap /Users/pc49-58/.codex/worktrees/cozy-02-integration/TacticalGo/ios/Build/Intermediates.noindex/TacticalGoCore.build/Release-iphonesimulator/TacticalGoOnboarding.build/TacticalGoOnboarding.modulemap (in target 'TacticalGoOnboarding' from project 'TacticalGoCore')
    cd /Users/pc49-58/.codex/worktrees/cozy-02-integration/TacticalGo/swift/TacticalGoCore
    builtin-copy -exclude .DS_Store -exclude CVS -exclude .svn -exclude .git -exclude .hg -strip-unsigned-binaries -strip-deterministic -strip-tool /Applications/Xcode.app/Contents/Developer/Toolchains/XcodeDefault.xctoolchain/usr/bin/strip -resolve-src-symlinks /Users/pc49-58/.codex/worktrees/cozy-02-integration/TacticalGo/ios/Build/Intermediates.noindex/TacticalGoCore.build/Release-iphonesimulator/TacticalGoOnboarding.build/TacticalGoOnboarding.modulemap /Users/pc49-58/.codex/worktrees/cozy-02-integration/TacticalGo/ios/Build/Intermediates.noindex/GeneratedModuleMaps-iphonesimulator

WriteAuxiliaryFile /Users/pc49-58/.codex/worktrees/cozy-02-integration/TacticalGo/ios/Build/Intermediates.noindex/TacticalGoCore.build/Release-iphonesimulator/TacticalGoOnboarding.build/DerivedSources/resource_bundle_accessor.swift (in target 'TacticalGoOnboarding' from project 'TacticalGoCore')
    cd /Users/pc49-58/.codex/worktrees/cozy-02-integration/TacticalGo/swift/TacticalGoCore
    write-file /Users/pc49-58/.codex/worktrees/cozy-02-integration/TacticalGo/ios/Build/Intermediates.noindex/TacticalGoCore.build/Release-iphonesimulator/TacticalGoOnboarding.build/DerivedSources/resource_bundle_accessor.swift

WriteAuxiliaryFile /Users/pc49-58/.codex/worktrees/cozy-02-integration/TacticalGo/ios/Build/Intermediates.noindex/TacticalGoCore.build/Release-iphonesimulator/TacticalGoMotion.build/TacticalGoMotion.DependencyStaticMetadataFileList (in target 'TacticalGoMotion' from project 'TacticalGoCore')
    cd /Users/pc49-58/.codex/worktrees/cozy-02-integration/TacticalGo/swift/TacticalGoCore
    write-file /Users/pc49-58/.codex/worktrees/cozy-02-integration/TacticalGo/ios/Build/Intermediates.noindex/TacticalGoCore.build/Release-iphonesimulator/TacticalGoMotion.build/TacticalGoMotion.DependencyStaticMetadataFileList

WriteAuxiliaryFile /Users/pc49-58/.codex/worktrees/cozy-02-integration/TacticalGo/ios/Build/Intermediates.noindex/TacticalGoCore.build/Release-iphonesimulator/TacticalGoMotion.build/TacticalGoMotion.modulemap (in target 'TacticalGoMotion' from project 'TacticalGoCore')
    cd /Users/pc49-58/.codex/worktrees/cozy-02-integration/TacticalGo/swift/TacticalGoCore
    write-file /Users/pc49-58/.codex/worktrees/cozy-02-integration/TacticalGo/ios/Build/Intermediates.noindex/TacticalGoCore.build/Release-iphonesimulator/TacticalGoMotion.build/TacticalGoMotion.modulemap

WriteAuxiliaryFile /Users/pc49-58/.codex/worktrees/cozy-02-integration/TacticalGo/ios/Build/Intermediates.noindex/TacticalGoCore.build/Release-iphonesimulator/TacticalGoMotion.build/TacticalGoMotion.DependencyMetadataFileList (in target 'TacticalGoMotion' from project 'TacticalGoCore')
    cd /Users/pc49-58/.codex/worktrees/cozy-02-integration/TacticalGo/swift/TacticalGoCore
    write-file /Users/pc49-58/.codex/worktrees/cozy-02-integration/TacticalGo/ios/Build/Intermediates.noindex/TacticalGoCore.build/Release-iphonesimulator/TacticalGoMotion.build/TacticalGoMotion.DependencyMetadataFileList

WriteAuxiliaryFile /Users/pc49-58/.codex/worktrees/cozy-02-integration/TacticalGo/ios/Build/Intermediates.noindex/TacticalGoCore.build/Release-iphonesimulator/TacticalGoMotion.build/Objects-normal/x86_64/TacticalGoMotion_const_extract_protocols.json (in target 'TacticalGoMotion' from project 'TacticalGoCore')
    cd /Users/pc49-58/.codex/worktrees/cozy-02-integration/TacticalGo/swift/TacticalGoCore
    write-file /Users/pc49-58/.codex/worktrees/cozy-02-integration/TacticalGo/ios/Build/Intermediates.noindex/TacticalGoCore.build/Release-iphonesimulator/TacticalGoMotion.build/Objects-normal/x86_64/TacticalGoMotion_const_extract_protocols.json

WriteAuxiliaryFile /Users/pc49-58/.codex/worktrees/cozy-02-integration/TacticalGo/ios/Build/Intermediates.noindex/TacticalGoCore.build/Release-iphonesimulator/TacticalGoMotion.build/Objects-normal/x86_64/TacticalGoMotion.SwiftFileList (in target 'TacticalGoMotion' from project 'TacticalGoCore')
    cd /Users/pc49-58/.codex/worktrees/cozy-02-integration/TacticalGo/swift/TacticalGoCore
    write-file /Users/pc49-58/.codex/worktrees/cozy-02-integration/TacticalGo/ios/Build/Intermediates.noindex/TacticalGoCore.build/Release-iphonesimulator/TacticalGoMotion.build/Objects-normal/x86_64/TacticalGoMotion.SwiftFileList

WriteAuxiliaryFile /Users/pc49-58/.codex/worktrees/cozy-02-integration/TacticalGo/ios/Build/Intermediates.noindex/TacticalGoCore.build/Release-iphonesimulator/TacticalGoMotion.build/Objects-normal/x86_64/TacticalGoMotion.SwiftConstValuesFileList (in target 'TacticalGoMotion' from project 'TacticalGoCore')
    cd /Users/pc49-58/.codex/worktrees/cozy-02-integration/TacticalGo/swift/TacticalGoCore
    write-file /Users/pc49-58/.codex/worktrees/cozy-02-integration/TacticalGo/ios/Build/Intermediates.noindex/TacticalGoCore.build/Release-iphonesimulator/TacticalGoMotion.build/Objects-normal/x86_64/TacticalGoMotion.SwiftConstValuesFileList

WriteAuxiliaryFile /Users/pc49-58/.codex/worktrees/cozy-02-integration/TacticalGo/ios/Build/Intermediates.noindex/TacticalGoCore.build/Release-iphonesimulator/TacticalGoMotion.build/Objects-normal/x86_64/TacticalGoMotion.LinkFileList (in target 'TacticalGoMotion' from project 'TacticalGoCore')
    cd /Users/pc49-58/.codex/worktrees/cozy-02-integration/TacticalGo/swift/TacticalGoCore
    write-file /Users/pc49-58/.codex/worktrees/cozy-02-integration/TacticalGo/ios/Build/Intermediates.noindex/TacticalGoCore.build/Release-iphonesimulator/TacticalGoMotion.build/Objects-normal/x86_64/TacticalGoMotion.LinkFileList

WriteAuxiliaryFile /Users/pc49-58/.codex/worktrees/cozy-02-integration/TacticalGo/ios/Build/Intermediates.noindex/TacticalGoCore.build/Release-iphonesimulator/TacticalGoMotion.build/Objects-normal/x86_64/TacticalGoMotion-OutputFileMap.json (in target 'TacticalGoMotion' from project 'TacticalGoCore')
    cd /Users/pc49-58/.codex/worktrees/cozy-02-integration/TacticalGo/swift/TacticalGoCore
    write-file /Users/pc49-58/.codex/worktrees/cozy-02-integration/TacticalGo/ios/Build/Intermediates.noindex/TacticalGoCore.build/Release-iphonesimulator/TacticalGoMotion.build/Objects-normal/x86_64/TacticalGoMotion-OutputFileMap.json

WriteAuxiliaryFile /Users/pc49-58/.codex/worktrees/cozy-02-integration/TacticalGo/ios/Build/Intermediates.noindex/TacticalGoCore.build/Release-iphonesimulator/TacticalGoMotion.build/Objects-normal/arm64/TacticalGoMotion_const_extract_protocols.json (in target 'TacticalGoMotion' from project 'TacticalGoCore')
    cd /Users/pc49-58/.codex/worktrees/cozy-02-integration/TacticalGo/swift/TacticalGoCore
    write-file /Users/pc49-58/.codex/worktrees/cozy-02-integration/TacticalGo/ios/Build/Intermediates.noindex/TacticalGoCore.build/Release-iphonesimulator/TacticalGoMotion.build/Objects-normal/arm64/TacticalGoMotion_const_extract_protocols.json

WriteAuxiliaryFile /Users/pc49-58/.codex/worktrees/cozy-02-integration/TacticalGo/ios/Build/Intermediates.noindex/TacticalGoCore.build/Release-iphonesimulator/TacticalGoMotion.build/Objects-normal/arm64/TacticalGoMotion.SwiftFileList (in target 'TacticalGoMotion' from project 'TacticalGoCore')
    cd /Users/pc49-58/.codex/worktrees/cozy-02-integration/TacticalGo/swift/TacticalGoCore
    write-file /Users/pc49-58/.codex/worktrees/cozy-02-integration/TacticalGo/ios/Build/Intermediates.noindex/TacticalGoCore.build/Release-iphonesimulator/TacticalGoMotion.build/Objects-normal/arm64/TacticalGoMotion.SwiftFileList

WriteAuxiliaryFile /Users/pc49-58/.codex/worktrees/cozy-02-integration/TacticalGo/ios/Build/Intermediates.noindex/TacticalGoCore.build/Release-iphonesimulator/TacticalGoMotion.build/Objects-normal/arm64/TacticalGoMotion.SwiftConstValuesFileList (in target 'TacticalGoMotion' from project 'TacticalGoCore')
    cd /Users/pc49-58/.codex/worktrees/cozy-02-integration/TacticalGo/swift/TacticalGoCore
    write-file /Users/pc49-58/.codex/worktrees/cozy-02-integration/TacticalGo/ios/Build/Intermediates.noindex/TacticalGoCore.build/Release-iphonesimulator/TacticalGoMotion.build/Objects-normal/arm64/TacticalGoMotion.SwiftConstValuesFileList

WriteAuxiliaryFile /Users/pc49-58/.codex/worktrees/cozy-02-integration/TacticalGo/ios/Build/Intermediates.noindex/TacticalGoCore.build/Release-iphonesimulator/TacticalGoMotion.build/Objects-normal/arm64/TacticalGoMotion.LinkFileList (in target 'TacticalGoMotion' from project 'TacticalGoCore')
    cd /Users/pc49-58/.codex/worktrees/cozy-02-integration/TacticalGo/swift/TacticalGoCore
    write-file /Users/pc49-58/.codex/worktrees/cozy-02-integration/TacticalGo/ios/Build/Intermediates.noindex/TacticalGoCore.build/Release-iphonesimulator/TacticalGoMotion.build/Objects-normal/arm64/TacticalGoMotion.LinkFileList

WriteAuxiliaryFile /Users/pc49-58/.codex/worktrees/cozy-02-integration/TacticalGo/ios/Build/Intermediates.noindex/TacticalGoCore.build/Release-iphonesimulator/TacticalGoMotion.build/Objects-normal/arm64/TacticalGoMotion-OutputFileMap.json (in target 'TacticalGoMotion' from project 'TacticalGoCore')
    cd /Users/pc49-58/.codex/worktrees/cozy-02-integration/TacticalGo/swift/TacticalGoCore
    write-file /Users/pc49-58/.codex/worktrees/cozy-02-integration/TacticalGo/ios/Build/Intermediates.noindex/TacticalGoCore.build/Release-iphonesimulator/TacticalGoMotion.build/Objects-normal/arm64/TacticalGoMotion-OutputFileMap.json

Copy /Users/pc49-58/.codex/worktrees/cozy-02-integration/TacticalGo/ios/Build/Intermediates.noindex/GeneratedModuleMaps-iphonesimulator/TacticalGoMotion.modulemap /Users/pc49-58/.codex/worktrees/cozy-02-integration/TacticalGo/ios/Build/Intermediates.noindex/TacticalGoCore.build/Release-iphonesimulator/TacticalGoMotion.build/TacticalGoMotion.modulemap (in target 'TacticalGoMotion' from project 'TacticalGoCore')
    cd /Users/pc49-58/.codex/worktrees/cozy-02-integration/TacticalGo/swift/TacticalGoCore
    builtin-copy -exclude .DS_Store -exclude CVS -exclude .svn -exclude .git -exclude .hg -strip-unsigned-binaries -strip-deterministic -strip-tool /Applications/Xcode.app/Contents/Developer/Toolchains/XcodeDefault.xctoolchain/usr/bin/strip -resolve-src-symlinks /Users/pc49-58/.codex/worktrees/cozy-02-integration/TacticalGo/ios/Build/Intermediates.noindex/TacticalGoCore.build/Release-iphonesimulator/TacticalGoMotion.build/TacticalGoMotion.modulemap /Users/pc49-58/.codex/worktrees/cozy-02-integration/TacticalGo/ios/Build/Intermediates.noindex/GeneratedModuleMaps-iphonesimulator

WriteAuxiliaryFile /Users/pc49-58/.codex/worktrees/cozy-02-integration/TacticalGo/ios/Build/Intermediates.noindex/TacticalGoCore.build/Release-iphonesimulator/TacticalGoCore_TacticalGoOnboarding.build/empty-TacticalGoCore_TacticalGoOnboarding.plist (in target 'TacticalGoCore_TacticalGoOnboarding' from project 'TacticalGoCore')
    cd /Users/pc49-58/.codex/worktrees/cozy-02-integration/TacticalGo/swift/TacticalGoCore
    write-file /Users/pc49-58/.codex/worktrees/cozy-02-integration/TacticalGo/ios/Build/Intermediates.noindex/TacticalGoCore.build/Release-iphonesimulator/TacticalGoCore_TacticalGoOnboarding.build/empty-TacticalGoCore_TacticalGoOnboarding.plist

WriteAuxiliaryFile /Users/pc49-58/.codex/worktrees/cozy-02-integration/TacticalGo/ios/Build/Intermediates.noindex/TacticalGoCore.build/Release-iphonesimulator/TacticalGoCore_TacticalGoOnboarding.build/TacticalGoCore_TacticalGoOnboarding.DependencyStaticMetadataFileList (in target 'TacticalGoCore_TacticalGoOnboarding' from project 'TacticalGoCore')
    cd /Users/pc49-58/.codex/worktrees/cozy-02-integration/TacticalGo/swift/TacticalGoCore
    write-file /Users/pc49-58/.codex/worktrees/cozy-02-integration/TacticalGo/ios/Build/Intermediates.noindex/TacticalGoCore.build/Release-iphonesimulator/TacticalGoCore_TacticalGoOnboarding.build/TacticalGoCore_TacticalGoOnboarding.DependencyStaticMetadataFileList

WriteAuxiliaryFile /Users/pc49-58/.codex/worktrees/cozy-02-integration/TacticalGo/ios/Build/Intermediates.noindex/TacticalGoCore.build/Release-iphonesimulator/TacticalGoCore_TacticalGoOnboarding.build/TacticalGoCore_TacticalGoOnboarding.DependencyMetadataFileList (in target 'TacticalGoCore_TacticalGoOnboarding' from project 'TacticalGoCore')
    cd /Users/pc49-58/.codex/worktrees/cozy-02-integration/TacticalGo/swift/TacticalGoCore
    write-file /Users/pc49-58/.codex/worktrees/cozy-02-integration/TacticalGo/ios/Build/Intermediates.noindex/TacticalGoCore.build/Release-iphonesimulator/TacticalGoCore_TacticalGoOnboarding.build/TacticalGoCore_TacticalGoOnboarding.DependencyMetadataFileList

WriteAuxiliaryFile /Users/pc49-58/.codex/worktrees/cozy-02-integration/TacticalGo/ios/Build/Intermediates.noindex/TacticalGoCore.build/Release-iphonesimulator/TacticalGoCore.build/TacticalGoCore.modulemap (in target 'TacticalGoCore' from project 'TacticalGoCore')
    cd /Users/pc49-58/.codex/worktrees/cozy-02-integration/TacticalGo/swift/TacticalGoCore
    write-file /Users/pc49-58/.codex/worktrees/cozy-02-integration/TacticalGo/ios/Build/Intermediates.noindex/TacticalGoCore.build/Release-iphonesimulator/TacticalGoCore.build/TacticalGoCore.modulemap

WriteAuxiliaryFile /Users/pc49-58/.codex/worktrees/cozy-02-integration/TacticalGo/ios/Build/Intermediates.noindex/TacticalGoCore.build/Release-iphonesimulator/TacticalGoCore.build/TacticalGoCore.DependencyStaticMetadataFileList (in target 'TacticalGoCore' from project 'TacticalGoCore')
    cd /Users/pc49-58/.codex/worktrees/cozy-02-integration/TacticalGo/swift/TacticalGoCore
    write-file /Users/pc49-58/.codex/worktrees/cozy-02-integration/TacticalGo/ios/Build/Intermediates.noindex/TacticalGoCore.build/Release-iphonesimulator/TacticalGoCore.build/TacticalGoCore.DependencyStaticMetadataFileList

WriteAuxiliaryFile /Users/pc49-58/.codex/worktrees/cozy-02-integration/TacticalGo/ios/Build/Intermediates.noindex/TacticalGoCore.build/Release-iphonesimulator/TacticalGoCore.build/TacticalGoCore.DependencyMetadataFileList (in target 'TacticalGoCore' from project 'TacticalGoCore')
    cd /Users/pc49-58/.codex/worktrees/cozy-02-integration/TacticalGo/swift/TacticalGoCore
    write-file /Users/pc49-58/.codex/worktrees/cozy-02-integration/TacticalGo/ios/Build/Intermediates.noindex/TacticalGoCore.build/Release-iphonesimulator/TacticalGoCore.build/TacticalGoCore.DependencyMetadataFileList

WriteAuxiliaryFile /Users/pc49-58/.codex/worktrees/cozy-02-integration/TacticalGo/ios/Build/Intermediates.noindex/TacticalGoCore.build/Release-iphonesimulator/TacticalGoCore.build/Objects-normal/x86_64/TacticalGoCore_const_extract_protocols.json (in target 'TacticalGoCore' from project 'TacticalGoCore')
    cd /Users/pc49-58/.codex/worktrees/cozy-02-integration/TacticalGo/swift/TacticalGoCore
    write-file /Users/pc49-58/.codex/worktrees/cozy-02-integration/TacticalGo/ios/Build/Intermediates.noindex/TacticalGoCore.build/Release-iphonesimulator/TacticalGoCore.build/Objects-normal/x86_64/TacticalGoCore_const_extract_protocols.json

WriteAuxiliaryFile /Users/pc49-58/.codex/worktrees/cozy-02-integration/TacticalGo/ios/Build/Intermediates.noindex/TacticalGoCore.build/Release-iphonesimulator/TacticalGoCore.build/Objects-normal/x86_64/TacticalGoCore.SwiftFileList (in target 'TacticalGoCore' from project 'TacticalGoCore')
    cd /Users/pc49-58/.codex/worktrees/cozy-02-integration/TacticalGo/swift/TacticalGoCore
    write-file /Users/pc49-58/.codex/worktrees/cozy-02-integration/TacticalGo/ios/Build/Intermediates.noindex/TacticalGoCore.build/Release-iphonesimulator/TacticalGoCore.build/Objects-normal/x86_64/TacticalGoCore.SwiftFileList

WriteAuxiliaryFile /Users/pc49-58/.codex/worktrees/cozy-02-integration/TacticalGo/ios/Build/Intermediates.noindex/TacticalGoCore.build/Release-iphonesimulator/TacticalGoCore.build/Objects-normal/x86_64/TacticalGoCore.SwiftConstValuesFileList (in target 'TacticalGoCore' from project 'TacticalGoCore')
    cd /Users/pc49-58/.codex/worktrees/cozy-02-integration/TacticalGo/swift/TacticalGoCore
    write-file /Users/pc49-58/.codex/worktrees/cozy-02-integration/TacticalGo/ios/Build/Intermediates.noindex/TacticalGoCore.build/Release-iphonesimulator/TacticalGoCore.build/Objects-normal/x86_64/TacticalGoCore.SwiftConstValuesFileList

WriteAuxiliaryFile /Users/pc49-58/.codex/worktrees/cozy-02-integration/TacticalGo/ios/Build/Intermediates.noindex/TacticalGoCore.build/Release-iphonesimulator/TacticalGoCore.build/Objects-normal/x86_64/TacticalGoCore.LinkFileList (in target 'TacticalGoCore' from project 'TacticalGoCore')
    cd /Users/pc49-58/.codex/worktrees/cozy-02-integration/TacticalGo/swift/TacticalGoCore
    write-file /Users/pc49-58/.codex/worktrees/cozy-02-integration/TacticalGo/ios/Build/Intermediates.noindex/TacticalGoCore.build/Release-iphonesimulator/TacticalGoCore.build/Objects-normal/x86_64/TacticalGoCore.LinkFileList

WriteAuxiliaryFile /Users/pc49-58/.codex/worktrees/cozy-02-integration/TacticalGo/ios/Build/Intermediates.noindex/TacticalGoCore.build/Release-iphonesimulator/TacticalGoCore.build/Objects-normal/x86_64/TacticalGoCore-OutputFileMap.json (in target 'TacticalGoCore' from project 'TacticalGoCore')
    cd /Users/pc49-58/.codex/worktrees/cozy-02-integration/TacticalGo/swift/TacticalGoCore
    write-file /Users/pc49-58/.codex/worktrees/cozy-02-integration/TacticalGo/ios/Build/Intermediates.noindex/TacticalGoCore.build/Release-iphonesimulator/TacticalGoCore.build/Objects-normal/x86_64/TacticalGoCore-OutputFileMap.json

WriteAuxiliaryFile /Users/pc49-58/.codex/worktrees/cozy-02-integration/TacticalGo/ios/Build/Intermediates.noindex/TacticalGoCore.build/Release-iphonesimulator/TacticalGoCore.build/Objects-normal/arm64/TacticalGoCore.SwiftFileList (in target 'TacticalGoCore' from project 'TacticalGoCore')
    cd /Users/pc49-58/.codex/worktrees/cozy-02-integration/TacticalGo/swift/TacticalGoCore
    write-file /Users/pc49-58/.codex/worktrees/cozy-02-integration/TacticalGo/ios/Build/Intermediates.noindex/TacticalGoCore.build/Release-iphonesimulator/TacticalGoCore.build/Objects-normal/arm64/TacticalGoCore.SwiftFileList

WriteAuxiliaryFile /Users/pc49-58/.codex/worktrees/cozy-02-integration/TacticalGo/ios/Build/Intermediates.noindex/TacticalGoCore.build/Release-iphonesimulator/TacticalGoCore.build/Objects-normal/arm64/TacticalGoCore_const_extract_protocols.json (in target 'TacticalGoCore' from project 'TacticalGoCore')
    cd /Users/pc49-58/.codex/worktrees/cozy-02-integration/TacticalGo/swift/TacticalGoCore
    write-file /Users/pc49-58/.codex/worktrees/cozy-02-integration/TacticalGo/ios/Build/Intermediates.noindex/TacticalGoCore.build/Release-iphonesimulator/TacticalGoCore.build/Objects-normal/arm64/TacticalGoCore_const_extract_protocols.json

WriteAuxiliaryFile /Users/pc49-58/.codex/worktrees/cozy-02-integration/TacticalGo/ios/Build/Intermediates.noindex/TacticalGoCore.build/Release-iphonesimulator/TacticalGoCore.build/Objects-normal/arm64/TacticalGoCore.SwiftConstValuesFileList (in target 'TacticalGoCore' from project 'TacticalGoCore')
    cd /Users/pc49-58/.codex/worktrees/cozy-02-integration/TacticalGo/swift/TacticalGoCore
    write-file /Users/pc49-58/.codex/worktrees/cozy-02-integration/TacticalGo/ios/Build/Intermediates.noindex/TacticalGoCore.build/Release-iphonesimulator/TacticalGoCore.build/Objects-normal/arm64/TacticalGoCore.SwiftConstValuesFileList

WriteAuxiliaryFile /Users/pc49-58/.codex/worktrees/cozy-02-integration/TacticalGo/ios/Build/Intermediates.noindex/TacticalGoCore.build/Release-iphonesimulator/TacticalGoCore.build/Objects-normal/arm64/TacticalGoCore.LinkFileList (in target 'TacticalGoCore' from project 'TacticalGoCore')
    cd /Users/pc49-58/.codex/worktrees/cozy-02-integration/TacticalGo/swift/TacticalGoCore
    write-file /Users/pc49-58/.codex/worktrees/cozy-02-integration/TacticalGo/ios/Build/Intermediates.noindex/TacticalGoCore.build/Release-iphonesimulator/TacticalGoCore.build/Objects-normal/arm64/TacticalGoCore.LinkFileList

WriteAuxiliaryFile /Users/pc49-58/.codex/worktrees/cozy-02-integration/TacticalGo/ios/Build/Intermediates.noindex/TacticalGoCore.build/Release-iphonesimulator/TacticalGoCore.build/Objects-normal/arm64/TacticalGoCore-OutputFileMap.json (in target 'TacticalGoCore' from project 'TacticalGoCore')
    cd /Users/pc49-58/.codex/worktrees/cozy-02-integration/TacticalGo/swift/TacticalGoCore
    write-file /Users/pc49-58/.codex/worktrees/cozy-02-integration/TacticalGo/ios/Build/Intermediates.noindex/TacticalGoCore.build/Release-iphonesimulator/TacticalGoCore.build/Objects-normal/arm64/TacticalGoCore-OutputFileMap.json

Copy /Users/pc49-58/.codex/worktrees/cozy-02-integration/TacticalGo/ios/Build/Intermediates.noindex/GeneratedModuleMaps-iphonesimulator/TacticalGoCore.modulemap /Users/pc49-58/.codex/worktrees/cozy-02-integration/TacticalGo/ios/Build/Intermediates.noindex/TacticalGoCore.build/Release-iphonesimulator/TacticalGoCore.build/TacticalGoCore.modulemap (in target 'TacticalGoCore' from project 'TacticalGoCore')
    cd /Users/pc49-58/.codex/worktrees/cozy-02-integration/TacticalGo/swift/TacticalGoCore
    builtin-copy -exclude .DS_Store -exclude CVS -exclude .svn -exclude .git -exclude .hg -strip-unsigned-binaries -strip-deterministic -strip-tool /Applications/Xcode.app/Contents/Developer/Toolchains/XcodeDefault.xctoolchain/usr/bin/strip -resolve-src-symlinks /Users/pc49-58/.codex/worktrees/cozy-02-integration/TacticalGo/ios/Build/Intermediates.noindex/TacticalGoCore.build/Release-iphonesimulator/TacticalGoCore.build/TacticalGoCore.modulemap /Users/pc49-58/.codex/worktrees/cozy-02-integration/TacticalGo/ios/Build/Intermediates.noindex/GeneratedModuleMaps-iphonesimulator

WriteAuxiliaryFile /Users/pc49-58/.codex/worktrees/cozy-02-integration/TacticalGo/ios/Build/Intermediates.noindex/TacticalGoCore.build/Release-iphonesimulator/TacticalGoBot.build/TacticalGoBot.modulemap (in target 'TacticalGoBot' from project 'TacticalGoCore')
    cd /Users/pc49-58/.codex/worktrees/cozy-02-integration/TacticalGo/swift/TacticalGoCore
    write-file /Users/pc49-58/.codex/worktrees/cozy-02-integration/TacticalGo/ios/Build/Intermediates.noindex/TacticalGoCore.build/Release-iphonesimulator/TacticalGoBot.build/TacticalGoBot.modulemap

WriteAuxiliaryFile /Users/pc49-58/.codex/worktrees/cozy-02-integration/TacticalGo/ios/Build/Intermediates.noindex/TacticalGoCore.build/Release-iphonesimulator/TacticalGoBot.build/TacticalGoBot.DependencyStaticMetadataFileList (in target 'TacticalGoBot' from project 'TacticalGoCore')
    cd /Users/pc49-58/.codex/worktrees/cozy-02-integration/TacticalGo/swift/TacticalGoCore
    write-file /Users/pc49-58/.codex/worktrees/cozy-02-integration/TacticalGo/ios/Build/Intermediates.noindex/TacticalGoCore.build/Release-iphonesimulator/TacticalGoBot.build/TacticalGoBot.DependencyStaticMetadataFileList

WriteAuxiliaryFile /Users/pc49-58/.codex/worktrees/cozy-02-integration/TacticalGo/ios/Build/Intermediates.noindex/TacticalGoCore.build/Release-iphonesimulator/TacticalGoBot.build/TacticalGoBot.DependencyMetadataFileList (in target 'TacticalGoBot' from project 'TacticalGoCore')
    cd /Users/pc49-58/.codex/worktrees/cozy-02-integration/TacticalGo/swift/TacticalGoCore
    write-file /Users/pc49-58/.codex/worktrees/cozy-02-integration/TacticalGo/ios/Build/Intermediates.noindex/TacticalGoCore.build/Release-iphonesimulator/TacticalGoBot.build/TacticalGoBot.DependencyMetadataFileList

WriteAuxiliaryFile /Users/pc49-58/.codex/worktrees/cozy-02-integration/TacticalGo/ios/Build/Intermediates.noindex/TacticalGoCore.build/Release-iphonesimulator/TacticalGoBot.build/Objects-normal/x86_64/TacticalGoBot_const_extract_protocols.json (in target 'TacticalGoBot' from project 'TacticalGoCore')
    cd /Users/pc49-58/.codex/worktrees/cozy-02-integration/TacticalGo/swift/TacticalGoCore
    write-file /Users/pc49-58/.codex/worktrees/cozy-02-integration/TacticalGo/ios/Build/Intermediates.noindex/TacticalGoCore.build/Release-iphonesimulator/TacticalGoBot.build/Objects-normal/x86_64/TacticalGoBot_const_extract_protocols.json

WriteAuxiliaryFile /Users/pc49-58/.codex/worktrees/cozy-02-integration/TacticalGo/ios/Build/Intermediates.noindex/TacticalGoCore.build/Release-iphonesimulator/TacticalGoBot.build/Objects-normal/x86_64/TacticalGoBot.SwiftFileList (in target 'TacticalGoBot' from project 'TacticalGoCore')
    cd /Users/pc49-58/.codex/worktrees/cozy-02-integration/TacticalGo/swift/TacticalGoCore
    write-file /Users/pc49-58/.codex/worktrees/cozy-02-integration/TacticalGo/ios/Build/Intermediates.noindex/TacticalGoCore.build/Release-iphonesimulator/TacticalGoBot.build/Objects-normal/x86_64/TacticalGoBot.SwiftFileList

WriteAuxiliaryFile /Users/pc49-58/.codex/worktrees/cozy-02-integration/TacticalGo/ios/Build/Intermediates.noindex/TacticalGoCore.build/Release-iphonesimulator/TacticalGoBot.build/Objects-normal/x86_64/TacticalGoBot.SwiftConstValuesFileList (in target 'TacticalGoBot' from project 'TacticalGoCore')
    cd /Users/pc49-58/.codex/worktrees/cozy-02-integration/TacticalGo/swift/TacticalGoCore
    write-file /Users/pc49-58/.codex/worktrees/cozy-02-integration/TacticalGo/ios/Build/Intermediates.noindex/TacticalGoCore.build/Release-iphonesimulator/TacticalGoBot.build/Objects-normal/x86_64/TacticalGoBot.SwiftConstValuesFileList

WriteAuxiliaryFile /Users/pc49-58/.codex/worktrees/cozy-02-integration/TacticalGo/ios/Build/Intermediates.noindex/TacticalGoCore.build/Release-iphonesimulator/TacticalGoBot.build/Objects-normal/x86_64/TacticalGoBot.LinkFileList (in target 'TacticalGoBot' from project 'TacticalGoCore')
    cd /Users/pc49-58/.codex/worktrees/cozy-02-integration/TacticalGo/swift/TacticalGoCore
    write-file /Users/pc49-58/.codex/worktrees/cozy-02-integration/TacticalGo/ios/Build/Intermediates.noindex/TacticalGoCore.build/Release-iphonesimulator/TacticalGoBot.build/Objects-normal/x86_64/TacticalGoBot.LinkFileList

WriteAuxiliaryFile /Users/pc49-58/.codex/worktrees/cozy-02-integration/TacticalGo/ios/Build/Intermediates.noindex/TacticalGoCore.build/Release-iphonesimulator/TacticalGoBot.build/Objects-normal/x86_64/TacticalGoBot-OutputFileMap.json (in target 'TacticalGoBot' from project 'TacticalGoCore')
    cd /Users/pc49-58/.codex/worktrees/cozy-02-integration/TacticalGo/swift/TacticalGoCore
    write-file /Users/pc49-58/.codex/worktrees/cozy-02-integration/TacticalGo/ios/Build/Intermediates.noindex/TacticalGoCore.build/Release-iphonesimulator/TacticalGoBot.build/Objects-normal/x86_64/TacticalGoBot-OutputFileMap.json

WriteAuxiliaryFile /Users/pc49-58/.codex/worktrees/cozy-02-integration/TacticalGo/ios/Build/Intermediates.noindex/TacticalGoCore.build/Release-iphonesimulator/TacticalGoBot.build/Objects-normal/arm64/TacticalGoBot_const_extract_protocols.json (in target 'TacticalGoBot' from project 'TacticalGoCore')
    cd /Users/pc49-58/.codex/worktrees/cozy-02-integration/TacticalGo/swift/TacticalGoCore
    write-file /Users/pc49-58/.codex/worktrees/cozy-02-integration/TacticalGo/ios/Build/Intermediates.noindex/TacticalGoCore.build/Release-iphonesimulator/TacticalGoBot.build/Objects-normal/arm64/TacticalGoBot_const_extract_protocols.json

WriteAuxiliaryFile /Users/pc49-58/.codex/worktrees/cozy-02-integration/TacticalGo/ios/Build/Intermediates.noindex/TacticalGoCore.build/Release-iphonesimulator/TacticalGoBot.build/Objects-normal/arm64/TacticalGoBot.SwiftFileList (in target 'TacticalGoBot' from project 'TacticalGoCore')
    cd /Users/pc49-58/.codex/worktrees/cozy-02-integration/TacticalGo/swift/TacticalGoCore
    write-file /Users/pc49-58/.codex/worktrees/cozy-02-integration/TacticalGo/ios/Build/Intermediates.noindex/TacticalGoCore.build/Release-iphonesimulator/TacticalGoBot.build/Objects-normal/arm64/TacticalGoBot.SwiftFileList

WriteAuxiliaryFile /Users/pc49-58/.codex/worktrees/cozy-02-integration/TacticalGo/ios/Build/Intermediates.noindex/TacticalGoCore.build/Release-iphonesimulator/TacticalGoBot.build/Objects-normal/arm64/TacticalGoBot.SwiftConstValuesFileList (in target 'TacticalGoBot' from project 'TacticalGoCore')
    cd /Users/pc49-58/.codex/worktrees/cozy-02-integration/TacticalGo/swift/TacticalGoCore
    write-file /Users/pc49-58/.codex/worktrees/cozy-02-integration/TacticalGo/ios/Build/Intermediates.noindex/TacticalGoCore.build/Release-iphonesimulator/TacticalGoBot.build/Objects-normal/arm64/TacticalGoBot.SwiftConstValuesFileList

WriteAuxiliaryFile /Users/pc49-58/.codex/worktrees/cozy-02-integration/TacticalGo/ios/Build/Intermediates.noindex/TacticalGoCore.build/Release-iphonesimulator/TacticalGoBot.build/Objects-normal/arm64/TacticalGoBot.LinkFileList (in target 'TacticalGoBot' from project 'TacticalGoCore')
    cd /Users/pc49-58/.codex/worktrees/cozy-02-integration/TacticalGo/swift/TacticalGoCore
    write-file /Users/pc49-58/.codex/worktrees/cozy-02-integration/TacticalGo/ios/Build/Intermediates.noindex/TacticalGoCore.build/Release-iphonesimulator/TacticalGoBot.build/Objects-normal/arm64/TacticalGoBot.LinkFileList

WriteAuxiliaryFile /Users/pc49-58/.codex/worktrees/cozy-02-integration/TacticalGo/ios/Build/Intermediates.noindex/TacticalGoCore.build/Release-iphonesimulator/TacticalGoBot.build/Objects-normal/arm64/TacticalGoBot-OutputFileMap.json (in target 'TacticalGoBot' from project 'TacticalGoCore')
    cd /Users/pc49-58/.codex/worktrees/cozy-02-integration/TacticalGo/swift/TacticalGoCore
    write-file /Users/pc49-58/.codex/worktrees/cozy-02-integration/TacticalGo/ios/Build/Intermediates.noindex/TacticalGoCore.build/Release-iphonesimulator/TacticalGoBot.build/Objects-normal/arm64/TacticalGoBot-OutputFileMap.json

Copy /Users/pc49-58/.codex/worktrees/cozy-02-integration/TacticalGo/ios/Build/Intermediates.noindex/GeneratedModuleMaps-iphonesimulator/TacticalGoBot.modulemap /Users/pc49-58/.codex/worktrees/cozy-02-integration/TacticalGo/ios/Build/Intermediates.noindex/TacticalGoCore.build/Release-iphonesimulator/TacticalGoBot.build/TacticalGoBot.modulemap (in target 'TacticalGoBot' from project 'TacticalGoCore')
    cd /Users/pc49-58/.codex/worktrees/cozy-02-integration/TacticalGo/swift/TacticalGoCore
    builtin-copy -exclude .DS_Store -exclude CVS -exclude .svn -exclude .git -exclude .hg -strip-unsigned-binaries -strip-deterministic -strip-tool /Applications/Xcode.app/Contents/Developer/Toolchains/XcodeDefault.xctoolchain/usr/bin/strip -resolve-src-symlinks /Users/pc49-58/.codex/worktrees/cozy-02-integration/TacticalGo/ios/Build/Intermediates.noindex/TacticalGoCore.build/Release-iphonesimulator/TacticalGoBot.build/TacticalGoBot.modulemap /Users/pc49-58/.codex/worktrees/cozy-02-integration/TacticalGo/ios/Build/Intermediates.noindex/GeneratedModuleMaps-iphonesimulator

WriteAuxiliaryFile /Users/pc49-58/.codex/worktrees/cozy-02-integration/TacticalGo/ios/Build/Intermediates.noindex/TacticalGo.build/Release-iphonesimulator/TacticalGo.build/TacticalGo.hmap (in target 'TacticalGo' from project 'TacticalGo')
    cd /Users/pc49-58/.codex/worktrees/cozy-02-integration/TacticalGo/ios
    write-file /Users/pc49-58/.codex/worktrees/cozy-02-integration/TacticalGo/ios/Build/Intermediates.noindex/TacticalGo.build/Release-iphonesimulator/TacticalGo.build/TacticalGo.hmap

WriteAuxiliaryFile /Users/pc49-58/.codex/worktrees/cozy-02-integration/TacticalGo/ios/Build/Intermediates.noindex/TacticalGo.build/Release-iphonesimulator/TacticalGo.build/TacticalGo.DependencyStaticMetadataFileList (in target 'TacticalGo' from project 'TacticalGo')
    cd /Users/pc49-58/.codex/worktrees/cozy-02-integration/TacticalGo/ios
    write-file /Users/pc49-58/.codex/worktrees/cozy-02-integration/TacticalGo/ios/Build/Intermediates.noindex/TacticalGo.build/Release-iphonesimulator/TacticalGo.build/TacticalGo.DependencyStaticMetadataFileList

WriteAuxiliaryFile /Users/pc49-58/.codex/worktrees/cozy-02-integration/TacticalGo/ios/Build/Intermediates.noindex/TacticalGo.build/Release-iphonesimulator/TacticalGo.build/empty-TacticalGo.plist (in target 'TacticalGo' from project 'TacticalGo')
    cd /Users/pc49-58/.codex/worktrees/cozy-02-integration/TacticalGo/ios
    write-file /Users/pc49-58/.codex/worktrees/cozy-02-integration/TacticalGo/ios/Build/Intermediates.noindex/TacticalGo.build/Release-iphonesimulator/TacticalGo.build/empty-TacticalGo.plist

WriteAuxiliaryFile /Users/pc49-58/.codex/worktrees/cozy-02-integration/TacticalGo/ios/Build/Intermediates.noindex/TacticalGo.build/Release-iphonesimulator/TacticalGo.build/TacticalGo.DependencyMetadataFileList (in target 'TacticalGo' from project 'TacticalGo')
    cd /Users/pc49-58/.codex/worktrees/cozy-02-integration/TacticalGo/ios
    write-file /Users/pc49-58/.codex/worktrees/cozy-02-integration/TacticalGo/ios/Build/Intermediates.noindex/TacticalGo.build/Release-iphonesimulator/TacticalGo.build/TacticalGo.DependencyMetadataFileList

WriteAuxiliaryFile /Users/pc49-58/.codex/worktrees/cozy-02-integration/TacticalGo/ios/Build/Intermediates.noindex/TacticalGo.build/Release-iphonesimulator/TacticalGo.build/TacticalGo-project-headers.hmap (in target 'TacticalGo' from project 'TacticalGo')
    cd /Users/pc49-58/.codex/worktrees/cozy-02-integration/TacticalGo/ios
    write-file /Users/pc49-58/.codex/worktrees/cozy-02-integration/TacticalGo/ios/Build/Intermediates.noindex/TacticalGo.build/Release-iphonesimulator/TacticalGo.build/TacticalGo-project-headers.hmap

WriteAuxiliaryFile /Users/pc49-58/.codex/worktrees/cozy-02-integration/TacticalGo/ios/Build/Intermediates.noindex/TacticalGo.build/Release-iphonesimulator/TacticalGo.build/TacticalGo-own-target-headers.hmap (in target 'TacticalGo' from project 'TacticalGo')
    cd /Users/pc49-58/.codex/worktrees/cozy-02-integration/TacticalGo/ios
    write-file /Users/pc49-58/.codex/worktrees/cozy-02-integration/TacticalGo/ios/Build/Intermediates.noindex/TacticalGo.build/Release-iphonesimulator/TacticalGo.build/TacticalGo-own-target-headers.hmap

WriteAuxiliaryFile /Users/pc49-58/.codex/worktrees/cozy-02-integration/TacticalGo/ios/Build/Intermediates.noindex/TacticalGo.build/Release-iphonesimulator/TacticalGo.build/TacticalGo-generated-files.hmap (in target 'TacticalGo' from project 'TacticalGo')
    cd /Users/pc49-58/.codex/worktrees/cozy-02-integration/TacticalGo/ios
    write-file /Users/pc49-58/.codex/worktrees/cozy-02-integration/TacticalGo/ios/Build/Intermediates.noindex/TacticalGo.build/Release-iphonesimulator/TacticalGo.build/TacticalGo-generated-files.hmap

WriteAuxiliaryFile /Users/pc49-58/.codex/worktrees/cozy-02-integration/TacticalGo/ios/Build/Intermediates.noindex/TacticalGo.build/Release-iphonesimulator/TacticalGo.build/TacticalGo-all-target-headers.hmap (in target 'TacticalGo' from project 'TacticalGo')
    cd /Users/pc49-58/.codex/worktrees/cozy-02-integration/TacticalGo/ios
    write-file /Users/pc49-58/.codex/worktrees/cozy-02-integration/TacticalGo/ios/Build/Intermediates.noindex/TacticalGo.build/Release-iphonesimulator/TacticalGo.build/TacticalGo-all-target-headers.hmap

WriteAuxiliaryFile /Users/pc49-58/.codex/worktrees/cozy-02-integration/TacticalGo/ios/Build/Intermediates.noindex/TacticalGo.build/Release-iphonesimulator/TacticalGo.build/TacticalGo-all-non-framework-target-headers.hmap (in target 'TacticalGo' from project 'TacticalGo')
    cd /Users/pc49-58/.codex/worktrees/cozy-02-integration/TacticalGo/ios
    write-file /Users/pc49-58/.codex/worktrees/cozy-02-integration/TacticalGo/ios/Build/Intermediates.noindex/TacticalGo.build/Release-iphonesimulator/TacticalGo.build/TacticalGo-all-non-framework-target-headers.hmap

WriteAuxiliaryFile /Users/pc49-58/.codex/worktrees/cozy-02-integration/TacticalGo/ios/Build/Intermediates.noindex/TacticalGo.build/Release-iphonesimulator/TacticalGo.build/Objects-normal/x86_64/TacticalGo.SwiftConstValuesFileList (in target 'TacticalGo' from project 'TacticalGo')
    cd /Users/pc49-58/.codex/worktrees/cozy-02-integration/TacticalGo/ios
    write-file /Users/pc49-58/.codex/worktrees/cozy-02-integration/TacticalGo/ios/Build/Intermediates.noindex/TacticalGo.build/Release-iphonesimulator/TacticalGo.build/Objects-normal/x86_64/TacticalGo.SwiftConstValuesFileList

WriteAuxiliaryFile /Users/pc49-58/.codex/worktrees/cozy-02-integration/TacticalGo/ios/Build/Intermediates.noindex/TacticalGo.build/Release-iphonesimulator/TacticalGo.build/Objects-normal/x86_64/TacticalGo.SwiftFileList (in target 'TacticalGo' from project 'TacticalGo')
    cd /Users/pc49-58/.codex/worktrees/cozy-02-integration/TacticalGo/ios
    write-file /Users/pc49-58/.codex/worktrees/cozy-02-integration/TacticalGo/ios/Build/Intermediates.noindex/TacticalGo.build/Release-iphonesimulator/TacticalGo.build/Objects-normal/x86_64/TacticalGo.SwiftFileList

WriteAuxiliaryFile /Users/pc49-58/.codex/worktrees/cozy-02-integration/TacticalGo/ios/Build/Intermediates.noindex/TacticalGo.build/Release-iphonesimulator/TacticalGo.build/Objects-normal/x86_64/TacticalGo_const_extract_protocols.json (in target 'TacticalGo' from project 'TacticalGo')
    cd /Users/pc49-58/.codex/worktrees/cozy-02-integration/TacticalGo/ios
    write-file /Users/pc49-58/.codex/worktrees/cozy-02-integration/TacticalGo/ios/Build/Intermediates.noindex/TacticalGo.build/Release-iphonesimulator/TacticalGo.build/Objects-normal/x86_64/TacticalGo_const_extract_protocols.json

WriteAuxiliaryFile /Users/pc49-58/.codex/worktrees/cozy-02-integration/TacticalGo/ios/Build/Intermediates.noindex/TacticalGo.build/Release-iphonesimulator/TacticalGo.build/Objects-normal/x86_64/TacticalGo.LinkFileList (in target 'TacticalGo' from project 'TacticalGo')
    cd /Users/pc49-58/.codex/worktrees/cozy-02-integration/TacticalGo/ios
    write-file /Users/pc49-58/.codex/worktrees/cozy-02-integration/TacticalGo/ios/Build/Intermediates.noindex/TacticalGo.build/Release-iphonesimulator/TacticalGo.build/Objects-normal/x86_64/TacticalGo.LinkFileList

WriteAuxiliaryFile /Users/pc49-58/.codex/worktrees/cozy-02-integration/TacticalGo/ios/Build/Intermediates.noindex/TacticalGo.build/Release-iphonesimulator/TacticalGo.build/Objects-normal/x86_64/TacticalGo-OutputFileMap.json (in target 'TacticalGo' from project 'TacticalGo')
    cd /Users/pc49-58/.codex/worktrees/cozy-02-integration/TacticalGo/ios
    write-file /Users/pc49-58/.codex/worktrees/cozy-02-integration/TacticalGo/ios/Build/Intermediates.noindex/TacticalGo.build/Release-iphonesimulator/TacticalGo.build/Objects-normal/x86_64/TacticalGo-OutputFileMap.json

WriteAuxiliaryFile /Users/pc49-58/.codex/worktrees/cozy-02-integration/TacticalGo/ios/Build/Intermediates.noindex/TacticalGo.build/Release-iphonesimulator/TacticalGo.build/Objects-normal/arm64/TacticalGo.SwiftFileList (in target 'TacticalGo' from project 'TacticalGo')
    cd /Users/pc49-58/.codex/worktrees/cozy-02-integration/TacticalGo/ios
    write-file /Users/pc49-58/.codex/worktrees/cozy-02-integration/TacticalGo/ios/Build/Intermediates.noindex/TacticalGo.build/Release-iphonesimulator/TacticalGo.build/Objects-normal/arm64/TacticalGo.SwiftFileList

WriteAuxiliaryFile /Users/pc49-58/.codex/worktrees/cozy-02-integration/TacticalGo/ios/Build/Intermediates.noindex/TacticalGo.build/Release-iphonesimulator/TacticalGo.build/Objects-normal/arm64/TacticalGo_const_extract_protocols.json (in target 'TacticalGo' from project 'TacticalGo')
    cd /Users/pc49-58/.codex/worktrees/cozy-02-integration/TacticalGo/ios
    write-file /Users/pc49-58/.codex/worktrees/cozy-02-integration/TacticalGo/ios/Build/Intermediates.noindex/TacticalGo.build/Release-iphonesimulator/TacticalGo.build/Objects-normal/arm64/TacticalGo_const_extract_protocols.json

WriteAuxiliaryFile /Users/pc49-58/.codex/worktrees/cozy-02-integration/TacticalGo/ios/Build/Intermediates.noindex/TacticalGo.build/Release-iphonesimulator/TacticalGo.build/Objects-normal/arm64/TacticalGo.SwiftConstValuesFileList (in target 'TacticalGo' from project 'TacticalGo')
    cd /Users/pc49-58/.codex/worktrees/cozy-02-integration/TacticalGo/ios
    write-file /Users/pc49-58/.codex/worktrees/cozy-02-integration/TacticalGo/ios/Build/Intermediates.noindex/TacticalGo.build/Release-iphonesimulator/TacticalGo.build/Objects-normal/arm64/TacticalGo.SwiftConstValuesFileList

WriteAuxiliaryFile /Users/pc49-58/.codex/worktrees/cozy-02-integration/TacticalGo/ios/Build/Intermediates.noindex/TacticalGo.build/Release-iphonesimulator/TacticalGo.build/Objects-normal/arm64/TacticalGo.LinkFileList (in target 'TacticalGo' from project 'TacticalGo')
    cd /Users/pc49-58/.codex/worktrees/cozy-02-integration/TacticalGo/ios
    write-file /Users/pc49-58/.codex/worktrees/cozy-02-integration/TacticalGo/ios/Build/Intermediates.noindex/TacticalGo.build/Release-iphonesimulator/TacticalGo.build/Objects-normal/arm64/TacticalGo.LinkFileList

WriteAuxiliaryFile /Users/pc49-58/.codex/worktrees/cozy-02-integration/TacticalGo/ios/Build/Intermediates.noindex/TacticalGo.build/Release-iphonesimulator/TacticalGo.build/Objects-normal/arm64/TacticalGo-OutputFileMap.json (in target 'TacticalGo' from project 'TacticalGo')
    cd /Users/pc49-58/.codex/worktrees/cozy-02-integration/TacticalGo/ios
    write-file /Users/pc49-58/.codex/worktrees/cozy-02-integration/TacticalGo/ios/Build/Intermediates.noindex/TacticalGo.build/Release-iphonesimulator/TacticalGo.build/Objects-normal/arm64/TacticalGo-OutputFileMap.json

MkDir /Users/pc49-58/.codex/worktrees/cozy-02-integration/TacticalGo/ios/Build/Products/Release-iphonesimulator/TacticalGoCore_TacticalGoOnboarding.bundle (in target 'TacticalGoCore_TacticalGoOnboarding' from project 'TacticalGoCore')
    cd /Users/pc49-58/.codex/worktrees/cozy-02-integration/TacticalGo/swift/TacticalGoCore
    /bin/mkdir -p /Users/pc49-58/.codex/worktrees/cozy-02-integration/TacticalGo/ios/Build/Products/Release-iphonesimulator/TacticalGoCore_TacticalGoOnboarding.bundle

MkDir /Users/pc49-58/.codex/worktrees/cozy-02-integration/TacticalGo/ios/Build/Products/Release-iphonesimulator/TacticalGo.app (in target 'TacticalGo' from project 'TacticalGo')
    cd /Users/pc49-58/.codex/worktrees/cozy-02-integration/TacticalGo/ios
    /bin/mkdir -p /Users/pc49-58/.codex/worktrees/cozy-02-integration/TacticalGo/ios/Build/Products/Release-iphonesimulator/TacticalGo.app

ProcessInfoPlistFile /Users/pc49-58/.codex/worktrees/cozy-02-integration/TacticalGo/ios/Build/Products/Release-iphonesimulator/TacticalGoCore_TacticalGoOnboarding.bundle/Info.plist /Users/pc49-58/.codex/worktrees/cozy-02-integration/TacticalGo/ios/Build/Intermediates.noindex/TacticalGoCore.build/Release-iphonesimulator/TacticalGoCore_TacticalGoOnboarding.build/empty-TacticalGoCore_TacticalGoOnboarding.plist (in target 'TacticalGoCore_TacticalGoOnboarding' from project 'TacticalGoCore')
    cd /Users/pc49-58/.codex/worktrees/cozy-02-integration/TacticalGo/swift/TacticalGoCore
    builtin-infoPlistUtility /Users/pc49-58/.codex/worktrees/cozy-02-integration/TacticalGo/ios/Build/Intermediates.noindex/TacticalGoCore.build/Release-iphonesimulator/TacticalGoCore_TacticalGoOnboarding.build/empty-TacticalGoCore_TacticalGoOnboarding.plist -producttype com.apple.product-type.bundle -expandbuildsettings -format binary -platform iphonesimulator -o /Users/pc49-58/.codex/worktrees/cozy-02-integration/TacticalGo/ios/Build/Products/Release-iphonesimulator/TacticalGoCore_TacticalGoOnboarding.bundle/Info.plist

CpResource /Users/pc49-58/.codex/worktrees/cozy-02-integration/TacticalGo/ios/Build/Products/Release-iphonesimulator/TacticalGoCore_TacticalGoOnboarding.bundle/Fixtures /Users/pc49-58/.codex/worktrees/cozy-02-integration/TacticalGo/swift/TacticalGoCore/Sources/TacticalGoOnboarding/Fixtures (in target 'TacticalGoCore_TacticalGoOnboarding' from project 'TacticalGoCore')
    cd /Users/pc49-58/.codex/worktrees/cozy-02-integration/TacticalGo/swift/TacticalGoCore
    builtin-copy -exclude .DS_Store -exclude CVS -exclude .svn -exclude .git -exclude .hg -strip-unsigned-binaries -strip-deterministic -strip-tool /Applications/Xcode.app/Contents/Developer/Toolchains/XcodeDefault.xctoolchain/usr/bin/strip -resolve-src-symlinks /Users/pc49-58/.codex/worktrees/cozy-02-integration/TacticalGo/swift/TacticalGoCore/Sources/TacticalGoOnboarding/Fixtures /Users/pc49-58/.codex/worktrees/cozy-02-integration/TacticalGo/ios/Build/Products/Release-iphonesimulator/TacticalGoCore_TacticalGoOnboarding.bundle

RegisterExecutionPolicyException /Users/pc49-58/.codex/worktrees/cozy-02-integration/TacticalGo/ios/Build/Products/Release-iphonesimulator/TacticalGoCore_TacticalGoOnboarding.bundle (in target 'TacticalGoCore_TacticalGoOnboarding' from project 'TacticalGoCore')
    cd /Users/pc49-58/.codex/worktrees/cozy-02-integration/TacticalGo/swift/TacticalGoCore
    builtin-RegisterExecutionPolicyException /Users/pc49-58/.codex/worktrees/cozy-02-integration/TacticalGo/ios/Build/Products/Release-iphonesimulator/TacticalGoCore_TacticalGoOnboarding.bundle

Touch /Users/pc49-58/.codex/worktrees/cozy-02-integration/TacticalGo/ios/Build/Products/Release-iphonesimulator/TacticalGoCore_TacticalGoOnboarding.bundle (in target 'TacticalGoCore_TacticalGoOnboarding' from project 'TacticalGoCore')
    cd /Users/pc49-58/.codex/worktrees/cozy-02-integration/TacticalGo/swift/TacticalGoCore
    /usr/bin/touch -c /Users/pc49-58/.codex/worktrees/cozy-02-integration/TacticalGo/ios/Build/Products/Release-iphonesimulator/TacticalGoCore_TacticalGoOnboarding.bundle

SwiftDriver TacticalGoCore normal x86_64 com.apple.xcode.tools.swift.compiler (in target 'TacticalGoCore' from project 'TacticalGoCore')
    cd /Users/pc49-58/.codex/worktrees/cozy-02-integration/TacticalGo/ios/TacticalGo.xcodeproj
    builtin-SwiftDriver -- /Applications/Xcode.app/Contents/Developer/Toolchains/XcodeDefault.xctoolchain/usr/bin/swiftc -module-name TacticalGoCore -O -whole-module-optimization @/Users/pc49-58/.codex/worktrees/cozy-02-integration/TacticalGo/ios/Build/Intermediates.noindex/TacticalGoCore.build/Release-iphonesimulator/TacticalGoCore.build/Objects-normal/x86_64/TacticalGoCore.SwiftFileList -DSWIFT_PACKAGE -DSWIFT_MODULE_RESOURCE_BUNDLE_UNAVAILABLE -DXcode -plugin-path /Applications/Xcode.app/Contents/Developer/Toolchains/XcodeDefault.xctoolchain/usr/lib/swift/host/plugins/testing -enable-experimental-feature DebugDescriptionMacro -sdk /Applications/Xcode.app/Contents/Developer/Platforms/iPhoneSimulator.platform/Developer/SDKs/iPhoneSimulator26.5.sdk -target x86_64-apple-ios12.0-simulator -g -module-cache-path /Users/pc49-58/.codex/worktrees/cozy-02-integration/TacticalGo/ios/HeroBodyReleaseBuild/ModuleCache.noindex -Xfrontend -serialize-debugging-options -suppress-warnings -swift-version 6 -I /Users/pc49-58/.codex/worktrees/cozy-02-integration/TacticalGo/ios/Build/Products/Release-iphonesimulator -Isystem /Applications/Xcode.app/Contents/Developer/Platforms/iPhoneSimulator.platform/Developer/usr/lib -F /Users/pc49-58/.codex/worktrees/cozy-02-integration/TacticalGo/ios/Build/Products/Release-iphonesimulator -F /Applications/Xcode.app/Contents/Developer/Platforms/iPhoneSimulator.platform/Developer/Library/Frameworks -F /Applications/Xcode.app/Contents/Developer/Platforms/iPhoneSimulator.platform/Developer/SDKs/iPhoneSimulator26.5.sdk/Developer/Library/Frameworks -c -num-threads 8 -Xcc -ivfsstatcache -Xcc /Users/pc49-58/.codex/worktrees/cozy-02-integration/TacticalGo/ios/HeroBodyReleaseBuild/SDKStatCaches.noindex/iphonesimulator26.5-23F81a-6cfe768891a92b912361537c460fe42b.sdkstatcache -output-file-map /Users/pc49-58/.codex/worktrees/cozy-02-integration/TacticalGo/ios/Build/Intermediates.noindex/TacticalGoCore.build/Release-iphonesimulator/TacticalGoCore.build/Objects-normal/x86_64/TacticalGoCore-OutputFileMap.json -use-frontend-parseable-output -save-temps -no-color-diagnostics -explicit-module-build -module-cache-path /Users/pc49-58/.codex/worktrees/cozy-02-integration/TacticalGo/ios/Build/Intermediates.noindex/SwiftExplicitPrecompiledModules -clang-scanner-module-cache-path /Users/pc49-58/.codex/worktrees/cozy-02-integration/TacticalGo/ios/HeroBodyReleaseBuild/ModuleCache.noindex -sdk-module-cache-path /Users/pc49-58/.codex/worktrees/cozy-02-integration/TacticalGo/ios/HeroBodyReleaseBuild/ModuleCache.noindex -serialize-diagnostics -emit-dependencies -emit-module -emit-module-path /Users/pc49-58/.codex/worktrees/cozy-02-integration/TacticalGo/ios/Build/Intermediates.noindex/TacticalGoCore.build/Release-iphonesimulator/TacticalGoCore.build/Objects-normal/x86_64/TacticalGoCore.swiftmodule -validate-clang-modules-once -clang-build-session-file /Users/pc49-58/.codex/worktrees/cozy-02-integration/TacticalGo/ios/HeroBodyReleaseBuild/ModuleCache.noindex/Session.modulevalidation -package-name tacticalgocore -Xcc -I/Users/pc49-58/.codex/worktrees/cozy-02-integration/TacticalGo/ios/Build/Intermediates.noindex/TacticalGoCore.build/Release-iphonesimulator/TacticalGoCore.build/swift-overrides.hmap -emit-const-values -Xfrontend -const-gather-protocols-file -Xfrontend /Users/pc49-58/.codex/worktrees/cozy-02-integration/TacticalGo/ios/Build/Intermediates.noindex/TacticalGoCore.build/Release-iphonesimulator/TacticalGoCore.build/Objects-normal/x86_64/TacticalGoCore_const_extract_protocols.json -Xcc -I/Users/pc49-58/.codex/worktrees/cozy-02-integration/TacticalGo/ios/Build/Products/Release-iphonesimulator/include -Xcc -I/Users/pc49-58/.codex/worktrees/cozy-02-integration/TacticalGo/ios/Build/Intermediates.noindex/TacticalGoCore.build/Release-iphonesimulator/TacticalGoCore.build/DerivedSources-normal/x86_64 -Xcc -I/Users/pc49-58/.codex/worktrees/cozy-02-integration/TacticalGo/ios/Build/Intermediates.noindex/TacticalGoCore.build/Release-iphonesimulator/TacticalGoCore.build/DerivedSources/x86_64 -Xcc -I/Users/pc49-58/.codex/worktrees/cozy-02-integration/TacticalGo/ios/Build/Intermediates.noindex/TacticalGoCore.build/Release-iphonesimulator/TacticalGoCore.build/DerivedSources -Xcc -DSWIFT_PACKAGE -emit-objc-header -emit-objc-header-path /Users/pc49-58/.codex/worktrees/cozy-02-integration/TacticalGo/ios/Build/Intermediates.noindex/TacticalGoCore.build/Release-iphonesimulator/TacticalGoCore.build/Objects-normal/x86_64/TacticalGoCore-Swift.h -working-directory /Users/pc49-58/.codex/worktrees/cozy-02-integration/TacticalGo/ios/TacticalGo.xcodeproj -no-emit-module-separately-wmo

SwiftDriver TacticalGoVisuals normal x86_64 com.apple.xcode.tools.swift.compiler (in target 'TacticalGoVisuals' from project 'TacticalGoCore')
    cd /Users/pc49-58/.codex/worktrees/cozy-02-integration/TacticalGo/ios/TacticalGo.xcodeproj
    builtin-SwiftDriver -- /Applications/Xcode.app/Contents/Developer/Toolchains/XcodeDefault.xctoolchain/usr/bin/swiftc -module-name TacticalGoVisuals -O -whole-module-optimization @/Users/pc49-58/.codex/worktrees/cozy-02-integration/TacticalGo/ios/Build/Intermediates.noindex/TacticalGoCore.build/Release-iphonesimulator/TacticalGoVisuals.build/Objects-normal/x86_64/TacticalGoVisuals.SwiftFileList -DSWIFT_PACKAGE -DSWIFT_MODULE_RESOURCE_BUNDLE_UNAVAILABLE -DXcode -plugin-path /Applications/Xcode.app/Contents/Developer/Toolchains/XcodeDefault.xctoolchain/usr/lib/swift/host/plugins/testing -enable-experimental-feature DebugDescriptionMacro -sdk /Applications/Xcode.app/Contents/Developer/Platforms/iPhoneSimulator.platform/Developer/SDKs/iPhoneSimulator26.5.sdk -target x86_64-apple-ios12.0-simulator -g -module-cache-path /Users/pc49-58/.codex/worktrees/cozy-02-integration/TacticalGo/ios/HeroBodyReleaseBuild/ModuleCache.noindex -Xfrontend -serialize-debugging-options -suppress-warnings -swift-version 6 -I /Users/pc49-58/.codex/worktrees/cozy-02-integration/TacticalGo/ios/Build/Products/Release-iphonesimulator -Isystem /Applications/Xcode.app/Contents/Developer/Platforms/iPhoneSimulator.platform/Developer/usr/lib -F /Users/pc49-58/.codex/worktrees/cozy-02-integration/TacticalGo/ios/Build/Products/Release-iphonesimulator -F /Applications/Xcode.app/Contents/Developer/Platforms/iPhoneSimulator.platform/Developer/Library/Frameworks -F /Applications/Xcode.app/Contents/Developer/Platforms/iPhoneSimulator.platform/Developer/SDKs/iPhoneSimulator26.5.sdk/Developer/Library/Frameworks -c -num-threads 8 -Xcc -ivfsstatcache -Xcc /Users/pc49-58/.codex/worktrees/cozy-02-integration/TacticalGo/ios/HeroBodyReleaseBuild/SDKStatCaches.noindex/iphonesimulator26.5-23F81a-6cfe768891a92b912361537c460fe42b.sdkstatcache -output-file-map /Users/pc49-58/.codex/worktrees/cozy-02-integration/TacticalGo/ios/Build/Intermediates.noindex/TacticalGoCore.build/Release-iphonesimulator/TacticalGoVisuals.build/Objects-normal/x86_64/TacticalGoVisuals-OutputFileMap.json -use-frontend-parseable-output -save-temps -no-color-diagnostics -explicit-module-build -module-cache-path /Users/pc49-58/.codex/worktrees/cozy-02-integration/TacticalGo/ios/Build/Intermediates.noindex/SwiftExplicitPrecompiledModules -clang-scanner-module-cache-path /Users/pc49-58/.codex/worktrees/cozy-02-integration/TacticalGo/ios/HeroBodyReleaseBuild/ModuleCache.noindex -sdk-module-cache-path /Users/pc49-58/.codex/worktrees/cozy-02-integration/TacticalGo/ios/HeroBodyReleaseBuild/ModuleCache.noindex -serialize-diagnostics -emit-dependencies -emit-module -emit-module-path /Users/pc49-58/.codex/worktrees/cozy-02-integration/TacticalGo/ios/Build/Intermediates.noindex/TacticalGoCore.build/Release-iphonesimulator/TacticalGoVisuals.build/Objects-normal/x86_64/TacticalGoVisuals.swiftmodule -validate-clang-modules-once -clang-build-session-file /Users/pc49-58/.codex/worktrees/cozy-02-integration/TacticalGo/ios/HeroBodyReleaseBuild/ModuleCache.noindex/Session.modulevalidation -package-name tacticalgocore -Xcc -I/Users/pc49-58/.codex/worktrees/cozy-02-integration/TacticalGo/ios/Build/Intermediates.noindex/TacticalGoCore.build/Release-iphonesimulator/TacticalGoVisuals.build/swift-overrides.hmap -emit-const-values -Xfrontend -const-gather-protocols-file -Xfrontend /Users/pc49-58/.codex/worktrees/cozy-02-integration/TacticalGo/ios/Build/Intermediates.noindex/TacticalGoCore.build/Release-iphonesimulator/TacticalGoVisuals.build/Objects-normal/x86_64/TacticalGoVisuals_const_extract_protocols.json -Xcc -I/Users/pc49-58/.codex/worktrees/cozy-02-integration/TacticalGo/ios/Build/Products/Release-iphonesimulator/include -Xcc -I/Users/pc49-58/.codex/worktrees/cozy-02-integration/TacticalGo/ios/Build/Intermediates.noindex/TacticalGoCore.build/Release-iphonesimulator/TacticalGoVisuals.build/DerivedSources-normal/x86_64 -Xcc -I/Users/pc49-58/.codex/worktrees/cozy-02-integration/TacticalGo/ios/Build/Intermediates.noindex/TacticalGoCore.build/Release-iphonesimulator/TacticalGoVisuals.build/DerivedSources/x86_64 -Xcc -I/Users/pc49-58/.codex/worktrees/cozy-02-integration/TacticalGo/ios/Build/Intermediates.noindex/TacticalGoCore.build/Release-iphonesimulator/TacticalGoVisuals.build/DerivedSources -Xcc -DSWIFT_PACKAGE -emit-objc-header -emit-objc-header-path /Users/pc49-58/.codex/worktrees/cozy-02-integration/TacticalGo/ios/Build/Intermediates.noindex/TacticalGoCore.build/Release-iphonesimulator/TacticalGoVisuals.build/Objects-normal/x86_64/TacticalGoVisuals-Swift.h -working-directory /Users/pc49-58/.codex/worktrees/cozy-02-integration/TacticalGo/ios/TacticalGo.xcodeproj -no-emit-module-separately-wmo

SwiftDriver TacticalGoVisuals normal arm64 com.apple.xcode.tools.swift.compiler (in target 'TacticalGoVisuals' from project 'TacticalGoCore')
    cd /Users/pc49-58/.codex/worktrees/cozy-02-integration/TacticalGo/ios/TacticalGo.xcodeproj
    builtin-SwiftDriver -- /Applications/Xcode.app/Contents/Developer/Toolchains/XcodeDefault.xctoolchain/usr/bin/swiftc -module-name TacticalGoVisuals -O -whole-module-optimization @/Users/pc49-58/.codex/worktrees/cozy-02-integration/TacticalGo/ios/Build/Intermediates.noindex/TacticalGoCore.build/Release-iphonesimulator/TacticalGoVisuals.build/Objects-normal/arm64/TacticalGoVisuals.SwiftFileList -DSWIFT_PACKAGE -DSWIFT_MODULE_RESOURCE_BUNDLE_UNAVAILABLE -DXcode -plugin-path /Applications/Xcode.app/Contents/Developer/Toolchains/XcodeDefault.xctoolchain/usr/lib/swift/host/plugins/testing -enable-experimental-feature DebugDescriptionMacro -sdk /Applications/Xcode.app/Contents/Developer/Platforms/iPhoneSimulator.platform/Developer/SDKs/iPhoneSimulator26.5.sdk -target arm64-apple-ios12.0-simulator -g -module-cache-path /Users/pc49-58/.codex/worktrees/cozy-02-integration/TacticalGo/ios/HeroBodyReleaseBuild/ModuleCache.noindex -Xfrontend -serialize-debugging-options -suppress-warnings -swift-version 6 -I /Users/pc49-58/.codex/worktrees/cozy-02-integration/TacticalGo/ios/Build/Products/Release-iphonesimulator -Isystem /Applications/Xcode.app/Contents/Developer/Platforms/iPhoneSimulator.platform/Developer/usr/lib -F /Users/pc49-58/.codex/worktrees/cozy-02-integration/TacticalGo/ios/Build/Products/Release-iphonesimulator -F /Applications/Xcode.app/Contents/Developer/Platforms/iPhoneSimulator.platform/Developer/Library/Frameworks -F /Applications/Xcode.app/Contents/Developer/Platforms/iPhoneSimulator.platform/Developer/SDKs/iPhoneSimulator26.5.sdk/Developer/Library/Frameworks -c -num-threads 8 -Xcc -ivfsstatcache -Xcc /Users/pc49-58/.codex/worktrees/cozy-02-integration/TacticalGo/ios/HeroBodyReleaseBuild/SDKStatCaches.noindex/iphonesimulator26.5-23F81a-6cfe768891a92b912361537c460fe42b.sdkstatcache -output-file-map /Users/pc49-58/.codex/worktrees/cozy-02-integration/TacticalGo/ios/Build/Intermediates.noindex/TacticalGoCore.build/Release-iphonesimulator/TacticalGoVisuals.build/Objects-normal/arm64/TacticalGoVisuals-OutputFileMap.json -use-frontend-parseable-output -save-temps -no-color-diagnostics -explicit-module-build -module-cache-path /Users/pc49-58/.codex/worktrees/cozy-02-integration/TacticalGo/ios/Build/Intermediates.noindex/SwiftExplicitPrecompiledModules -clang-scanner-module-cache-path /Users/pc49-58/.codex/worktrees/cozy-02-integration/TacticalGo/ios/HeroBodyReleaseBuild/ModuleCache.noindex -sdk-module-cache-path /Users/pc49-58/.codex/worktrees/cozy-02-integration/TacticalGo/ios/HeroBodyReleaseBuild/ModuleCache.noindex -serialize-diagnostics -emit-dependencies -emit-module -emit-module-path /Users/pc49-58/.codex/worktrees/cozy-02-integration/TacticalGo/ios/Build/Intermediates.noindex/TacticalGoCore.build/Release-iphonesimulator/TacticalGoVisuals.build/Objects-normal/arm64/TacticalGoVisuals.swiftmodule -validate-clang-modules-once -clang-build-session-file /Users/pc49-58/.codex/worktrees/cozy-02-integration/TacticalGo/ios/HeroBodyReleaseBuild/ModuleCache.noindex/Session.modulevalidation -package-name tacticalgocore -Xcc -I/Users/pc49-58/.codex/worktrees/cozy-02-integration/TacticalGo/ios/Build/Intermediates.noindex/TacticalGoCore.build/Release-iphonesimulator/TacticalGoVisuals.build/swift-overrides.hmap -emit-const-values -Xfrontend -const-gather-protocols-file -Xfrontend /Users/pc49-58/.codex/worktrees/cozy-02-integration/TacticalGo/ios/Build/Intermediates.noindex/TacticalGoCore.build/Release-iphonesimulator/TacticalGoVisuals.build/Objects-normal/arm64/TacticalGoVisuals_const_extract_protocols.json -Xcc -I/Users/pc49-58/.codex/worktrees/cozy-02-integration/TacticalGo/ios/Build/Products/Release-iphonesimulator/include -Xcc -I/Users/pc49-58/.codex/worktrees/cozy-02-integration/TacticalGo/ios/Build/Intermediates.noindex/TacticalGoCore.build/Release-iphonesimulator/TacticalGoVisuals.build/DerivedSources-normal/arm64 -Xcc -I/Users/pc49-58/.codex/worktrees/cozy-02-integration/TacticalGo/ios/Build/Intermediates.noindex/TacticalGoCore.build/Release-iphonesimulator/TacticalGoVisuals.build/DerivedSources/arm64 -Xcc -I/Users/pc49-58/.codex/worktrees/cozy-02-integration/TacticalGo/ios/Build/Intermediates.noindex/TacticalGoCore.build/Release-iphonesimulator/TacticalGoVisuals.build/DerivedSources -Xcc -DSWIFT_PACKAGE -emit-objc-header -emit-objc-header-path /Users/pc49-58/.codex/worktrees/cozy-02-integration/TacticalGo/ios/Build/Intermediates.noindex/TacticalGoCore.build/Release-iphonesimulator/TacticalGoVisuals.build/Objects-normal/arm64/TacticalGoVisuals-Swift.h -working-directory /Users/pc49-58/.codex/worktrees/cozy-02-integration/TacticalGo/ios/TacticalGo.xcodeproj -no-emit-module-separately-wmo

SwiftDriver TacticalGoCore normal arm64 com.apple.xcode.tools.swift.compiler (in target 'TacticalGoCore' from project 'TacticalGoCore')
    cd /Users/pc49-58/.codex/worktrees/cozy-02-integration/TacticalGo/ios/TacticalGo.xcodeproj
    builtin-SwiftDriver -- /Applications/Xcode.app/Contents/Developer/Toolchains/XcodeDefault.xctoolchain/usr/bin/swiftc -module-name TacticalGoCore -O -whole-module-optimization @/Users/pc49-58/.codex/worktrees/cozy-02-integration/TacticalGo/ios/Build/Intermediates.noindex/TacticalGoCore.build/Release-iphonesimulator/TacticalGoCore.build/Objects-normal/arm64/TacticalGoCore.SwiftFileList -DSWIFT_PACKAGE -DSWIFT_MODULE_RESOURCE_BUNDLE_UNAVAILABLE -DXcode -plugin-path /Applications/Xcode.app/Contents/Developer/Toolchains/XcodeDefault.xctoolchain/usr/lib/swift/host/plugins/testing -enable-experimental-feature DebugDescriptionMacro -sdk /Applications/Xcode.app/Contents/Developer/Platforms/iPhoneSimulator.platform/Developer/SDKs/iPhoneSimulator26.5.sdk -target arm64-apple-ios12.0-simulator -g -module-cache-path /Users/pc49-58/.codex/worktrees/cozy-02-integration/TacticalGo/ios/HeroBodyReleaseBuild/ModuleCache.noindex -Xfrontend -serialize-debugging-options -suppress-warnings -swift-version 6 -I /Users/pc49-58/.codex/worktrees/cozy-02-integration/TacticalGo/ios/Build/Products/Release-iphonesimulator -Isystem /Applications/Xcode.app/Contents/Developer/Platforms/iPhoneSimulator.platform/Developer/usr/lib -F /Users/pc49-58/.codex/worktrees/cozy-02-integration/TacticalGo/ios/Build/Products/Release-iphonesimulator -F /Applications/Xcode.app/Contents/Developer/Platforms/iPhoneSimulator.platform/Developer/Library/Frameworks -F /Applications/Xcode.app/Contents/Developer/Platforms/iPhoneSimulator.platform/Developer/SDKs/iPhoneSimulator26.5.sdk/Developer/Library/Frameworks -c -num-threads 8 -Xcc -ivfsstatcache -Xcc /Users/pc49-58/.codex/worktrees/cozy-02-integration/TacticalGo/ios/HeroBodyReleaseBuild/SDKStatCaches.noindex/iphonesimulator26.5-23F81a-6cfe768891a92b912361537c460fe42b.sdkstatcache -output-file-map /Users/pc49-58/.codex/worktrees/cozy-02-integration/TacticalGo/ios/Build/Intermediates.noindex/TacticalGoCore.build/Release-iphonesimulator/TacticalGoCore.build/Objects-normal/arm64/TacticalGoCore-OutputFileMap.json -use-frontend-parseable-output -save-temps -no-color-diagnostics -explicit-module-build -module-cache-path /Users/pc49-58/.codex/worktrees/cozy-02-integration/TacticalGo/ios/Build/Intermediates.noindex/SwiftExplicitPrecompiledModules -clang-scanner-module-cache-path /Users/pc49-58/.codex/worktrees/cozy-02-integration/TacticalGo/ios/HeroBodyReleaseBuild/ModuleCache.noindex -sdk-module-cache-path /Users/pc49-58/.codex/worktrees/cozy-02-integration/TacticalGo/ios/HeroBodyReleaseBuild/ModuleCache.noindex -serialize-diagnostics -emit-dependencies -emit-module -emit-module-path /Users/pc49-58/.codex/worktrees/cozy-02-integration/TacticalGo/ios/Build/Intermediates.noindex/TacticalGoCore.build/Release-iphonesimulator/TacticalGoCore.build/Objects-normal/arm64/TacticalGoCore.swiftmodule -validate-clang-modules-once -clang-build-session-file /Users/pc49-58/.codex/worktrees/cozy-02-integration/TacticalGo/ios/HeroBodyReleaseBuild/ModuleCache.noindex/Session.modulevalidation -package-name tacticalgocore -Xcc -I/Users/pc49-58/.codex/worktrees/cozy-02-integration/TacticalGo/ios/Build/Intermediates.noindex/TacticalGoCore.build/Release-iphonesimulator/TacticalGoCore.build/swift-overrides.hmap -emit-const-values -Xfrontend -const-gather-protocols-file -Xfrontend /Users/pc49-58/.codex/worktrees/cozy-02-integration/TacticalGo/ios/Build/Intermediates.noindex/TacticalGoCore.build/Release-iphonesimulator/TacticalGoCore.build/Objects-normal/arm64/TacticalGoCore_const_extract_protocols.json -Xcc -I/Users/pc49-58/.codex/worktrees/cozy-02-integration/TacticalGo/ios/Build/Products/Release-iphonesimulator/include -Xcc -I/Users/pc49-58/.codex/worktrees/cozy-02-integration/TacticalGo/ios/Build/Intermediates.noindex/TacticalGoCore.build/Release-iphonesimulator/TacticalGoCore.build/DerivedSources-normal/arm64 -Xcc -I/Users/pc49-58/.codex/worktrees/cozy-02-integration/TacticalGo/ios/Build/Intermediates.noindex/TacticalGoCore.build/Release-iphonesimulator/TacticalGoCore.build/DerivedSources/arm64 -Xcc -I/Users/pc49-58/.codex/worktrees/cozy-02-integration/TacticalGo/ios/Build/Intermediates.noindex/TacticalGoCore.build/Release-iphonesimulator/TacticalGoCore.build/DerivedSources -Xcc -DSWIFT_PACKAGE -emit-objc-header -emit-objc-header-path /Users/pc49-58/.codex/worktrees/cozy-02-integration/TacticalGo/ios/Build/Intermediates.noindex/TacticalGoCore.build/Release-iphonesimulator/TacticalGoCore.build/Objects-normal/arm64/TacticalGoCore-Swift.h -working-directory /Users/pc49-58/.codex/worktrees/cozy-02-integration/TacticalGo/ios/TacticalGo.xcodeproj -no-emit-module-separately-wmo

SwiftDriver\ Compilation TacticalGoCore normal arm64 com.apple.xcode.tools.swift.compiler (in target 'TacticalGoCore' from project 'TacticalGoCore')
    cd /Users/pc49-58/.codex/worktrees/cozy-02-integration/TacticalGo/ios/TacticalGo.xcodeproj
    builtin-Swift-Compilation -- /Applications/Xcode.app/Contents/Developer/Toolchains/XcodeDefault.xctoolchain/usr/bin/swiftc -module-name TacticalGoCore -O -whole-module-optimization @/Users/pc49-58/.codex/worktrees/cozy-02-integration/TacticalGo/ios/Build/Intermediates.noindex/TacticalGoCore.build/Release-iphonesimulator/TacticalGoCore.build/Objects-normal/arm64/TacticalGoCore.SwiftFileList -DSWIFT_PACKAGE -DSWIFT_MODULE_RESOURCE_BUNDLE_UNAVAILABLE -DXcode -plugin-path /Applications/Xcode.app/Contents/Developer/Toolchains/XcodeDefault.xctoolchain/usr/lib/swift/host/plugins/testing -enable-experimental-feature DebugDescriptionMacro -sdk /Applications/Xcode.app/Contents/Developer/Platforms/iPhoneSimulator.platform/Developer/SDKs/iPhoneSimulator26.5.sdk -target arm64-apple-ios12.0-simulator -g -module-cache-path /Users/pc49-58/.codex/worktrees/cozy-02-integration/TacticalGo/ios/HeroBodyReleaseBuild/ModuleCache.noindex -Xfrontend -serialize-debugging-options -suppress-warnings -swift-version 6 -I /Users/pc49-58/.codex/worktrees/cozy-02-integration/TacticalGo/ios/Build/Products/Release-iphonesimulator -Isystem /Applications/Xcode.app/Contents/Developer/Platforms/iPhoneSimulator.platform/Developer/usr/lib -F /Users/pc49-58/.codex/worktrees/cozy-02-integration/TacticalGo/ios/Build/Products/Release-iphonesimulator -F /Applications/Xcode.app/Contents/Developer/Platforms/iPhoneSimulator.platform/Developer/Library/Frameworks -F /Applications/Xcode.app/Contents/Developer/Platforms/iPhoneSimulator.platform/Developer/SDKs/iPhoneSimulator26.5.sdk/Developer/Library/Frameworks -c -num-threads 8 -Xcc -ivfsstatcache -Xcc /Users/pc49-58/.codex/worktrees/cozy-02-integration/TacticalGo/ios/HeroBodyReleaseBuild/SDKStatCaches.noindex/iphonesimulator26.5-23F81a-6cfe768891a92b912361537c460fe42b.sdkstatcache -output-file-map /Users/pc49-58/.codex/worktrees/cozy-02-integration/TacticalGo/ios/Build/Intermediates.noindex/TacticalGoCore.build/Release-iphonesimulator/TacticalGoCore.build/Objects-normal/arm64/TacticalGoCore-OutputFileMap.json -use-frontend-parseable-output -save-temps -no-color-diagnostics -explicit-module-build -module-cache-path /Users/pc49-58/.codex/worktrees/cozy-02-integration/TacticalGo/ios/Build/Intermediates.noindex/SwiftExplicitPrecompiledModules -clang-scanner-module-cache-path /Users/pc49-58/.codex/worktrees/cozy-02-integration/TacticalGo/ios/HeroBodyReleaseBuild/ModuleCache.noindex -sdk-module-cache-path /Users/pc49-58/.codex/worktrees/cozy-02-integration/TacticalGo/ios/HeroBodyReleaseBuild/ModuleCache.noindex -serialize-diagnostics -emit-dependencies -emit-module -emit-module-path /Users/pc49-58/.codex/worktrees/cozy-02-integration/TacticalGo/ios/Build/Intermediates.noindex/TacticalGoCore.build/Release-iphonesimulator/TacticalGoCore.build/Objects-normal/arm64/TacticalGoCore.swiftmodule -validate-clang-modules-once -clang-build-session-file /Users/pc49-58/.codex/worktrees/cozy-02-integration/TacticalGo/ios/HeroBodyReleaseBuild/ModuleCache.noindex/Session.modulevalidation -package-name tacticalgocore -Xcc -I/Users/pc49-58/.codex/worktrees/cozy-02-integration/TacticalGo/ios/Build/Intermediates.noindex/TacticalGoCore.build/Release-iphonesimulator/TacticalGoCore.build/swift-overrides.hmap -emit-const-values -Xfrontend -const-gather-protocols-file -Xfrontend /Users/pc49-58/.codex/worktrees/cozy-02-integration/TacticalGo/ios/Build/Intermediates.noindex/TacticalGoCore.build/Release-iphonesimulator/TacticalGoCore.build/Objects-normal/arm64/TacticalGoCore_const_extract_protocols.json -Xcc -I/Users/pc49-58/.codex/worktrees/cozy-02-integration/TacticalGo/ios/Build/Products/Release-iphonesimulator/include -Xcc -I/Users/pc49-58/.codex/worktrees/cozy-02-integration/TacticalGo/ios/Build/Intermediates.noindex/TacticalGoCore.build/Release-iphonesimulator/TacticalGoCore.build/DerivedSources-normal/arm64 -Xcc -I/Users/pc49-58/.codex/worktrees/cozy-02-integration/TacticalGo/ios/Build/Intermediates.noindex/TacticalGoCore.build/Release-iphonesimulator/TacticalGoCore.build/DerivedSources/arm64 -Xcc -I/Users/pc49-58/.codex/worktrees/cozy-02-integration/TacticalGo/ios/Build/Intermediates.noindex/TacticalGoCore.build/Release-iphonesimulator/TacticalGoCore.build/DerivedSources -Xcc -DSWIFT_PACKAGE -emit-objc-header -emit-objc-header-path /Users/pc49-58/.codex/worktrees/cozy-02-integration/TacticalGo/ios/Build/Intermediates.noindex/TacticalGoCore.build/Release-iphonesimulator/TacticalGoCore.build/Objects-normal/arm64/TacticalGoCore-Swift.h -working-directory /Users/pc49-58/.codex/worktrees/cozy-02-integration/TacticalGo/ios/TacticalGo.xcodeproj -no-emit-module-separately-wmo

SwiftDriver\ Compilation TacticalGoCore normal x86_64 com.apple.xcode.tools.swift.compiler (in target 'TacticalGoCore' from project 'TacticalGoCore')
    cd /Users/pc49-58/.codex/worktrees/cozy-02-integration/TacticalGo/ios/TacticalGo.xcodeproj
    builtin-Swift-Compilation -- /Applications/Xcode.app/Contents/Developer/Toolchains/XcodeDefault.xctoolchain/usr/bin/swiftc -module-name TacticalGoCore -O -whole-module-optimization @/Users/pc49-58/.codex/worktrees/cozy-02-integration/TacticalGo/ios/Build/Intermediates.noindex/TacticalGoCore.build/Release-iphonesimulator/TacticalGoCore.build/Objects-normal/x86_64/TacticalGoCore.SwiftFileList -DSWIFT_PACKAGE -DSWIFT_MODULE_RESOURCE_BUNDLE_UNAVAILABLE -DXcode -plugin-path /Applications/Xcode.app/Contents/Developer/Toolchains/XcodeDefault.xctoolchain/usr/lib/swift/host/plugins/testing -enable-experimental-feature DebugDescriptionMacro -sdk /Applications/Xcode.app/Contents/Developer/Platforms/iPhoneSimulator.platform/Developer/SDKs/iPhoneSimulator26.5.sdk -target x86_64-apple-ios12.0-simulator -g -module-cache-path /Users/pc49-58/.codex/worktrees/cozy-02-integration/TacticalGo/ios/HeroBodyReleaseBuild/ModuleCache.noindex -Xfrontend -serialize-debugging-options -suppress-warnings -swift-version 6 -I /Users/pc49-58/.codex/worktrees/cozy-02-integration/TacticalGo/ios/Build/Products/Release-iphonesimulator -Isystem /Applications/Xcode.app/Contents/Developer/Platforms/iPhoneSimulator.platform/Developer/usr/lib -F /Users/pc49-58/.codex/worktrees/cozy-02-integration/TacticalGo/ios/Build/Products/Release-iphonesimulator -F /Applications/Xcode.app/Contents/Developer/Platforms/iPhoneSimulator.platform/Developer/Library/Frameworks -F /Applications/Xcode.app/Contents/Developer/Platforms/iPhoneSimulator.platform/Developer/SDKs/iPhoneSimulator26.5.sdk/Developer/Library/Frameworks -c -num-threads 8 -Xcc -ivfsstatcache -Xcc /Users/pc49-58/.codex/worktrees/cozy-02-integration/TacticalGo/ios/HeroBodyReleaseBuild/SDKStatCaches.noindex/iphonesimulator26.5-23F81a-6cfe768891a92b912361537c460fe42b.sdkstatcache -output-file-map /Users/pc49-58/.codex/worktrees/cozy-02-integration/TacticalGo/ios/Build/Intermediates.noindex/TacticalGoCore.build/Release-iphonesimulator/TacticalGoCore.build/Objects-normal/x86_64/TacticalGoCore-OutputFileMap.json -use-frontend-parseable-output -save-temps -no-color-diagnostics -explicit-module-build -module-cache-path /Users/pc49-58/.codex/worktrees/cozy-02-integration/TacticalGo/ios/Build/Intermediates.noindex/SwiftExplicitPrecompiledModules -clang-scanner-module-cache-path /Users/pc49-58/.codex/worktrees/cozy-02-integration/TacticalGo/ios/HeroBodyReleaseBuild/ModuleCache.noindex -sdk-module-cache-path /Users/pc49-58/.codex/worktrees/cozy-02-integration/TacticalGo/ios/HeroBodyReleaseBuild/ModuleCache.noindex -serialize-diagnostics -emit-dependencies -emit-module -emit-module-path /Users/pc49-58/.codex/worktrees/cozy-02-integration/TacticalGo/ios/Build/Intermediates.noindex/TacticalGoCore.build/Release-iphonesimulator/TacticalGoCore.build/Objects-normal/x86_64/TacticalGoCore.swiftmodule -validate-clang-modules-once -clang-build-session-file /Users/pc49-58/.codex/worktrees/cozy-02-integration/TacticalGo/ios/HeroBodyReleaseBuild/ModuleCache.noindex/Session.modulevalidation -package-name tacticalgocore -Xcc -I/Users/pc49-58/.codex/worktrees/cozy-02-integration/TacticalGo/ios/Build/Intermediates.noindex/TacticalGoCore.build/Release-iphonesimulator/TacticalGoCore.build/swift-overrides.hmap -emit-const-values -Xfrontend -const-gather-protocols-file -Xfrontend /Users/pc49-58/.codex/worktrees/cozy-02-integration/TacticalGo/ios/Build/Intermediates.noindex/TacticalGoCore.build/Release-iphonesimulator/TacticalGoCore.build/Objects-normal/x86_64/TacticalGoCore_const_extract_protocols.json -Xcc -I/Users/pc49-58/.codex/worktrees/cozy-02-integration/TacticalGo/ios/Build/Products/Release-iphonesimulator/include -Xcc -I/Users/pc49-58/.codex/worktrees/cozy-02-integration/TacticalGo/ios/Build/Intermediates.noindex/TacticalGoCore.build/Release-iphonesimulator/TacticalGoCore.build/DerivedSources-normal/x86_64 -Xcc -I/Users/pc49-58/.codex/worktrees/cozy-02-integration/TacticalGo/ios/Build/Intermediates.noindex/TacticalGoCore.build/Release-iphonesimulator/TacticalGoCore.build/DerivedSources/x86_64 -Xcc -I/Users/pc49-58/.codex/worktrees/cozy-02-integration/TacticalGo/ios/Build/Intermediates.noindex/TacticalGoCore.build/Release-iphonesimulator/TacticalGoCore.build/DerivedSources -Xcc -DSWIFT_PACKAGE -emit-objc-header -emit-objc-header-path /Users/pc49-58/.codex/worktrees/cozy-02-integration/TacticalGo/ios/Build/Intermediates.noindex/TacticalGoCore.build/Release-iphonesimulator/TacticalGoCore.build/Objects-normal/x86_64/TacticalGoCore-Swift.h -working-directory /Users/pc49-58/.codex/worktrees/cozy-02-integration/TacticalGo/ios/TacticalGo.xcodeproj -no-emit-module-separately-wmo

SwiftExplicitDependencyGeneratePcm arm64 /Users/pc49-58/.codex/worktrees/cozy-02-integration/TacticalGo/ios/HeroBodyReleaseBuild/ModuleCache.noindex/SwiftShims-8H9FJH97JDIAYQXFI009R8YP.pcm

SwiftExplicitDependencyGeneratePcm x86_64 /Users/pc49-58/.codex/worktrees/cozy-02-integration/TacticalGo/ios/HeroBodyReleaseBuild/ModuleCache.noindex/SwiftShims-21GKZJ8OEMEN7POLP78VO36E8.pcm

SwiftExplicitDependencyGeneratePcm x86_64 /Users/pc49-58/.codex/worktrees/cozy-02-integration/TacticalGo/ios/HeroBodyReleaseBuild/ModuleCache.noindex/_SwiftConcurrencyShims-4E43R9UG28RNUUA0MQ8I8K0BJ.pcm

SwiftExplicitDependencyGeneratePcm arm64 /Users/pc49-58/.codex/worktrees/cozy-02-integration/TacticalGo/ios/HeroBodyReleaseBuild/ModuleCache.noindex/_SwiftConcurrencyShims-8HPJN75BWWDZBFT8WQLGJ4AQW.pcm

SwiftCompile normal x86_64 Compiling\ BoardProjection.swift,\ GameEngine.swift,\ Model.swift /Users/pc49-58/.codex/worktrees/cozy-02-integration/TacticalGo/swift/TacticalGoCore/Sources/TacticalGoCore/BoardProjection.swift /Users/pc49-58/.codex/worktrees/cozy-02-integration/TacticalGo/swift/TacticalGoCore/Sources/TacticalGoCore/GameEngine.swift /Users/pc49-58/.codex/worktrees/cozy-02-integration/TacticalGo/swift/TacticalGoCore/Sources/TacticalGoCore/Model.swift /Applications/Xcode.app/Contents/Developer/Toolchains/XcodeDefault.xctoolchain/usr/lib/swift/iphonesimulator/prebuilt-modules/26.5/Swift.swiftmodule/x86_64-apple-ios-simulator.swiftmodule /Applications/Xcode.app/Contents/Developer/Toolchains/XcodeDefault.xctoolchain/usr/lib/swift/iphonesimulator/prebuilt-modules/26.5/_StringProcessing.swiftmodule/x86_64-apple-ios-simulator.swiftmodule /Applications/Xcode.app/Contents/Developer/Toolchains/XcodeDefault.xctoolchain/usr/lib/swift/iphonesimulator/prebuilt-modules/26.5/_Concurrency.swiftmodule/x86_64-apple-ios-simulator.swiftmodule /Users/pc49-58/.codex/worktrees/cozy-02-integration/TacticalGo/ios/HeroBodyReleaseBuild/ModuleCache.noindex/SwiftShims-21GKZJ8OEMEN7POLP78VO36E8.pcm /Users/pc49-58/.codex/worktrees/cozy-02-integration/TacticalGo/ios/HeroBodyReleaseBuild/ModuleCache.noindex/_SwiftConcurrencyShims-4E43R9UG28RNUUA0MQ8I8K0BJ.pcm /Users/pc49-58/.codex/worktrees/cozy-02-integration/TacticalGo/ios/Build/Intermediates.noindex/TacticalGoCore.build/Release-iphonesimulator/TacticalGoCore.build/Objects-normal/x86_64/TacticalGoCore-dependencies-1.json (in target 'TacticalGoCore' from project 'TacticalGoCore')
CompileSwift normal x86_64 (in target 'TacticalGoCore' from project 'TacticalGoCore')
    cd /Users/pc49-58/.codex/worktrees/cozy-02-integration/TacticalGo/ios/TacticalGo.xcodeproj


SwiftCompile normal arm64 Compiling\ BoardProjection.swift,\ GameEngine.swift,\ Model.swift /Users/pc49-58/.codex/worktrees/cozy-02-integration/TacticalGo/swift/TacticalGoCore/Sources/TacticalGoCore/BoardProjection.swift /Users/pc49-58/.codex/worktrees/cozy-02-integration/TacticalGo/swift/TacticalGoCore/Sources/TacticalGoCore/GameEngine.swift /Users/pc49-58/.codex/worktrees/cozy-02-integration/TacticalGo/swift/TacticalGoCore/Sources/TacticalGoCore/Model.swift /Applications/Xcode.app/Contents/Developer/Toolchains/XcodeDefault.xctoolchain/usr/lib/swift/iphonesimulator/prebuilt-modules/26.5/_StringProcessing.swiftmodule/arm64-apple-ios-simulator.swiftmodule /Applications/Xcode.app/Contents/Developer/Toolchains/XcodeDefault.xctoolchain/usr/lib/swift/iphonesimulator/prebuilt-modules/26.5/Swift.swiftmodule/arm64-apple-ios-simulator.swiftmodule /Applications/Xcode.app/Contents/Developer/Toolchains/XcodeDefault.xctoolchain/usr/lib/swift/iphonesimulator/prebuilt-modules/26.5/_Concurrency.swiftmodule/arm64-apple-ios-simulator.swiftmodule /Users/pc49-58/.codex/worktrees/cozy-02-integration/TacticalGo/ios/HeroBodyReleaseBuild/ModuleCache.noindex/SwiftShims-8H9FJH97JDIAYQXFI009R8YP.pcm /Users/pc49-58/.codex/worktrees/cozy-02-integration/TacticalGo/ios/HeroBodyReleaseBuild/ModuleCache.noindex/_SwiftConcurrencyShims-8HPJN75BWWDZBFT8WQLGJ4AQW.pcm /Users/pc49-58/.codex/worktrees/cozy-02-integration/TacticalGo/ios/Build/Intermediates.noindex/TacticalGoCore.build/Release-iphonesimulator/TacticalGoCore.build/Objects-normal/arm64/TacticalGoCore-dependencies-2.json (in target 'TacticalGoCore' from project 'TacticalGoCore')

CompileSwift normal arm64 (in target 'TacticalGoCore' from project 'TacticalGoCore')
    cd /Users/pc49-58/.codex/worktrees/cozy-02-integration/TacticalGo/ios/TacticalGo.xcodeproj


SwiftDriver\ Compilation TacticalGoVisuals normal x86_64 com.apple.xcode.tools.swift.compiler (in target 'TacticalGoVisuals' from project 'TacticalGoCore')
    cd /Users/pc49-58/.codex/worktrees/cozy-02-integration/TacticalGo/ios/TacticalGo.xcodeproj
    builtin-Swift-Compilation -- /Applications/Xcode.app/Contents/Developer/Toolchains/XcodeDefault.xctoolchain/usr/bin/swiftc -module-name TacticalGoVisuals -O -whole-module-optimization @/Users/pc49-58/.codex/worktrees/cozy-02-integration/TacticalGo/ios/Build/Intermediates.noindex/TacticalGoCore.build/Release-iphonesimulator/TacticalGoVisuals.build/Objects-normal/x86_64/TacticalGoVisuals.SwiftFileList -DSWIFT_PACKAGE -DSWIFT_MODULE_RESOURCE_BUNDLE_UNAVAILABLE -DXcode -plugin-path /Applications/Xcode.app/Contents/Developer/Toolchains/XcodeDefault.xctoolchain/usr/lib/swift/host/plugins/testing -enable-experimental-feature DebugDescriptionMacro -sdk /Applications/Xcode.app/Contents/Developer/Platforms/iPhoneSimulator.platform/Developer/SDKs/iPhoneSimulator26.5.sdk -target x86_64-apple-ios12.0-simulator -g -module-cache-path /Users/pc49-58/.codex/worktrees/cozy-02-integration/TacticalGo/ios/HeroBodyReleaseBuild/ModuleCache.noindex -Xfrontend -serialize-debugging-options -suppress-warnings -swift-version 6 -I /Users/pc49-58/.codex/worktrees/cozy-02-integration/TacticalGo/ios/Build/Products/Release-iphonesimulator -Isystem /Applications/Xcode.app/Contents/Developer/Platforms/iPhoneSimulator.platform/Developer/usr/lib -F /Users/pc49-58/.codex/worktrees/cozy-02-integration/TacticalGo/ios/Build/Products/Release-iphonesimulator -F /Applications/Xcode.app/Contents/Developer/Platforms/iPhoneSimulator.platform/Developer/Library/Frameworks -F /Applications/Xcode.app/Contents/Developer/Platforms/iPhoneSimulator.platform/Developer/SDKs/iPhoneSimulator26.5.sdk/Developer/Library/Frameworks -c -num-threads 8 -Xcc -ivfsstatcache -Xcc /Users/pc49-58/.codex/worktrees/cozy-02-integration/TacticalGo/ios/HeroBodyReleaseBuild/SDKStatCaches.noindex/iphonesimulator26.5-23F81a-6cfe768891a92b912361537c460fe42b.sdkstatcache -output-file-map /Users/pc49-58/.codex/worktrees/cozy-02-integration/TacticalGo/ios/Build/Intermediates.noindex/TacticalGoCore.build/Release-iphonesimulator/TacticalGoVisuals.build/Objects-normal/x86_64/TacticalGoVisuals-OutputFileMap.json -use-frontend-parseable-output -save-temps -no-color-diagnostics -explicit-module-build -module-cache-path /Users/pc49-58/.codex/worktrees/cozy-02-integration/TacticalGo/ios/Build/Intermediates.noindex/SwiftExplicitPrecompiledModules -clang-scanner-module-cache-path /Users/pc49-58/.codex/worktrees/cozy-02-integration/TacticalGo/ios/HeroBodyReleaseBuild/ModuleCache.noindex -sdk-module-cache-path /Users/pc49-58/.codex/worktrees/cozy-02-integration/TacticalGo/ios/HeroBodyReleaseBuild/ModuleCache.noindex -serialize-diagnostics -emit-dependencies -emit-module -emit-module-path /Users/pc49-58/.codex/worktrees/cozy-02-integration/TacticalGo/ios/Build/Intermediates.noindex/TacticalGoCore.build/Release-iphonesimulator/TacticalGoVisuals.build/Objects-normal/x86_64/TacticalGoVisuals.swiftmodule -validate-clang-modules-once -clang-build-session-file /Users/pc49-58/.codex/worktrees/cozy-02-integration/TacticalGo/ios/HeroBodyReleaseBuild/ModuleCache.noindex/Session.modulevalidation -package-name tacticalgocore -Xcc -I/Users/pc49-58/.codex/worktrees/cozy-02-integration/TacticalGo/ios/Build/Intermediates.noindex/TacticalGoCore.build/Release-iphonesimulator/TacticalGoVisuals.build/swift-overrides.hmap -emit-const-values -Xfrontend -const-gather-protocols-file -Xfrontend /Users/pc49-58/.codex/worktrees/cozy-02-integration/TacticalGo/ios/Build/Intermediates.noindex/TacticalGoCore.build/Release-iphonesimulator/TacticalGoVisuals.build/Objects-normal/x86_64/TacticalGoVisuals_const_extract_protocols.json -Xcc -I/Users/pc49-58/.codex/worktrees/cozy-02-integration/TacticalGo/ios/Build/Products/Release-iphonesimulator/include -Xcc -I/Users/pc49-58/.codex/worktrees/cozy-02-integration/TacticalGo/ios/Build/Intermediates.noindex/TacticalGoCore.build/Release-iphonesimulator/TacticalGoVisuals.build/DerivedSources-normal/x86_64 -Xcc -I/Users/pc49-58/.codex/worktrees/cozy-02-integration/TacticalGo/ios/Build/Intermediates.noindex/TacticalGoCore.build/Release-iphonesimulator/TacticalGoVisuals.build/DerivedSources/x86_64 -Xcc -I/Users/pc49-58/.codex/worktrees/cozy-02-integration/TacticalGo/ios/Build/Intermediates.noindex/TacticalGoCore.build/Release-iphonesimulator/TacticalGoVisuals.build/DerivedSources -Xcc -DSWIFT_PACKAGE -emit-objc-header -emit-objc-header-path /Users/pc49-58/.codex/worktrees/cozy-02-integration/TacticalGo/ios/Build/Intermediates.noindex/TacticalGoCore.build/Release-iphonesimulator/TacticalGoVisuals.build/Objects-normal/x86_64/TacticalGoVisuals-Swift.h -working-directory /Users/pc49-58/.codex/worktrees/cozy-02-integration/TacticalGo/ios/TacticalGo.xcodeproj -no-emit-module-separately-wmo

SwiftExplicitDependencyGeneratePcm x86_64 /Users/pc49-58/.codex/worktrees/cozy-02-integration/TacticalGo/ios/HeroBodyReleaseBuild/ModuleCache.noindex/_Builtin_stdbool-85PXXF9CQPUOTRYEIZMTL7RBR.pcm

SwiftExplicitDependencyGeneratePcm x86_64 /Users/pc49-58/.codex/worktrees/cozy-02-integration/TacticalGo/ios/HeroBodyReleaseBuild/ModuleCache.noindex/ptrcheck-644TFNVCHQB671K7U7J3PVF85.pcm

SwiftExplicitDependencyGeneratePcm x86_64 /Users/pc49-58/.codex/worktrees/cozy-02-integration/TacticalGo/ios/HeroBodyReleaseBuild/ModuleCache.noindex/_AvailabilityInternal-6APSPTGK7S94ELVC4TBJ1ICF2.pcm

SwiftExplicitDependencyGeneratePcm x86_64 /Users/pc49-58/.codex/worktrees/cozy-02-integration/TacticalGo/ios/HeroBodyReleaseBuild/ModuleCache.noindex/_Builtin_stdarg-9NOM0TKG38BKXDARY2CPU6IY3.pcm

SwiftExplicitDependencyGeneratePcm x86_64 /Users/pc49-58/.codex/worktrees/cozy-02-integration/TacticalGo/ios/HeroBodyReleaseBuild/ModuleCache.noindex/ptrauth-742I6TP5T5ISDNRS0YT82OEXB.pcm

SwiftExplicitDependencyGeneratePcm x86_64 /Users/pc49-58/.codex/worktrees/cozy-02-integration/TacticalGo/ios/HeroBodyReleaseBuild/ModuleCache.noindex/_Builtin_float-4213G51EJ04RE0H7G0PQRIM2Q.pcm

SwiftExplicitDependencyGeneratePcm arm64 /Users/pc49-58/.codex/worktrees/cozy-02-integration/TacticalGo/ios/HeroBodyReleaseBuild/ModuleCache.noindex/ptrcheck-186LASGQ0CV4PFMJXXLFJ0I20.pcm

SwiftExplicitDependencyGeneratePcm arm64 /Users/pc49-58/.codex/worktrees/cozy-02-integration/TacticalGo/ios/HeroBodyReleaseBuild/ModuleCache.noindex/_Builtin_stddef-ESU2LFFEIJKBPJNOUL0ZRW7PO.pcm

SwiftExplicitDependencyGeneratePcm arm64 /Users/pc49-58/.codex/worktrees/cozy-02-integration/TacticalGo/ios/HeroBodyReleaseBuild/ModuleCache.noindex/ptrauth-A3O5TJEDJ6Q85M9E85RRTXC3C.pcm

SwiftExplicitDependencyGeneratePcm arm64 /Users/pc49-58/.codex/worktrees/cozy-02-integration/TacticalGo/ios/HeroBodyReleaseBuild/ModuleCache.noindex/_Builtin_stdarg-AXKIARCI3B82NL57FG72MDOV2.pcm

SwiftExplicitDependencyGeneratePcm arm64 /Users/pc49-58/.codex/worktrees/cozy-02-integration/TacticalGo/ios/HeroBodyReleaseBuild/ModuleCache.noindex/_Builtin_stdbool-2GYBEX9FQU9KFPYV33OOL5YY8.pcm

SwiftExplicitDependencyGeneratePcm arm64 /Users/pc49-58/.codex/worktrees/cozy-02-integration/TacticalGo/ios/HeroBodyReleaseBuild/ModuleCache.noindex/_Builtin_float-4BEYYCN1EYL03HP5RKP29MQS4.pcm

SwiftExplicitDependencyGeneratePcm x86_64 /Users/pc49-58/.codex/worktrees/cozy-02-integration/TacticalGo/ios/HeroBodyReleaseBuild/ModuleCache.noindex/_DarwinFoundation1-2OMAYQ1NS4F44E779162OUM5B.pcm

SwiftExplicitDependencyGeneratePcm arm64 /Users/pc49-58/.codex/worktrees/cozy-02-integration/TacticalGo/ios/HeroBodyReleaseBuild/ModuleCache.noindex/_AvailabilityInternal-871NEHTPBMXZSKAJB4NEPFNBO.pcm

SwiftExplicitDependencyGeneratePcm x86_64 /Users/pc49-58/.codex/worktrees/cozy-02-integration/TacticalGo/ios/HeroBodyReleaseBuild/ModuleCache.noindex/_Builtin_stddef-CL7NK5R2S0TQANUEBK857H94H.pcm

SwiftDriver\ Compilation TacticalGoVisuals normal arm64 com.apple.xcode.tools.swift.compiler (in target 'TacticalGoVisuals' from project 'TacticalGoCore')
    cd /Users/pc49-58/.codex/worktrees/cozy-02-integration/TacticalGo/ios/TacticalGo.xcodeproj
    builtin-Swift-Compilation -- /Applications/Xcode.app/Contents/Developer/Toolchains/XcodeDefault.xctoolchain/usr/bin/swiftc -module-name TacticalGoVisuals -O -whole-module-optimization @/Users/pc49-58/.codex/worktrees/cozy-02-integration/TacticalGo/ios/Build/Intermediates.noindex/TacticalGoCore.build/Release-iphonesimulator/TacticalGoVisuals.build/Objects-normal/arm64/TacticalGoVisuals.SwiftFileList -DSWIFT_PACKAGE -DSWIFT_MODULE_RESOURCE_BUNDLE_UNAVAILABLE -DXcode -plugin-path /Applications/Xcode.app/Contents/Developer/Toolchains/XcodeDefault.xctoolchain/usr/lib/swift/host/plugins/testing -enable-experimental-feature DebugDescriptionMacro -sdk /Applications/Xcode.app/Contents/Developer/Platforms/iPhoneSimulator.platform/Developer/SDKs/iPhoneSimulator26.5.sdk -target arm64-apple-ios12.0-simulator -g -module-cache-path /Users/pc49-58/.codex/worktrees/cozy-02-integration/TacticalGo/ios/HeroBodyReleaseBuild/ModuleCache.noindex -Xfrontend -serialize-debugging-options -suppress-warnings -swift-version 6 -I /Users/pc49-58/.codex/worktrees/cozy-02-integration/TacticalGo/ios/Build/Products/Release-iphonesimulator -Isystem /Applications/Xcode.app/Contents/Developer/Platforms/iPhoneSimulator.platform/Developer/usr/lib -F /Users/pc49-58/.codex/worktrees/cozy-02-integration/TacticalGo/ios/Build/Products/Release-iphonesimulator -F /Applications/Xcode.app/Contents/Developer/Platforms/iPhoneSimulator.platform/Developer/Library/Frameworks -F /Applications/Xcode.app/Contents/Developer/Platforms/iPhoneSimulator.platform/Developer/SDKs/iPhoneSimulator26.5.sdk/Developer/Library/Frameworks -c -num-threads 8 -Xcc -ivfsstatcache -Xcc /Users/pc49-58/.codex/worktrees/cozy-02-integration/TacticalGo/ios/HeroBodyReleaseBuild/SDKStatCaches.noindex/iphonesimulator26.5-23F81a-6cfe768891a92b912361537c460fe42b.sdkstatcache -output-file-map /Users/pc49-58/.codex/worktrees/cozy-02-integration/TacticalGo/ios/Build/Intermediates.noindex/TacticalGoCore.build/Release-iphonesimulator/TacticalGoVisuals.build/Objects-normal/arm64/TacticalGoVisuals-OutputFileMap.json -use-frontend-parseable-output -save-temps -no-color-diagnostics -explicit-module-build -module-cache-path /Users/pc49-58/.codex/worktrees/cozy-02-integration/TacticalGo/ios/Build/Intermediates.noindex/SwiftExplicitPrecompiledModules -clang-scanner-module-cache-path /Users/pc49-58/.codex/worktrees/cozy-02-integration/TacticalGo/ios/HeroBodyReleaseBuild/ModuleCache.noindex -sdk-module-cache-path /Users/pc49-58/.codex/worktrees/cozy-02-integration/TacticalGo/ios/HeroBodyReleaseBuild/ModuleCache.noindex -serialize-diagnostics -emit-dependencies -emit-module -emit-module-path /Users/pc49-58/.codex/worktrees/cozy-02-integration/TacticalGo/ios/Build/Intermediates.noindex/TacticalGoCore.build/Release-iphonesimulator/TacticalGoVisuals.build/Objects-normal/arm64/TacticalGoVisuals.swiftmodule -validate-clang-modules-once -clang-build-session-file /Users/pc49-58/.codex/worktrees/cozy-02-integration/TacticalGo/ios/HeroBodyReleaseBuild/ModuleCache.noindex/Session.modulevalidation -package-name tacticalgocore -Xcc -I/Users/pc49-58/.codex/worktrees/cozy-02-integration/TacticalGo/ios/Build/Intermediates.noindex/TacticalGoCore.build/Release-iphonesimulator/TacticalGoVisuals.build/swift-overrides.hmap -emit-const-values -Xfrontend -const-gather-protocols-file -Xfrontend /Users/pc49-58/.codex/worktrees/cozy-02-integration/TacticalGo/ios/Build/Intermediates.noindex/TacticalGoCore.build/Release-iphonesimulator/TacticalGoVisuals.build/Objects-normal/arm64/TacticalGoVisuals_const_extract_protocols.json -Xcc -I/Users/pc49-58/.codex/worktrees/cozy-02-integration/TacticalGo/ios/Build/Products/Release-iphonesimulator/include -Xcc -I/Users/pc49-58/.codex/worktrees/cozy-02-integration/TacticalGo/ios/Build/Intermediates.noindex/TacticalGoCore.build/Release-iphonesimulator/TacticalGoVisuals.build/DerivedSources-normal/arm64 -Xcc -I/Users/pc49-58/.codex/worktrees/cozy-02-integration/TacticalGo/ios/Build/Intermediates.noindex/TacticalGoCore.build/Release-iphonesimulator/TacticalGoVisuals.build/DerivedSources/arm64 -Xcc -I/Users/pc49-58/.codex/worktrees/cozy-02-integration/TacticalGo/ios/Build/Intermediates.noindex/TacticalGoCore.build/Release-iphonesimulator/TacticalGoVisuals.build/DerivedSources -Xcc -DSWIFT_PACKAGE -emit-objc-header -emit-objc-header-path /Users/pc49-58/.codex/worktrees/cozy-02-integration/TacticalGo/ios/Build/Intermediates.noindex/TacticalGoCore.build/Release-iphonesimulator/TacticalGoVisuals.build/Objects-normal/arm64/TacticalGoVisuals-Swift.h -working-directory /Users/pc49-58/.codex/worktrees/cozy-02-integration/TacticalGo/ios/TacticalGo.xcodeproj -no-emit-module-separately-wmo

SwiftExplicitDependencyGeneratePcm arm64 /Users/pc49-58/.codex/worktrees/cozy-02-integration/TacticalGo/ios/HeroBodyReleaseBuild/ModuleCache.noindex/_DarwinFoundation1-DKTUG4G1TCSDHN2PL2UNUFIAT.pcm

SwiftExplicitDependencyGeneratePcm x86_64 /Users/pc49-58/.codex/worktrees/cozy-02-integration/TacticalGo/ios/HeroBodyReleaseBuild/ModuleCache.noindex/_Builtin_limits-D8GWVWPA3GJIMMNR7HJ7Z5SNT.pcm

SwiftExplicitDependencyGeneratePcm x86_64 /Users/pc49-58/.codex/worktrees/cozy-02-integration/TacticalGo/ios/HeroBodyReleaseBuild/ModuleCache.noindex/_DarwinFoundation2-7FBEKD7PD7FZWNZYT3TYJWFGW.pcm

SwiftExplicitDependencyGeneratePcm arm64 /Users/pc49-58/.codex/worktrees/cozy-02-integration/TacticalGo/ios/HeroBodyReleaseBuild/ModuleCache.noindex/_DarwinFoundation2-EMO4LD4595BLXDR3YJIGW2BFG.pcm

SwiftExplicitDependencyGeneratePcm arm64 /Users/pc49-58/.codex/worktrees/cozy-02-integration/TacticalGo/ios/HeroBodyReleaseBuild/ModuleCache.noindex/_Builtin_limits-4BT0P8MA8Z970B0RRJ2RHQAY2.pcm

SwiftExplicitDependencyGeneratePcm x86_64 /Users/pc49-58/.codex/worktrees/cozy-02-integration/TacticalGo/ios/HeroBodyReleaseBuild/ModuleCache.noindex/sys_types-8EUWOG8P7Y5JXPPWAI2K1Z1W0.pcm

SwiftExplicitDependencyGeneratePcm x86_64 /Users/pc49-58/.codex/worktrees/cozy-02-integration/TacticalGo/ios/HeroBodyReleaseBuild/ModuleCache.noindex/_Builtin_stdint-9CDF10WV5L6VZ422S02KRJDK6.pcm

SwiftExplicitDependencyGeneratePcm x86_64 /Users/pc49-58/.codex/worktrees/cozy-02-integration/TacticalGo/ios/HeroBodyReleaseBuild/ModuleCache.noindex/_DarwinFoundation3-7YCC7Q2K178YVWPC8Z7D9065Z.pcm

SwiftExplicitDependencyGeneratePcm arm64 /Users/pc49-58/.codex/worktrees/cozy-02-integration/TacticalGo/ios/HeroBodyReleaseBuild/ModuleCache.noindex/sys_types-96V0DJMV7WZBRWVUBD273IBCC.pcm

SwiftExplicitDependencyGeneratePcm arm64 /Users/pc49-58/.codex/worktrees/cozy-02-integration/TacticalGo/ios/HeroBodyReleaseBuild/ModuleCache.noindex/_Builtin_stdint-5IVKFL8ZSR982IW2NO2HJX7YY.pcm

SwiftExplicitDependencyGeneratePcm arm64 /Users/pc49-58/.codex/worktrees/cozy-02-integration/TacticalGo/ios/HeroBodyReleaseBuild/ModuleCache.noindex/_DarwinFoundation3-3SG0FLB21OAZQRIWS8TY6EJDT.pcm

SwiftExplicitDependencyGeneratePcm x86_64 /Users/pc49-58/.codex/worktrees/cozy-02-integration/TacticalGo/ios/HeroBodyReleaseBuild/ModuleCache.noindex/_Builtin_inttypes-2TUINO38NU4G23EW6Q26FBLM3.pcm

SwiftExplicitDependencyGeneratePcm x86_64 /Users/pc49-58/.codex/worktrees/cozy-02-integration/TacticalGo/ios/HeroBodyReleaseBuild/ModuleCache.noindex/Darwin-VT184VHWT73D9BQAFU0VUGHV.pcm

SwiftExplicitDependencyGeneratePcm arm64 /Users/pc49-58/.codex/worktrees/cozy-02-integration/TacticalGo/ios/HeroBodyReleaseBuild/ModuleCache.noindex/_Builtin_inttypes-EQW0IHY2O6BPZJ4CSB3HL8G2K.pcm

SwiftExplicitDependencyGeneratePcm arm64 /Users/pc49-58/.codex/worktrees/cozy-02-integration/TacticalGo/ios/HeroBodyReleaseBuild/ModuleCache.noindex/Darwin-9GTPFTM4TRNVH5FSRKGC8323U.pcm

SwiftExplicitDependencyGeneratePcm x86_64 /Users/pc49-58/.codex/worktrees/cozy-02-integration/TacticalGo/ios/HeroBodyReleaseBuild/ModuleCache.noindex/ObjectiveC-F2KLEJK1BBFLE6MCXLN2X5GA8.pcm

SwiftExplicitDependencyGeneratePcm arm64 /Users/pc49-58/.codex/worktrees/cozy-02-integration/TacticalGo/ios/HeroBodyReleaseBuild/ModuleCache.noindex/ObjectiveC-EMVUECSR7TVD8D2LKM9UEUHXW.pcm

SwiftExplicitDependencyGeneratePcm x86_64 /Users/pc49-58/.codex/worktrees/cozy-02-integration/TacticalGo/ios/HeroBodyReleaseBuild/ModuleCache.noindex/os_object-PQVCMCXVA770GSJVVUZD6NB9.pcm

SwiftExplicitDependencyGeneratePcm x86_64 /Users/pc49-58/.codex/worktrees/cozy-02-integration/TacticalGo/ios/HeroBodyReleaseBuild/ModuleCache.noindex/os_workgroup-EHWNKUI0WOUGG3VBOXAPFTHGA.pcm

SwiftExplicitDependencyGeneratePcm arm64 /Users/pc49-58/.codex/worktrees/cozy-02-integration/TacticalGo/ios/HeroBodyReleaseBuild/ModuleCache.noindex/os_object-C246VNEZ7RCA3SHLLGHJUQSJR.pcm

SwiftExplicitDependencyGeneratePcm x86_64 /Users/pc49-58/.codex/worktrees/cozy-02-integration/TacticalGo/ios/HeroBodyReleaseBuild/ModuleCache.noindex/Dispatch-E142OVUKOS968DX4XTVMDODYV.pcm

SwiftExplicitDependencyGeneratePcm arm64 /Users/pc49-58/.codex/worktrees/cozy-02-integration/TacticalGo/ios/HeroBodyReleaseBuild/ModuleCache.noindex/os_workgroup-9P3OVNAVC4EMOU0CT2JEOZEEJ.pcm

SwiftExplicitDependencyGeneratePcm x86_64 /Users/pc49-58/.codex/worktrees/cozy-02-integration/TacticalGo/ios/HeroBodyReleaseBuild/ModuleCache.noindex/CoreFoundation-DMR4GA8B4939B2HIMT2O0KWKK.pcm

SwiftExplicitDependencyGeneratePcm x86_64 /Users/pc49-58/.codex/worktrees/cozy-02-integration/TacticalGo/ios/HeroBodyReleaseBuild/ModuleCache.noindex/XPC-Q5C8YC43HRZ8GQQ69CVVV6UY.pcm

SwiftExplicitDependencyGeneratePcm arm64 /Users/pc49-58/.codex/worktrees/cozy-02-integration/TacticalGo/ios/HeroBodyReleaseBuild/ModuleCache.noindex/Dispatch-CIB0WPQVRD2FWB6JXS1VBXT0S.pcm

SwiftExplicitDependencyGeneratePcm arm64 /Users/pc49-58/.codex/worktrees/cozy-02-integration/TacticalGo/ios/HeroBodyReleaseBuild/ModuleCache.noindex/XPC-AV7EMG3JWO006UWUJUAROWO9G.pcm

SwiftExplicitDependencyGeneratePcm arm64 /Users/pc49-58/.codex/worktrees/cozy-02-integration/TacticalGo/ios/HeroBodyReleaseBuild/ModuleCache.noindex/CoreFoundation-8TR659XC290E9IA75FG1SJCZN.pcm

SwiftExplicitDependencyGeneratePcm x86_64 /Users/pc49-58/.codex/worktrees/cozy-02-integration/TacticalGo/ios/HeroBodyReleaseBuild/ModuleCache.noindex/CFNetwork-9ETU4FJ6XRR0E6G1HW9VI3D7T.pcm

SwiftExplicitDependencyGeneratePcm x86_64 /Users/pc49-58/.codex/worktrees/cozy-02-integration/TacticalGo/ios/HeroBodyReleaseBuild/ModuleCache.noindex/Security-6AWPX37CR9Q130UN1J09W77DQ.pcm

SwiftExplicitDependencyGeneratePcm x86_64 /Users/pc49-58/.codex/worktrees/cozy-02-integration/TacticalGo/ios/HeroBodyReleaseBuild/ModuleCache.noindex/Foundation-DFNFF7AN943UIZJJZSWP21GH.pcm

SwiftExplicitDependencyGeneratePcm arm64 /Users/pc49-58/.codex/worktrees/cozy-02-integration/TacticalGo/ios/HeroBodyReleaseBuild/ModuleCache.noindex/CFNetwork-DY3ECJ3V9ABOQYAN3JAOWDI72.pcm

SwiftExplicitDependencyGeneratePcm arm64 /Users/pc49-58/.codex/worktrees/cozy-02-integration/TacticalGo/ios/HeroBodyReleaseBuild/ModuleCache.noindex/Security-516FKG2D57MR3G1VV673A6HMQ.pcm

SwiftExplicitDependencyGeneratePcm arm64 /Users/pc49-58/.codex/worktrees/cozy-02-integration/TacticalGo/ios/HeroBodyReleaseBuild/ModuleCache.noindex/Foundation-2O8THKBWEH8OHHDYO0MN2VMD2.pcm

SwiftCompile normal x86_64 Compiling\ Anim01Geometry.swift,\ VisualPack.swift /Users/pc49-58/.codex/worktrees/cozy-02-integration/TacticalGo/swift/TacticalGoCore/Sources/TacticalGoVisuals/Anim01Geometry.swift /Users/pc49-58/.codex/worktrees/cozy-02-integration/TacticalGo/swift/TacticalGoCore/Sources/TacticalGoVisuals/VisualPack.swift /Applications/Xcode.app/Contents/Developer/Toolchains/XcodeDefault.xctoolchain/usr/lib/swift/iphonesimulator/prebuilt-modules/26.5/Foundation.swiftmodule/x86_64-apple-ios-simulator.swiftmodule /Applications/Xcode.app/Contents/Developer/Toolchains/XcodeDefault.xctoolchain/usr/lib/swift/iphonesimulator/prebuilt-modules/26.5/_DarwinFoundation1.swiftmodule/x86_64-apple-ios-simulator.swiftmodule /Applications/Xcode.app/Contents/Developer/Toolchains/XcodeDefault.xctoolchain/usr/lib/swift/iphonesimulator/prebuilt-modules/26.5/System.swiftmodule/x86_64-apple-ios-simulator.swiftmodule /Applications/Xcode.app/Contents/Developer/Toolchains/XcodeDefault.xctoolchain/usr/lib/swift/iphonesimulator/prebuilt-modules/26.5/CoreFoundation.swiftmodule/x86_64-apple-ios-simulator.swiftmodule /Applications/Xcode.app/Contents/Developer/Toolchains/XcodeDefault.xctoolchain/usr/lib/swift/iphonesimulator/prebuilt-modules/26.5/Dispatch.swiftmodule/x86_64-apple-ios-simulator.swiftmodule /Applications/Xcode.app/Contents/Developer/Toolchains/XcodeDefault.xctoolchain/usr/lib/swift/iphonesimulator/prebuilt-modules/26.5/Swift.swiftmodule/x86_64-apple-ios-simulator.swiftmodule /Applications/Xcode.app/Contents/Developer/Toolchains/XcodeDefault.xctoolchain/usr/lib/swift/iphonesimulator/prebuilt-modules/26.5/Combine.swiftmodule/x86_64-apple-ios-simulator.swiftmodule /Applications/Xcode.app/Contents/Developer/Toolchains/XcodeDefault.xctoolchain/usr/lib/swift/iphonesimulator/prebuilt-modules/26.5/_Builtin_float.swiftmodule/x86_64-apple-ios-simulator.swiftmodule /Applications/Xcode.app/Contents/Developer/Toolchains/XcodeDefault.xctoolchain/usr/lib/swift/iphonesimulator/prebuilt-modules/26.5/_DarwinFoundation2.swiftmodule/x86_64-apple-ios-simulator.swiftmodule /Applications/Xcode.app/Contents/Developer/Toolchains/XcodeDefault.xctoolchain/usr/lib/swift/iphonesimulator/prebuilt-modules/26.5/ObjectiveC.swiftmodule/x86_64-apple-ios-simulator.swiftmodule /Applications/Xcode.app/Contents/Developer/Toolchains/XcodeDefault.xctoolchain/usr/lib/swift/iphonesimulator/prebuilt-modules/26.5/_Concurrency.swiftmodule/x86_64-apple-ios-simulator.swiftmodule /Applications/Xcode.app/Contents/Developer/Toolchains/XcodeDefault.xctoolchain/usr/lib/swift/iphonesimulator/prebuilt-modules/26.5/Darwin.swiftmodule/x86_64-apple-ios-simulator.swiftmodule /Applications/Xcode.app/Contents/Developer/Toolchains/XcodeDefault.xctoolchain/usr/lib/swift/iphonesimulator/prebuilt-modules/26.5/_StringProcessing.swiftmodule/x86_64-apple-ios-simulator.swiftmodule /Applications/Xcode.app/Contents/Developer/Toolchains/XcodeDefault.xctoolchain/usr/lib/swift/iphonesimulator/prebuilt-modules/26.5/Observation.swiftmodule/x86_64-apple-ios-simulator.swiftmodule /Applications/Xcode.app/Contents/Developer/Toolchains/XcodeDefault.xctoolchain/usr/lib/swift/iphonesimulator/prebuilt-modules/26.5/_DarwinFoundation3.swiftmodule/x86_64-apple-ios-simulator.swiftmodule /Applications/Xcode.app/Contents/Developer/Toolchains/XcodeDefault.xctoolchain/usr/lib/swift/iphonesimulator/prebuilt-modules/26.5/XPC.swiftmodule/x86_64-apple-ios-simulator.swiftmodule /Users/pc49-58/.codex/worktrees/cozy-02-integration/TacticalGo/ios/HeroBodyReleaseBuild/ModuleCache.noindex/_Builtin_stddef-CL7NK5R2S0TQANUEBK857H94H.pcm /Users/pc49-58/.codex/worktrees/cozy-02-integration/TacticalGo/ios/HeroBodyReleaseBuild/ModuleCache.noindex/_Builtin_stdbool-85PXXF9CQPUOTRYEIZMTL7RBR.pcm /Users/pc49-58/.codex/worktrees/cozy-02-integration/TacticalGo/ios/HeroBodyReleaseBuild/ModuleCache.noindex/Security-6AWPX37CR9Q130UN1J09W77DQ.pcm /Users/pc49-58/.codex/worktrees/cozy-02-integration/TacticalGo/ios/HeroBodyReleaseBuild/ModuleCache.noindex/ptrauth-742I6TP5T5ISDNRS0YT82OEXB.pcm /Users/pc49-58/.codex/worktrees/cozy-02-integration/TacticalGo/ios/HeroBodyReleaseBuild/ModuleCache.noindex/Darwin-VT184VHWT73D9BQAFU0VUGHV.pcm /Users/pc49-58/.codex/worktrees/cozy-02-integration/TacticalGo/ios/HeroBodyReleaseBuild/ModuleCache.noindex/Foundation-DFNFF7AN943UIZJJZSWP21GH.pcm /Users/pc49-58/.codex/worktrees/cozy-02-integration/TacticalGo/ios/HeroBodyReleaseBuild/ModuleCache.noindex/ptrcheck-644TFNVCHQB671K7U7J3PVF85.pcm /Users/pc49-58/.codex/worktrees/cozy-02-integration/TacticalGo/ios/HeroBodyReleaseBuild/ModuleCache.noindex/_Builtin_stdarg-9NOM0TKG38BKXDARY2CPU6IY3.pcm /Users/pc49-58/.codex/worktrees/cozy-02-integration/TacticalGo/ios/HeroBodyReleaseBuild/ModuleCache.noindex/_Builtin_stdint-9CDF10WV5L6VZ422S02KRJDK6.pcm /Users/pc49-58/.codex/worktrees/cozy-02-integration/TacticalGo/ios/HeroBodyReleaseBuild/ModuleCache.noindex/CFNetwork-9ETU4FJ6XRR0E6G1HW9VI3D7T.pcm /Users/pc49-58/.codex/worktrees/cozy-02-integration/TacticalGo/ios/HeroBodyReleaseBuild/ModuleCache.noindex/sys_types-8EUWOG8P7Y5JXPPWAI2K1Z1W0.pcm /Users/pc49-58/.codex/worktrees/cozy-02-integration/TacticalGo/ios/HeroBodyReleaseBuild/ModuleCache.noindex/_Builtin_float-4213G51EJ04RE0H7G0PQRIM2Q.pcm /Users/pc49-58/.codex/worktrees/cozy-02-integration/TacticalGo/ios/HeroBodyReleaseBuild/ModuleCache.noindex/CoreFoundation-DMR4GA8B4939B2HIMT2O0KWKK.pcm /Users/pc49-58/.codex/worktrees/cozy-02-integration/TacticalGo/ios/HeroBodyReleaseBuild/ModuleCache.noindex/_DarwinFoundation1-2OMAYQ1NS4F44E779162OUM5B.pcm /Users/pc49-58/.codex/worktrees/cozy-02-integration/TacticalGo/ios/HeroBodyReleaseBuild/ModuleCache.noindex/_Builtin_limits-D8GWVWPA3GJIMMNR7HJ7Z5SNT.pcm /Users/pc49-58/.codex/worktrees/cozy-02-integration/TacticalGo/ios/HeroBodyReleaseBuild/ModuleCache.noindex/_DarwinFoundation2-7FBEKD7PD7FZWNZYT3TYJWFGW.pcm /Users/pc49-58/.codex/worktrees/cozy-02-integration/TacticalGo/ios/HeroBodyReleaseBuild/ModuleCache.noindex/_Builtin_inttypes-2TUINO38NU4G23EW6Q26FBLM3.pcm /Users/pc49-58/.codex/worktrees/cozy-02-integration/TacticalGo/ios/HeroBodyReleaseBuild/ModuleCache.noindex/XPC-Q5C8YC43HRZ8GQQ69CVVV6UY.pcm /Users/pc49-58/.codex/worktrees/cozy-02-integration/TacticalGo/ios/HeroBodyReleaseBuild/ModuleCache.noindex/_SwiftConcurrencyShims-4E43R9UG28RNUUA0MQ8I8K0BJ.pcm /Users/pc49-58/.codex/worktrees/cozy-02-integration/TacticalGo/ios/HeroBodyReleaseBuild/ModuleCache.noindex/_DarwinFoundation3-7YCC7Q2K178YVWPC8Z7D9065Z.pcm /Users/pc49-58/.codex/worktrees/cozy-02-integration/TacticalGo/ios/HeroBodyReleaseBuild/ModuleCache.noindex/os_workgroup-EHWNKUI0WOUGG3VBOXAPFTHGA.pcm /Users/pc49-58/.codex/worktrees/cozy-02-integration/TacticalGo/ios/HeroBodyReleaseBuild/ModuleCache.noindex/_AvailabilityInternal-6APSPTGK7S94ELVC4TBJ1ICF2.pcm /Users/pc49-58/.codex/worktrees/cozy-02-integration/TacticalGo/ios/HeroBodyReleaseBuild/ModuleCache.noindex/ObjectiveC-F2KLEJK1BBFLE6MCXLN2X5GA8.pcm /Users/pc49-58/.codex/worktrees/cozy-02-integration/TacticalGo/ios/HeroBodyReleaseBuild/ModuleCache.noindex/Dispatch-E142OVUKOS968DX4XTVMDODYV.pcm /Users/pc49-58/.codex/worktrees/cozy-02-integration/TacticalGo/ios/HeroBodyReleaseBuild/ModuleCache.noindex/SwiftShims-21GKZJ8OEMEN7POLP78VO36E8.pcm /Users/pc49-58/.codex/worktrees/cozy-02-integration/TacticalGo/ios/HeroBodyReleaseBuild/ModuleCache.noindex/os_object-PQVCMCXVA770GSJVVUZD6NB9.pcm /Users/pc49-58/.codex/worktrees/cozy-02-integration/TacticalGo/ios/Build/Intermediates.noindex/TacticalGoCore.build/Release-iphonesimulator/TacticalGoVisuals.build/Objects-normal/x86_64/TacticalGoVisuals-dependencies-1.json (in target 'TacticalGoVisuals' from project 'TacticalGoCore')

CompileSwift normal x86_64 (in target 'TacticalGoVisuals' from project 'TacticalGoCore')
    cd /Users/pc49-58/.codex/worktrees/cozy-02-integration/TacticalGo/ios/TacticalGo.xcodeproj


SwiftCompile normal arm64 Compiling\ Anim01Geometry.swift,\ VisualPack.swift /Users/pc49-58/.codex/worktrees/cozy-02-integration/TacticalGo/swift/TacticalGoCore/Sources/TacticalGoVisuals/Anim01Geometry.swift /Users/pc49-58/.codex/worktrees/cozy-02-integration/TacticalGo/swift/TacticalGoCore/Sources/TacticalGoVisuals/VisualPack.swift /Applications/Xcode.app/Contents/Developer/Toolchains/XcodeDefault.xctoolchain/usr/lib/swift/iphonesimulator/prebuilt-modules/26.5/_DarwinFoundation2.swiftmodule/arm64-apple-ios-simulator.swiftmodule /Applications/Xcode.app/Contents/Developer/Toolchains/XcodeDefault.xctoolchain/usr/lib/swift/iphonesimulator/prebuilt-modules/26.5/Combine.swiftmodule/arm64-apple-ios-simulator.swiftmodule /Applications/Xcode.app/Contents/Developer/Toolchains/XcodeDefault.xctoolchain/usr/lib/swift/iphonesimulator/prebuilt-modules/26.5/_Builtin_float.swiftmodule/arm64-apple-ios-simulator.swiftmodule /Applications/Xcode.app/Contents/Developer/Toolchains/XcodeDefault.xctoolchain/usr/lib/swift/iphonesimulator/prebuilt-modules/26.5/Foundation.swiftmodule/arm64-apple-ios-simulator.swiftmodule /Applications/Xcode.app/Contents/Developer/Toolchains/XcodeDefault.xctoolchain/usr/lib/swift/iphonesimulator/prebuilt-modules/26.5/ObjectiveC.swiftmodule/arm64-apple-ios-simulator.swiftmodule /Applications/Xcode.app/Contents/Developer/Toolchains/XcodeDefault.xctoolchain/usr/lib/swift/iphonesimulator/prebuilt-modules/26.5/Observation.swiftmodule/arm64-apple-ios-simulator.swiftmodule /Applications/Xcode.app/Contents/Developer/Toolchains/XcodeDefault.xctoolchain/usr/lib/swift/iphonesimulator/prebuilt-modules/26.5/System.swiftmodule/arm64-apple-ios-simulator.swiftmodule /Applications/Xcode.app/Contents/Developer/Toolchains/XcodeDefault.xctoolchain/usr/lib/swift/iphonesimulator/prebuilt-modules/26.5/_DarwinFoundation3.swiftmodule/arm64-apple-ios-simulator.swiftmodule /Applications/Xcode.app/Contents/Developer/Toolchains/XcodeDefault.xctoolchain/usr/lib/swift/iphonesimulator/prebuilt-modules/26.5/Swift.swiftmodule/arm64-apple-ios-simulator.swiftmodule /Applications/Xcode.app/Contents/Developer/Toolchains/XcodeDefault.xctoolchain/usr/lib/swift/iphonesimulator/prebuilt-modules/26.5/_StringProcessing.swiftmodule/arm64-apple-ios-simulator.swiftmodule /Applications/Xcode.app/Contents/Developer/Toolchains/XcodeDefault.xctoolchain/usr/lib/swift/iphonesimulator/prebuilt-modules/26.5/CoreFoundation.swiftmodule/arm64-apple-ios-simulator.swiftmodule /Applications/Xcode.app/Contents/Developer/Toolchains/XcodeDefault.xctoolchain/usr/lib/swift/iphonesimulator/prebuilt-modules/26.5/_Concurrency.swiftmodule/arm64-apple-ios-simulator.swiftmodule /Applications/Xcode.app/Contents/Developer/Toolchains/XcodeDefault.xctoolchain/usr/lib/swift/iphonesimulator/prebuilt-modules/26.5/XPC.swiftmodule/arm64-apple-ios-simulator.swiftmodule /Applications/Xcode.app/Contents/Developer/Toolchains/XcodeDefault.xctoolchain/usr/lib/swift/iphonesimulator/prebuilt-modules/26.5/_DarwinFoundation1.swiftmodule/arm64-apple-ios-simulator.swiftmodule /Applications/Xcode.app/Contents/Developer/Toolchains/XcodeDefault.xctoolchain/usr/lib/swift/iphonesimulator/prebuilt-modules/26.5/Darwin.swiftmodule/arm64-apple-ios-simulator.swiftmodule /Applications/Xcode.app/Contents/Developer/Toolchains/XcodeDefault.xctoolchain/usr/lib/swift/iphonesimulator/prebuilt-modules/26.5/Dispatch.swiftmodule/arm64-apple-ios-simulator.swiftmodule /Users/pc49-58/.codex/worktrees/cozy-02-integration/TacticalGo/ios/HeroBodyReleaseBuild/ModuleCache.noindex/_DarwinFoundation1-DKTUG4G1TCSDHN2PL2UNUFIAT.pcm /Users/pc49-58/.codex/worktrees/cozy-02-integration/TacticalGo/ios/HeroBodyReleaseBuild/ModuleCache.noindex/Dispatch-CIB0WPQVRD2FWB6JXS1VBXT0S.pcm /Users/pc49-58/.codex/worktrees/cozy-02-integration/TacticalGo/ios/HeroBodyReleaseBuild/ModuleCache.noindex/ptrauth-A3O5TJEDJ6Q85M9E85RRTXC3C.pcm /Users/pc49-58/.codex/worktrees/cozy-02-integration/TacticalGo/ios/HeroBodyReleaseBuild/ModuleCache.noindex/os_object-C246VNEZ7RCA3SHLLGHJUQSJR.pcm /Users/pc49-58/.codex/worktrees/cozy-02-integration/TacticalGo/ios/HeroBodyReleaseBuild/ModuleCache.noindex/Foundation-2O8THKBWEH8OHHDYO0MN2VMD2.pcm /Users/pc49-58/.codex/worktrees/cozy-02-integration/TacticalGo/ios/HeroBodyReleaseBuild/ModuleCache.noindex/ObjectiveC-EMVUECSR7TVD8D2LKM9UEUHXW.pcm /Users/pc49-58/.codex/worktrees/cozy-02-integration/TacticalGo/ios/HeroBodyReleaseBuild/ModuleCache.noindex/SwiftShims-8H9FJH97JDIAYQXFI009R8YP.pcm /Users/pc49-58/.codex/worktrees/cozy-02-integration/TacticalGo/ios/HeroBodyReleaseBuild/ModuleCache.noindex/_SwiftConcurrencyShims-8HPJN75BWWDZBFT8WQLGJ4AQW.pcm /Users/pc49-58/.codex/worktrees/cozy-02-integration/TacticalGo/ios/HeroBodyReleaseBuild/ModuleCache.noindex/_DarwinFoundation3-3SG0FLB21OAZQRIWS8TY6EJDT.pcm /Users/pc49-58/.codex/worktrees/cozy-02-integration/TacticalGo/ios/HeroBodyReleaseBuild/ModuleCache.noindex/_Builtin_float-4BEYYCN1EYL03HP5RKP29MQS4.pcm /Users/pc49-58/.codex/worktrees/cozy-02-integration/TacticalGo/ios/HeroBodyReleaseBuild/ModuleCache.noindex/_Builtin_stdint-5IVKFL8ZSR982IW2NO2HJX7YY.pcm /Users/pc49-58/.codex/worktrees/cozy-02-integration/TacticalGo/ios/HeroBodyReleaseBuild/ModuleCache.noindex/_Builtin_stdarg-AXKIARCI3B82NL57FG72MDOV2.pcm /Users/pc49-58/.codex/worktrees/cozy-02-integration/TacticalGo/ios/HeroBodyReleaseBuild/ModuleCache.noindex/_DarwinFoundation2-EMO4LD4595BLXDR3YJIGW2BFG.pcm /Users/pc49-58/.codex/worktrees/cozy-02-integration/TacticalGo/ios/HeroBodyReleaseBuild/ModuleCache.noindex/_Builtin_stddef-ESU2LFFEIJKBPJNOUL0ZRW7PO.pcm /Users/pc49-58/.codex/worktrees/cozy-02-integration/TacticalGo/ios/HeroBodyReleaseBuild/ModuleCache.noindex/sys_types-96V0DJMV7WZBRWVUBD273IBCC.pcm /Users/pc49-58/.codex/worktrees/cozy-02-integration/TacticalGo/ios/HeroBodyReleaseBuild/ModuleCache.noindex/os_workgroup-9P3OVNAVC4EMOU0CT2JEOZEEJ.pcm /Users/pc49-58/.codex/worktrees/cozy-02-integration/TacticalGo/ios/HeroBodyReleaseBuild/ModuleCache.noindex/_Builtin_inttypes-EQW0IHY2O6BPZJ4CSB3HL8G2K.pcm /Users/pc49-58/.codex/worktrees/cozy-02-integration/TacticalGo/ios/HeroBodyReleaseBuild/ModuleCache.noindex/ptrcheck-186LASGQ0CV4PFMJXXLFJ0I20.pcm /Users/pc49-58/.codex/worktrees/cozy-02-integration/TacticalGo/ios/HeroBodyReleaseBuild/ModuleCache.noindex/CoreFoundation-8TR659XC290E9IA75FG1SJCZN.pcm /Users/pc49-58/.codex/worktrees/cozy-02-integration/TacticalGo/ios/HeroBodyReleaseBuild/ModuleCache.noindex/Darwin-9GTPFTM4TRNVH5FSRKGC8323U.pcm /Users/pc49-58/.codex/worktrees/cozy-02-integration/TacticalGo/ios/HeroBodyReleaseBuild/ModuleCache.noindex/Security-516FKG2D57MR3G1VV673A6HMQ.pcm /Users/pc49-58/.codex/worktrees/cozy-02-integration/TacticalGo/ios/HeroBodyReleaseBuild/ModuleCache.noindex/XPC-AV7EMG3JWO006UWUJUAROWO9G.pcm /Users/pc49-58/.codex/worktrees/cozy-02-integration/TacticalGo/ios/HeroBodyReleaseBuild/ModuleCache.noindex/_Builtin_stdbool-2GYBEX9FQU9KFPYV33OOL5YY8.pcm /Users/pc49-58/.codex/worktrees/cozy-02-integration/TacticalGo/ios/HeroBodyReleaseBuild/ModuleCache.noindex/CFNetwork-DY3ECJ3V9ABOQYAN3JAOWDI72.pcm /Users/pc49-58/.codex/worktrees/cozy-02-integration/TacticalGo/ios/HeroBodyReleaseBuild/ModuleCache.noindex/_AvailabilityInternal-871NEHTPBMXZSKAJB4NEPFNBO.pcm /Users/pc49-58/.codex/worktrees/cozy-02-integration/TacticalGo/ios/HeroBodyReleaseBuild/ModuleCache.noindex/_Builtin_limits-4BT0P8MA8Z970B0RRJ2RHQAY2.pcm /Users/pc49-58/.codex/worktrees/cozy-02-integration/TacticalGo/ios/Build/Intermediates.noindex/TacticalGoCore.build/Release-iphonesimulator/TacticalGoVisuals.build/Objects-normal/arm64/TacticalGoVisuals-dependencies-2.json (in target 'TacticalGoVisuals' from project 'TacticalGoCore')

CompileSwift normal arm64 (in target 'TacticalGoVisuals' from project 'TacticalGoCore')
    cd /Users/pc49-58/.codex/worktrees/cozy-02-integration/TacticalGo/ios/TacticalGo.xcodeproj


SwiftDriverJobDiscovery normal x86_64 Compiling Anim01Geometry.swift, VisualPack.swift (in target 'TacticalGoVisuals' from project 'TacticalGoCore')

SwiftDriver\ Compilation\ Requirements TacticalGoVisuals normal x86_64 com.apple.xcode.tools.swift.compiler (in target 'TacticalGoVisuals' from project 'TacticalGoCore')
    cd /Users/pc49-58/.codex/worktrees/cozy-02-integration/TacticalGo/ios/TacticalGo.xcodeproj
    builtin-Swift-Compilation-Requirements -- /Applications/Xcode.app/Contents/Developer/Toolchains/XcodeDefault.xctoolchain/usr/bin/swiftc -module-name TacticalGoVisuals -O -whole-module-optimization @/Users/pc49-58/.codex/worktrees/cozy-02-integration/TacticalGo/ios/Build/Intermediates.noindex/TacticalGoCore.build/Release-iphonesimulator/TacticalGoVisuals.build/Objects-normal/x86_64/TacticalGoVisuals.SwiftFileList -DSWIFT_PACKAGE -DSWIFT_MODULE_RESOURCE_BUNDLE_UNAVAILABLE -DXcode -plugin-path /Applications/Xcode.app/Contents/Developer/Toolchains/XcodeDefault.xctoolchain/usr/lib/swift/host/plugins/testing -enable-experimental-feature DebugDescriptionMacro -sdk /Applications/Xcode.app/Contents/Developer/Platforms/iPhoneSimulator.platform/Developer/SDKs/iPhoneSimulator26.5.sdk -target x86_64-apple-ios12.0-simulator -g -module-cache-path /Users/pc49-58/.codex/worktrees/cozy-02-integration/TacticalGo/ios/HeroBodyReleaseBuild/ModuleCache.noindex -Xfrontend -serialize-debugging-options -suppress-warnings -swift-version 6 -I /Users/pc49-58/.codex/worktrees/cozy-02-integration/TacticalGo/ios/Build/Products/Release-iphonesimulator -Isystem /Applications/Xcode.app/Contents/Developer/Platforms/iPhoneSimulator.platform/Developer/usr/lib -F /Users/pc49-58/.codex/worktrees/cozy-02-integration/TacticalGo/ios/Build/Products/Release-iphonesimulator -F /Applications/Xcode.app/Contents/Developer/Platforms/iPhoneSimulator.platform/Developer/Library/Frameworks -F /Applications/Xcode.app/Contents/Developer/Platforms/iPhoneSimulator.platform/Developer/SDKs/iPhoneSimulator26.5.sdk/Developer/Library/Frameworks -c -num-threads 8 -Xcc -ivfsstatcache -Xcc /Users/pc49-58/.codex/worktrees/cozy-02-integration/TacticalGo/ios/HeroBodyReleaseBuild/SDKStatCaches.noindex/iphonesimulator26.5-23F81a-6cfe768891a92b912361537c460fe42b.sdkstatcache -output-file-map /Users/pc49-58/.codex/worktrees/cozy-02-integration/TacticalGo/ios/Build/Intermediates.noindex/TacticalGoCore.build/Release-iphonesimulator/TacticalGoVisuals.build/Objects-normal/x86_64/TacticalGoVisuals-OutputFileMap.json -use-frontend-parseable-output -save-temps -no-color-diagnostics -explicit-module-build -module-cache-path /Users/pc49-58/.codex/worktrees/cozy-02-integration/TacticalGo/ios/Build/Intermediates.noindex/SwiftExplicitPrecompiledModules -clang-scanner-module-cache-path /Users/pc49-58/.codex/worktrees/cozy-02-integration/TacticalGo/ios/HeroBodyReleaseBuild/ModuleCache.noindex -sdk-module-cache-path /Users/pc49-58/.codex/worktrees/cozy-02-integration/TacticalGo/ios/HeroBodyReleaseBuild/ModuleCache.noindex -serialize-diagnostics -emit-dependencies -emit-module -emit-module-path /Users/pc49-58/.codex/worktrees/cozy-02-integration/TacticalGo/ios/Build/Intermediates.noindex/TacticalGoCore.build/Release-iphonesimulator/TacticalGoVisuals.build/Objects-normal/x86_64/TacticalGoVisuals.swiftmodule -validate-clang-modules-once -clang-build-session-file /Users/pc49-58/.codex/worktrees/cozy-02-integration/TacticalGo/ios/HeroBodyReleaseBuild/ModuleCache.noindex/Session.modulevalidation -package-name tacticalgocore -Xcc -I/Users/pc49-58/.codex/worktrees/cozy-02-integration/TacticalGo/ios/Build/Intermediates.noindex/TacticalGoCore.build/Release-iphonesimulator/TacticalGoVisuals.build/swift-overrides.hmap -emit-const-values -Xfrontend -const-gather-protocols-file -Xfrontend /Users/pc49-58/.codex/worktrees/cozy-02-integration/TacticalGo/ios/Build/Intermediates.noindex/TacticalGoCore.build/Release-iphonesimulator/TacticalGoVisuals.build/Objects-normal/x86_64/TacticalGoVisuals_const_extract_protocols.json -Xcc -I/Users/pc49-58/.codex/worktrees/cozy-02-integration/TacticalGo/ios/Build/Products/Release-iphonesimulator/include -Xcc -I/Users/pc49-58/.codex/worktrees/cozy-02-integration/TacticalGo/ios/Build/Intermediates.noindex/TacticalGoCore.build/Release-iphonesimulator/TacticalGoVisuals.build/DerivedSources-normal/x86_64 -Xcc -I/Users/pc49-58/.codex/worktrees/cozy-02-integration/TacticalGo/ios/Build/Intermediates.noindex/TacticalGoCore.build/Release-iphonesimulator/TacticalGoVisuals.build/DerivedSources/x86_64 -Xcc -I/Users/pc49-58/.codex/worktrees/cozy-02-integration/TacticalGo/ios/Build/Intermediates.noindex/TacticalGoCore.build/Release-iphonesimulator/TacticalGoVisuals.build/DerivedSources -Xcc -DSWIFT_PACKAGE -emit-objc-header -emit-objc-header-path /Users/pc49-58/.codex/worktrees/cozy-02-integration/TacticalGo/ios/Build/Intermediates.noindex/TacticalGoCore.build/Release-iphonesimulator/TacticalGoVisuals.build/Objects-normal/x86_64/TacticalGoVisuals-Swift.h -working-directory /Users/pc49-58/.codex/worktrees/cozy-02-integration/TacticalGo/ios/TacticalGo.xcodeproj -no-emit-module-separately-wmo

Copy /Users/pc49-58/.codex/worktrees/cozy-02-integration/TacticalGo/ios/Build/Products/Release-iphonesimulator/TacticalGoVisuals.swiftmodule/x86_64-apple-ios-simulator.swiftmodule /Users/pc49-58/.codex/worktrees/cozy-02-integration/TacticalGo/ios/Build/Intermediates.noindex/TacticalGoCore.build/Release-iphonesimulator/TacticalGoVisuals.build/Objects-normal/x86_64/TacticalGoVisuals.swiftmodule (in target 'TacticalGoVisuals' from project 'TacticalGoCore')
    cd /Users/pc49-58/.codex/worktrees/cozy-02-integration/TacticalGo/swift/TacticalGoCore
    builtin-copy -exclude .DS_Store -exclude CVS -exclude .svn -exclude .git -exclude .hg -strip-unsigned-binaries -strip-deterministic -strip-tool /Applications/Xcode.app/Contents/Developer/Toolchains/XcodeDefault.xctoolchain/usr/bin/strip -resolve-src-symlinks -rename /Users/pc49-58/.codex/worktrees/cozy-02-integration/TacticalGo/ios/Build/Intermediates.noindex/TacticalGoCore.build/Release-iphonesimulator/TacticalGoVisuals.build/Objects-normal/x86_64/TacticalGoVisuals.swiftmodule /Users/pc49-58/.codex/worktrees/cozy-02-integration/TacticalGo/ios/Build/Products/Release-iphonesimulator/TacticalGoVisuals.swiftmodule/x86_64-apple-ios-simulator.swiftmodule

Copy /Users/pc49-58/.codex/worktrees/cozy-02-integration/TacticalGo/ios/Build/Products/Release-iphonesimulator/TacticalGoVisuals.swiftmodule/x86_64-apple-ios-simulator.swiftdoc /Users/pc49-58/.codex/worktrees/cozy-02-integration/TacticalGo/ios/Build/Intermediates.noindex/TacticalGoCore.build/Release-iphonesimulator/TacticalGoVisuals.build/Objects-normal/x86_64/TacticalGoVisuals.swiftdoc (in target 'TacticalGoVisuals' from project 'TacticalGoCore')
    cd /Users/pc49-58/.codex/worktrees/cozy-02-integration/TacticalGo/swift/TacticalGoCore
    builtin-copy -exclude .DS_Store -exclude CVS -exclude .svn -exclude .git -exclude .hg -strip-unsigned-binaries -strip-deterministic -strip-tool /Applications/Xcode.app/Contents/Developer/Toolchains/XcodeDefault.xctoolchain/usr/bin/strip -resolve-src-symlinks -rename /Users/pc49-58/.codex/worktrees/cozy-02-integration/TacticalGo/ios/Build/Intermediates.noindex/TacticalGoCore.build/Release-iphonesimulator/TacticalGoVisuals.build/Objects-normal/x86_64/TacticalGoVisuals.swiftdoc /Users/pc49-58/.codex/worktrees/cozy-02-integration/TacticalGo/ios/Build/Products/Release-iphonesimulator/TacticalGoVisuals.swiftmodule/x86_64-apple-ios-simulator.swiftdoc

Copy /Users/pc49-58/.codex/worktrees/cozy-02-integration/TacticalGo/ios/Build/Products/Release-iphonesimulator/TacticalGoVisuals.swiftmodule/x86_64-apple-ios-simulator.abi.json /Users/pc49-58/.codex/worktrees/cozy-02-integration/TacticalGo/ios/Build/Intermediates.noindex/TacticalGoCore.build/Release-iphonesimulator/TacticalGoVisuals.build/Objects-normal/x86_64/TacticalGoVisuals.abi.json (in target 'TacticalGoVisuals' from project 'TacticalGoCore')
    cd /Users/pc49-58/.codex/worktrees/cozy-02-integration/TacticalGo/swift/TacticalGoCore
    builtin-copy -exclude .DS_Store -exclude CVS -exclude .svn -exclude .git -exclude .hg -strip-unsigned-binaries -strip-deterministic -strip-tool /Applications/Xcode.app/Contents/Developer/Toolchains/XcodeDefault.xctoolchain/usr/bin/strip -resolve-src-symlinks -rename /Users/pc49-58/.codex/worktrees/cozy-02-integration/TacticalGo/ios/Build/Intermediates.noindex/TacticalGoCore.build/Release-iphonesimulator/TacticalGoVisuals.build/Objects-normal/x86_64/TacticalGoVisuals.abi.json /Users/pc49-58/.codex/worktrees/cozy-02-integration/TacticalGo/ios/Build/Products/Release-iphonesimulator/TacticalGoVisuals.swiftmodule/x86_64-apple-ios-simulator.abi.json

Copy /Users/pc49-58/.codex/worktrees/cozy-02-integration/TacticalGo/ios/Build/Products/Release-iphonesimulator/TacticalGoVisuals.swiftmodule/Project/x86_64-apple-ios-simulator.swiftsourceinfo /Users/pc49-58/.codex/worktrees/cozy-02-integration/TacticalGo/ios/Build/Intermediates.noindex/TacticalGoCore.build/Release-iphonesimulator/TacticalGoVisuals.build/Objects-normal/x86_64/TacticalGoVisuals.swiftsourceinfo (in target 'TacticalGoVisuals' from project 'TacticalGoCore')
    cd /Users/pc49-58/.codex/worktrees/cozy-02-integration/TacticalGo/swift/TacticalGoCore
    builtin-copy -exclude .DS_Store -exclude CVS -exclude .svn -exclude .git -exclude .hg -strip-unsigned-binaries -strip-deterministic -strip-tool /Applications/Xcode.app/Contents/Developer/Toolchains/XcodeDefault.xctoolchain/usr/bin/strip -resolve-src-symlinks -rename /Users/pc49-58/.codex/worktrees/cozy-02-integration/TacticalGo/ios/Build/Intermediates.noindex/TacticalGoCore.build/Release-iphonesimulator/TacticalGoVisuals.build/Objects-normal/x86_64/TacticalGoVisuals.swiftsourceinfo /Users/pc49-58/.codex/worktrees/cozy-02-integration/TacticalGo/ios/Build/Products/Release-iphonesimulator/TacticalGoVisuals.swiftmodule/Project/x86_64-apple-ios-simulator.swiftsourceinfo

SwiftDriverJobDiscovery normal arm64 Compiling Anim01Geometry.swift, VisualPack.swift (in target 'TacticalGoVisuals' from project 'TacticalGoCore')

SwiftDriver\ Compilation\ Requirements TacticalGoVisuals normal arm64 com.apple.xcode.tools.swift.compiler (in target 'TacticalGoVisuals' from project 'TacticalGoCore')
    cd /Users/pc49-58/.codex/worktrees/cozy-02-integration/TacticalGo/ios/TacticalGo.xcodeproj
    builtin-Swift-Compilation-Requirements -- /Applications/Xcode.app/Contents/Developer/Toolchains/XcodeDefault.xctoolchain/usr/bin/swiftc -module-name TacticalGoVisuals -O -whole-module-optimization @/Users/pc49-58/.codex/worktrees/cozy-02-integration/TacticalGo/ios/Build/Intermediates.noindex/TacticalGoCore.build/Release-iphonesimulator/TacticalGoVisuals.build/Objects-normal/arm64/TacticalGoVisuals.SwiftFileList -DSWIFT_PACKAGE -DSWIFT_MODULE_RESOURCE_BUNDLE_UNAVAILABLE -DXcode -plugin-path /Applications/Xcode.app/Contents/Developer/Toolchains/XcodeDefault.xctoolchain/usr/lib/swift/host/plugins/testing -enable-experimental-feature DebugDescriptionMacro -sdk /Applications/Xcode.app/Contents/Developer/Platforms/iPhoneSimulator.platform/Developer/SDKs/iPhoneSimulator26.5.sdk -target arm64-apple-ios12.0-simulator -g -module-cache-path /Users/pc49-58/.codex/worktrees/cozy-02-integration/TacticalGo/ios/HeroBodyReleaseBuild/ModuleCache.noindex -Xfrontend -serialize-debugging-options -suppress-warnings -swift-version 6 -I /Users/pc49-58/.codex/worktrees/cozy-02-integration/TacticalGo/ios/Build/Products/Release-iphonesimulator -Isystem /Applications/Xcode.app/Contents/Developer/Platforms/iPhoneSimulator.platform/Developer/usr/lib -F /Users/pc49-58/.codex/worktrees/cozy-02-integration/TacticalGo/ios/Build/Products/Release-iphonesimulator -F /Applications/Xcode.app/Contents/Developer/Platforms/iPhoneSimulator.platform/Developer/Library/Frameworks -F /Applications/Xcode.app/Contents/Developer/Platforms/iPhoneSimulator.platform/Developer/SDKs/iPhoneSimulator26.5.sdk/Developer/Library/Frameworks -c -num-threads 8 -Xcc -ivfsstatcache -Xcc /Users/pc49-58/.codex/worktrees/cozy-02-integration/TacticalGo/ios/HeroBodyReleaseBuild/SDKStatCaches.noindex/iphonesimulator26.5-23F81a-6cfe768891a92b912361537c460fe42b.sdkstatcache -output-file-map /Users/pc49-58/.codex/worktrees/cozy-02-integration/TacticalGo/ios/Build/Intermediates.noindex/TacticalGoCore.build/Release-iphonesimulator/TacticalGoVisuals.build/Objects-normal/arm64/TacticalGoVisuals-OutputFileMap.json -use-frontend-parseable-output -save-temps -no-color-diagnostics -explicit-module-build -module-cache-path /Users/pc49-58/.codex/worktrees/cozy-02-integration/TacticalGo/ios/Build/Intermediates.noindex/SwiftExplicitPrecompiledModules -clang-scanner-module-cache-path /Users/pc49-58/.codex/worktrees/cozy-02-integration/TacticalGo/ios/HeroBodyReleaseBuild/ModuleCache.noindex -sdk-module-cache-path /Users/pc49-58/.codex/worktrees/cozy-02-integration/TacticalGo/ios/HeroBodyReleaseBuild/ModuleCache.noindex -serialize-diagnostics -emit-dependencies -emit-module -emit-module-path /Users/pc49-58/.codex/worktrees/cozy-02-integration/TacticalGo/ios/Build/Intermediates.noindex/TacticalGoCore.build/Release-iphonesimulator/TacticalGoVisuals.build/Objects-normal/arm64/TacticalGoVisuals.swiftmodule -validate-clang-modules-once -clang-build-session-file /Users/pc49-58/.codex/worktrees/cozy-02-integration/TacticalGo/ios/HeroBodyReleaseBuild/ModuleCache.noindex/Session.modulevalidation -package-name tacticalgocore -Xcc -I/Users/pc49-58/.codex/worktrees/cozy-02-integration/TacticalGo/ios/Build/Intermediates.noindex/TacticalGoCore.build/Release-iphonesimulator/TacticalGoVisuals.build/swift-overrides.hmap -emit-const-values -Xfrontend -const-gather-protocols-file -Xfrontend /Users/pc49-58/.codex/worktrees/cozy-02-integration/TacticalGo/ios/Build/Intermediates.noindex/TacticalGoCore.build/Release-iphonesimulator/TacticalGoVisuals.build/Objects-normal/arm64/TacticalGoVisuals_const_extract_protocols.json -Xcc -I/Users/pc49-58/.codex/worktrees/cozy-02-integration/TacticalGo/ios/Build/Products/Release-iphonesimulator/include -Xcc -I/Users/pc49-58/.codex/worktrees/cozy-02-integration/TacticalGo/ios/Build/Intermediates.noindex/TacticalGoCore.build/Release-iphonesimulator/TacticalGoVisuals.build/DerivedSources-normal/arm64 -Xcc -I/Users/pc49-58/.codex/worktrees/cozy-02-integration/TacticalGo/ios/Build/Intermediates.noindex/TacticalGoCore.build/Release-iphonesimulator/TacticalGoVisuals.build/DerivedSources/arm64 -Xcc -I/Users/pc49-58/.codex/worktrees/cozy-02-integration/TacticalGo/ios/Build/Intermediates.noindex/TacticalGoCore.build/Release-iphonesimulator/TacticalGoVisuals.build/DerivedSources -Xcc -DSWIFT_PACKAGE -emit-objc-header -emit-objc-header-path /Users/pc49-58/.codex/worktrees/cozy-02-integration/TacticalGo/ios/Build/Intermediates.noindex/TacticalGoCore.build/Release-iphonesimulator/TacticalGoVisuals.build/Objects-normal/arm64/TacticalGoVisuals-Swift.h -working-directory /Users/pc49-58/.codex/worktrees/cozy-02-integration/TacticalGo/ios/TacticalGo.xcodeproj -no-emit-module-separately-wmo

SwiftMergeGeneratedHeaders /Users/pc49-58/.codex/worktrees/cozy-02-integration/TacticalGo/ios/Build/Intermediates.noindex/GeneratedModuleMaps-iphonesimulator/TacticalGoVisuals-Swift.h /Users/pc49-58/.codex/worktrees/cozy-02-integration/TacticalGo/ios/Build/Intermediates.noindex/TacticalGoCore.build/Release-iphonesimulator/TacticalGoVisuals.build/Objects-normal/arm64/TacticalGoVisuals-Swift.h /Users/pc49-58/.codex/worktrees/cozy-02-integration/TacticalGo/ios/Build/Intermediates.noindex/TacticalGoCore.build/Release-iphonesimulator/TacticalGoVisuals.build/Objects-normal/x86_64/TacticalGoVisuals-Swift.h (in target 'TacticalGoVisuals' from project 'TacticalGoCore')
    cd /Users/pc49-58/.codex/worktrees/cozy-02-integration/TacticalGo/swift/TacticalGoCore
    builtin-swiftHeaderTool -arch arm64 /Users/pc49-58/.codex/worktrees/cozy-02-integration/TacticalGo/ios/Build/Intermediates.noindex/TacticalGoCore.build/Release-iphonesimulator/TacticalGoVisuals.build/Objects-normal/arm64/TacticalGoVisuals-Swift.h -arch x86_64 /Users/pc49-58/.codex/worktrees/cozy-02-integration/TacticalGo/ios/Build/Intermediates.noindex/TacticalGoCore.build/Release-iphonesimulator/TacticalGoVisuals.build/Objects-normal/x86_64/TacticalGoVisuals-Swift.h -o /Users/pc49-58/.codex/worktrees/cozy-02-integration/TacticalGo/ios/Build/Intermediates.noindex/GeneratedModuleMaps-iphonesimulator/TacticalGoVisuals-Swift.h

SwiftDriverJobDiscovery normal arm64 Compiling BoardProjection.swift, GameEngine.swift, Model.swift (in target 'TacticalGoCore' from project 'TacticalGoCore')

Copy /Users/pc49-58/.codex/worktrees/cozy-02-integration/TacticalGo/ios/Build/Products/Release-iphonesimulator/TacticalGoVisuals.swiftmodule/arm64-apple-ios-simulator.swiftdoc /Users/pc49-58/.codex/worktrees/cozy-02-integration/TacticalGo/ios/Build/Intermediates.noindex/TacticalGoCore.build/Release-iphonesimulator/TacticalGoVisuals.build/Objects-normal/arm64/TacticalGoVisuals.swiftdoc (in target 'TacticalGoVisuals' from project 'TacticalGoCore')
    cd /Users/pc49-58/.codex/worktrees/cozy-02-integration/TacticalGo/swift/TacticalGoCore
    builtin-copy -exclude .DS_Store -exclude CVS -exclude .svn -exclude .git -exclude .hg -strip-unsigned-binaries -strip-deterministic -strip-tool /Applications/Xcode.app/Contents/Developer/Toolchains/XcodeDefault.xctoolchain/usr/bin/strip -resolve-src-symlinks -rename /Users/pc49-58/.codex/worktrees/cozy-02-integration/TacticalGo/ios/Build/Intermediates.noindex/TacticalGoCore.build/Release-iphonesimulator/TacticalGoVisuals.build/Objects-normal/arm64/TacticalGoVisuals.swiftdoc /Users/pc49-58/.codex/worktrees/cozy-02-integration/TacticalGo/ios/Build/Products/Release-iphonesimulator/TacticalGoVisuals.swiftmodule/arm64-apple-ios-simulator.swiftdoc

Copy /Users/pc49-58/.codex/worktrees/cozy-02-integration/TacticalGo/ios/Build/Products/Release-iphonesimulator/TacticalGoVisuals.swiftmodule/arm64-apple-ios-simulator.swiftmodule /Users/pc49-58/.codex/worktrees/cozy-02-integration/TacticalGo/ios/Build/Intermediates.noindex/TacticalGoCore.build/Release-iphonesimulator/TacticalGoVisuals.build/Objects-normal/arm64/TacticalGoVisuals.swiftmodule (in target 'TacticalGoVisuals' from project 'TacticalGoCore')
    cd /Users/pc49-58/.codex/worktrees/cozy-02-integration/TacticalGo/swift/TacticalGoCore
    builtin-copy -exclude .DS_Store -exclude CVS -exclude .svn -exclude .git -exclude .hg -strip-unsigned-binaries -strip-deterministic -strip-tool /Applications/Xcode.app/Contents/Developer/Toolchains/XcodeDefault.xctoolchain/usr/bin/strip -resolve-src-symlinks -rename /Users/pc49-58/.codex/worktrees/cozy-02-integration/TacticalGo/ios/Build/Intermediates.noindex/TacticalGoCore.build/Release-iphonesimulator/TacticalGoVisuals.build/Objects-normal/arm64/TacticalGoVisuals.swiftmodule /Users/pc49-58/.codex/worktrees/cozy-02-integration/TacticalGo/ios/Build/Products/Release-iphonesimulator/TacticalGoVisuals.swiftmodule/arm64-apple-ios-simulator.swiftmodule

Copy /Users/pc49-58/.codex/worktrees/cozy-02-integration/TacticalGo/ios/Build/Products/Release-iphonesimulator/TacticalGoVisuals.swiftmodule/arm64-apple-ios-simulator.abi.json /Users/pc49-58/.codex/worktrees/cozy-02-integration/TacticalGo/ios/Build/Intermediates.noindex/TacticalGoCore.build/Release-iphonesimulator/TacticalGoVisuals.build/Objects-normal/arm64/TacticalGoVisuals.abi.json (in target 'TacticalGoVisuals' from project 'TacticalGoCore')
    cd /Users/pc49-58/.codex/worktrees/cozy-02-integration/TacticalGo/swift/TacticalGoCore
    builtin-copy -exclude .DS_Store -exclude CVS -exclude .svn -exclude .git -exclude .hg -strip-unsigned-binaries -strip-deterministic -strip-tool /Applications/Xcode.app/Contents/Developer/Toolchains/XcodeDefault.xctoolchain/usr/bin/strip -resolve-src-symlinks -rename /Users/pc49-58/.codex/worktrees/cozy-02-integration/TacticalGo/ios/Build/Intermediates.noindex/TacticalGoCore.build/Release-iphonesimulator/TacticalGoVisuals.build/Objects-normal/arm64/TacticalGoVisuals.abi.json /Users/pc49-58/.codex/worktrees/cozy-02-integration/TacticalGo/ios/Build/Products/Release-iphonesimulator/TacticalGoVisuals.swiftmodule/arm64-apple-ios-simulator.abi.json

Copy /Users/pc49-58/.codex/worktrees/cozy-02-integration/TacticalGo/ios/Build/Products/Release-iphonesimulator/TacticalGoVisuals.swiftmodule/Project/arm64-apple-ios-simulator.swiftsourceinfo /Users/pc49-58/.codex/worktrees/cozy-02-integration/TacticalGo/ios/Build/Intermediates.noindex/TacticalGoCore.build/Release-iphonesimulator/TacticalGoVisuals.build/Objects-normal/arm64/TacticalGoVisuals.swiftsourceinfo (in target 'TacticalGoVisuals' from project 'TacticalGoCore')
    cd /Users/pc49-58/.codex/worktrees/cozy-02-integration/TacticalGo/swift/TacticalGoCore
    builtin-copy -exclude .DS_Store -exclude CVS -exclude .svn -exclude .git -exclude .hg -strip-unsigned-binaries -strip-deterministic -strip-tool /Applications/Xcode.app/Contents/Developer/Toolchains/XcodeDefault.xctoolchain/usr/bin/strip -resolve-src-symlinks -rename /Users/pc49-58/.codex/worktrees/cozy-02-integration/TacticalGo/ios/Build/Intermediates.noindex/TacticalGoCore.build/Release-iphonesimulator/TacticalGoVisuals.build/Objects-normal/arm64/TacticalGoVisuals.swiftsourceinfo /Users/pc49-58/.codex/worktrees/cozy-02-integration/TacticalGo/ios/Build/Products/Release-iphonesimulator/TacticalGoVisuals.swiftmodule/Project/arm64-apple-ios-simulator.swiftsourceinfo

SwiftDriver\ Compilation\ Requirements TacticalGoCore normal arm64 com.apple.xcode.tools.swift.compiler (in target 'TacticalGoCore' from project 'TacticalGoCore')
    cd /Users/pc49-58/.codex/worktrees/cozy-02-integration/TacticalGo/ios/TacticalGo.xcodeproj
    builtin-Swift-Compilation-Requirements -- /Applications/Xcode.app/Contents/Developer/Toolchains/XcodeDefault.xctoolchain/usr/bin/swiftc -module-name TacticalGoCore -O -whole-module-optimization @/Users/pc49-58/.codex/worktrees/cozy-02-integration/TacticalGo/ios/Build/Intermediates.noindex/TacticalGoCore.build/Release-iphonesimulator/TacticalGoCore.build/Objects-normal/arm64/TacticalGoCore.SwiftFileList -DSWIFT_PACKAGE -DSWIFT_MODULE_RESOURCE_BUNDLE_UNAVAILABLE -DXcode -plugin-path /Applications/Xcode.app/Contents/Developer/Toolchains/XcodeDefault.xctoolchain/usr/lib/swift/host/plugins/testing -enable-experimental-feature DebugDescriptionMacro -sdk /Applications/Xcode.app/Contents/Developer/Platforms/iPhoneSimulator.platform/Developer/SDKs/iPhoneSimulator26.5.sdk -target arm64-apple-ios12.0-simulator -g -module-cache-path /Users/pc49-58/.codex/worktrees/cozy-02-integration/TacticalGo/ios/HeroBodyReleaseBuild/ModuleCache.noindex -Xfrontend -serialize-debugging-options -suppress-warnings -swift-version 6 -I /Users/pc49-58/.codex/worktrees/cozy-02-integration/TacticalGo/ios/Build/Products/Release-iphonesimulator -Isystem /Applications/Xcode.app/Contents/Developer/Platforms/iPhoneSimulator.platform/Developer/usr/lib -F /Users/pc49-58/.codex/worktrees/cozy-02-integration/TacticalGo/ios/Build/Products/Release-iphonesimulator -F /Applications/Xcode.app/Contents/Developer/Platforms/iPhoneSimulator.platform/Developer/Library/Frameworks -F /Applications/Xcode.app/Contents/Developer/Platforms/iPhoneSimulator.platform/Developer/SDKs/iPhoneSimulator26.5.sdk/Developer/Library/Frameworks -c -num-threads 8 -Xcc -ivfsstatcache -Xcc /Users/pc49-58/.codex/worktrees/cozy-02-integration/TacticalGo/ios/HeroBodyReleaseBuild/SDKStatCaches.noindex/iphonesimulator26.5-23F81a-6cfe768891a92b912361537c460fe42b.sdkstatcache -output-file-map /Users/pc49-58/.codex/worktrees/cozy-02-integration/TacticalGo/ios/Build/Intermediates.noindex/TacticalGoCore.build/Release-iphonesimulator/TacticalGoCore.build/Objects-normal/arm64/TacticalGoCore-OutputFileMap.json -use-frontend-parseable-output -save-temps -no-color-diagnostics -explicit-module-build -module-cache-path /Users/pc49-58/.codex/worktrees/cozy-02-integration/TacticalGo/ios/Build/Intermediates.noindex/SwiftExplicitPrecompiledModules -clang-scanner-module-cache-path /Users/pc49-58/.codex/worktrees/cozy-02-integration/TacticalGo/ios/HeroBodyReleaseBuild/ModuleCache.noindex -sdk-module-cache-path /Users/pc49-58/.codex/worktrees/cozy-02-integration/TacticalGo/ios/HeroBodyReleaseBuild/ModuleCache.noindex -serialize-diagnostics -emit-dependencies -emit-module -emit-module-path /Users/pc49-58/.codex/worktrees/cozy-02-integration/TacticalGo/ios/Build/Intermediates.noindex/TacticalGoCore.build/Release-iphonesimulator/TacticalGoCore.build/Objects-normal/arm64/TacticalGoCore.swiftmodule -validate-clang-modules-once -clang-build-session-file /Users/pc49-58/.codex/worktrees/cozy-02-integration/TacticalGo/ios/HeroBodyReleaseBuild/ModuleCache.noindex/Session.modulevalidation -package-name tacticalgocore -Xcc -I/Users/pc49-58/.codex/worktrees/cozy-02-integration/TacticalGo/ios/Build/Intermediates.noindex/TacticalGoCore.build/Release-iphonesimulator/TacticalGoCore.build/swift-overrides.hmap -emit-const-values -Xfrontend -const-gather-protocols-file -Xfrontend /Users/pc49-58/.codex/worktrees/cozy-02-integration/TacticalGo/ios/Build/Intermediates.noindex/TacticalGoCore.build/Release-iphonesimulator/TacticalGoCore.build/Objects-normal/arm64/TacticalGoCore_const_extract_protocols.json -Xcc -I/Users/pc49-58/.codex/worktrees/cozy-02-integration/TacticalGo/ios/Build/Products/Release-iphonesimulator/include -Xcc -I/Users/pc49-58/.codex/worktrees/cozy-02-integration/TacticalGo/ios/Build/Intermediates.noindex/TacticalGoCore.build/Release-iphonesimulator/TacticalGoCore.build/DerivedSources-normal/arm64 -Xcc -I/Users/pc49-58/.codex/worktrees/cozy-02-integration/TacticalGo/ios/Build/Intermediates.noindex/TacticalGoCore.build/Release-iphonesimulator/TacticalGoCore.build/DerivedSources/arm64 -Xcc -I/Users/pc49-58/.codex/worktrees/cozy-02-integration/TacticalGo/ios/Build/Intermediates.noindex/TacticalGoCore.build/Release-iphonesimulator/TacticalGoCore.build/DerivedSources -Xcc -DSWIFT_PACKAGE -emit-objc-header -emit-objc-header-path /Users/pc49-58/.codex/worktrees/cozy-02-integration/TacticalGo/ios/Build/Intermediates.noindex/TacticalGoCore.build/Release-iphonesimulator/TacticalGoCore.build/Objects-normal/arm64/TacticalGoCore-Swift.h -working-directory /Users/pc49-58/.codex/worktrees/cozy-02-integration/TacticalGo/ios/TacticalGo.xcodeproj -no-emit-module-separately-wmo

Ld /Users/pc49-58/.codex/worktrees/cozy-02-integration/TacticalGo/ios/Build/Intermediates.noindex/TacticalGoCore.build/Release-iphonesimulator/TacticalGoVisuals.build/Objects-normal/x86_64/Binary/TacticalGoVisuals.o normal x86_64 (in target 'TacticalGoVisuals' from project 'TacticalGoCore')
    cd /Users/pc49-58/.codex/worktrees/cozy-02-integration/TacticalGo/swift/TacticalGoCore
    /Applications/Xcode.app/Contents/Developer/Toolchains/XcodeDefault.xctoolchain/usr/bin/clang -Xlinker -reproducible -target x86_64-apple-ios12.0-simulator -r -isysroot /Applications/Xcode.app/Contents/Developer/Platforms/iPhoneSimulator.platform/Developer/SDKs/iPhoneSimulator26.5.sdk -Os -w -F/Users/pc49-58/.codex/worktrees/cozy-02-integration/TacticalGo/ios/Build/Intermediates.noindex/EagerLinkingTBDs/Release-iphonesimulator -F/Users/pc49-58/.codex/worktrees/cozy-02-integration/TacticalGo/ios/Build/Products/Release-iphonesimulator -iframework /Applications/Xcode.app/Contents/Developer/Platforms/iPhoneSimulator.platform/Developer/Library/Frameworks -iframework /Applications/Xcode.app/Contents/Developer/Platforms/iPhoneSimulator.platform/Developer/SDKs/iPhoneSimulator26.5.sdk/Developer/Library/Frameworks -filelist /Users/pc49-58/.codex/worktrees/cozy-02-integration/TacticalGo/ios/Build/Intermediates.noindex/TacticalGoCore.build/Release-iphonesimulator/TacticalGoVisuals.build/Objects-normal/x86_64/TacticalGoVisuals.LinkFileList -nostdlib -Xlinker -object_path_lto -Xlinker /Users/pc49-58/.codex/worktrees/cozy-02-integration/TacticalGo/ios/Build/Intermediates.noindex/TacticalGoCore.build/Release-iphonesimulator/TacticalGoVisuals.build/Objects-normal/x86_64/TacticalGoVisuals_lto.o -Xlinker -objc_abi_version -Xlinker 2 -Xlinker -dependency_info -Xlinker /Users/pc49-58/.codex/worktrees/cozy-02-integration/TacticalGo/ios/Build/Intermediates.noindex/TacticalGoCore.build/Release-iphonesimulator/TacticalGoVisuals.build/Objects-normal/x86_64/TacticalGoVisuals_dependency_info.dat -fobjc-link-runtime -L/Applications/Xcode.app/Contents/Developer/Toolchains/XcodeDefault.xctoolchain/usr/lib/swift/iphonesimulator -L/usr/lib/swift -Xlinker -add_ast_path -Xlinker /Users/pc49-58/.codex/worktrees/cozy-02-integration/TacticalGo/ios/Build/Intermediates.noindex/TacticalGoCore.build/Release-iphonesimulator/TacticalGoVisuals.build/Objects-normal/x86_64/TacticalGoVisuals.swiftmodule @/Users/pc49-58/.codex/worktrees/cozy-02-integration/TacticalGo/ios/Build/Intermediates.noindex/TacticalGoCore.build/Release-iphonesimulator/TacticalGoVisuals.build/Objects-normal/x86_64/TacticalGoVisuals-linker-args.resp -o /Users/pc49-58/.codex/worktrees/cozy-02-integration/TacticalGo/ios/Build/Intermediates.noindex/TacticalGoCore.build/Release-iphonesimulator/TacticalGoVisuals.build/Objects-normal/x86_64/Binary/TacticalGoVisuals.o

Ld /Users/pc49-58/.codex/worktrees/cozy-02-integration/TacticalGo/ios/Build/Intermediates.noindex/TacticalGoCore.build/Release-iphonesimulator/TacticalGoVisuals.build/Objects-normal/arm64/Binary/TacticalGoVisuals.o normal arm64 (in target 'TacticalGoVisuals' from project 'TacticalGoCore')
    cd /Users/pc49-58/.codex/worktrees/cozy-02-integration/TacticalGo/swift/TacticalGoCore
    /Applications/Xcode.app/Contents/Developer/Toolchains/XcodeDefault.xctoolchain/usr/bin/clang -Xlinker -reproducible -target arm64-apple-ios12.0-simulator -r -isysroot /Applications/Xcode.app/Contents/Developer/Platforms/iPhoneSimulator.platform/Developer/SDKs/iPhoneSimulator26.5.sdk -Os -w -F/Users/pc49-58/.codex/worktrees/cozy-02-integration/TacticalGo/ios/Build/Intermediates.noindex/EagerLinkingTBDs/Release-iphonesimulator -F/Users/pc49-58/.codex/worktrees/cozy-02-integration/TacticalGo/ios/Build/Products/Release-iphonesimulator -iframework /Applications/Xcode.app/Contents/Developer/Platforms/iPhoneSimulator.platform/Developer/Library/Frameworks -iframework /Applications/Xcode.app/Contents/Developer/Platforms/iPhoneSimulator.platform/Developer/SDKs/iPhoneSimulator26.5.sdk/Developer/Library/Frameworks -filelist /Users/pc49-58/.codex/worktrees/cozy-02-integration/TacticalGo/ios/Build/Intermediates.noindex/TacticalGoCore.build/Release-iphonesimulator/TacticalGoVisuals.build/Objects-normal/arm64/TacticalGoVisuals.LinkFileList -nostdlib -Xlinker -object_path_lto -Xlinker /Users/pc49-58/.codex/worktrees/cozy-02-integration/TacticalGo/ios/Build/Intermediates.noindex/TacticalGoCore.build/Release-iphonesimulator/TacticalGoVisuals.build/Objects-normal/arm64/TacticalGoVisuals_lto.o -Xlinker -objc_abi_version -Xlinker 2 -Xlinker -dependency_info -Xlinker /Users/pc49-58/.codex/worktrees/cozy-02-integration/TacticalGo/ios/Build/Intermediates.noindex/TacticalGoCore.build/Release-iphonesimulator/TacticalGoVisuals.build/Objects-normal/arm64/TacticalGoVisuals_dependency_info.dat -fobjc-link-runtime -L/Applications/Xcode.app/Contents/Developer/Toolchains/XcodeDefault.xctoolchain/usr/lib/swift/iphonesimulator -L/usr/lib/swift -Xlinker -add_ast_path -Xlinker /Users/pc49-58/.codex/worktrees/cozy-02-integration/TacticalGo/ios/Build/Intermediates.noindex/TacticalGoCore.build/Release-iphonesimulator/TacticalGoVisuals.build/Objects-normal/arm64/TacticalGoVisuals.swiftmodule @/Users/pc49-58/.codex/worktrees/cozy-02-integration/TacticalGo/ios/Build/Intermediates.noindex/TacticalGoCore.build/Release-iphonesimulator/TacticalGoVisuals.build/Objects-normal/arm64/TacticalGoVisuals-linker-args.resp -o /Users/pc49-58/.codex/worktrees/cozy-02-integration/TacticalGo/ios/Build/Intermediates.noindex/TacticalGoCore.build/Release-iphonesimulator/TacticalGoVisuals.build/Objects-normal/arm64/Binary/TacticalGoVisuals.o

Copy /Users/pc49-58/.codex/worktrees/cozy-02-integration/TacticalGo/ios/Build/Products/Release-iphonesimulator/TacticalGoCore.swiftmodule/arm64-apple-ios-simulator.swiftmodule /Users/pc49-58/.codex/worktrees/cozy-02-integration/TacticalGo/ios/Build/Intermediates.noindex/TacticalGoCore.build/Release-iphonesimulator/TacticalGoCore.build/Objects-normal/arm64/TacticalGoCore.swiftmodule (in target 'TacticalGoCore' from project 'TacticalGoCore')
    cd /Users/pc49-58/.codex/worktrees/cozy-02-integration/TacticalGo/swift/TacticalGoCore
    builtin-copy -exclude .DS_Store -exclude CVS -exclude .svn -exclude .git -exclude .hg -strip-unsigned-binaries -strip-deterministic -strip-tool /Applications/Xcode.app/Contents/Developer/Toolchains/XcodeDefault.xctoolchain/usr/bin/strip -resolve-src-symlinks -rename /Users/pc49-58/.codex/worktrees/cozy-02-integration/TacticalGo/ios/Build/Intermediates.noindex/TacticalGoCore.build/Release-iphonesimulator/TacticalGoCore.build/Objects-normal/arm64/TacticalGoCore.swiftmodule /Users/pc49-58/.codex/worktrees/cozy-02-integration/TacticalGo/ios/Build/Products/Release-iphonesimulator/TacticalGoCore.swiftmodule/arm64-apple-ios-simulator.swiftmodule

Copy /Users/pc49-58/.codex/worktrees/cozy-02-integration/TacticalGo/ios/Build/Products/Release-iphonesimulator/TacticalGoCore.swiftmodule/arm64-apple-ios-simulator.abi.json /Users/pc49-58/.codex/worktrees/cozy-02-integration/TacticalGo/ios/Build/Intermediates.noindex/TacticalGoCore.build/Release-iphonesimulator/TacticalGoCore.build/Objects-normal/arm64/TacticalGoCore.abi.json (in target 'TacticalGoCore' from project 'TacticalGoCore')
    cd /Users/pc49-58/.codex/worktrees/cozy-02-integration/TacticalGo/swift/TacticalGoCore
    builtin-copy -exclude .DS_Store -exclude CVS -exclude .svn -exclude .git -exclude .hg -strip-unsigned-binaries -strip-deterministic -strip-tool /Applications/Xcode.app/Contents/Developer/Toolchains/XcodeDefault.xctoolchain/usr/bin/strip -resolve-src-symlinks -rename /Users/pc49-58/.codex/worktrees/cozy-02-integration/TacticalGo/ios/Build/Intermediates.noindex/TacticalGoCore.build/Release-iphonesimulator/TacticalGoCore.build/Objects-normal/arm64/TacticalGoCore.abi.json /Users/pc49-58/.codex/worktrees/cozy-02-integration/TacticalGo/ios/Build/Products/Release-iphonesimulator/TacticalGoCore.swiftmodule/arm64-apple-ios-simulator.abi.json

Copy /Users/pc49-58/.codex/worktrees/cozy-02-integration/TacticalGo/ios/Build/Products/Release-iphonesimulator/TacticalGoCore.swiftmodule/arm64-apple-ios-simulator.swiftdoc /Users/pc49-58/.codex/worktrees/cozy-02-integration/TacticalGo/ios/Build/Intermediates.noindex/TacticalGoCore.build/Release-iphonesimulator/TacticalGoCore.build/Objects-normal/arm64/TacticalGoCore.swiftdoc (in target 'TacticalGoCore' from project 'TacticalGoCore')
    cd /Users/pc49-58/.codex/worktrees/cozy-02-integration/TacticalGo/swift/TacticalGoCore
    builtin-copy -exclude .DS_Store -exclude CVS -exclude .svn -exclude .git -exclude .hg -strip-unsigned-binaries -strip-deterministic -strip-tool /Applications/Xcode.app/Contents/Developer/Toolchains/XcodeDefault.xctoolchain/usr/bin/strip -resolve-src-symlinks -rename /Users/pc49-58/.codex/worktrees/cozy-02-integration/TacticalGo/ios/Build/Intermediates.noindex/TacticalGoCore.build/Release-iphonesimulator/TacticalGoCore.build/Objects-normal/arm64/TacticalGoCore.swiftdoc /Users/pc49-58/.codex/worktrees/cozy-02-integration/TacticalGo/ios/Build/Products/Release-iphonesimulator/TacticalGoCore.swiftmodule/arm64-apple-ios-simulator.swiftdoc

Copy /Users/pc49-58/.codex/worktrees/cozy-02-integration/TacticalGo/ios/Build/Products/Release-iphonesimulator/TacticalGoCore.swiftmodule/Project/arm64-apple-ios-simulator.swiftsourceinfo /Users/pc49-58/.codex/worktrees/cozy-02-integration/TacticalGo/ios/Build/Intermediates.noindex/TacticalGoCore.build/Release-iphonesimulator/TacticalGoCore.build/Objects-normal/arm64/TacticalGoCore.swiftsourceinfo (in target 'TacticalGoCore' from project 'TacticalGoCore')
    cd /Users/pc49-58/.codex/worktrees/cozy-02-integration/TacticalGo/swift/TacticalGoCore
    builtin-copy -exclude .DS_Store -exclude CVS -exclude .svn -exclude .git -exclude .hg -strip-unsigned-binaries -strip-deterministic -strip-tool /Applications/Xcode.app/Contents/Developer/Toolchains/XcodeDefault.xctoolchain/usr/bin/strip -resolve-src-symlinks -rename /Users/pc49-58/.codex/worktrees/cozy-02-integration/TacticalGo/ios/Build/Intermediates.noindex/TacticalGoCore.build/Release-iphonesimulator/TacticalGoCore.build/Objects-normal/arm64/TacticalGoCore.swiftsourceinfo /Users/pc49-58/.codex/worktrees/cozy-02-integration/TacticalGo/ios/Build/Products/Release-iphonesimulator/TacticalGoCore.swiftmodule/Project/arm64-apple-ios-simulator.swiftsourceinfo

SwiftDriverJobDiscovery normal x86_64 Compiling BoardProjection.swift, GameEngine.swift, Model.swift (in target 'TacticalGoCore' from project 'TacticalGoCore')

SwiftDriver\ Compilation\ Requirements TacticalGoCore normal x86_64 com.apple.xcode.tools.swift.compiler (in target 'TacticalGoCore' from project 'TacticalGoCore')
    cd /Users/pc49-58/.codex/worktrees/cozy-02-integration/TacticalGo/ios/TacticalGo.xcodeproj
    builtin-Swift-Compilation-Requirements -- /Applications/Xcode.app/Contents/Developer/Toolchains/XcodeDefault.xctoolchain/usr/bin/swiftc -module-name TacticalGoCore -O -whole-module-optimization @/Users/pc49-58/.codex/worktrees/cozy-02-integration/TacticalGo/ios/Build/Intermediates.noindex/TacticalGoCore.build/Release-iphonesimulator/TacticalGoCore.build/Objects-normal/x86_64/TacticalGoCore.SwiftFileList -DSWIFT_PACKAGE -DSWIFT_MODULE_RESOURCE_BUNDLE_UNAVAILABLE -DXcode -plugin-path /Applications/Xcode.app/Contents/Developer/Toolchains/XcodeDefault.xctoolchain/usr/lib/swift/host/plugins/testing -enable-experimental-feature DebugDescriptionMacro -sdk /Applications/Xcode.app/Contents/Developer/Platforms/iPhoneSimulator.platform/Developer/SDKs/iPhoneSimulator26.5.sdk -target x86_64-apple-ios12.0-simulator -g -module-cache-path /Users/pc49-58/.codex/worktrees/cozy-02-integration/TacticalGo/ios/HeroBodyReleaseBuild/ModuleCache.noindex -Xfrontend -serialize-debugging-options -suppress-warnings -swift-version 6 -I /Users/pc49-58/.codex/worktrees/cozy-02-integration/TacticalGo/ios/Build/Products/Release-iphonesimulator -Isystem /Applications/Xcode.app/Contents/Developer/Platforms/iPhoneSimulator.platform/Developer/usr/lib -F /Users/pc49-58/.codex/worktrees/cozy-02-integration/TacticalGo/ios/Build/Products/Release-iphonesimulator -F /Applications/Xcode.app/Contents/Developer/Platforms/iPhoneSimulator.platform/Developer/Library/Frameworks -F /Applications/Xcode.app/Contents/Developer/Platforms/iPhoneSimulator.platform/Developer/SDKs/iPhoneSimulator26.5.sdk/Developer/Library/Frameworks -c -num-threads 8 -Xcc -ivfsstatcache -Xcc /Users/pc49-58/.codex/worktrees/cozy-02-integration/TacticalGo/ios/HeroBodyReleaseBuild/SDKStatCaches.noindex/iphonesimulator26.5-23F81a-6cfe768891a92b912361537c460fe42b.sdkstatcache -output-file-map /Users/pc49-58/.codex/worktrees/cozy-02-integration/TacticalGo/ios/Build/Intermediates.noindex/TacticalGoCore.build/Release-iphonesimulator/TacticalGoCore.build/Objects-normal/x86_64/TacticalGoCore-OutputFileMap.json -use-frontend-parseable-output -save-temps -no-color-diagnostics -explicit-module-build -module-cache-path /Users/pc49-58/.codex/worktrees/cozy-02-integration/TacticalGo/ios/Build/Intermediates.noindex/SwiftExplicitPrecompiledModules -clang-scanner-module-cache-path /Users/pc49-58/.codex/worktrees/cozy-02-integration/TacticalGo/ios/HeroBodyReleaseBuild/ModuleCache.noindex -sdk-module-cache-path /Users/pc49-58/.codex/worktrees/cozy-02-integration/TacticalGo/ios/HeroBodyReleaseBuild/ModuleCache.noindex -serialize-diagnostics -emit-dependencies -emit-module -emit-module-path /Users/pc49-58/.codex/worktrees/cozy-02-integration/TacticalGo/ios/Build/Intermediates.noindex/TacticalGoCore.build/Release-iphonesimulator/TacticalGoCore.build/Objects-normal/x86_64/TacticalGoCore.swiftmodule -validate-clang-modules-once -clang-build-session-file /Users/pc49-58/.codex/worktrees/cozy-02-integration/TacticalGo/ios/HeroBodyReleaseBuild/ModuleCache.noindex/Session.modulevalidation -package-name tacticalgocore -Xcc -I/Users/pc49-58/.codex/worktrees/cozy-02-integration/TacticalGo/ios/Build/Intermediates.noindex/TacticalGoCore.build/Release-iphonesimulator/TacticalGoCore.build/swift-overrides.hmap -emit-const-values -Xfrontend -const-gather-protocols-file -Xfrontend /Users/pc49-58/.codex/worktrees/cozy-02-integration/TacticalGo/ios/Build/Intermediates.noindex/TacticalGoCore.build/Release-iphonesimulator/TacticalGoCore.build/Objects-normal/x86_64/TacticalGoCore_const_extract_protocols.json -Xcc -I/Users/pc49-58/.codex/worktrees/cozy-02-integration/TacticalGo/ios/Build/Products/Release-iphonesimulator/include -Xcc -I/Users/pc49-58/.codex/worktrees/cozy-02-integration/TacticalGo/ios/Build/Intermediates.noindex/TacticalGoCore.build/Release-iphonesimulator/TacticalGoCore.build/DerivedSources-normal/x86_64 -Xcc -I/Users/pc49-58/.codex/worktrees/cozy-02-integration/TacticalGo/ios/Build/Intermediates.noindex/TacticalGoCore.build/Release-iphonesimulator/TacticalGoCore.build/DerivedSources/x86_64 -Xcc -I/Users/pc49-58/.codex/worktrees/cozy-02-integration/TacticalGo/ios/Build/Intermediates.noindex/TacticalGoCore.build/Release-iphonesimulator/TacticalGoCore.build/DerivedSources -Xcc -DSWIFT_PACKAGE -emit-objc-header -emit-objc-header-path /Users/pc49-58/.codex/worktrees/cozy-02-integration/TacticalGo/ios/Build/Intermediates.noindex/TacticalGoCore.build/Release-iphonesimulator/TacticalGoCore.build/Objects-normal/x86_64/TacticalGoCore-Swift.h -working-directory /Users/pc49-58/.codex/worktrees/cozy-02-integration/TacticalGo/ios/TacticalGo.xcodeproj -no-emit-module-separately-wmo

SwiftMergeGeneratedHeaders /Users/pc49-58/.codex/worktrees/cozy-02-integration/TacticalGo/ios/Build/Intermediates.noindex/GeneratedModuleMaps-iphonesimulator/TacticalGoCore-Swift.h /Users/pc49-58/.codex/worktrees/cozy-02-integration/TacticalGo/ios/Build/Intermediates.noindex/TacticalGoCore.build/Release-iphonesimulator/TacticalGoCore.build/Objects-normal/arm64/TacticalGoCore-Swift.h /Users/pc49-58/.codex/worktrees/cozy-02-integration/TacticalGo/ios/Build/Intermediates.noindex/TacticalGoCore.build/Release-iphonesimulator/TacticalGoCore.build/Objects-normal/x86_64/TacticalGoCore-Swift.h (in target 'TacticalGoCore' from project 'TacticalGoCore')
    cd /Users/pc49-58/.codex/worktrees/cozy-02-integration/TacticalGo/swift/TacticalGoCore
    builtin-swiftHeaderTool -arch arm64 /Users/pc49-58/.codex/worktrees/cozy-02-integration/TacticalGo/ios/Build/Intermediates.noindex/TacticalGoCore.build/Release-iphonesimulator/TacticalGoCore.build/Objects-normal/arm64/TacticalGoCore-Swift.h -arch x86_64 /Users/pc49-58/.codex/worktrees/cozy-02-integration/TacticalGo/ios/Build/Intermediates.noindex/TacticalGoCore.build/Release-iphonesimulator/TacticalGoCore.build/Objects-normal/x86_64/TacticalGoCore-Swift.h -o /Users/pc49-58/.codex/worktrees/cozy-02-integration/TacticalGo/ios/Build/Intermediates.noindex/GeneratedModuleMaps-iphonesimulator/TacticalGoCore-Swift.h

Copy /Users/pc49-58/.codex/worktrees/cozy-02-integration/TacticalGo/ios/Build/Products/Release-iphonesimulator/TacticalGoCore.swiftmodule/x86_64-apple-ios-simulator.swiftdoc /Users/pc49-58/.codex/worktrees/cozy-02-integration/TacticalGo/ios/Build/Intermediates.noindex/TacticalGoCore.build/Release-iphonesimulator/TacticalGoCore.build/Objects-normal/x86_64/TacticalGoCore.swiftdoc (in target 'TacticalGoCore' from project 'TacticalGoCore')
    cd /Users/pc49-58/.codex/worktrees/cozy-02-integration/TacticalGo/swift/TacticalGoCore
    builtin-copy -exclude .DS_Store -exclude CVS -exclude .svn -exclude .git -exclude .hg -strip-unsigned-binaries -strip-deterministic -strip-tool /Applications/Xcode.app/Contents/Developer/Toolchains/XcodeDefault.xctoolchain/usr/bin/strip -resolve-src-symlinks -rename /Users/pc49-58/.codex/worktrees/cozy-02-integration/TacticalGo/ios/Build/Intermediates.noindex/TacticalGoCore.build/Release-iphonesimulator/TacticalGoCore.build/Objects-normal/x86_64/TacticalGoCore.swiftdoc /Users/pc49-58/.codex/worktrees/cozy-02-integration/TacticalGo/ios/Build/Products/Release-iphonesimulator/TacticalGoCore.swiftmodule/x86_64-apple-ios-simulator.swiftdoc

Copy /Users/pc49-58/.codex/worktrees/cozy-02-integration/TacticalGo/ios/Build/Products/Release-iphonesimulator/TacticalGoCore.swiftmodule/Project/x86_64-apple-ios-simulator.swiftsourceinfo /Users/pc49-58/.codex/worktrees/cozy-02-integration/TacticalGo/ios/Build/Intermediates.noindex/TacticalGoCore.build/Release-iphonesimulator/TacticalGoCore.build/Objects-normal/x86_64/TacticalGoCore.swiftsourceinfo (in target 'TacticalGoCore' from project 'TacticalGoCore')
    cd /Users/pc49-58/.codex/worktrees/cozy-02-integration/TacticalGo/swift/TacticalGoCore
    builtin-copy -exclude .DS_Store -exclude CVS -exclude .svn -exclude .git -exclude .hg -strip-unsigned-binaries -strip-deterministic -strip-tool /Applications/Xcode.app/Contents/Developer/Toolchains/XcodeDefault.xctoolchain/usr/bin/strip -resolve-src-symlinks -rename /Users/pc49-58/.codex/worktrees/cozy-02-integration/TacticalGo/ios/Build/Intermediates.noindex/TacticalGoCore.build/Release-iphonesimulator/TacticalGoCore.build/Objects-normal/x86_64/TacticalGoCore.swiftsourceinfo /Users/pc49-58/.codex/worktrees/cozy-02-integration/TacticalGo/ios/Build/Products/Release-iphonesimulator/TacticalGoCore.swiftmodule/Project/x86_64-apple-ios-simulator.swiftsourceinfo

Copy /Users/pc49-58/.codex/worktrees/cozy-02-integration/TacticalGo/ios/Build/Products/Release-iphonesimulator/TacticalGoCore.swiftmodule/x86_64-apple-ios-simulator.abi.json /Users/pc49-58/.codex/worktrees/cozy-02-integration/TacticalGo/ios/Build/Intermediates.noindex/TacticalGoCore.build/Release-iphonesimulator/TacticalGoCore.build/Objects-normal/x86_64/TacticalGoCore.abi.json (in target 'TacticalGoCore' from project 'TacticalGoCore')
    cd /Users/pc49-58/.codex/worktrees/cozy-02-integration/TacticalGo/swift/TacticalGoCore
    builtin-copy -exclude .DS_Store -exclude CVS -exclude .svn -exclude .git -exclude .hg -strip-unsigned-binaries -strip-deterministic -strip-tool /Applications/Xcode.app/Contents/Developer/Toolchains/XcodeDefault.xctoolchain/usr/bin/strip -resolve-src-symlinks -rename /Users/pc49-58/.codex/worktrees/cozy-02-integration/TacticalGo/ios/Build/Intermediates.noindex/TacticalGoCore.build/Release-iphonesimulator/TacticalGoCore.build/Objects-normal/x86_64/TacticalGoCore.abi.json /Users/pc49-58/.codex/worktrees/cozy-02-integration/TacticalGo/ios/Build/Products/Release-iphonesimulator/TacticalGoCore.swiftmodule/x86_64-apple-ios-simulator.abi.json

Copy /Users/pc49-58/.codex/worktrees/cozy-02-integration/TacticalGo/ios/Build/Products/Release-iphonesimulator/TacticalGoCore.swiftmodule/x86_64-apple-ios-simulator.swiftmodule /Users/pc49-58/.codex/worktrees/cozy-02-integration/TacticalGo/ios/Build/Intermediates.noindex/TacticalGoCore.build/Release-iphonesimulator/TacticalGoCore.build/Objects-normal/x86_64/TacticalGoCore.swiftmodule (in target 'TacticalGoCore' from project 'TacticalGoCore')
    cd /Users/pc49-58/.codex/worktrees/cozy-02-integration/TacticalGo/swift/TacticalGoCore
    builtin-copy -exclude .DS_Store -exclude CVS -exclude .svn -exclude .git -exclude .hg -strip-unsigned-binaries -strip-deterministic -strip-tool /Applications/Xcode.app/Contents/Developer/Toolchains/XcodeDefault.xctoolchain/usr/bin/strip -resolve-src-symlinks -rename /Users/pc49-58/.codex/worktrees/cozy-02-integration/TacticalGo/ios/Build/Intermediates.noindex/TacticalGoCore.build/Release-iphonesimulator/TacticalGoCore.build/Objects-normal/x86_64/TacticalGoCore.swiftmodule /Users/pc49-58/.codex/worktrees/cozy-02-integration/TacticalGo/ios/Build/Products/Release-iphonesimulator/TacticalGoCore.swiftmodule/x86_64-apple-ios-simulator.swiftmodule

Ld /Users/pc49-58/.codex/worktrees/cozy-02-integration/TacticalGo/ios/Build/Intermediates.noindex/TacticalGoCore.build/Release-iphonesimulator/TacticalGoCore.build/Objects-normal/arm64/Binary/TacticalGoCore.o normal arm64 (in target 'TacticalGoCore' from project 'TacticalGoCore')
    cd /Users/pc49-58/.codex/worktrees/cozy-02-integration/TacticalGo/swift/TacticalGoCore
    /Applications/Xcode.app/Contents/Developer/Toolchains/XcodeDefault.xctoolchain/usr/bin/clang -Xlinker -reproducible -target arm64-apple-ios12.0-simulator -r -isysroot /Applications/Xcode.app/Contents/Developer/Platforms/iPhoneSimulator.platform/Developer/SDKs/iPhoneSimulator26.5.sdk -Os -w -F/Users/pc49-58/.codex/worktrees/cozy-02-integration/TacticalGo/ios/Build/Intermediates.noindex/EagerLinkingTBDs/Release-iphonesimulator -F/Users/pc49-58/.codex/worktrees/cozy-02-integration/TacticalGo/ios/Build/Products/Release-iphonesimulator -iframework /Applications/Xcode.app/Contents/Developer/Platforms/iPhoneSimulator.platform/Developer/Library/Frameworks -iframework /Applications/Xcode.app/Contents/Developer/Platforms/iPhoneSimulator.platform/Developer/SDKs/iPhoneSimulator26.5.sdk/Developer/Library/Frameworks -filelist /Users/pc49-58/.codex/worktrees/cozy-02-integration/TacticalGo/ios/Build/Intermediates.noindex/TacticalGoCore.build/Release-iphonesimulator/TacticalGoCore.build/Objects-normal/arm64/TacticalGoCore.LinkFileList -nostdlib -Xlinker -object_path_lto -Xlinker /Users/pc49-58/.codex/worktrees/cozy-02-integration/TacticalGo/ios/Build/Intermediates.noindex/TacticalGoCore.build/Release-iphonesimulator/TacticalGoCore.build/Objects-normal/arm64/TacticalGoCore_lto.o -Xlinker -objc_abi_version -Xlinker 2 -Xlinker -dependency_info -Xlinker /Users/pc49-58/.codex/worktrees/cozy-02-integration/TacticalGo/ios/Build/Intermediates.noindex/TacticalGoCore.build/Release-iphonesimulator/TacticalGoCore.build/Objects-normal/arm64/TacticalGoCore_dependency_info.dat -fobjc-link-runtime -L/Applications/Xcode.app/Contents/Developer/Toolchains/XcodeDefault.xctoolchain/usr/lib/swift/iphonesimulator -L/usr/lib/swift -Xlinker -add_ast_path -Xlinker /Users/pc49-58/.codex/worktrees/cozy-02-integration/TacticalGo/ios/Build/Intermediates.noindex/TacticalGoCore.build/Release-iphonesimulator/TacticalGoCore.build/Objects-normal/arm64/TacticalGoCore.swiftmodule @/Users/pc49-58/.codex/worktrees/cozy-02-integration/TacticalGo/ios/Build/Intermediates.noindex/TacticalGoCore.build/Release-iphonesimulator/TacticalGoCore.build/Objects-normal/arm64/TacticalGoCore-linker-args.resp -o /Users/pc49-58/.codex/worktrees/cozy-02-integration/TacticalGo/ios/Build/Intermediates.noindex/TacticalGoCore.build/Release-iphonesimulator/TacticalGoCore.build/Objects-normal/arm64/Binary/TacticalGoCore.o

Ld /Users/pc49-58/.codex/worktrees/cozy-02-integration/TacticalGo/ios/Build/Intermediates.noindex/TacticalGoCore.build/Release-iphonesimulator/TacticalGoCore.build/Objects-normal/x86_64/Binary/TacticalGoCore.o normal x86_64 (in target 'TacticalGoCore' from project 'TacticalGoCore')
    cd /Users/pc49-58/.codex/worktrees/cozy-02-integration/TacticalGo/swift/TacticalGoCore
    /Applications/Xcode.app/Contents/Developer/Toolchains/XcodeDefault.xctoolchain/usr/bin/clang -Xlinker -reproducible -target x86_64-apple-ios12.0-simulator -r -isysroot /Applications/Xcode.app/Contents/Developer/Platforms/iPhoneSimulator.platform/Developer/SDKs/iPhoneSimulator26.5.sdk -Os -w -F/Users/pc49-58/.codex/worktrees/cozy-02-integration/TacticalGo/ios/Build/Intermediates.noindex/EagerLinkingTBDs/Release-iphonesimulator -F/Users/pc49-58/.codex/worktrees/cozy-02-integration/TacticalGo/ios/Build/Products/Release-iphonesimulator -iframework /Applications/Xcode.app/Contents/Developer/Platforms/iPhoneSimulator.platform/Developer/Library/Frameworks -iframework /Applications/Xcode.app/Contents/Developer/Platforms/iPhoneSimulator.platform/Developer/SDKs/iPhoneSimulator26.5.sdk/Developer/Library/Frameworks -filelist /Users/pc49-58/.codex/worktrees/cozy-02-integration/TacticalGo/ios/Build/Intermediates.noindex/TacticalGoCore.build/Release-iphonesimulator/TacticalGoCore.build/Objects-normal/x86_64/TacticalGoCore.LinkFileList -nostdlib -Xlinker -object_path_lto -Xlinker /Users/pc49-58/.codex/worktrees/cozy-02-integration/TacticalGo/ios/Build/Intermediates.noindex/TacticalGoCore.build/Release-iphonesimulator/TacticalGoCore.build/Objects-normal/x86_64/TacticalGoCore_lto.o -Xlinker -objc_abi_version -Xlinker 2 -Xlinker -dependency_info -Xlinker /Users/pc49-58/.codex/worktrees/cozy-02-integration/TacticalGo/ios/Build/Intermediates.noindex/TacticalGoCore.build/Release-iphonesimulator/TacticalGoCore.build/Objects-normal/x86_64/TacticalGoCore_dependency_info.dat -fobjc-link-runtime -L/Applications/Xcode.app/Contents/Developer/Toolchains/XcodeDefault.xctoolchain/usr/lib/swift/iphonesimulator -L/usr/lib/swift -Xlinker -add_ast_path -Xlinker /Users/pc49-58/.codex/worktrees/cozy-02-integration/TacticalGo/ios/Build/Intermediates.noindex/TacticalGoCore.build/Release-iphonesimulator/TacticalGoCore.build/Objects-normal/x86_64/TacticalGoCore.swiftmodule @/Users/pc49-58/.codex/worktrees/cozy-02-integration/TacticalGo/ios/Build/Intermediates.noindex/TacticalGoCore.build/Release-iphonesimulator/TacticalGoCore.build/Objects-normal/x86_64/TacticalGoCore-linker-args.resp -o /Users/pc49-58/.codex/worktrees/cozy-02-integration/TacticalGo/ios/Build/Intermediates.noindex/TacticalGoCore.build/Release-iphonesimulator/TacticalGoCore.build/Objects-normal/x86_64/Binary/TacticalGoCore.o

SwiftDriver TacticalGoRecords normal arm64 com.apple.xcode.tools.swift.compiler (in target 'TacticalGoRecords' from project 'TacticalGoCore')
    cd /Users/pc49-58/.codex/worktrees/cozy-02-integration/TacticalGo/ios/TacticalGo.xcodeproj
    builtin-SwiftDriver -- /Applications/Xcode.app/Contents/Developer/Toolchains/XcodeDefault.xctoolchain/usr/bin/swiftc -module-name TacticalGoRecords -O -whole-module-optimization @/Users/pc49-58/.codex/worktrees/cozy-02-integration/TacticalGo/ios/Build/Intermediates.noindex/TacticalGoCore.build/Release-iphonesimulator/TacticalGoRecords.build/Objects-normal/arm64/TacticalGoRecords.SwiftFileList -DSWIFT_PACKAGE -DSWIFT_MODULE_RESOURCE_BUNDLE_UNAVAILABLE -DXcode -plugin-path /Applications/Xcode.app/Contents/Developer/Toolchains/XcodeDefault.xctoolchain/usr/lib/swift/host/plugins/testing -enable-experimental-feature DebugDescriptionMacro -sdk /Applications/Xcode.app/Contents/Developer/Platforms/iPhoneSimulator.platform/Developer/SDKs/iPhoneSimulator26.5.sdk -target arm64-apple-ios12.0-simulator -g -module-cache-path /Users/pc49-58/.codex/worktrees/cozy-02-integration/TacticalGo/ios/HeroBodyReleaseBuild/ModuleCache.noindex -Xfrontend -serialize-debugging-options -suppress-warnings -swift-version 6 -I /Users/pc49-58/.codex/worktrees/cozy-02-integration/TacticalGo/ios/Build/Products/Release-iphonesimulator -Isystem /Applications/Xcode.app/Contents/Developer/Platforms/iPhoneSimulator.platform/Developer/usr/lib -F /Users/pc49-58/.codex/worktrees/cozy-02-integration/TacticalGo/ios/Build/Products/Release-iphonesimulator/PackageFrameworks -F /Users/pc49-58/.codex/worktrees/cozy-02-integration/TacticalGo/ios/Build/Products/Release-iphonesimulator -F /Applications/Xcode.app/Contents/Developer/Platforms/iPhoneSimulator.platform/Developer/Library/Frameworks -F /Applications/Xcode.app/Contents/Developer/Platforms/iPhoneSimulator.platform/Developer/SDKs/iPhoneSimulator26.5.sdk/Developer/Library/Frameworks -parse-as-library -c -num-threads 8 -Xcc -ivfsstatcache -Xcc /Users/pc49-58/.codex/worktrees/cozy-02-integration/TacticalGo/ios/HeroBodyReleaseBuild/SDKStatCaches.noindex/iphonesimulator26.5-23F81a-6cfe768891a92b912361537c460fe42b.sdkstatcache -output-file-map /Users/pc49-58/.codex/worktrees/cozy-02-integration/TacticalGo/ios/Build/Intermediates.noindex/TacticalGoCore.build/Release-iphonesimulator/TacticalGoRecords.build/Objects-normal/arm64/TacticalGoRecords-OutputFileMap.json -use-frontend-parseable-output -save-temps -no-color-diagnostics -explicit-module-build -module-cache-path /Users/pc49-58/.codex/worktrees/cozy-02-integration/TacticalGo/ios/Build/Intermediates.noindex/SwiftExplicitPrecompiledModules -clang-scanner-module-cache-path /Users/pc49-58/.codex/worktrees/cozy-02-integration/TacticalGo/ios/HeroBodyReleaseBuild/ModuleCache.noindex -sdk-module-cache-path /Users/pc49-58/.codex/worktrees/cozy-02-integration/TacticalGo/ios/HeroBodyReleaseBuild/ModuleCache.noindex -serialize-diagnostics -emit-dependencies -emit-module -emit-module-path /Users/pc49-58/.codex/worktrees/cozy-02-integration/TacticalGo/ios/Build/Intermediates.noindex/TacticalGoCore.build/Release-iphonesimulator/TacticalGoRecords.build/Objects-normal/arm64/TacticalGoRecords.swiftmodule -validate-clang-modules-once -clang-build-session-file /Users/pc49-58/.codex/worktrees/cozy-02-integration/TacticalGo/ios/HeroBodyReleaseBuild/ModuleCache.noindex/Session.modulevalidation -package-name tacticalgocore -Xcc -I/Users/pc49-58/.codex/worktrees/cozy-02-integration/TacticalGo/ios/Build/Intermediates.noindex/TacticalGoCore.build/Release-iphonesimulator/TacticalGoRecords.build/swift-overrides.hmap -emit-const-values -Xfrontend -const-gather-protocols-file -Xfrontend /Users/pc49-58/.codex/worktrees/cozy-02-integration/TacticalGo/ios/Build/Intermediates.noindex/TacticalGoCore.build/Release-iphonesimulator/TacticalGoRecords.build/Objects-normal/arm64/TacticalGoRecords_const_extract_protocols.json -Xcc -I/Users/pc49-58/.codex/worktrees/cozy-02-integration/TacticalGo/ios/Build/Products/Release-iphonesimulator/include -Xcc -I/Users/pc49-58/.codex/worktrees/cozy-02-integration/TacticalGo/ios/Build/Intermediates.noindex/TacticalGoCore.build/Release-iphonesimulator/TacticalGoRecords.build/DerivedSources-normal/arm64 -Xcc -I/Users/pc49-58/.codex/worktrees/cozy-02-integration/TacticalGo/ios/Build/Intermediates.noindex/TacticalGoCore.build/Release-iphonesimulator/TacticalGoRecords.build/DerivedSources/arm64 -Xcc -I/Users/pc49-58/.codex/worktrees/cozy-02-integration/TacticalGo/ios/Build/Intermediates.noindex/TacticalGoCore.build/Release-iphonesimulator/TacticalGoRecords.build/DerivedSources -Xcc -DSWIFT_PACKAGE -emit-objc-header -emit-objc-header-path /Users/pc49-58/.codex/worktrees/cozy-02-integration/TacticalGo/ios/Build/Intermediates.noindex/TacticalGoCore.build/Release-iphonesimulator/TacticalGoRecords.build/Objects-normal/arm64/TacticalGoRecords-Swift.h -working-directory /Users/pc49-58/.codex/worktrees/cozy-02-integration/TacticalGo/ios/TacticalGo.xcodeproj -no-emit-module-separately-wmo

SwiftDriver TacticalGoRecords normal x86_64 com.apple.xcode.tools.swift.compiler (in target 'TacticalGoRecords' from project 'TacticalGoCore')
    cd /Users/pc49-58/.codex/worktrees/cozy-02-integration/TacticalGo/ios/TacticalGo.xcodeproj
    builtin-SwiftDriver -- /Applications/Xcode.app/Contents/Developer/Toolchains/XcodeDefault.xctoolchain/usr/bin/swiftc -module-name TacticalGoRecords -O -whole-module-optimization @/Users/pc49-58/.codex/worktrees/cozy-02-integration/TacticalGo/ios/Build/Intermediates.noindex/TacticalGoCore.build/Release-iphonesimulator/TacticalGoRecords.build/Objects-normal/x86_64/TacticalGoRecords.SwiftFileList -DSWIFT_PACKAGE -DSWIFT_MODULE_RESOURCE_BUNDLE_UNAVAILABLE -DXcode -plugin-path /Applications/Xcode.app/Contents/Developer/Toolchains/XcodeDefault.xctoolchain/usr/lib/swift/host/plugins/testing -enable-experimental-feature DebugDescriptionMacro -sdk /Applications/Xcode.app/Contents/Developer/Platforms/iPhoneSimulator.platform/Developer/SDKs/iPhoneSimulator26.5.sdk -target x86_64-apple-ios12.0-simulator -g -module-cache-path /Users/pc49-58/.codex/worktrees/cozy-02-integration/TacticalGo/ios/HeroBodyReleaseBuild/ModuleCache.noindex -Xfrontend -serialize-debugging-options -suppress-warnings -swift-version 6 -I /Users/pc49-58/.codex/worktrees/cozy-02-integration/TacticalGo/ios/Build/Products/Release-iphonesimulator -Isystem /Applications/Xcode.app/Contents/Developer/Platforms/iPhoneSimulator.platform/Developer/usr/lib -F /Users/pc49-58/.codex/worktrees/cozy-02-integration/TacticalGo/ios/Build/Products/Release-iphonesimulator/PackageFrameworks -F /Users/pc49-58/.codex/worktrees/cozy-02-integration/TacticalGo/ios/Build/Products/Release-iphonesimulator -F /Applications/Xcode.app/Contents/Developer/Platforms/iPhoneSimulator.platform/Developer/Library/Frameworks -F /Applications/Xcode.app/Contents/Developer/Platforms/iPhoneSimulator.platform/Developer/SDKs/iPhoneSimulator26.5.sdk/Developer/Library/Frameworks -parse-as-library -c -num-threads 8 -Xcc -ivfsstatcache -Xcc /Users/pc49-58/.codex/worktrees/cozy-02-integration/TacticalGo/ios/HeroBodyReleaseBuild/SDKStatCaches.noindex/iphonesimulator26.5-23F81a-6cfe768891a92b912361537c460fe42b.sdkstatcache -output-file-map /Users/pc49-58/.codex/worktrees/cozy-02-integration/TacticalGo/ios/Build/Intermediates.noindex/TacticalGoCore.build/Release-iphonesimulator/TacticalGoRecords.build/Objects-normal/x86_64/TacticalGoRecords-OutputFileMap.json -use-frontend-parseable-output -save-temps -no-color-diagnostics -explicit-module-build -module-cache-path /Users/pc49-58/.codex/worktrees/cozy-02-integration/TacticalGo/ios/Build/Intermediates.noindex/SwiftExplicitPrecompiledModules -clang-scanner-module-cache-path /Users/pc49-58/.codex/worktrees/cozy-02-integration/TacticalGo/ios/HeroBodyReleaseBuild/ModuleCache.noindex -sdk-module-cache-path /Users/pc49-58/.codex/worktrees/cozy-02-integration/TacticalGo/ios/HeroBodyReleaseBuild/ModuleCache.noindex -serialize-diagnostics -emit-dependencies -emit-module -emit-module-path /Users/pc49-58/.codex/worktrees/cozy-02-integration/TacticalGo/ios/Build/Intermediates.noindex/TacticalGoCore.build/Release-iphonesimulator/TacticalGoRecords.build/Objects-normal/x86_64/TacticalGoRecords.swiftmodule -validate-clang-modules-once -clang-build-session-file /Users/pc49-58/.codex/worktrees/cozy-02-integration/TacticalGo/ios/HeroBodyReleaseBuild/ModuleCache.noindex/Session.modulevalidation -package-name tacticalgocore -Xcc -I/Users/pc49-58/.codex/worktrees/cozy-02-integration/TacticalGo/ios/Build/Intermediates.noindex/TacticalGoCore.build/Release-iphonesimulator/TacticalGoRecords.build/swift-overrides.hmap -emit-const-values -Xfrontend -const-gather-protocols-file -Xfrontend /Users/pc49-58/.codex/worktrees/cozy-02-integration/TacticalGo/ios/Build/Intermediates.noindex/TacticalGoCore.build/Release-iphonesimulator/TacticalGoRecords.build/Objects-normal/x86_64/TacticalGoRecords_const_extract_protocols.json -Xcc -I/Users/pc49-58/.codex/worktrees/cozy-02-integration/TacticalGo/ios/Build/Products/Release-iphonesimulator/include -Xcc -I/Users/pc49-58/.codex/worktrees/cozy-02-integration/TacticalGo/ios/Build/Intermediates.noindex/TacticalGoCore.build/Release-iphonesimulator/TacticalGoRecords.build/DerivedSources-normal/x86_64 -Xcc -I/Users/pc49-58/.codex/worktrees/cozy-02-integration/TacticalGo/ios/Build/Intermediates.noindex/TacticalGoCore.build/Release-iphonesimulator/TacticalGoRecords.build/DerivedSources/x86_64 -Xcc -I/Users/pc49-58/.codex/worktrees/cozy-02-integration/TacticalGo/ios/Build/Intermediates.noindex/TacticalGoCore.build/Release-iphonesimulator/TacticalGoRecords.build/DerivedSources -Xcc -DSWIFT_PACKAGE -emit-objc-header -emit-objc-header-path /Users/pc49-58/.codex/worktrees/cozy-02-integration/TacticalGo/ios/Build/Intermediates.noindex/TacticalGoCore.build/Release-iphonesimulator/TacticalGoRecords.build/Objects-normal/x86_64/TacticalGoRecords-Swift.h -working-directory /Users/pc49-58/.codex/worktrees/cozy-02-integration/TacticalGo/ios/TacticalGo.xcodeproj -no-emit-module-separately-wmo

SwiftDriver TacticalGoOnboarding normal arm64 com.apple.xcode.tools.swift.compiler (in target 'TacticalGoOnboarding' from project 'TacticalGoCore')
    cd /Users/pc49-58/.codex/worktrees/cozy-02-integration/TacticalGo/ios/TacticalGo.xcodeproj
    builtin-SwiftDriver -- /Applications/Xcode.app/Contents/Developer/Toolchains/XcodeDefault.xctoolchain/usr/bin/swiftc -module-name TacticalGoOnboarding -O -whole-module-optimization @/Users/pc49-58/.codex/worktrees/cozy-02-integration/TacticalGo/ios/Build/Intermediates.noindex/TacticalGoCore.build/Release-iphonesimulator/TacticalGoOnboarding.build/Objects-normal/arm64/TacticalGoOnboarding.SwiftFileList -DSWIFT_PACKAGE -DSWIFT_MODULE_RESOURCE_BUNDLE_AVAILABLE -DXcode -plugin-path /Applications/Xcode.app/Contents/Developer/Toolchains/XcodeDefault.xctoolchain/usr/lib/swift/host/plugins/testing -enable-experimental-feature DebugDescriptionMacro -sdk /Applications/Xcode.app/Contents/Developer/Platforms/iPhoneSimulator.platform/Developer/SDKs/iPhoneSimulator26.5.sdk -target arm64-apple-ios12.0-simulator -g -module-cache-path /Users/pc49-58/.codex/worktrees/cozy-02-integration/TacticalGo/ios/HeroBodyReleaseBuild/ModuleCache.noindex -Xfrontend -serialize-debugging-options -suppress-warnings -swift-version 6 -I /Users/pc49-58/.codex/worktrees/cozy-02-integration/TacticalGo/ios/Build/Products/Release-iphonesimulator -Isystem /Applications/Xcode.app/Contents/Developer/Platforms/iPhoneSimulator.platform/Developer/usr/lib -F /Users/pc49-58/.codex/worktrees/cozy-02-integration/TacticalGo/ios/Build/Products/Release-iphonesimulator/PackageFrameworks -F /Users/pc49-58/.codex/worktrees/cozy-02-integration/TacticalGo/ios/Build/Products/Release-iphonesimulator -F /Applications/Xcode.app/Contents/Developer/Platforms/iPhoneSimulator.platform/Developer/Library/Frameworks -F /Applications/Xcode.app/Contents/Developer/Platforms/iPhoneSimulator.platform/Developer/SDKs/iPhoneSimulator26.5.sdk/Developer/Library/Frameworks -c -num-threads 8 -Xcc -ivfsstatcache -Xcc /Users/pc49-58/.codex/worktrees/cozy-02-integration/TacticalGo/ios/HeroBodyReleaseBuild/SDKStatCaches.noindex/iphonesimulator26.5-23F81a-6cfe768891a92b912361537c460fe42b.sdkstatcache -output-file-map /Users/pc49-58/.codex/worktrees/cozy-02-integration/TacticalGo/ios/Build/Intermediates.noindex/TacticalGoCore.build/Release-iphonesimulator/TacticalGoOnboarding.build/Objects-normal/arm64/TacticalGoOnboarding-OutputFileMap.json -use-frontend-parseable-output -save-temps -no-color-diagnostics -explicit-module-build -module-cache-path /Users/pc49-58/.codex/worktrees/cozy-02-integration/TacticalGo/ios/Build/Intermediates.noindex/SwiftExplicitPrecompiledModules -clang-scanner-module-cache-path /Users/pc49-58/.codex/worktrees/cozy-02-integration/TacticalGo/ios/HeroBodyReleaseBuild/ModuleCache.noindex -sdk-module-cache-path /Users/pc49-58/.codex/worktrees/cozy-02-integration/TacticalGo/ios/HeroBodyReleaseBuild/ModuleCache.noindex -serialize-diagnostics -emit-dependencies -emit-module -emit-module-path /Users/pc49-58/.codex/worktrees/cozy-02-integration/TacticalGo/ios/Build/Intermediates.noindex/TacticalGoCore.build/Release-iphonesimulator/TacticalGoOnboarding.build/Objects-normal/arm64/TacticalGoOnboarding.swiftmodule -validate-clang-modules-once -clang-build-session-file /Users/pc49-58/.codex/worktrees/cozy-02-integration/TacticalGo/ios/HeroBodyReleaseBuild/ModuleCache.noindex/Session.modulevalidation -package-name tacticalgocore -Xcc -I/Users/pc49-58/.codex/worktrees/cozy-02-integration/TacticalGo/ios/Build/Intermediates.noindex/TacticalGoCore.build/Release-iphonesimulator/TacticalGoOnboarding.build/swift-overrides.hmap -emit-const-values -Xfrontend -const-gather-protocols-file -Xfrontend /Users/pc49-58/.codex/worktrees/cozy-02-integration/TacticalGo/ios/Build/Intermediates.noindex/TacticalGoCore.build/Release-iphonesimulator/TacticalGoOnboarding.build/Objects-normal/arm64/TacticalGoOnboarding_const_extract_protocols.json -Xcc -I/Users/pc49-58/.codex/worktrees/cozy-02-integration/TacticalGo/ios/Build/Products/Release-iphonesimulator/include -Xcc -I/Users/pc49-58/.codex/worktrees/cozy-02-integration/TacticalGo/ios/Build/Intermediates.noindex/TacticalGoCore.build/Release-iphonesimulator/TacticalGoOnboarding.build/DerivedSources-normal/arm64 -Xcc -I/Users/pc49-58/.codex/worktrees/cozy-02-integration/TacticalGo/ios/Build/Intermediates.noindex/TacticalGoCore.build/Release-iphonesimulator/TacticalGoOnboarding.build/DerivedSources/arm64 -Xcc -I/Users/pc49-58/.codex/worktrees/cozy-02-integration/TacticalGo/ios/Build/Intermediates.noindex/TacticalGoCore.build/Release-iphonesimulator/TacticalGoOnboarding.build/DerivedSources -Xcc -DSWIFT_PACKAGE -emit-objc-header -emit-objc-header-path /Users/pc49-58/.codex/worktrees/cozy-02-integration/TacticalGo/ios/Build/Intermediates.noindex/TacticalGoCore.build/Release-iphonesimulator/TacticalGoOnboarding.build/Objects-normal/arm64/TacticalGoOnboarding-Swift.h -working-directory /Users/pc49-58/.codex/worktrees/cozy-02-integration/TacticalGo/ios/TacticalGo.xcodeproj -no-emit-module-separately-wmo

SwiftDriver TacticalGoOnboarding normal x86_64 com.apple.xcode.tools.swift.compiler (in target 'TacticalGoOnboarding' from project 'TacticalGoCore')
    cd /Users/pc49-58/.codex/worktrees/cozy-02-integration/TacticalGo/ios/TacticalGo.xcodeproj
    builtin-SwiftDriver -- /Applications/Xcode.app/Contents/Developer/Toolchains/XcodeDefault.xctoolchain/usr/bin/swiftc -module-name TacticalGoOnboarding -O -whole-module-optimization @/Users/pc49-58/.codex/worktrees/cozy-02-integration/TacticalGo/ios/Build/Intermediates.noindex/TacticalGoCore.build/Release-iphonesimulator/TacticalGoOnboarding.build/Objects-normal/x86_64/TacticalGoOnboarding.SwiftFileList -DSWIFT_PACKAGE -DSWIFT_MODULE_RESOURCE_BUNDLE_AVAILABLE -DXcode -plugin-path /Applications/Xcode.app/Contents/Developer/Toolchains/XcodeDefault.xctoolchain/usr/lib/swift/host/plugins/testing -enable-experimental-feature DebugDescriptionMacro -sdk /Applications/Xcode.app/Contents/Developer/Platforms/iPhoneSimulator.platform/Developer/SDKs/iPhoneSimulator26.5.sdk -target x86_64-apple-ios12.0-simulator -g -module-cache-path /Users/pc49-58/.codex/worktrees/cozy-02-integration/TacticalGo/ios/HeroBodyReleaseBuild/ModuleCache.noindex -Xfrontend -serialize-debugging-options -suppress-warnings -swift-version 6 -I /Users/pc49-58/.codex/worktrees/cozy-02-integration/TacticalGo/ios/Build/Products/Release-iphonesimulator -Isystem /Applications/Xcode.app/Contents/Developer/Platforms/iPhoneSimulator.platform/Developer/usr/lib -F /Users/pc49-58/.codex/worktrees/cozy-02-integration/TacticalGo/ios/Build/Products/Release-iphonesimulator/PackageFrameworks -F /Users/pc49-58/.codex/worktrees/cozy-02-integration/TacticalGo/ios/Build/Products/Release-iphonesimulator -F /Applications/Xcode.app/Contents/Developer/Platforms/iPhoneSimulator.platform/Developer/Library/Frameworks -F /Applications/Xcode.app/Contents/Developer/Platforms/iPhoneSimulator.platform/Developer/SDKs/iPhoneSimulator26.5.sdk/Developer/Library/Frameworks -c -num-threads 8 -Xcc -ivfsstatcache -Xcc /Users/pc49-58/.codex/worktrees/cozy-02-integration/TacticalGo/ios/HeroBodyReleaseBuild/SDKStatCaches.noindex/iphonesimulator26.5-23F81a-6cfe768891a92b912361537c460fe42b.sdkstatcache -output-file-map /Users/pc49-58/.codex/worktrees/cozy-02-integration/TacticalGo/ios/Build/Intermediates.noindex/TacticalGoCore.build/Release-iphonesimulator/TacticalGoOnboarding.build/Objects-normal/x86_64/TacticalGoOnboarding-OutputFileMap.json -use-frontend-parseable-output -save-temps -no-color-diagnostics -explicit-module-build -module-cache-path /Users/pc49-58/.codex/worktrees/cozy-02-integration/TacticalGo/ios/Build/Intermediates.noindex/SwiftExplicitPrecompiledModules -clang-scanner-module-cache-path /Users/pc49-58/.codex/worktrees/cozy-02-integration/TacticalGo/ios/HeroBodyReleaseBuild/ModuleCache.noindex -sdk-module-cache-path /Users/pc49-58/.codex/worktrees/cozy-02-integration/TacticalGo/ios/HeroBodyReleaseBuild/ModuleCache.noindex -serialize-diagnostics -emit-dependencies -emit-module -emit-module-path /Users/pc49-58/.codex/worktrees/cozy-02-integration/TacticalGo/ios/Build/Intermediates.noindex/TacticalGoCore.build/Release-iphonesimulator/TacticalGoOnboarding.build/Objects-normal/x86_64/TacticalGoOnboarding.swiftmodule -validate-clang-modules-once -clang-build-session-file /Users/pc49-58/.codex/worktrees/cozy-02-integration/TacticalGo/ios/HeroBodyReleaseBuild/ModuleCache.noindex/Session.modulevalidation -package-name tacticalgocore -Xcc -I/Users/pc49-58/.codex/worktrees/cozy-02-integration/TacticalGo/ios/Build/Intermediates.noindex/TacticalGoCore.build/Release-iphonesimulator/TacticalGoOnboarding.build/swift-overrides.hmap -emit-const-values -Xfrontend -const-gather-protocols-file -Xfrontend /Users/pc49-58/.codex/worktrees/cozy-02-integration/TacticalGo/ios/Build/Intermediates.noindex/TacticalGoCore.build/Release-iphonesimulator/TacticalGoOnboarding.build/Objects-normal/x86_64/TacticalGoOnboarding_const_extract_protocols.json -Xcc -I/Users/pc49-58/.codex/worktrees/cozy-02-integration/TacticalGo/ios/Build/Products/Release-iphonesimulator/include -Xcc -I/Users/pc49-58/.codex/worktrees/cozy-02-integration/TacticalGo/ios/Build/Intermediates.noindex/TacticalGoCore.build/Release-iphonesimulator/TacticalGoOnboarding.build/DerivedSources-normal/x86_64 -Xcc -I/Users/pc49-58/.codex/worktrees/cozy-02-integration/TacticalGo/ios/Build/Intermediates.noindex/TacticalGoCore.build/Release-iphonesimulator/TacticalGoOnboarding.build/DerivedSources/x86_64 -Xcc -I/Users/pc49-58/.codex/worktrees/cozy-02-integration/TacticalGo/ios/Build/Intermediates.noindex/TacticalGoCore.build/Release-iphonesimulator/TacticalGoOnboarding.build/DerivedSources -Xcc -DSWIFT_PACKAGE -emit-objc-header -emit-objc-header-path /Users/pc49-58/.codex/worktrees/cozy-02-integration/TacticalGo/ios/Build/Intermediates.noindex/TacticalGoCore.build/Release-iphonesimulator/TacticalGoOnboarding.build/Objects-normal/x86_64/TacticalGoOnboarding-Swift.h -working-directory /Users/pc49-58/.codex/worktrees/cozy-02-integration/TacticalGo/ios/TacticalGo.xcodeproj -no-emit-module-separately-wmo

SwiftDriver TacticalGoMotion normal arm64 com.apple.xcode.tools.swift.compiler (in target 'TacticalGoMotion' from project 'TacticalGoCore')
    cd /Users/pc49-58/.codex/worktrees/cozy-02-integration/TacticalGo/ios/TacticalGo.xcodeproj
    builtin-SwiftDriver -- /Applications/Xcode.app/Contents/Developer/Toolchains/XcodeDefault.xctoolchain/usr/bin/swiftc -module-name TacticalGoMotion -O -whole-module-optimization @/Users/pc49-58/.codex/worktrees/cozy-02-integration/TacticalGo/ios/Build/Intermediates.noindex/TacticalGoCore.build/Release-iphonesimulator/TacticalGoMotion.build/Objects-normal/arm64/TacticalGoMotion.SwiftFileList -DSWIFT_PACKAGE -DSWIFT_MODULE_RESOURCE_BUNDLE_UNAVAILABLE -DXcode -plugin-path /Applications/Xcode.app/Contents/Developer/Toolchains/XcodeDefault.xctoolchain/usr/lib/swift/host/plugins/testing -enable-experimental-feature DebugDescriptionMacro -sdk /Applications/Xcode.app/Contents/Developer/Platforms/iPhoneSimulator.platform/Developer/SDKs/iPhoneSimulator26.5.sdk -target arm64-apple-ios12.0-simulator -g -module-cache-path /Users/pc49-58/.codex/worktrees/cozy-02-integration/TacticalGo/ios/HeroBodyReleaseBuild/ModuleCache.noindex -Xfrontend -serialize-debugging-options -suppress-warnings -swift-version 6 -I /Users/pc49-58/.codex/worktrees/cozy-02-integration/TacticalGo/ios/Build/Products/Release-iphonesimulator -Isystem /Applications/Xcode.app/Contents/Developer/Platforms/iPhoneSimulator.platform/Developer/usr/lib -F /Users/pc49-58/.codex/worktrees/cozy-02-integration/TacticalGo/ios/Build/Products/Release-iphonesimulator/PackageFrameworks -F /Users/pc49-58/.codex/worktrees/cozy-02-integration/TacticalGo/ios/Build/Products/Release-iphonesimulator -F /Applications/Xcode.app/Contents/Developer/Platforms/iPhoneSimulator.platform/Developer/Library/Frameworks -F /Applications/Xcode.app/Contents/Developer/Platforms/iPhoneSimulator.platform/Developer/SDKs/iPhoneSimulator26.5.sdk/Developer/Library/Frameworks -c -num-threads 8 -Xcc -ivfsstatcache -Xcc /Users/pc49-58/.codex/worktrees/cozy-02-integration/TacticalGo/ios/HeroBodyReleaseBuild/SDKStatCaches.noindex/iphonesimulator26.5-23F81a-6cfe768891a92b912361537c460fe42b.sdkstatcache -output-file-map /Users/pc49-58/.codex/worktrees/cozy-02-integration/TacticalGo/ios/Build/Intermediates.noindex/TacticalGoCore.build/Release-iphonesimulator/TacticalGoMotion.build/Objects-normal/arm64/TacticalGoMotion-OutputFileMap.json -use-frontend-parseable-output -save-temps -no-color-diagnostics -explicit-module-build -module-cache-path /Users/pc49-58/.codex/worktrees/cozy-02-integration/TacticalGo/ios/Build/Intermediates.noindex/SwiftExplicitPrecompiledModules -clang-scanner-module-cache-path /Users/pc49-58/.codex/worktrees/cozy-02-integration/TacticalGo/ios/HeroBodyReleaseBuild/ModuleCache.noindex -sdk-module-cache-path /Users/pc49-58/.codex/worktrees/cozy-02-integration/TacticalGo/ios/HeroBodyReleaseBuild/ModuleCache.noindex -serialize-diagnostics -emit-dependencies -emit-module -emit-module-path /Users/pc49-58/.codex/worktrees/cozy-02-integration/TacticalGo/ios/Build/Intermediates.noindex/TacticalGoCore.build/Release-iphonesimulator/TacticalGoMotion.build/Objects-normal/arm64/TacticalGoMotion.swiftmodule -validate-clang-modules-once -clang-build-session-file /Users/pc49-58/.codex/worktrees/cozy-02-integration/TacticalGo/ios/HeroBodyReleaseBuild/ModuleCache.noindex/Session.modulevalidation -package-name tacticalgocore -Xcc -I/Users/pc49-58/.codex/worktrees/cozy-02-integration/TacticalGo/ios/Build/Intermediates.noindex/TacticalGoCore.build/Release-iphonesimulator/TacticalGoMotion.build/swift-overrides.hmap -emit-const-values -Xfrontend -const-gather-protocols-file -Xfrontend /Users/pc49-58/.codex/worktrees/cozy-02-integration/TacticalGo/ios/Build/Intermediates.noindex/TacticalGoCore.build/Release-iphonesimulator/TacticalGoMotion.build/Objects-normal/arm64/TacticalGoMotion_const_extract_protocols.json -Xcc -I/Users/pc49-58/.codex/worktrees/cozy-02-integration/TacticalGo/ios/Build/Products/Release-iphonesimulator/include -Xcc -I/Users/pc49-58/.codex/worktrees/cozy-02-integration/TacticalGo/ios/Build/Intermediates.noindex/TacticalGoCore.build/Release-iphonesimulator/TacticalGoMotion.build/DerivedSources-normal/arm64 -Xcc -I/Users/pc49-58/.codex/worktrees/cozy-02-integration/TacticalGo/ios/Build/Intermediates.noindex/TacticalGoCore.build/Release-iphonesimulator/TacticalGoMotion.build/DerivedSources/arm64 -Xcc -I/Users/pc49-58/.codex/worktrees/cozy-02-integration/TacticalGo/ios/Build/Intermediates.noindex/TacticalGoCore.build/Release-iphonesimulator/TacticalGoMotion.build/DerivedSources -Xcc -DSWIFT_PACKAGE -emit-objc-header -emit-objc-header-path /Users/pc49-58/.codex/worktrees/cozy-02-integration/TacticalGo/ios/Build/Intermediates.noindex/TacticalGoCore.build/Release-iphonesimulator/TacticalGoMotion.build/Objects-normal/arm64/TacticalGoMotion-Swift.h -working-directory /Users/pc49-58/.codex/worktrees/cozy-02-integration/TacticalGo/ios/TacticalGo.xcodeproj -no-emit-module-separately-wmo

SwiftDriver TacticalGoMotion normal x86_64 com.apple.xcode.tools.swift.compiler (in target 'TacticalGoMotion' from project 'TacticalGoCore')
    cd /Users/pc49-58/.codex/worktrees/cozy-02-integration/TacticalGo/ios/TacticalGo.xcodeproj
    builtin-SwiftDriver -- /Applications/Xcode.app/Contents/Developer/Toolchains/XcodeDefault.xctoolchain/usr/bin/swiftc -module-name TacticalGoMotion -O -whole-module-optimization @/Users/pc49-58/.codex/worktrees/cozy-02-integration/TacticalGo/ios/Build/Intermediates.noindex/TacticalGoCore.build/Release-iphonesimulator/TacticalGoMotion.build/Objects-normal/x86_64/TacticalGoMotion.SwiftFileList -DSWIFT_PACKAGE -DSWIFT_MODULE_RESOURCE_BUNDLE_UNAVAILABLE -DXcode -plugin-path /Applications/Xcode.app/Contents/Developer/Toolchains/XcodeDefault.xctoolchain/usr/lib/swift/host/plugins/testing -enable-experimental-feature DebugDescriptionMacro -sdk /Applications/Xcode.app/Contents/Developer/Platforms/iPhoneSimulator.platform/Developer/SDKs/iPhoneSimulator26.5.sdk -target x86_64-apple-ios12.0-simulator -g -module-cache-path /Users/pc49-58/.codex/worktrees/cozy-02-integration/TacticalGo/ios/HeroBodyReleaseBuild/ModuleCache.noindex -Xfrontend -serialize-debugging-options -suppress-warnings -swift-version 6 -I /Users/pc49-58/.codex/worktrees/cozy-02-integration/TacticalGo/ios/Build/Products/Release-iphonesimulator -Isystem /Applications/Xcode.app/Contents/Developer/Platforms/iPhoneSimulator.platform/Developer/usr/lib -F /Users/pc49-58/.codex/worktrees/cozy-02-integration/TacticalGo/ios/Build/Products/Release-iphonesimulator/PackageFrameworks -F /Users/pc49-58/.codex/worktrees/cozy-02-integration/TacticalGo/ios/Build/Products/Release-iphonesimulator -F /Applications/Xcode.app/Contents/Developer/Platforms/iPhoneSimulator.platform/Developer/Library/Frameworks -F /Applications/Xcode.app/Contents/Developer/Platforms/iPhoneSimulator.platform/Developer/SDKs/iPhoneSimulator26.5.sdk/Developer/Library/Frameworks -c -num-threads 8 -Xcc -ivfsstatcache -Xcc /Users/pc49-58/.codex/worktrees/cozy-02-integration/TacticalGo/ios/HeroBodyReleaseBuild/SDKStatCaches.noindex/iphonesimulator26.5-23F81a-6cfe768891a92b912361537c460fe42b.sdkstatcache -output-file-map /Users/pc49-58/.codex/worktrees/cozy-02-integration/TacticalGo/ios/Build/Intermediates.noindex/TacticalGoCore.build/Release-iphonesimulator/TacticalGoMotion.build/Objects-normal/x86_64/TacticalGoMotion-OutputFileMap.json -use-frontend-parseable-output -save-temps -no-color-diagnostics -explicit-module-build -module-cache-path /Users/pc49-58/.codex/worktrees/cozy-02-integration/TacticalGo/ios/Build/Intermediates.noindex/SwiftExplicitPrecompiledModules -clang-scanner-module-cache-path /Users/pc49-58/.codex/worktrees/cozy-02-integration/TacticalGo/ios/HeroBodyReleaseBuild/ModuleCache.noindex -sdk-module-cache-path /Users/pc49-58/.codex/worktrees/cozy-02-integration/TacticalGo/ios/HeroBodyReleaseBuild/ModuleCache.noindex -serialize-diagnostics -emit-dependencies -emit-module -emit-module-path /Users/pc49-58/.codex/worktrees/cozy-02-integration/TacticalGo/ios/Build/Intermediates.noindex/TacticalGoCore.build/Release-iphonesimulator/TacticalGoMotion.build/Objects-normal/x86_64/TacticalGoMotion.swiftmodule -validate-clang-modules-once -clang-build-session-file /Users/pc49-58/.codex/worktrees/cozy-02-integration/TacticalGo/ios/HeroBodyReleaseBuild/ModuleCache.noindex/Session.modulevalidation -package-name tacticalgocore -Xcc -I/Users/pc49-58/.codex/worktrees/cozy-02-integration/TacticalGo/ios/Build/Intermediates.noindex/TacticalGoCore.build/Release-iphonesimulator/TacticalGoMotion.build/swift-overrides.hmap -emit-const-values -Xfrontend -const-gather-protocols-file -Xfrontend /Users/pc49-58/.codex/worktrees/cozy-02-integration/TacticalGo/ios/Build/Intermediates.noindex/TacticalGoCore.build/Release-iphonesimulator/TacticalGoMotion.build/Objects-normal/x86_64/TacticalGoMotion_const_extract_protocols.json -Xcc -I/Users/pc49-58/.codex/worktrees/cozy-02-integration/TacticalGo/ios/Build/Products/Release-iphonesimulator/include -Xcc -I/Users/pc49-58/.codex/worktrees/cozy-02-integration/TacticalGo/ios/Build/Intermediates.noindex/TacticalGoCore.build/Release-iphonesimulator/TacticalGoMotion.build/DerivedSources-normal/x86_64 -Xcc -I/Users/pc49-58/.codex/worktrees/cozy-02-integration/TacticalGo/ios/Build/Intermediates.noindex/TacticalGoCore.build/Release-iphonesimulator/TacticalGoMotion.build/DerivedSources/x86_64 -Xcc -I/Users/pc49-58/.codex/worktrees/cozy-02-integration/TacticalGo/ios/Build/Intermediates.noindex/TacticalGoCore.build/Release-iphonesimulator/TacticalGoMotion.build/DerivedSources -Xcc -DSWIFT_PACKAGE -emit-objc-header -emit-objc-header-path /Users/pc49-58/.codex/worktrees/cozy-02-integration/TacticalGo/ios/Build/Intermediates.noindex/TacticalGoCore.build/Release-iphonesimulator/TacticalGoMotion.build/Objects-normal/x86_64/TacticalGoMotion-Swift.h -working-directory /Users/pc49-58/.codex/worktrees/cozy-02-integration/TacticalGo/ios/TacticalGo.xcodeproj -no-emit-module-separately-wmo

CreateUniversalBinary /Users/pc49-58/.codex/worktrees/cozy-02-integration/TacticalGo/ios/Build/Products/Release-iphonesimulator/TacticalGoVisuals.o normal arm64\ x86_64 (in target 'TacticalGoVisuals' from project 'TacticalGoCore')
    cd /Users/pc49-58/.codex/worktrees/cozy-02-integration/TacticalGo/swift/TacticalGoCore
    /Applications/Xcode.app/Contents/Developer/Toolchains/XcodeDefault.xctoolchain/usr/bin/lipo -create /Users/pc49-58/.codex/worktrees/cozy-02-integration/TacticalGo/ios/Build/Intermediates.noindex/TacticalGoCore.build/Release-iphonesimulator/TacticalGoVisuals.build/Objects-normal/arm64/Binary/TacticalGoVisuals.o /Users/pc49-58/.codex/worktrees/cozy-02-integration/TacticalGo/ios/Build/Intermediates.noindex/TacticalGoCore.build/Release-iphonesimulator/TacticalGoVisuals.build/Objects-normal/x86_64/Binary/TacticalGoVisuals.o -output /Users/pc49-58/.codex/worktrees/cozy-02-integration/TacticalGo/ios/Build/Products/Release-iphonesimulator/TacticalGoVisuals.o

SwiftDriver TacticalGoBot normal x86_64 com.apple.xcode.tools.swift.compiler (in target 'TacticalGoBot' from project 'TacticalGoCore')
    cd /Users/pc49-58/.codex/worktrees/cozy-02-integration/TacticalGo/ios/TacticalGo.xcodeproj
    builtin-SwiftDriver -- /Applications/Xcode.app/Contents/Developer/Toolchains/XcodeDefault.xctoolchain/usr/bin/swiftc -module-name TacticalGoBot -O -whole-module-optimization @/Users/pc49-58/.codex/worktrees/cozy-02-integration/TacticalGo/ios/Build/Intermediates.noindex/TacticalGoCore.build/Release-iphonesimulator/TacticalGoBot.build/Objects-normal/x86_64/TacticalGoBot.SwiftFileList -DSWIFT_PACKAGE -DSWIFT_MODULE_RESOURCE_BUNDLE_UNAVAILABLE -DXcode -plugin-path /Applications/Xcode.app/Contents/Developer/Toolchains/XcodeDefault.xctoolchain/usr/lib/swift/host/plugins/testing -enable-experimental-feature DebugDescriptionMacro -sdk /Applications/Xcode.app/Contents/Developer/Platforms/iPhoneSimulator.platform/Developer/SDKs/iPhoneSimulator26.5.sdk -target x86_64-apple-ios12.0-simulator -g -module-cache-path /Users/pc49-58/.codex/worktrees/cozy-02-integration/TacticalGo/ios/HeroBodyReleaseBuild/ModuleCache.noindex -Xfrontend -serialize-debugging-options -suppress-warnings -swift-version 6 -I /Users/pc49-58/.codex/worktrees/cozy-02-integration/TacticalGo/ios/Build/Products/Release-iphonesimulator -Isystem /Applications/Xcode.app/Contents/Developer/Platforms/iPhoneSimulator.platform/Developer/usr/lib -F /Users/pc49-58/.codex/worktrees/cozy-02-integration/TacticalGo/ios/Build/Products/Release-iphonesimulator/PackageFrameworks -F /Users/pc49-58/.codex/worktrees/cozy-02-integration/TacticalGo/ios/Build/Products/Release-iphonesimulator -F /Applications/Xcode.app/Contents/Developer/Platforms/iPhoneSimulator.platform/Developer/Library/Frameworks -F /Applications/Xcode.app/Contents/Developer/Platforms/iPhoneSimulator.platform/Developer/SDKs/iPhoneSimulator26.5.sdk/Developer/Library/Frameworks -parse-as-library -c -num-threads 8 -Xcc -ivfsstatcache -Xcc /Users/pc49-58/.codex/worktrees/cozy-02-integration/TacticalGo/ios/HeroBodyReleaseBuild/SDKStatCaches.noindex/iphonesimulator26.5-23F81a-6cfe768891a92b912361537c460fe42b.sdkstatcache -output-file-map /Users/pc49-58/.codex/worktrees/cozy-02-integration/TacticalGo/ios/Build/Intermediates.noindex/TacticalGoCore.build/Release-iphonesimulator/TacticalGoBot.build/Objects-normal/x86_64/TacticalGoBot-OutputFileMap.json -use-frontend-parseable-output -save-temps -no-color-diagnostics -explicit-module-build -module-cache-path /Users/pc49-58/.codex/worktrees/cozy-02-integration/TacticalGo/ios/Build/Intermediates.noindex/SwiftExplicitPrecompiledModules -clang-scanner-module-cache-path /Users/pc49-58/.codex/worktrees/cozy-02-integration/TacticalGo/ios/HeroBodyReleaseBuild/ModuleCache.noindex -sdk-module-cache-path /Users/pc49-58/.codex/worktrees/cozy-02-integration/TacticalGo/ios/HeroBodyReleaseBuild/ModuleCache.noindex -serialize-diagnostics -emit-dependencies -emit-module -emit-module-path /Users/pc49-58/.codex/worktrees/cozy-02-integration/TacticalGo/ios/Build/Intermediates.noindex/TacticalGoCore.build/Release-iphonesimulator/TacticalGoBot.build/Objects-normal/x86_64/TacticalGoBot.swiftmodule -validate-clang-modules-once -clang-build-session-file /Users/pc49-58/.codex/worktrees/cozy-02-integration/TacticalGo/ios/HeroBodyReleaseBuild/ModuleCache.noindex/Session.modulevalidation -package-name tacticalgocore -Xcc -I/Users/pc49-58/.codex/worktrees/cozy-02-integration/TacticalGo/ios/Build/Intermediates.noindex/TacticalGoCore.build/Release-iphonesimulator/TacticalGoBot.build/swift-overrides.hmap -emit-const-values -Xfrontend -const-gather-protocols-file -Xfrontend /Users/pc49-58/.codex/worktrees/cozy-02-integration/TacticalGo/ios/Build/Intermediates.noindex/TacticalGoCore.build/Release-iphonesimulator/TacticalGoBot.build/Objects-normal/x86_64/TacticalGoBot_const_extract_protocols.json -Xcc -I/Users/pc49-58/.codex/worktrees/cozy-02-integration/TacticalGo/ios/Build/Products/Release-iphonesimulator/include -Xcc -I/Users/pc49-58/.codex/worktrees/cozy-02-integration/TacticalGo/ios/Build/Intermediates.noindex/TacticalGoCore.build/Release-iphonesimulator/TacticalGoBot.build/DerivedSources-normal/x86_64 -Xcc -I/Users/pc49-58/.codex/worktrees/cozy-02-integration/TacticalGo/ios/Build/Intermediates.noindex/TacticalGoCore.build/Release-iphonesimulator/TacticalGoBot.build/DerivedSources/x86_64 -Xcc -I/Users/pc49-58/.codex/worktrees/cozy-02-integration/TacticalGo/ios/Build/Intermediates.noindex/TacticalGoCore.build/Release-iphonesimulator/TacticalGoBot.build/DerivedSources -Xcc -DSWIFT_PACKAGE -emit-objc-header -emit-objc-header-path /Users/pc49-58/.codex/worktrees/cozy-02-integration/TacticalGo/ios/Build/Intermediates.noindex/TacticalGoCore.build/Release-iphonesimulator/TacticalGoBot.build/Objects-normal/x86_64/TacticalGoBot-Swift.h -working-directory /Users/pc49-58/.codex/worktrees/cozy-02-integration/TacticalGo/ios/TacticalGo.xcodeproj -no-emit-module-separately-wmo

CreateUniversalBinary /Users/pc49-58/.codex/worktrees/cozy-02-integration/TacticalGo/ios/Build/Products/Release-iphonesimulator/TacticalGoCore.o normal arm64\ x86_64 (in target 'TacticalGoCore' from project 'TacticalGoCore')
    cd /Users/pc49-58/.codex/worktrees/cozy-02-integration/TacticalGo/swift/TacticalGoCore
    /Applications/Xcode.app/Contents/Developer/Toolchains/XcodeDefault.xctoolchain/usr/bin/lipo -create /Users/pc49-58/.codex/worktrees/cozy-02-integration/TacticalGo/ios/Build/Intermediates.noindex/TacticalGoCore.build/Release-iphonesimulator/TacticalGoCore.build/Objects-normal/arm64/Binary/TacticalGoCore.o /Users/pc49-58/.codex/worktrees/cozy-02-integration/TacticalGo/ios/Build/Intermediates.noindex/TacticalGoCore.build/Release-iphonesimulator/TacticalGoCore.build/Objects-normal/x86_64/Binary/TacticalGoCore.o -output /Users/pc49-58/.codex/worktrees/cozy-02-integration/TacticalGo/ios/Build/Products/Release-iphonesimulator/TacticalGoCore.o

SwiftDriver TacticalGoBot normal arm64 com.apple.xcode.tools.swift.compiler (in target 'TacticalGoBot' from project 'TacticalGoCore')
    cd /Users/pc49-58/.codex/worktrees/cozy-02-integration/TacticalGo/ios/TacticalGo.xcodeproj
    builtin-SwiftDriver -- /Applications/Xcode.app/Contents/Developer/Toolchains/XcodeDefault.xctoolchain/usr/bin/swiftc -module-name TacticalGoBot -O -whole-module-optimization @/Users/pc49-58/.codex/worktrees/cozy-02-integration/TacticalGo/ios/Build/Intermediates.noindex/TacticalGoCore.build/Release-iphonesimulator/TacticalGoBot.build/Objects-normal/arm64/TacticalGoBot.SwiftFileList -DSWIFT_PACKAGE -DSWIFT_MODULE_RESOURCE_BUNDLE_UNAVAILABLE -DXcode -plugin-path /Applications/Xcode.app/Contents/Developer/Toolchains/XcodeDefault.xctoolchain/usr/lib/swift/host/plugins/testing -enable-experimental-feature DebugDescriptionMacro -sdk /Applications/Xcode.app/Contents/Developer/Platforms/iPhoneSimulator.platform/Developer/SDKs/iPhoneSimulator26.5.sdk -target arm64-apple-ios12.0-simulator -g -module-cache-path /Users/pc49-58/.codex/worktrees/cozy-02-integration/TacticalGo/ios/HeroBodyReleaseBuild/ModuleCache.noindex -Xfrontend -serialize-debugging-options -suppress-warnings -swift-version 6 -I /Users/pc49-58/.codex/worktrees/cozy-02-integration/TacticalGo/ios/Build/Products/Release-iphonesimulator -Isystem /Applications/Xcode.app/Contents/Developer/Platforms/iPhoneSimulator.platform/Developer/usr/lib -F /Users/pc49-58/.codex/worktrees/cozy-02-integration/TacticalGo/ios/Build/Products/Release-iphonesimulator/PackageFrameworks -F /Users/pc49-58/.codex/worktrees/cozy-02-integration/TacticalGo/ios/Build/Products/Release-iphonesimulator -F /Applications/Xcode.app/Contents/Developer/Platforms/iPhoneSimulator.platform/Developer/Library/Frameworks -F /Applications/Xcode.app/Contents/Developer/Platforms/iPhoneSimulator.platform/Developer/SDKs/iPhoneSimulator26.5.sdk/Developer/Library/Frameworks -parse-as-library -c -num-threads 8 -Xcc -ivfsstatcache -Xcc /Users/pc49-58/.codex/worktrees/cozy-02-integration/TacticalGo/ios/HeroBodyReleaseBuild/SDKStatCaches.noindex/iphonesimulator26.5-23F81a-6cfe768891a92b912361537c460fe42b.sdkstatcache -output-file-map /Users/pc49-58/.codex/worktrees/cozy-02-integration/TacticalGo/ios/Build/Intermediates.noindex/TacticalGoCore.build/Release-iphonesimulator/TacticalGoBot.build/Objects-normal/arm64/TacticalGoBot-OutputFileMap.json -use-frontend-parseable-output -save-temps -no-color-diagnostics -explicit-module-build -module-cache-path /Users/pc49-58/.codex/worktrees/cozy-02-integration/TacticalGo/ios/Build/Intermediates.noindex/SwiftExplicitPrecompiledModules -clang-scanner-module-cache-path /Users/pc49-58/.codex/worktrees/cozy-02-integration/TacticalGo/ios/HeroBodyReleaseBuild/ModuleCache.noindex -sdk-module-cache-path /Users/pc49-58/.codex/worktrees/cozy-02-integration/TacticalGo/ios/HeroBodyReleaseBuild/ModuleCache.noindex -serialize-diagnostics -emit-dependencies -emit-module -emit-module-path /Users/pc49-58/.codex/worktrees/cozy-02-integration/TacticalGo/ios/Build/Intermediates.noindex/TacticalGoCore.build/Release-iphonesimulator/TacticalGoBot.build/Objects-normal/arm64/TacticalGoBot.swiftmodule -validate-clang-modules-once -clang-build-session-file /Users/pc49-58/.codex/worktrees/cozy-02-integration/TacticalGo/ios/HeroBodyReleaseBuild/ModuleCache.noindex/Session.modulevalidation -package-name tacticalgocore -Xcc -I/Users/pc49-58/.codex/worktrees/cozy-02-integration/TacticalGo/ios/Build/Intermediates.noindex/TacticalGoCore.build/Release-iphonesimulator/TacticalGoBot.build/swift-overrides.hmap -emit-const-values -Xfrontend -const-gather-protocols-file -Xfrontend /Users/pc49-58/.codex/worktrees/cozy-02-integration/TacticalGo/ios/Build/Intermediates.noindex/TacticalGoCore.build/Release-iphonesimulator/TacticalGoBot.build/Objects-normal/arm64/TacticalGoBot_const_extract_protocols.json -Xcc -I/Users/pc49-58/.codex/worktrees/cozy-02-integration/TacticalGo/ios/Build/Products/Release-iphonesimulator/include -Xcc -I/Users/pc49-58/.codex/worktrees/cozy-02-integration/TacticalGo/ios/Build/Intermediates.noindex/TacticalGoCore.build/Release-iphonesimulator/TacticalGoBot.build/DerivedSources-normal/arm64 -Xcc -I/Users/pc49-58/.codex/worktrees/cozy-02-integration/TacticalGo/ios/Build/Intermediates.noindex/TacticalGoCore.build/Release-iphonesimulator/TacticalGoBot.build/DerivedSources/arm64 -Xcc -I/Users/pc49-58/.codex/worktrees/cozy-02-integration/TacticalGo/ios/Build/Intermediates.noindex/TacticalGoCore.build/Release-iphonesimulator/TacticalGoBot.build/DerivedSources -Xcc -DSWIFT_PACKAGE -emit-objc-header -emit-objc-header-path /Users/pc49-58/.codex/worktrees/cozy-02-integration/TacticalGo/ios/Build/Intermediates.noindex/TacticalGoCore.build/Release-iphonesimulator/TacticalGoBot.build/Objects-normal/arm64/TacticalGoBot-Swift.h -working-directory /Users/pc49-58/.codex/worktrees/cozy-02-integration/TacticalGo/ios/TacticalGo.xcodeproj -no-emit-module-separately-wmo

SwiftCompile normal x86_64 Compiling\ BotPlanner.swift /Users/pc49-58/.codex/worktrees/cozy-02-integration/TacticalGo/swift/TacticalGoCore/Sources/TacticalGoBot/BotPlanner.swift /Applications/Xcode.app/Contents/Developer/Toolchains/XcodeDefault.xctoolchain/usr/lib/swift/iphonesimulator/prebuilt-modules/26.5/_StringProcessing.swiftmodule/x86_64-apple-ios-simulator.swiftmodule /Users/pc49-58/.codex/worktrees/cozy-02-integration/TacticalGo/ios/Build/Products/Release-iphonesimulator/TacticalGoCore.swiftmodule/x86_64-apple-ios-simulator.swiftmodule /Applications/Xcode.app/Contents/Developer/Toolchains/XcodeDefault.xctoolchain/usr/lib/swift/iphonesimulator/prebuilt-modules/26.5/Swift.swiftmodule/x86_64-apple-ios-simulator.swiftmodule /Applications/Xcode.app/Contents/Developer/Toolchains/XcodeDefault.xctoolchain/usr/lib/swift/iphonesimulator/prebuilt-modules/26.5/_Concurrency.swiftmodule/x86_64-apple-ios-simulator.swiftmodule /Users/pc49-58/.codex/worktrees/cozy-02-integration/TacticalGo/ios/HeroBodyReleaseBuild/ModuleCache.noindex/_SwiftConcurrencyShims-4E43R9UG28RNUUA0MQ8I8K0BJ.pcm /Users/pc49-58/.codex/worktrees/cozy-02-integration/TacticalGo/ios/HeroBodyReleaseBuild/ModuleCache.noindex/SwiftShims-21GKZJ8OEMEN7POLP78VO36E8.pcm /Users/pc49-58/.codex/worktrees/cozy-02-integration/TacticalGo/ios/Build/Intermediates.noindex/TacticalGoCore.build/Release-iphonesimulator/TacticalGoBot.build/Objects-normal/x86_64/TacticalGoBot-dependencies-1.json (in target 'TacticalGoBot' from project 'TacticalGoCore')
SwiftCompile normal x86_64 /Users/pc49-58/.codex/worktrees/cozy-02-integration/TacticalGo/swift/TacticalGoCore/Sources/TacticalGoBot/BotPlanner.swift (in target 'TacticalGoBot' from project 'TacticalGoCore')
    cd /Users/pc49-58/.codex/worktrees/cozy-02-integration/TacticalGo/ios/TacticalGo.xcodeproj


SwiftCompile normal arm64 Compiling\ BotPlanner.swift /Users/pc49-58/.codex/worktrees/cozy-02-integration/TacticalGo/swift/TacticalGoCore/Sources/TacticalGoBot/BotPlanner.swift /Applications/Xcode.app/Contents/Developer/Toolchains/XcodeDefault.xctoolchain/usr/lib/swift/iphonesimulator/prebuilt-modules/26.5/Swift.swiftmodule/arm64-apple-ios-simulator.swiftmodule /Applications/Xcode.app/Contents/Developer/Toolchains/XcodeDefault.xctoolchain/usr/lib/swift/iphonesimulator/prebuilt-modules/26.5/_StringProcessing.swiftmodule/arm64-apple-ios-simulator.swiftmodule /Applications/Xcode.app/Contents/Developer/Toolchains/XcodeDefault.xctoolchain/usr/lib/swift/iphonesimulator/prebuilt-modules/26.5/_Concurrency.swiftmodule/arm64-apple-ios-simulator.swiftmodule /Users/pc49-58/.codex/worktrees/cozy-02-integration/TacticalGo/ios/Build/Products/Release-iphonesimulator/TacticalGoCore.swiftmodule/arm64-apple-ios-simulator.swiftmodule /Users/pc49-58/.codex/worktrees/cozy-02-integration/TacticalGo/ios/HeroBodyReleaseBuild/ModuleCache.noindex/SwiftShims-8H9FJH97JDIAYQXFI009R8YP.pcm /Users/pc49-58/.codex/worktrees/cozy-02-integration/TacticalGo/ios/HeroBodyReleaseBuild/ModuleCache.noindex/_SwiftConcurrencyShims-8HPJN75BWWDZBFT8WQLGJ4AQW.pcm /Users/pc49-58/.codex/worktrees/cozy-02-integration/TacticalGo/ios/Build/Intermediates.noindex/TacticalGoCore.build/Release-iphonesimulator/TacticalGoBot.build/Objects-normal/arm64/TacticalGoBot-dependencies-2.json (in target 'TacticalGoBot' from project 'TacticalGoCore')
SwiftCompile normal arm64 /Users/pc49-58/.codex/worktrees/cozy-02-integration/TacticalGo/swift/TacticalGoCore/Sources/TacticalGoBot/BotPlanner.swift (in target 'TacticalGoBot' from project 'TacticalGoCore')
    cd /Users/pc49-58/.codex/worktrees/cozy-02-integration/TacticalGo/ios/TacticalGo.xcodeproj


SwiftDriver\ Compilation TacticalGoBot normal x86_64 com.apple.xcode.tools.swift.compiler (in target 'TacticalGoBot' from project 'TacticalGoCore')
    cd /Users/pc49-58/.codex/worktrees/cozy-02-integration/TacticalGo/ios/TacticalGo.xcodeproj
    builtin-Swift-Compilation -- /Applications/Xcode.app/Contents/Developer/Toolchains/XcodeDefault.xctoolchain/usr/bin/swiftc -module-name TacticalGoBot -O -whole-module-optimization @/Users/pc49-58/.codex/worktrees/cozy-02-integration/TacticalGo/ios/Build/Intermediates.noindex/TacticalGoCore.build/Release-iphonesimulator/TacticalGoBot.build/Objects-normal/x86_64/TacticalGoBot.SwiftFileList -DSWIFT_PACKAGE -DSWIFT_MODULE_RESOURCE_BUNDLE_UNAVAILABLE -DXcode -plugin-path /Applications/Xcode.app/Contents/Developer/Toolchains/XcodeDefault.xctoolchain/usr/lib/swift/host/plugins/testing -enable-experimental-feature DebugDescriptionMacro -sdk /Applications/Xcode.app/Contents/Developer/Platforms/iPhoneSimulator.platform/Developer/SDKs/iPhoneSimulator26.5.sdk -target x86_64-apple-ios12.0-simulator -g -module-cache-path /Users/pc49-58/.codex/worktrees/cozy-02-integration/TacticalGo/ios/HeroBodyReleaseBuild/ModuleCache.noindex -Xfrontend -serialize-debugging-options -suppress-warnings -swift-version 6 -I /Users/pc49-58/.codex/worktrees/cozy-02-integration/TacticalGo/ios/Build/Products/Release-iphonesimulator -Isystem /Applications/Xcode.app/Contents/Developer/Platforms/iPhoneSimulator.platform/Developer/usr/lib -F /Users/pc49-58/.codex/worktrees/cozy-02-integration/TacticalGo/ios/Build/Products/Release-iphonesimulator/PackageFrameworks -F /Users/pc49-58/.codex/worktrees/cozy-02-integration/TacticalGo/ios/Build/Products/Release-iphonesimulator -F /Applications/Xcode.app/Contents/Developer/Platforms/iPhoneSimulator.platform/Developer/Library/Frameworks -F /Applications/Xcode.app/Contents/Developer/Platforms/iPhoneSimulator.platform/Developer/SDKs/iPhoneSimulator26.5.sdk/Developer/Library/Frameworks -parse-as-library -c -num-threads 8 -Xcc -ivfsstatcache -Xcc /Users/pc49-58/.codex/worktrees/cozy-02-integration/TacticalGo/ios/HeroBodyReleaseBuild/SDKStatCaches.noindex/iphonesimulator26.5-23F81a-6cfe768891a92b912361537c460fe42b.sdkstatcache -output-file-map /Users/pc49-58/.codex/worktrees/cozy-02-integration/TacticalGo/ios/Build/Intermediates.noindex/TacticalGoCore.build/Release-iphonesimulator/TacticalGoBot.build/Objects-normal/x86_64/TacticalGoBot-OutputFileMap.json -use-frontend-parseable-output -save-temps -no-color-diagnostics -explicit-module-build -module-cache-path /Users/pc49-58/.codex/worktrees/cozy-02-integration/TacticalGo/ios/Build/Intermediates.noindex/SwiftExplicitPrecompiledModules -clang-scanner-module-cache-path /Users/pc49-58/.codex/worktrees/cozy-02-integration/TacticalGo/ios/HeroBodyReleaseBuild/ModuleCache.noindex -sdk-module-cache-path /Users/pc49-58/.codex/worktrees/cozy-02-integration/TacticalGo/ios/HeroBodyReleaseBuild/ModuleCache.noindex -serialize-diagnostics -emit-dependencies -emit-module -emit-module-path /Users/pc49-58/.codex/worktrees/cozy-02-integration/TacticalGo/ios/Build/Intermediates.noindex/TacticalGoCore.build/Release-iphonesimulator/TacticalGoBot.build/Objects-normal/x86_64/TacticalGoBot.swiftmodule -validate-clang-modules-once -clang-build-session-file /Users/pc49-58/.codex/worktrees/cozy-02-integration/TacticalGo/ios/HeroBodyReleaseBuild/ModuleCache.noindex/Session.modulevalidation -package-name tacticalgocore -Xcc -I/Users/pc49-58/.codex/worktrees/cozy-02-integration/TacticalGo/ios/Build/Intermediates.noindex/TacticalGoCore.build/Release-iphonesimulator/TacticalGoBot.build/swift-overrides.hmap -emit-const-values -Xfrontend -const-gather-protocols-file -Xfrontend /Users/pc49-58/.codex/worktrees/cozy-02-integration/TacticalGo/ios/Build/Intermediates.noindex/TacticalGoCore.build/Release-iphonesimulator/TacticalGoBot.build/Objects-normal/x86_64/TacticalGoBot_const_extract_protocols.json -Xcc -I/Users/pc49-58/.codex/worktrees/cozy-02-integration/TacticalGo/ios/Build/Products/Release-iphonesimulator/include -Xcc -I/Users/pc49-58/.codex/worktrees/cozy-02-integration/TacticalGo/ios/Build/Intermediates.noindex/TacticalGoCore.build/Release-iphonesimulator/TacticalGoBot.build/DerivedSources-normal/x86_64 -Xcc -I/Users/pc49-58/.codex/worktrees/cozy-02-integration/TacticalGo/ios/Build/Intermediates.noindex/TacticalGoCore.build/Release-iphonesimulator/TacticalGoBot.build/DerivedSources/x86_64 -Xcc -I/Users/pc49-58/.codex/worktrees/cozy-02-integration/TacticalGo/ios/Build/Intermediates.noindex/TacticalGoCore.build/Release-iphonesimulator/TacticalGoBot.build/DerivedSources -Xcc -DSWIFT_PACKAGE -emit-objc-header -emit-objc-header-path /Users/pc49-58/.codex/worktrees/cozy-02-integration/TacticalGo/ios/Build/Intermediates.noindex/TacticalGoCore.build/Release-iphonesimulator/TacticalGoBot.build/Objects-normal/x86_64/TacticalGoBot-Swift.h -working-directory /Users/pc49-58/.codex/worktrees/cozy-02-integration/TacticalGo/ios/TacticalGo.xcodeproj -no-emit-module-separately-wmo

SwiftCompile normal arm64 Compiling\ MatchRecord.swift /Users/pc49-58/.codex/worktrees/cozy-02-integration/TacticalGo/swift/TacticalGoCore/Sources/TacticalGoRecords/MatchRecord.swift /Applications/Xcode.app/Contents/Developer/Toolchains/XcodeDefault.xctoolchain/usr/lib/swift/iphonesimulator/prebuilt-modules/26.5/_DarwinFoundation1.swiftmodule/arm64-apple-ios-simulator.swiftmodule /Applications/Xcode.app/Contents/Developer/Toolchains/XcodeDefault.xctoolchain/usr/lib/swift/iphonesimulator/prebuilt-modules/26.5/Swift.swiftmodule/arm64-apple-ios-simulator.swiftmodule /Applications/Xcode.app/Contents/Developer/Toolchains/XcodeDefault.xctoolchain/usr/lib/swift/iphonesimulator/prebuilt-modules/26.5/Dispatch.swiftmodule/arm64-apple-ios-simulator.swiftmodule /Applications/Xcode.app/Contents/Developer/Toolchains/XcodeDefault.xctoolchain/usr/lib/swift/iphonesimulator/prebuilt-modules/26.5/Foundation.swiftmodule/arm64-apple-ios-simulator.swiftmodule /Applications/Xcode.app/Contents/Developer/Toolchains/XcodeDefault.xctoolchain/usr/lib/swift/iphonesimulator/prebuilt-modules/26.5/_Builtin_float.swiftmodule/arm64-apple-ios-simulator.swiftmodule /Applications/Xcode.app/Contents/Developer/Toolchains/XcodeDefault.xctoolchain/usr/lib/swift/iphonesimulator/prebuilt-modules/26.5/Combine.swiftmodule/arm64-apple-ios-simulator.swiftmodule /Applications/Xcode.app/Contents/Developer/Toolchains/XcodeDefault.xctoolchain/usr/lib/swift/iphonesimulator/prebuilt-modules/26.5/Observation.swiftmodule/arm64-apple-ios-simulator.swiftmodule /Applications/Xcode.app/Contents/Developer/Toolchains/XcodeDefault.xctoolchain/usr/lib/swift/iphonesimulator/prebuilt-modules/26.5/CoreFoundation.swiftmodule/arm64-apple-ios-simulator.swiftmodule /Applications/Xcode.app/Contents/Developer/Toolchains/XcodeDefault.xctoolchain/usr/lib/swift/iphonesimulator/prebuilt-modules/26.5/XPC.swiftmodule/arm64-apple-ios-simulator.swiftmodule /Users/pc49-58/.codex/worktrees/cozy-02-integration/TacticalGo/ios/Build/Products/Release-iphonesimulator/TacticalGoCore.swiftmodule/arm64-apple-ios-simulator.swiftmodule /Applications/Xcode.app/Contents/Developer/Toolchains/XcodeDefault.xctoolchain/usr/lib/swift/iphonesimulator/prebuilt-modules/26.5/Darwin.swiftmodule/arm64-apple-ios-simulator.swiftmodule /Applications/Xcode.app/Contents/Developer/Toolchains/XcodeDefault.xctoolchain/usr/lib/swift/iphonesimulator/prebuilt-modules/26.5/_DarwinFoundation2.swiftmodule/arm64-apple-ios-simulator.swiftmodule /Applications/Xcode.app/Contents/Developer/Toolchains/XcodeDefault.xctoolchain/usr/lib/swift/iphonesimulator/prebuilt-modules/26.5/_DarwinFoundation3.swiftmodule/arm64-apple-ios-simulator.swiftmodule /Applications/Xcode.app/Contents/Developer/Toolchains/XcodeDefault.xctoolchain/usr/lib/swift/iphonesimulator/prebuilt-modules/26.5/ObjectiveC.swiftmodule/arm64-apple-ios-simulator.swiftmodule /Applications/Xcode.app/Contents/Developer/Toolchains/XcodeDefault.xctoolchain/usr/lib/swift/iphonesimulator/prebuilt-modules/26.5/_Concurrency.swiftmodule/arm64-apple-ios-simulator.swiftmodule /Applications/Xcode.app/Contents/Developer/Toolchains/XcodeDefault.xctoolchain/usr/lib/swift/iphonesimulator/prebuilt-modules/26.5/_StringProcessing.swiftmodule/arm64-apple-ios-simulator.swiftmodule /Applications/Xcode.app/Contents/Developer/Toolchains/XcodeDefault.xctoolchain/usr/lib/swift/iphonesimulator/prebuilt-modules/26.5/System.swiftmodule/arm64-apple-ios-simulator.swiftmodule /Users/pc49-58/.codex/worktrees/cozy-02-integration/TacticalGo/ios/HeroBodyReleaseBuild/ModuleCache.noindex/ObjectiveC-EMVUECSR7TVD8D2LKM9UEUHXW.pcm /Users/pc49-58/.codex/worktrees/cozy-02-integration/TacticalGo/ios/HeroBodyReleaseBuild/ModuleCache.noindex/_AvailabilityInternal-871NEHTPBMXZSKAJB4NEPFNBO.pcm /Users/pc49-58/.codex/worktrees/cozy-02-integration/TacticalGo/ios/HeroBodyReleaseBuild/ModuleCache.noindex/os_object-C246VNEZ7RCA3SHLLGHJUQSJR.pcm /Users/pc49-58/.codex/worktrees/cozy-02-integration/TacticalGo/ios/HeroBodyReleaseBuild/ModuleCache.noindex/os_workgroup-9P3OVNAVC4EMOU0CT2JEOZEEJ.pcm /Users/pc49-58/.codex/worktrees/cozy-02-integration/TacticalGo/ios/HeroBodyReleaseBuild/ModuleCache.noindex/_Builtin_stdint-5IVKFL8ZSR982IW2NO2HJX7YY.pcm /Users/pc49-58/.codex/worktrees/cozy-02-integration/TacticalGo/ios/HeroBodyReleaseBuild/ModuleCache.noindex/SwiftShims-8H9FJH97JDIAYQXFI009R8YP.pcm /Users/pc49-58/.codex/worktrees/cozy-02-integration/TacticalGo/ios/HeroBodyReleaseBuild/ModuleCache.noindex/CFNetwork-DY3ECJ3V9ABOQYAN3JAOWDI72.pcm /Users/pc49-58/.codex/worktrees/cozy-02-integration/TacticalGo/ios/HeroBodyReleaseBuild/ModuleCache.noindex/_Builtin_inttypes-EQW0IHY2O6BPZJ4CSB3HL8G2K.pcm /Users/pc49-58/.codex/worktrees/cozy-02-integration/TacticalGo/ios/HeroBodyReleaseBuild/ModuleCache.noindex/Dispatch-CIB0WPQVRD2FWB6JXS1VBXT0S.pcm /Users/pc49-58/.codex/worktrees/cozy-02-integration/TacticalGo/ios/HeroBodyReleaseBuild/ModuleCache.noindex/Security-516FKG2D57MR3G1VV673A6HMQ.pcm /Users/pc49-58/.codex/worktrees/cozy-02-integration/TacticalGo/ios/HeroBodyReleaseBuild/ModuleCache.noindex/ptrauth-A3O5TJEDJ6Q85M9E85RRTXC3C.pcm /Users/pc49-58/.codex/worktrees/cozy-02-integration/TacticalGo/ios/HeroBodyReleaseBuild/ModuleCache.noindex/Foundation-2O8THKBWEH8OHHDYO0MN2VMD2.pcm /Users/pc49-58/.codex/worktrees/cozy-02-integration/TacticalGo/ios/HeroBodyReleaseBuild/ModuleCache.noindex/sys_types-96V0DJMV7WZBRWVUBD273IBCC.pcm /Users/pc49-58/.codex/worktrees/cozy-02-integration/TacticalGo/ios/HeroBodyReleaseBuild/ModuleCache.noindex/_DarwinFoundation1-DKTUG4G1TCSDHN2PL2UNUFIAT.pcm /Users/pc49-58/.codex/worktrees/cozy-02-integration/TacticalGo/ios/HeroBodyReleaseBuild/ModuleCache.noindex/ptrcheck-186LASGQ0CV4PFMJXXLFJ0I20.pcm /Users/pc49-58/.codex/worktrees/cozy-02-integration/TacticalGo/ios/HeroBodyReleaseBuild/ModuleCache.noindex/_DarwinFoundation2-EMO4LD4595BLXDR3YJIGW2BFG.pcm /Users/pc49-58/.codex/worktrees/cozy-02-integration/TacticalGo/ios/HeroBodyReleaseBuild/ModuleCache.noindex/_SwiftConcurrencyShims-8HPJN75BWWDZBFT8WQLGJ4AQW.pcm /Users/pc49-58/.codex/worktrees/cozy-02-integration/TacticalGo/ios/HeroBodyReleaseBuild/ModuleCache.noindex/CoreFoundation-8TR659XC290E9IA75FG1SJCZN.pcm /Users/pc49-58/.codex/worktrees/cozy-02-integration/TacticalGo/ios/HeroBodyReleaseBuild/ModuleCache.noindex/_Builtin_float-4BEYYCN1EYL03HP5RKP29MQS4.pcm /Users/pc49-58/.codex/worktrees/cozy-02-integration/TacticalGo/ios/HeroBodyReleaseBuild/ModuleCache.noindex/_Builtin_limits-4BT0P8MA8Z970B0RRJ2RHQAY2.pcm /Users/pc49-58/.codex/worktrees/cozy-02-integration/TacticalGo/ios/HeroBodyReleaseBuild/ModuleCache.noindex/_Builtin_stddef-ESU2LFFEIJKBPJNOUL0ZRW7PO.pcm /Users/pc49-58/.codex/worktrees/cozy-02-integration/TacticalGo/ios/HeroBodyReleaseBuild/ModuleCache.noindex/Darwin-9GTPFTM4TRNVH5FSRKGC8323U.pcm /Users/pc49-58/.codex/worktrees/cozy-02-integration/TacticalGo/ios/HeroBodyReleaseBuild/ModuleCache.noindex/XPC-AV7EMG3JWO006UWUJUAROWO9G.pcm /Users/pc49-58/.codex/worktrees/cozy-02-integration/TacticalGo/ios/HeroBodyReleaseBuild/ModuleCache.noindex/_DarwinFoundation3-3SG0FLB21OAZQRIWS8TY6EJDT.pcm /Users/pc49-58/.codex/worktrees/cozy-02-integration/TacticalGo/ios/HeroBodyReleaseBuild/ModuleCache.noindex/_Builtin_stdarg-AXKIARCI3B82NL57FG72MDOV2.pcm /Users/pc49-58/.codex/worktrees/cozy-02-integration/TacticalGo/ios/HeroBodyReleaseBuild/ModuleCache.noindex/_Builtin_stdbool-2GYBEX9FQU9KFPYV33OOL5YY8.pcm /Users/pc49-58/.codex/worktrees/cozy-02-integration/TacticalGo/ios/Build/Intermediates.noindex/TacticalGoCore.build/Release-iphonesimulator/TacticalGoRecords.build/Objects-normal/arm64/TacticalGoRecords-dependencies-1.json (in target 'TacticalGoRecords' from project 'TacticalGoCore')

SwiftCompile normal arm64 /Users/pc49-58/.codex/worktrees/cozy-02-integration/TacticalGo/swift/TacticalGoCore/Sources/TacticalGoRecords/MatchRecord.swift (in target 'TacticalGoRecords' from project 'TacticalGoCore')
    cd /Users/pc49-58/.codex/worktrees/cozy-02-integration/TacticalGo/ios/TacticalGo.xcodeproj


SwiftDriver\ Compilation TacticalGoRecords normal arm64 com.apple.xcode.tools.swift.compiler (in target 'TacticalGoRecords' from project 'TacticalGoCore')
    cd /Users/pc49-58/.codex/worktrees/cozy-02-integration/TacticalGo/ios/TacticalGo.xcodeproj
    builtin-Swift-Compilation -- /Applications/Xcode.app/Contents/Developer/Toolchains/XcodeDefault.xctoolchain/usr/bin/swiftc -module-name TacticalGoRecords -O -whole-module-optimization @/Users/pc49-58/.codex/worktrees/cozy-02-integration/TacticalGo/ios/Build/Intermediates.noindex/TacticalGoCore.build/Release-iphonesimulator/TacticalGoRecords.build/Objects-normal/arm64/TacticalGoRecords.SwiftFileList -DSWIFT_PACKAGE -DSWIFT_MODULE_RESOURCE_BUNDLE_UNAVAILABLE -DXcode -plugin-path /Applications/Xcode.app/Contents/Developer/Toolchains/XcodeDefault.xctoolchain/usr/lib/swift/host/plugins/testing -enable-experimental-feature DebugDescriptionMacro -sdk /Applications/Xcode.app/Contents/Developer/Platforms/iPhoneSimulator.platform/Developer/SDKs/iPhoneSimulator26.5.sdk -target arm64-apple-ios12.0-simulator -g -module-cache-path /Users/pc49-58/.codex/worktrees/cozy-02-integration/TacticalGo/ios/HeroBodyReleaseBuild/ModuleCache.noindex -Xfrontend -serialize-debugging-options -suppress-warnings -swift-version 6 -I /Users/pc49-58/.codex/worktrees/cozy-02-integration/TacticalGo/ios/Build/Products/Release-iphonesimulator -Isystem /Applications/Xcode.app/Contents/Developer/Platforms/iPhoneSimulator.platform/Developer/usr/lib -F /Users/pc49-58/.codex/worktrees/cozy-02-integration/TacticalGo/ios/Build/Products/Release-iphonesimulator/PackageFrameworks -F /Users/pc49-58/.codex/worktrees/cozy-02-integration/TacticalGo/ios/Build/Products/Release-iphonesimulator -F /Applications/Xcode.app/Contents/Developer/Platforms/iPhoneSimulator.platform/Developer/Library/Frameworks -F /Applications/Xcode.app/Contents/Developer/Platforms/iPhoneSimulator.platform/Developer/SDKs/iPhoneSimulator26.5.sdk/Developer/Library/Frameworks -parse-as-library -c -num-threads 8 -Xcc -ivfsstatcache -Xcc /Users/pc49-58/.codex/worktrees/cozy-02-integration/TacticalGo/ios/HeroBodyReleaseBuild/SDKStatCaches.noindex/iphonesimulator26.5-23F81a-6cfe768891a92b912361537c460fe42b.sdkstatcache -output-file-map /Users/pc49-58/.codex/worktrees/cozy-02-integration/TacticalGo/ios/Build/Intermediates.noindex/TacticalGoCore.build/Release-iphonesimulator/TacticalGoRecords.build/Objects-normal/arm64/TacticalGoRecords-OutputFileMap.json -use-frontend-parseable-output -save-temps -no-color-diagnostics -explicit-module-build -module-cache-path /Users/pc49-58/.codex/worktrees/cozy-02-integration/TacticalGo/ios/Build/Intermediates.noindex/SwiftExplicitPrecompiledModules -clang-scanner-module-cache-path /Users/pc49-58/.codex/worktrees/cozy-02-integration/TacticalGo/ios/HeroBodyReleaseBuild/ModuleCache.noindex -sdk-module-cache-path /Users/pc49-58/.codex/worktrees/cozy-02-integration/TacticalGo/ios/HeroBodyReleaseBuild/ModuleCache.noindex -serialize-diagnostics -emit-dependencies -emit-module -emit-module-path /Users/pc49-58/.codex/worktrees/cozy-02-integration/TacticalGo/ios/Build/Intermediates.noindex/TacticalGoCore.build/Release-iphonesimulator/TacticalGoRecords.build/Objects-normal/arm64/TacticalGoRecords.swiftmodule -validate-clang-modules-once -clang-build-session-file /Users/pc49-58/.codex/worktrees/cozy-02-integration/TacticalGo/ios/HeroBodyReleaseBuild/ModuleCache.noindex/Session.modulevalidation -package-name tacticalgocore -Xcc -I/Users/pc49-58/.codex/worktrees/cozy-02-integration/TacticalGo/ios/Build/Intermediates.noindex/TacticalGoCore.build/Release-iphonesimulator/TacticalGoRecords.build/swift-overrides.hmap -emit-const-values -Xfrontend -const-gather-protocols-file -Xfrontend /Users/pc49-58/.codex/worktrees/cozy-02-integration/TacticalGo/ios/Build/Intermediates.noindex/TacticalGoCore.build/Release-iphonesimulator/TacticalGoRecords.build/Objects-normal/arm64/TacticalGoRecords_const_extract_protocols.json -Xcc -I/Users/pc49-58/.codex/worktrees/cozy-02-integration/TacticalGo/ios/Build/Products/Release-iphonesimulator/include -Xcc -I/Users/pc49-58/.codex/worktrees/cozy-02-integration/TacticalGo/ios/Build/Intermediates.noindex/TacticalGoCore.build/Release-iphonesimulator/TacticalGoRecords.build/DerivedSources-normal/arm64 -Xcc -I/Users/pc49-58/.codex/worktrees/cozy-02-integration/TacticalGo/ios/Build/Intermediates.noindex/TacticalGoCore.build/Release-iphonesimulator/TacticalGoRecords.build/DerivedSources/arm64 -Xcc -I/Users/pc49-58/.codex/worktrees/cozy-02-integration/TacticalGo/ios/Build/Intermediates.noindex/TacticalGoCore.build/Release-iphonesimulator/TacticalGoRecords.build/DerivedSources -Xcc -DSWIFT_PACKAGE -emit-objc-header -emit-objc-header-path /Users/pc49-58/.codex/worktrees/cozy-02-integration/TacticalGo/ios/Build/Intermediates.noindex/TacticalGoCore.build/Release-iphonesimulator/TacticalGoRecords.build/Objects-normal/arm64/TacticalGoRecords-Swift.h -working-directory /Users/pc49-58/.codex/worktrees/cozy-02-integration/TacticalGo/ios/TacticalGo.xcodeproj -no-emit-module-separately-wmo

SwiftCompile normal x86_64 Compiling\ resource_bundle_accessor.swift,\ Onboarding.swift /Users/pc49-58/.codex/worktrees/cozy-02-integration/TacticalGo/ios/Build/Intermediates.noindex/TacticalGoCore.build/Release-iphonesimulator/TacticalGoOnboarding.build/DerivedSources/resource_bundle_accessor.swift /Users/pc49-58/.codex/worktrees/cozy-02-integration/TacticalGo/swift/TacticalGoCore/Sources/TacticalGoOnboarding/Onboarding.swift /Applications/Xcode.app/Contents/Developer/Toolchains/XcodeDefault.xctoolchain/usr/lib/swift/iphonesimulator/prebuilt-modules/26.5/ObjectiveC.swiftmodule/x86_64-apple-ios-simulator.swiftmodule /Applications/Xcode.app/Contents/Developer/Toolchains/XcodeDefault.xctoolchain/usr/lib/swift/iphonesimulator/prebuilt-modules/26.5/_Builtin_float.swiftmodule/x86_64-apple-ios-simulator.swiftmodule /Applications/Xcode.app/Contents/Developer/Toolchains/XcodeDefault.xctoolchain/usr/lib/swift/iphonesimulator/prebuilt-modules/26.5/Swift.swiftmodule/x86_64-apple-ios-simulator.swiftmodule /Applications/Xcode.app/Contents/Developer/Toolchains/XcodeDefault.xctoolchain/usr/lib/swift/iphonesimulator/prebuilt-modules/26.5/_DarwinFoundation2.swiftmodule/x86_64-apple-ios-simulator.swiftmodule /Applications/Xcode.app/Contents/Developer/Toolchains/XcodeDefault.xctoolchain/usr/lib/swift/iphonesimulator/prebuilt-modules/26.5/Observation.swiftmodule/x86_64-apple-ios-simulator.swiftmodule /Applications/Xcode.app/Contents/Developer/Toolchains/XcodeDefault.xctoolchain/usr/lib/swift/iphonesimulator/prebuilt-modules/26.5/_StringProcessing.swiftmodule/x86_64-apple-ios-simulator.swiftmodule /Applications/Xcode.app/Contents/Developer/Toolchains/XcodeDefault.xctoolchain/usr/lib/swift/iphonesimulator/prebuilt-modules/26.5/XPC.swiftmodule/x86_64-apple-ios-simulator.swiftmodule /Applications/Xcode.app/Contents/Developer/Toolchains/XcodeDefault.xctoolchain/usr/lib/swift/iphonesimulator/prebuilt-modules/26.5/_DarwinFoundation3.swiftmodule/x86_64-apple-ios-simulator.swiftmodule /Applications/Xcode.app/Contents/Developer/Toolchains/XcodeDefault.xctoolchain/usr/lib/swift/iphonesimulator/prebuilt-modules/26.5/Combine.swiftmodule/x86_64-apple-ios-simulator.swiftmodule /Applications/Xcode.app/Contents/Developer/Toolchains/XcodeDefault.xctoolchain/usr/lib/swift/iphonesimulator/prebuilt-modules/26.5/_Concurrency.swiftmodule/x86_64-apple-ios-simulator.swiftmodule /Users/pc49-58/.codex/worktrees/cozy-02-integration/TacticalGo/ios/Build/Products/Release-iphonesimulator/TacticalGoCore.swiftmodule/x86_64-apple-ios-simulator.swiftmodule /Applications/Xcode.app/Contents/Developer/Toolchains/XcodeDefault.xctoolchain/usr/lib/swift/iphonesimulator/prebuilt-modules/26.5/_DarwinFoundation1.swiftmodule/x86_64-apple-ios-simulator.swiftmodule /Applications/Xcode.app/Contents/Developer/Toolchains/XcodeDefault.xctoolchain/usr/lib/swift/iphonesimulator/prebuilt-modules/26.5/Foundation.swiftmodule/x86_64-apple-ios-simulator.swiftmodule /Applications/Xcode.app/Contents/Developer/Toolchains/XcodeDefault.xctoolchain/usr/lib/swift/iphonesimulator/prebuilt-modules/26.5/CoreFoundation.swiftmodule/x86_64-apple-ios-simulator.swiftmodule /Applications/Xcode.app/Contents/Developer/Toolchains/XcodeDefault.xctoolchain/usr/lib/swift/iphonesimulator/prebuilt-modules/26.5/System.swiftmodule/x86_64-apple-ios-simulator.swiftmodule /Applications/Xcode.app/Contents/Developer/Toolchains/XcodeDefault.xctoolchain/usr/lib/swift/iphonesimulator/prebuilt-modules/26.5/Dispatch.swiftmodule/x86_64-apple-ios-simulator.swiftmodule /Applications/Xcode.app/Contents/Developer/Toolchains/XcodeDefault.xctoolchain/usr/lib/swift/iphonesimulator/prebuilt-modules/26.5/Darwin.swiftmodule/x86_64-apple-ios-simulator.swiftmodule /Users/pc49-58/.codex/worktrees/cozy-02-integration/TacticalGo/ios/HeroBodyReleaseBuild/ModuleCache.noindex/_AvailabilityInternal-6APSPTGK7S94ELVC4TBJ1ICF2.pcm /Users/pc49-58/.codex/worktrees/cozy-02-integration/TacticalGo/ios/HeroBodyReleaseBuild/ModuleCache.noindex/_Builtin_inttypes-2TUINO38NU4G23EW6Q26FBLM3.pcm /Users/pc49-58/.codex/worktrees/cozy-02-integration/TacticalGo/ios/HeroBodyReleaseBuild/ModuleCache.noindex/Foundation-DFNFF7AN943UIZJJZSWP21GH.pcm /Users/pc49-58/.codex/worktrees/cozy-02-integration/TacticalGo/ios/HeroBodyReleaseBuild/ModuleCache.noindex/CoreFoundation-DMR4GA8B4939B2HIMT2O0KWKK.pcm /Users/pc49-58/.codex/worktrees/cozy-02-integration/TacticalGo/ios/HeroBodyReleaseBuild/ModuleCache.noindex/_SwiftConcurrencyShims-4E43R9UG28RNUUA0MQ8I8K0BJ.pcm /Users/pc49-58/.codex/worktrees/cozy-02-integration/TacticalGo/ios/HeroBodyReleaseBuild/ModuleCache.noindex/_Builtin_limits-D8GWVWPA3GJIMMNR7HJ7Z5SNT.pcm /Users/pc49-58/.codex/worktrees/cozy-02-integration/TacticalGo/ios/HeroBodyReleaseBuild/ModuleCache.noindex/_Builtin_stddef-CL7NK5R2S0TQANUEBK857H94H.pcm /Users/pc49-58/.codex/worktrees/cozy-02-integration/TacticalGo/ios/HeroBodyReleaseBuild/ModuleCache.noindex/_Builtin_stdint-9CDF10WV5L6VZ422S02KRJDK6.pcm /Users/pc49-58/.codex/worktrees/cozy-02-integration/TacticalGo/ios/HeroBodyReleaseBuild/ModuleCache.noindex/ObjectiveC-F2KLEJK1BBFLE6MCXLN2X5GA8.pcm /Users/pc49-58/.codex/worktrees/cozy-02-integration/TacticalGo/ios/HeroBodyReleaseBuild/ModuleCache.noindex/Security-6AWPX37CR9Q130UN1J09W77DQ.pcm /Users/pc49-58/.codex/worktrees/cozy-02-integration/TacticalGo/ios/HeroBodyReleaseBuild/ModuleCache.noindex/ptrcheck-644TFNVCHQB671K7U7J3PVF85.pcm /Users/pc49-58/.codex/worktrees/cozy-02-integration/TacticalGo/ios/HeroBodyReleaseBuild/ModuleCache.noindex/CFNetwork-9ETU4FJ6XRR0E6G1HW9VI3D7T.pcm /Users/pc49-58/.codex/worktrees/cozy-02-integration/TacticalGo/ios/HeroBodyReleaseBuild/ModuleCache.noindex/os_object-PQVCMCXVA770GSJVVUZD6NB9.pcm /Users/pc49-58/.codex/worktrees/cozy-02-integration/TacticalGo/ios/HeroBodyReleaseBuild/ModuleCache.noindex/os_workgroup-EHWNKUI0WOUGG3VBOXAPFTHGA.pcm /Users/pc49-58/.codex/worktrees/cozy-02-integration/TacticalGo/ios/HeroBodyReleaseBuild/ModuleCache.noindex/Darwin-VT184VHWT73D9BQAFU0VUGHV.pcm /Users/pc49-58/.codex/worktrees/cozy-02-integration/TacticalGo/ios/HeroBodyReleaseBuild/ModuleCache.noindex/_Builtin_stdbool-85PXXF9CQPUOTRYEIZMTL7RBR.pcm /Users/pc49-58/.codex/worktrees/cozy-02-integration/TacticalGo/ios/HeroBodyReleaseBuild/ModuleCache.noindex/sys_types-8EUWOG8P7Y5JXPPWAI2K1Z1W0.pcm /Users/pc49-58/.codex/worktrees/cozy-02-integration/TacticalGo/ios/HeroBodyReleaseBuild/ModuleCache.noindex/_DarwinFoundation2-7FBEKD7PD7FZWNZYT3TYJWFGW.pcm /Users/pc49-58/.codex/worktrees/cozy-02-integration/TacticalGo/ios/HeroBodyReleaseBuild/ModuleCache.noindex/SwiftShims-21GKZJ8OEMEN7POLP78VO36E8.pcm /Users/pc49-58/.codex/worktrees/cozy-02-integration/TacticalGo/ios/HeroBodyReleaseBuild/ModuleCache.noindex/XPC-Q5C8YC43HRZ8GQQ69CVVV6UY.pcm /Users/pc49-58/.codex/worktrees/cozy-02-integration/TacticalGo/ios/HeroBodyReleaseBuild/ModuleCache.noindex/Dispatch-E142OVUKOS968DX4XTVMDODYV.pcm /Users/pc49-58/.codex/worktrees/cozy-02-integration/TacticalGo/ios/HeroBodyReleaseBuild/ModuleCache.noindex/_DarwinFoundation3-7YCC7Q2K178YVWPC8Z7D9065Z.pcm /Users/pc49-58/.codex/worktrees/cozy-02-integration/TacticalGo/ios/HeroBodyReleaseBuild/ModuleCache.noindex/_Builtin_stdarg-9NOM0TKG38BKXDARY2CPU6IY3.pcm /Users/pc49-58/.codex/worktrees/cozy-02-integration/TacticalGo/ios/HeroBodyReleaseBuild/ModuleCache.noindex/ptrauth-742I6TP5T5ISDNRS0YT82OEXB.pcm /Users/pc49-58/.codex/worktrees/cozy-02-integration/TacticalGo/ios/HeroBodyReleaseBuild/ModuleCache.noindex/_Builtin_float-4213G51EJ04RE0H7G0PQRIM2Q.pcm /Users/pc49-58/.codex/worktrees/cozy-02-integration/TacticalGo/ios/HeroBodyReleaseBuild/ModuleCache.noindex/_DarwinFoundation1-2OMAYQ1NS4F44E779162OUM5B.pcm /Users/pc49-58/.codex/worktrees/cozy-02-integration/TacticalGo/ios/Build/Intermediates.noindex/TacticalGoCore.build/Release-iphonesimulator/TacticalGoOnboarding.build/Objects-normal/x86_64/TacticalGoOnboarding-dependencies-1.json (in target 'TacticalGoOnboarding' from project 'TacticalGoCore')

CompileSwift normal x86_64 (in target 'TacticalGoOnboarding' from project 'TacticalGoCore')
    cd /Users/pc49-58/.codex/worktrees/cozy-02-integration/TacticalGo/ios/TacticalGo.xcodeproj


SwiftDriver\ Compilation TacticalGoOnboarding normal x86_64 com.apple.xcode.tools.swift.compiler (in target 'TacticalGoOnboarding' from project 'TacticalGoCore')
    cd /Users/pc49-58/.codex/worktrees/cozy-02-integration/TacticalGo/ios/TacticalGo.xcodeproj
    builtin-Swift-Compilation -- /Applications/Xcode.app/Contents/Developer/Toolchains/XcodeDefault.xctoolchain/usr/bin/swiftc -module-name TacticalGoOnboarding -O -whole-module-optimization @/Users/pc49-58/.codex/worktrees/cozy-02-integration/TacticalGo/ios/Build/Intermediates.noindex/TacticalGoCore.build/Release-iphonesimulator/TacticalGoOnboarding.build/Objects-normal/x86_64/TacticalGoOnboarding.SwiftFileList -DSWIFT_PACKAGE -DSWIFT_MODULE_RESOURCE_BUNDLE_AVAILABLE -DXcode -plugin-path /Applications/Xcode.app/Contents/Developer/Toolchains/XcodeDefault.xctoolchain/usr/lib/swift/host/plugins/testing -enable-experimental-feature DebugDescriptionMacro -sdk /Applications/Xcode.app/Contents/Developer/Platforms/iPhoneSimulator.platform/Developer/SDKs/iPhoneSimulator26.5.sdk -target x86_64-apple-ios12.0-simulator -g -module-cache-path /Users/pc49-58/.codex/worktrees/cozy-02-integration/TacticalGo/ios/HeroBodyReleaseBuild/ModuleCache.noindex -Xfrontend -serialize-debugging-options -suppress-warnings -swift-version 6 -I /Users/pc49-58/.codex/worktrees/cozy-02-integration/TacticalGo/ios/Build/Products/Release-iphonesimulator -Isystem /Applications/Xcode.app/Contents/Developer/Platforms/iPhoneSimulator.platform/Developer/usr/lib -F /Users/pc49-58/.codex/worktrees/cozy-02-integration/TacticalGo/ios/Build/Products/Release-iphonesimulator/PackageFrameworks -F /Users/pc49-58/.codex/worktrees/cozy-02-integration/TacticalGo/ios/Build/Products/Release-iphonesimulator -F /Applications/Xcode.app/Contents/Developer/Platforms/iPhoneSimulator.platform/Developer/Library/Frameworks -F /Applications/Xcode.app/Contents/Developer/Platforms/iPhoneSimulator.platform/Developer/SDKs/iPhoneSimulator26.5.sdk/Developer/Library/Frameworks -c -num-threads 8 -Xcc -ivfsstatcache -Xcc /Users/pc49-58/.codex/worktrees/cozy-02-integration/TacticalGo/ios/HeroBodyReleaseBuild/SDKStatCaches.noindex/iphonesimulator26.5-23F81a-6cfe768891a92b912361537c460fe42b.sdkstatcache -output-file-map /Users/pc49-58/.codex/worktrees/cozy-02-integration/TacticalGo/ios/Build/Intermediates.noindex/TacticalGoCore.build/Release-iphonesimulator/TacticalGoOnboarding.build/Objects-normal/x86_64/TacticalGoOnboarding-OutputFileMap.json -use-frontend-parseable-output -save-temps -no-color-diagnostics -explicit-module-build -module-cache-path /Users/pc49-58/.codex/worktrees/cozy-02-integration/TacticalGo/ios/Build/Intermediates.noindex/SwiftExplicitPrecompiledModules -clang-scanner-module-cache-path /Users/pc49-58/.codex/worktrees/cozy-02-integration/TacticalGo/ios/HeroBodyReleaseBuild/ModuleCache.noindex -sdk-module-cache-path /Users/pc49-58/.codex/worktrees/cozy-02-integration/TacticalGo/ios/HeroBodyReleaseBuild/ModuleCache.noindex -serialize-diagnostics -emit-dependencies -emit-module -emit-module-path /Users/pc49-58/.codex/worktrees/cozy-02-integration/TacticalGo/ios/Build/Intermediates.noindex/TacticalGoCore.build/Release-iphonesimulator/TacticalGoOnboarding.build/Objects-normal/x86_64/TacticalGoOnboarding.swiftmodule -validate-clang-modules-once -clang-build-session-file /Users/pc49-58/.codex/worktrees/cozy-02-integration/TacticalGo/ios/HeroBodyReleaseBuild/ModuleCache.noindex/Session.modulevalidation -package-name tacticalgocore -Xcc -I/Users/pc49-58/.codex/worktrees/cozy-02-integration/TacticalGo/ios/Build/Intermediates.noindex/TacticalGoCore.build/Release-iphonesimulator/TacticalGoOnboarding.build/swift-overrides.hmap -emit-const-values -Xfrontend -const-gather-protocols-file -Xfrontend /Users/pc49-58/.codex/worktrees/cozy-02-integration/TacticalGo/ios/Build/Intermediates.noindex/TacticalGoCore.build/Release-iphonesimulator/TacticalGoOnboarding.build/Objects-normal/x86_64/TacticalGoOnboarding_const_extract_protocols.json -Xcc -I/Users/pc49-58/.codex/worktrees/cozy-02-integration/TacticalGo/ios/Build/Products/Release-iphonesimulator/include -Xcc -I/Users/pc49-58/.codex/worktrees/cozy-02-integration/TacticalGo/ios/Build/Intermediates.noindex/TacticalGoCore.build/Release-iphonesimulator/TacticalGoOnboarding.build/DerivedSources-normal/x86_64 -Xcc -I/Users/pc49-58/.codex/worktrees/cozy-02-integration/TacticalGo/ios/Build/Intermediates.noindex/TacticalGoCore.build/Release-iphonesimulator/TacticalGoOnboarding.build/DerivedSources/x86_64 -Xcc -I/Users/pc49-58/.codex/worktrees/cozy-02-integration/TacticalGo/ios/Build/Intermediates.noindex/TacticalGoCore.build/Release-iphonesimulator/TacticalGoOnboarding.build/DerivedSources -Xcc -DSWIFT_PACKAGE -emit-objc-header -emit-objc-header-path /Users/pc49-58/.codex/worktrees/cozy-02-integration/TacticalGo/ios/Build/Intermediates.noindex/TacticalGoCore.build/Release-iphonesimulator/TacticalGoOnboarding.build/Objects-normal/x86_64/TacticalGoOnboarding-Swift.h -working-directory /Users/pc49-58/.codex/worktrees/cozy-02-integration/TacticalGo/ios/TacticalGo.xcodeproj -no-emit-module-separately-wmo

SwiftCompile normal x86_64 Compiling\ MatchRecord.swift /Users/pc49-58/.codex/worktrees/cozy-02-integration/TacticalGo/swift/TacticalGoCore/Sources/TacticalGoRecords/MatchRecord.swift /Applications/Xcode.app/Contents/Developer/Toolchains/XcodeDefault.xctoolchain/usr/lib/swift/iphonesimulator/prebuilt-modules/26.5/_DarwinFoundation1.swiftmodule/x86_64-apple-ios-simulator.swiftmodule /Users/pc49-58/.codex/worktrees/cozy-02-integration/TacticalGo/ios/Build/Products/Release-iphonesimulator/TacticalGoCore.swiftmodule/x86_64-apple-ios-simulator.swiftmodule /Applications/Xcode.app/Contents/Developer/Toolchains/XcodeDefault.xctoolchain/usr/lib/swift/iphonesimulator/prebuilt-modules/26.5/Swift.swiftmodule/x86_64-apple-ios-simulator.swiftmodule /Applications/Xcode.app/Contents/Developer/Toolchains/XcodeDefault.xctoolchain/usr/lib/swift/iphonesimulator/prebuilt-modules/26.5/XPC.swiftmodule/x86_64-apple-ios-simulator.swiftmodule /Applications/Xcode.app/Contents/Developer/Toolchains/XcodeDefault.xctoolchain/usr/lib/swift/iphonesimulator/prebuilt-modules/26.5/_DarwinFoundation3.swiftmodule/x86_64-apple-ios-simulator.swiftmodule /Applications/Xcode.app/Contents/Developer/Toolchains/XcodeDefault.xctoolchain/usr/lib/swift/iphonesimulator/prebuilt-modules/26.5/_Concurrency.swiftmodule/x86_64-apple-ios-simulator.swiftmodule /Applications/Xcode.app/Contents/Developer/Toolchains/XcodeDefault.xctoolchain/usr/lib/swift/iphonesimulator/prebuilt-modules/26.5/Foundation.swiftmodule/x86_64-apple-ios-simulator.swiftmodule /Applications/Xcode.app/Contents/Developer/Toolchains/XcodeDefault.xctoolchain/usr/lib/swift/iphonesimulator/prebuilt-modules/26.5/System.swiftmodule/x86_64-apple-ios-simulator.swiftmodule /Applications/Xcode.app/Contents/Developer/Toolchains/XcodeDefault.xctoolchain/usr/lib/swift/iphonesimulator/prebuilt-modules/26.5/CoreFoundation.swiftmodule/x86_64-apple-ios-simulator.swiftmodule /Applications/Xcode.app/Contents/Developer/Toolchains/XcodeDefault.xctoolchain/usr/lib/swift/iphonesimulator/prebuilt-modules/26.5/_DarwinFoundation2.swiftmodule/x86_64-apple-ios-simulator.swiftmodule /Applications/Xcode.app/Contents/Developer/Toolchains/XcodeDefault.xctoolchain/usr/lib/swift/iphonesimulator/prebuilt-modules/26.5/Dispatch.swiftmodule/x86_64-apple-ios-simulator.swiftmodule /Applications/Xcode.app/Contents/Developer/Toolchains/XcodeDefault.xctoolchain/usr/lib/swift/iphonesimulator/prebuilt-modules/26.5/_StringProcessing.swiftmodule/x86_64-apple-ios-simulator.swiftmodule /Applications/Xcode.app/Contents/Developer/Toolchains/XcodeDefault.xctoolchain/usr/lib/swift/iphonesimulator/prebuilt-modules/26.5/Darwin.swiftmodule/x86_64-apple-ios-simulator.swiftmodule /Applications/Xcode.app/Contents/Developer/Toolchains/XcodeDefault.xctoolchain/usr/lib/swift/iphonesimulator/prebuilt-modules/26.5/_Builtin_float.swiftmodule/x86_64-apple-ios-simulator.swiftmodule /Applications/Xcode.app/Contents/Developer/Toolchains/XcodeDefault.xctoolchain/usr/lib/swift/iphonesimulator/prebuilt-modules/26.5/Combine.swiftmodule/x86_64-apple-ios-simulator.swiftmodule /Applications/Xcode.app/Contents/Developer/Toolchains/XcodeDefault.xctoolchain/usr/lib/swift/iphonesimulator/prebuilt-modules/26.5/ObjectiveC.swiftmodule/x86_64-apple-ios-simulator.swiftmodule /Applications/Xcode.app/Contents/Developer/Toolchains/XcodeDefault.xctoolchain/usr/lib/swift/iphonesimulator/prebuilt-modules/26.5/Observation.swiftmodule/x86_64-apple-ios-simulator.swiftmodule /Users/pc49-58/.codex/worktrees/cozy-02-integration/TacticalGo/ios/HeroBodyReleaseBuild/ModuleCache.noindex/_DarwinFoundation1-2OMAYQ1NS4F44E779162OUM5B.pcm /Users/pc49-58/.codex/worktrees/cozy-02-integration/TacticalGo/ios/HeroBodyReleaseBuild/ModuleCache.noindex/_AvailabilityInternal-6APSPTGK7S94ELVC4TBJ1ICF2.pcm /Users/pc49-58/.codex/worktrees/cozy-02-integration/TacticalGo/ios/HeroBodyReleaseBuild/ModuleCache.noindex/CoreFoundation-DMR4GA8B4939B2HIMT2O0KWKK.pcm /Users/pc49-58/.codex/worktrees/cozy-02-integration/TacticalGo/ios/HeroBodyReleaseBuild/ModuleCache.noindex/Foundation-DFNFF7AN943UIZJJZSWP21GH.pcm /Users/pc49-58/.codex/worktrees/cozy-02-integration/TacticalGo/ios/HeroBodyReleaseBuild/ModuleCache.noindex/_SwiftConcurrencyShims-4E43R9UG28RNUUA0MQ8I8K0BJ.pcm /Users/pc49-58/.codex/worktrees/cozy-02-integration/TacticalGo/ios/HeroBodyReleaseBuild/ModuleCache.noindex/_Builtin_limits-D8GWVWPA3GJIMMNR7HJ7Z5SNT.pcm /Users/pc49-58/.codex/worktrees/cozy-02-integration/TacticalGo/ios/HeroBodyReleaseBuild/ModuleCache.noindex/ObjectiveC-F2KLEJK1BBFLE6MCXLN2X5GA8.pcm /Users/pc49-58/.codex/worktrees/cozy-02-integration/TacticalGo/ios/HeroBodyReleaseBuild/ModuleCache.noindex/_Builtin_stdint-9CDF10WV5L6VZ422S02KRJDK6.pcm /Users/pc49-58/.codex/worktrees/cozy-02-integration/TacticalGo/ios/HeroBodyReleaseBuild/ModuleCache.noindex/_Builtin_stddef-CL7NK5R2S0TQANUEBK857H94H.pcm /Users/pc49-58/.codex/worktrees/cozy-02-integration/TacticalGo/ios/HeroBodyReleaseBuild/ModuleCache.noindex/Security-6AWPX37CR9Q130UN1J09W77DQ.pcm /Users/pc49-58/.codex/worktrees/cozy-02-integration/TacticalGo/ios/HeroBodyReleaseBuild/ModuleCache.noindex/os_object-PQVCMCXVA770GSJVVUZD6NB9.pcm /Users/pc49-58/.codex/worktrees/cozy-02-integration/TacticalGo/ios/HeroBodyReleaseBuild/ModuleCache.noindex/CFNetwork-9ETU4FJ6XRR0E6G1HW9VI3D7T.pcm /Users/pc49-58/.codex/worktrees/cozy-02-integration/TacticalGo/ios/HeroBodyReleaseBuild/ModuleCache.noindex/ptrcheck-644TFNVCHQB671K7U7J3PVF85.pcm /Users/pc49-58/.codex/worktrees/cozy-02-integration/TacticalGo/ios/HeroBodyReleaseBuild/ModuleCache.noindex/os_workgroup-EHWNKUI0WOUGG3VBOXAPFTHGA.pcm /Users/pc49-58/.codex/worktrees/cozy-02-integration/TacticalGo/ios/HeroBodyReleaseBuild/ModuleCache.noindex/Darwin-VT184VHWT73D9BQAFU0VUGHV.pcm /Users/pc49-58/.codex/worktrees/cozy-02-integration/TacticalGo/ios/HeroBodyReleaseBuild/ModuleCache.noindex/_Builtin_stdbool-85PXXF9CQPUOTRYEIZMTL7RBR.pcm /Users/pc49-58/.codex/worktrees/cozy-02-integration/TacticalGo/ios/HeroBodyReleaseBuild/ModuleCache.noindex/sys_types-8EUWOG8P7Y5JXPPWAI2K1Z1W0.pcm /Users/pc49-58/.codex/worktrees/cozy-02-integration/TacticalGo/ios/HeroBodyReleaseBuild/ModuleCache.noindex/_DarwinFoundation2-7FBEKD7PD7FZWNZYT3TYJWFGW.pcm /Users/pc49-58/.codex/worktrees/cozy-02-integration/TacticalGo/ios/HeroBodyReleaseBuild/ModuleCache.noindex/SwiftShims-21GKZJ8OEMEN7POLP78VO36E8.pcm /Users/pc49-58/.codex/worktrees/cozy-02-integration/TacticalGo/ios/HeroBodyReleaseBuild/ModuleCache.noindex/Dispatch-E142OVUKOS968DX4XTVMDODYV.pcm /Users/pc49-58/.codex/worktrees/cozy-02-integration/TacticalGo/ios/HeroBodyReleaseBuild/ModuleCache.noindex/XPC-Q5C8YC43HRZ8GQQ69CVVV6UY.pcm /Users/pc49-58/.codex/worktrees/cozy-02-integration/TacticalGo/ios/HeroBodyReleaseBuild/ModuleCache.noindex/_DarwinFoundation3-7YCC7Q2K178YVWPC8Z7D9065Z.pcm /Users/pc49-58/.codex/worktrees/cozy-02-integration/TacticalGo/ios/HeroBodyReleaseBuild/ModuleCache.noindex/_Builtin_stdarg-9NOM0TKG38BKXDARY2CPU6IY3.pcm /Users/pc49-58/.codex/worktrees/cozy-02-integration/TacticalGo/ios/HeroBodyReleaseBuild/ModuleCache.noindex/ptrauth-742I6TP5T5ISDNRS0YT82OEXB.pcm /Users/pc49-58/.codex/worktrees/cozy-02-integration/TacticalGo/ios/HeroBodyReleaseBuild/ModuleCache.noindex/_Builtin_float-4213G51EJ04RE0H7G0PQRIM2Q.pcm /Users/pc49-58/.codex/worktrees/cozy-02-integration/TacticalGo/ios/HeroBodyReleaseBuild/ModuleCache.noindex/_Builtin_inttypes-2TUINO38NU4G23EW6Q26FBLM3.pcm /Users/pc49-58/.codex/worktrees/cozy-02-integration/TacticalGo/ios/Build/Intermediates.noindex/TacticalGoCore.build/Release-iphonesimulator/TacticalGoRecords.build/Objects-normal/x86_64/TacticalGoRecords-dependencies-2.json (in target 'TacticalGoRecords' from project 'TacticalGoCore')

SwiftCompile normal x86_64 /Users/pc49-58/.codex/worktrees/cozy-02-integration/TacticalGo/swift/TacticalGoCore/Sources/TacticalGoRecords/MatchRecord.swift (in target 'TacticalGoRecords' from project 'TacticalGoCore')
    cd /Users/pc49-58/.codex/worktrees/cozy-02-integration/TacticalGo/ios/TacticalGo.xcodeproj


SwiftDriver\ Compilation TacticalGoRecords normal x86_64 com.apple.xcode.tools.swift.compiler (in target 'TacticalGoRecords' from project 'TacticalGoCore')
    cd /Users/pc49-58/.codex/worktrees/cozy-02-integration/TacticalGo/ios/TacticalGo.xcodeproj
    builtin-Swift-Compilation -- /Applications/Xcode.app/Contents/Developer/Toolchains/XcodeDefault.xctoolchain/usr/bin/swiftc -module-name TacticalGoRecords -O -whole-module-optimization @/Users/pc49-58/.codex/worktrees/cozy-02-integration/TacticalGo/ios/Build/Intermediates.noindex/TacticalGoCore.build/Release-iphonesimulator/TacticalGoRecords.build/Objects-normal/x86_64/TacticalGoRecords.SwiftFileList -DSWIFT_PACKAGE -DSWIFT_MODULE_RESOURCE_BUNDLE_UNAVAILABLE -DXcode -plugin-path /Applications/Xcode.app/Contents/Developer/Toolchains/XcodeDefault.xctoolchain/usr/lib/swift/host/plugins/testing -enable-experimental-feature DebugDescriptionMacro -sdk /Applications/Xcode.app/Contents/Developer/Platforms/iPhoneSimulator.platform/Developer/SDKs/iPhoneSimulator26.5.sdk -target x86_64-apple-ios12.0-simulator -g -module-cache-path /Users/pc49-58/.codex/worktrees/cozy-02-integration/TacticalGo/ios/HeroBodyReleaseBuild/ModuleCache.noindex -Xfrontend -serialize-debugging-options -suppress-warnings -swift-version 6 -I /Users/pc49-58/.codex/worktrees/cozy-02-integration/TacticalGo/ios/Build/Products/Release-iphonesimulator -Isystem /Applications/Xcode.app/Contents/Developer/Platforms/iPhoneSimulator.platform/Developer/usr/lib -F /Users/pc49-58/.codex/worktrees/cozy-02-integration/TacticalGo/ios/Build/Products/Release-iphonesimulator/PackageFrameworks -F /Users/pc49-58/.codex/worktrees/cozy-02-integration/TacticalGo/ios/Build/Products/Release-iphonesimulator -F /Applications/Xcode.app/Contents/Developer/Platforms/iPhoneSimulator.platform/Developer/Library/Frameworks -F /Applications/Xcode.app/Contents/Developer/Platforms/iPhoneSimulator.platform/Developer/SDKs/iPhoneSimulator26.5.sdk/Developer/Library/Frameworks -parse-as-library -c -num-threads 8 -Xcc -ivfsstatcache -Xcc /Users/pc49-58/.codex/worktrees/cozy-02-integration/TacticalGo/ios/HeroBodyReleaseBuild/SDKStatCaches.noindex/iphonesimulator26.5-23F81a-6cfe768891a92b912361537c460fe42b.sdkstatcache -output-file-map /Users/pc49-58/.codex/worktrees/cozy-02-integration/TacticalGo/ios/Build/Intermediates.noindex/TacticalGoCore.build/Release-iphonesimulator/TacticalGoRecords.build/Objects-normal/x86_64/TacticalGoRecords-OutputFileMap.json -use-frontend-parseable-output -save-temps -no-color-diagnostics -explicit-module-build -module-cache-path /Users/pc49-58/.codex/worktrees/cozy-02-integration/TacticalGo/ios/Build/Intermediates.noindex/SwiftExplicitPrecompiledModules -clang-scanner-module-cache-path /Users/pc49-58/.codex/worktrees/cozy-02-integration/TacticalGo/ios/HeroBodyReleaseBuild/ModuleCache.noindex -sdk-module-cache-path /Users/pc49-58/.codex/worktrees/cozy-02-integration/TacticalGo/ios/HeroBodyReleaseBuild/ModuleCache.noindex -serialize-diagnostics -emit-dependencies -emit-module -emit-module-path /Users/pc49-58/.codex/worktrees/cozy-02-integration/TacticalGo/ios/Build/Intermediates.noindex/TacticalGoCore.build/Release-iphonesimulator/TacticalGoRecords.build/Objects-normal/x86_64/TacticalGoRecords.swiftmodule -validate-clang-modules-once -clang-build-session-file /Users/pc49-58/.codex/worktrees/cozy-02-integration/TacticalGo/ios/HeroBodyReleaseBuild/ModuleCache.noindex/Session.modulevalidation -package-name tacticalgocore -Xcc -I/Users/pc49-58/.codex/worktrees/cozy-02-integration/TacticalGo/ios/Build/Intermediates.noindex/TacticalGoCore.build/Release-iphonesimulator/TacticalGoRecords.build/swift-overrides.hmap -emit-const-values -Xfrontend -const-gather-protocols-file -Xfrontend /Users/pc49-58/.codex/worktrees/cozy-02-integration/TacticalGo/ios/Build/Intermediates.noindex/TacticalGoCore.build/Release-iphonesimulator/TacticalGoRecords.build/Objects-normal/x86_64/TacticalGoRecords_const_extract_protocols.json -Xcc -I/Users/pc49-58/.codex/worktrees/cozy-02-integration/TacticalGo/ios/Build/Products/Release-iphonesimulator/include -Xcc -I/Users/pc49-58/.codex/worktrees/cozy-02-integration/TacticalGo/ios/Build/Intermediates.noindex/TacticalGoCore.build/Release-iphonesimulator/TacticalGoRecords.build/DerivedSources-normal/x86_64 -Xcc -I/Users/pc49-58/.codex/worktrees/cozy-02-integration/TacticalGo/ios/Build/Intermediates.noindex/TacticalGoCore.build/Release-iphonesimulator/TacticalGoRecords.build/DerivedSources/x86_64 -Xcc -I/Users/pc49-58/.codex/worktrees/cozy-02-integration/TacticalGo/ios/Build/Intermediates.noindex/TacticalGoCore.build/Release-iphonesimulator/TacticalGoRecords.build/DerivedSources -Xcc -DSWIFT_PACKAGE -emit-objc-header -emit-objc-header-path /Users/pc49-58/.codex/worktrees/cozy-02-integration/TacticalGo/ios/Build/Intermediates.noindex/TacticalGoCore.build/Release-iphonesimulator/TacticalGoRecords.build/Objects-normal/x86_64/TacticalGoRecords-Swift.h -working-directory /Users/pc49-58/.codex/worktrees/cozy-02-integration/TacticalGo/ios/TacticalGo.xcodeproj -no-emit-module-separately-wmo

SwiftCompile normal arm64 Compiling\ resource_bundle_accessor.swift,\ Onboarding.swift /Users/pc49-58/.codex/worktrees/cozy-02-integration/TacticalGo/ios/Build/Intermediates.noindex/TacticalGoCore.build/Release-iphonesimulator/TacticalGoOnboarding.build/DerivedSources/resource_bundle_accessor.swift /Users/pc49-58/.codex/worktrees/cozy-02-integration/TacticalGo/swift/TacticalGoCore/Sources/TacticalGoOnboarding/Onboarding.swift /Applications/Xcode.app/Contents/Developer/Toolchains/XcodeDefault.xctoolchain/usr/lib/swift/iphonesimulator/prebuilt-modules/26.5/Foundation.swiftmodule/arm64-apple-ios-simulator.swiftmodule /Applications/Xcode.app/Contents/Developer/Toolchains/XcodeDefault.xctoolchain/usr/lib/swift/iphonesimulator/prebuilt-modules/26.5/ObjectiveC.swiftmodule/arm64-apple-ios-simulator.swiftmodule /Applications/Xcode.app/Contents/Developer/Toolchains/XcodeDefault.xctoolchain/usr/lib/swift/iphonesimulator/prebuilt-modules/26.5/Darwin.swiftmodule/arm64-apple-ios-simulator.swiftmodule /Applications/Xcode.app/Contents/Developer/Toolchains/XcodeDefault.xctoolchain/usr/lib/swift/iphonesimulator/prebuilt-modules/26.5/XPC.swiftmodule/arm64-apple-ios-simulator.swiftmodule /Applications/Xcode.app/Contents/Developer/Toolchains/XcodeDefault.xctoolchain/usr/lib/swift/iphonesimulator/prebuilt-modules/26.5/_DarwinFoundation3.swiftmodule/arm64-apple-ios-simulator.swiftmodule /Applications/Xcode.app/Contents/Developer/Toolchains/XcodeDefault.xctoolchain/usr/lib/swift/iphonesimulator/prebuilt-modules/26.5/_DarwinFoundation2.swiftmodule/arm64-apple-ios-simulator.swiftmodule /Applications/Xcode.app/Contents/Developer/Toolchains/XcodeDefault.xctoolchain/usr/lib/swift/iphonesimulator/prebuilt-modules/26.5/System.swiftmodule/arm64-apple-ios-simulator.swiftmodule /Applications/Xcode.app/Contents/Developer/Toolchains/XcodeDefault.xctoolchain/usr/lib/swift/iphonesimulator/prebuilt-modules/26.5/Combine.swiftmodule/arm64-apple-ios-simulator.swiftmodule /Applications/Xcode.app/Contents/Developer/Toolchains/XcodeDefault.xctoolchain/usr/lib/swift/iphonesimulator/prebuilt-modules/26.5/_StringProcessing.swiftmodule/arm64-apple-ios-simulator.swiftmodule /Applications/Xcode.app/Contents/Developer/Toolchains/XcodeDefault.xctoolchain/usr/lib/swift/iphonesimulator/prebuilt-modules/26.5/CoreFoundation.swiftmodule/arm64-apple-ios-simulator.swiftmodule /Applications/Xcode.app/Contents/Developer/Toolchains/XcodeDefault.xctoolchain/usr/lib/swift/iphonesimulator/prebuilt-modules/26.5/_Concurrency.swiftmodule/arm64-apple-ios-simulator.swiftmodule /Applications/Xcode.app/Contents/Developer/Toolchains/XcodeDefault.xctoolchain/usr/lib/swift/iphonesimulator/prebuilt-modules/26.5/_Builtin_float.swiftmodule/arm64-apple-ios-simulator.swiftmodule /Applications/Xcode.app/Contents/Developer/Toolchains/XcodeDefault.xctoolchain/usr/lib/swift/iphonesimulator/prebuilt-modules/26.5/_DarwinFoundation1.swiftmodule/arm64-apple-ios-simulator.swiftmodule /Applications/Xcode.app/Contents/Developer/Toolchains/XcodeDefault.xctoolchain/usr/lib/swift/iphonesimulator/prebuilt-modules/26.5/Observation.swiftmodule/arm64-apple-ios-simulator.swiftmodule /Applications/Xcode.app/Contents/Developer/Toolchains/XcodeDefault.xctoolchain/usr/lib/swift/iphonesimulator/prebuilt-modules/26.5/Swift.swiftmodule/arm64-apple-ios-simulator.swiftmodule /Applications/Xcode.app/Contents/Developer/Toolchains/XcodeDefault.xctoolchain/usr/lib/swift/iphonesimulator/prebuilt-modules/26.5/Dispatch.swiftmodule/arm64-apple-ios-simulator.swiftmodule /Users/pc49-58/.codex/worktrees/cozy-02-integration/TacticalGo/ios/Build/Products/Release-iphonesimulator/TacticalGoCore.swiftmodule/arm64-apple-ios-simulator.swiftmodule /Users/pc49-58/.codex/worktrees/cozy-02-integration/TacticalGo/ios/HeroBodyReleaseBuild/ModuleCache.noindex/ObjectiveC-EMVUECSR7TVD8D2LKM9UEUHXW.pcm /Users/pc49-58/.codex/worktrees/cozy-02-integration/TacticalGo/ios/HeroBodyReleaseBuild/ModuleCache.noindex/_AvailabilityInternal-871NEHTPBMXZSKAJB4NEPFNBO.pcm /Users/pc49-58/.codex/worktrees/cozy-02-integration/TacticalGo/ios/HeroBodyReleaseBuild/ModuleCache.noindex/os_object-C246VNEZ7RCA3SHLLGHJUQSJR.pcm /Users/pc49-58/.codex/worktrees/cozy-02-integration/TacticalGo/ios/HeroBodyReleaseBuild/ModuleCache.noindex/os_workgroup-9P3OVNAVC4EMOU0CT2JEOZEEJ.pcm /Users/pc49-58/.codex/worktrees/cozy-02-integration/TacticalGo/ios/HeroBodyReleaseBuild/ModuleCache.noindex/_Builtin_stdint-5IVKFL8ZSR982IW2NO2HJX7YY.pcm /Users/pc49-58/.codex/worktrees/cozy-02-integration/TacticalGo/ios/HeroBodyReleaseBuild/ModuleCache.noindex/SwiftShims-8H9FJH97JDIAYQXFI009R8YP.pcm /Users/pc49-58/.codex/worktrees/cozy-02-integration/TacticalGo/ios/HeroBodyReleaseBuild/ModuleCache.noindex/CFNetwork-DY3ECJ3V9ABOQYAN3JAOWDI72.pcm /Users/pc49-58/.codex/worktrees/cozy-02-integration/TacticalGo/ios/HeroBodyReleaseBuild/ModuleCache.noindex/_Builtin_inttypes-EQW0IHY2O6BPZJ4CSB3HL8G2K.pcm /Users/pc49-58/.codex/worktrees/cozy-02-integration/TacticalGo/ios/HeroBodyReleaseBuild/ModuleCache.noindex/Dispatch-CIB0WPQVRD2FWB6JXS1VBXT0S.pcm /Users/pc49-58/.codex/worktrees/cozy-02-integration/TacticalGo/ios/HeroBodyReleaseBuild/ModuleCache.noindex/Security-516FKG2D57MR3G1VV673A6HMQ.pcm /Users/pc49-58/.codex/worktrees/cozy-02-integration/TacticalGo/ios/HeroBodyReleaseBuild/ModuleCache.noindex/ptrauth-A3O5TJEDJ6Q85M9E85RRTXC3C.pcm /Users/pc49-58/.codex/worktrees/cozy-02-integration/TacticalGo/ios/HeroBodyReleaseBuild/ModuleCache.noindex/Foundation-2O8THKBWEH8OHHDYO0MN2VMD2.pcm /Users/pc49-58/.codex/worktrees/cozy-02-integration/TacticalGo/ios/HeroBodyReleaseBuild/ModuleCache.noindex/sys_types-96V0DJMV7WZBRWVUBD273IBCC.pcm /Users/pc49-58/.codex/worktrees/cozy-02-integration/TacticalGo/ios/HeroBodyReleaseBuild/ModuleCache.noindex/_SwiftConcurrencyShims-8HPJN75BWWDZBFT8WQLGJ4AQW.pcm /Users/pc49-58/.codex/worktrees/cozy-02-integration/TacticalGo/ios/HeroBodyReleaseBuild/ModuleCache.noindex/ptrcheck-186LASGQ0CV4PFMJXXLFJ0I20.pcm /Users/pc49-58/.codex/worktrees/cozy-02-integration/TacticalGo/ios/HeroBodyReleaseBuild/ModuleCache.noindex/_DarwinFoundation2-EMO4LD4595BLXDR3YJIGW2BFG.pcm /Users/pc49-58/.codex/worktrees/cozy-02-integration/TacticalGo/ios/HeroBodyReleaseBuild/ModuleCache.noindex/_Builtin_float-4BEYYCN1EYL03HP5RKP29MQS4.pcm /Users/pc49-58/.codex/worktrees/cozy-02-integration/TacticalGo/ios/HeroBodyReleaseBuild/ModuleCache.noindex/CoreFoundation-8TR659XC290E9IA75FG1SJCZN.pcm /Users/pc49-58/.codex/worktrees/cozy-02-integration/TacticalGo/ios/HeroBodyReleaseBuild/ModuleCache.noindex/_DarwinFoundation1-DKTUG4G1TCSDHN2PL2UNUFIAT.pcm /Users/pc49-58/.codex/worktrees/cozy-02-integration/TacticalGo/ios/HeroBodyReleaseBuild/ModuleCache.noindex/_Builtin_limits-4BT0P8MA8Z970B0RRJ2RHQAY2.pcm /Users/pc49-58/.codex/worktrees/cozy-02-integration/TacticalGo/ios/HeroBodyReleaseBuild/ModuleCache.noindex/_Builtin_stddef-ESU2LFFEIJKBPJNOUL0ZRW7PO.pcm /Users/pc49-58/.codex/worktrees/cozy-02-integration/TacticalGo/ios/HeroBodyReleaseBuild/ModuleCache.noindex/Darwin-9GTPFTM4TRNVH5FSRKGC8323U.pcm /Users/pc49-58/.codex/worktrees/cozy-02-integration/TacticalGo/ios/HeroBodyReleaseBuild/ModuleCache.noindex/XPC-AV7EMG3JWO006UWUJUAROWO9G.pcm /Users/pc49-58/.codex/worktrees/cozy-02-integration/TacticalGo/ios/HeroBodyReleaseBuild/ModuleCache.noindex/_DarwinFoundation3-3SG0FLB21OAZQRIWS8TY6EJDT.pcm /Users/pc49-58/.codex/worktrees/cozy-02-integration/TacticalGo/ios/HeroBodyReleaseBuild/ModuleCache.noindex/_Builtin_stdarg-AXKIARCI3B82NL57FG72MDOV2.pcm /Users/pc49-58/.codex/worktrees/cozy-02-integration/TacticalGo/ios/HeroBodyReleaseBuild/ModuleCache.noindex/_Builtin_stdbool-2GYBEX9FQU9KFPYV33OOL5YY8.pcm /Users/pc49-58/.codex/worktrees/cozy-02-integration/TacticalGo/ios/Build/Intermediates.noindex/TacticalGoCore.build/Release-iphonesimulator/TacticalGoOnboarding.build/Objects-normal/arm64/TacticalGoOnboarding-dependencies-2.json (in target 'TacticalGoOnboarding' from project 'TacticalGoCore')

CompileSwift normal arm64 (in target 'TacticalGoOnboarding' from project 'TacticalGoCore')
    cd /Users/pc49-58/.codex/worktrees/cozy-02-integration/TacticalGo/ios/TacticalGo.xcodeproj


SwiftDriver\ Compilation TacticalGoOnboarding normal arm64 com.apple.xcode.tools.swift.compiler (in target 'TacticalGoOnboarding' from project 'TacticalGoCore')
    cd /Users/pc49-58/.codex/worktrees/cozy-02-integration/TacticalGo/ios/TacticalGo.xcodeproj
    builtin-Swift-Compilation -- /Applications/Xcode.app/Contents/Developer/Toolchains/XcodeDefault.xctoolchain/usr/bin/swiftc -module-name TacticalGoOnboarding -O -whole-module-optimization @/Users/pc49-58/.codex/worktrees/cozy-02-integration/TacticalGo/ios/Build/Intermediates.noindex/TacticalGoCore.build/Release-iphonesimulator/TacticalGoOnboarding.build/Objects-normal/arm64/TacticalGoOnboarding.SwiftFileList -DSWIFT_PACKAGE -DSWIFT_MODULE_RESOURCE_BUNDLE_AVAILABLE -DXcode -plugin-path /Applications/Xcode.app/Contents/Developer/Toolchains/XcodeDefault.xctoolchain/usr/lib/swift/host/plugins/testing -enable-experimental-feature DebugDescriptionMacro -sdk /Applications/Xcode.app/Contents/Developer/Platforms/iPhoneSimulator.platform/Developer/SDKs/iPhoneSimulator26.5.sdk -target arm64-apple-ios12.0-simulator -g -module-cache-path /Users/pc49-58/.codex/worktrees/cozy-02-integration/TacticalGo/ios/HeroBodyReleaseBuild/ModuleCache.noindex -Xfrontend -serialize-debugging-options -suppress-warnings -swift-version 6 -I /Users/pc49-58/.codex/worktrees/cozy-02-integration/TacticalGo/ios/Build/Products/Release-iphonesimulator -Isystem /Applications/Xcode.app/Contents/Developer/Platforms/iPhoneSimulator.platform/Developer/usr/lib -F /Users/pc49-58/.codex/worktrees/cozy-02-integration/TacticalGo/ios/Build/Products/Release-iphonesimulator/PackageFrameworks -F /Users/pc49-58/.codex/worktrees/cozy-02-integration/TacticalGo/ios/Build/Products/Release-iphonesimulator -F /Applications/Xcode.app/Contents/Developer/Platforms/iPhoneSimulator.platform/Developer/Library/Frameworks -F /Applications/Xcode.app/Contents/Developer/Platforms/iPhoneSimulator.platform/Developer/SDKs/iPhoneSimulator26.5.sdk/Developer/Library/Frameworks -c -num-threads 8 -Xcc -ivfsstatcache -Xcc /Users/pc49-58/.codex/worktrees/cozy-02-integration/TacticalGo/ios/HeroBodyReleaseBuild/SDKStatCaches.noindex/iphonesimulator26.5-23F81a-6cfe768891a92b912361537c460fe42b.sdkstatcache -output-file-map /Users/pc49-58/.codex/worktrees/cozy-02-integration/TacticalGo/ios/Build/Intermediates.noindex/TacticalGoCore.build/Release-iphonesimulator/TacticalGoOnboarding.build/Objects-normal/arm64/TacticalGoOnboarding-OutputFileMap.json -use-frontend-parseable-output -save-temps -no-color-diagnostics -explicit-module-build -module-cache-path /Users/pc49-58/.codex/worktrees/cozy-02-integration/TacticalGo/ios/Build/Intermediates.noindex/SwiftExplicitPrecompiledModules -clang-scanner-module-cache-path /Users/pc49-58/.codex/worktrees/cozy-02-integration/TacticalGo/ios/HeroBodyReleaseBuild/ModuleCache.noindex -sdk-module-cache-path /Users/pc49-58/.codex/worktrees/cozy-02-integration/TacticalGo/ios/HeroBodyReleaseBuild/ModuleCache.noindex -serialize-diagnostics -emit-dependencies -emit-module -emit-module-path /Users/pc49-58/.codex/worktrees/cozy-02-integration/TacticalGo/ios/Build/Intermediates.noindex/TacticalGoCore.build/Release-iphonesimulator/TacticalGoOnboarding.build/Objects-normal/arm64/TacticalGoOnboarding.swiftmodule -validate-clang-modules-once -clang-build-session-file /Users/pc49-58/.codex/worktrees/cozy-02-integration/TacticalGo/ios/HeroBodyReleaseBuild/ModuleCache.noindex/Session.modulevalidation -package-name tacticalgocore -Xcc -I/Users/pc49-58/.codex/worktrees/cozy-02-integration/TacticalGo/ios/Build/Intermediates.noindex/TacticalGoCore.build/Release-iphonesimulator/TacticalGoOnboarding.build/swift-overrides.hmap -emit-const-values -Xfrontend -const-gather-protocols-file -Xfrontend /Users/pc49-58/.codex/worktrees/cozy-02-integration/TacticalGo/ios/Build/Intermediates.noindex/TacticalGoCore.build/Release-iphonesimulator/TacticalGoOnboarding.build/Objects-normal/arm64/TacticalGoOnboarding_const_extract_protocols.json -Xcc -I/Users/pc49-58/.codex/worktrees/cozy-02-integration/TacticalGo/ios/Build/Products/Release-iphonesimulator/include -Xcc -I/Users/pc49-58/.codex/worktrees/cozy-02-integration/TacticalGo/ios/Build/Intermediates.noindex/TacticalGoCore.build/Release-iphonesimulator/TacticalGoOnboarding.build/DerivedSources-normal/arm64 -Xcc -I/Users/pc49-58/.codex/worktrees/cozy-02-integration/TacticalGo/ios/Build/Intermediates.noindex/TacticalGoCore.build/Release-iphonesimulator/TacticalGoOnboarding.build/DerivedSources/arm64 -Xcc -I/Users/pc49-58/.codex/worktrees/cozy-02-integration/TacticalGo/ios/Build/Intermediates.noindex/TacticalGoCore.build/Release-iphonesimulator/TacticalGoOnboarding.build/DerivedSources -Xcc -DSWIFT_PACKAGE -emit-objc-header -emit-objc-header-path /Users/pc49-58/.codex/worktrees/cozy-02-integration/TacticalGo/ios/Build/Intermediates.noindex/TacticalGoCore.build/Release-iphonesimulator/TacticalGoOnboarding.build/Objects-normal/arm64/TacticalGoOnboarding-Swift.h -working-directory /Users/pc49-58/.codex/worktrees/cozy-02-integration/TacticalGo/ios/TacticalGo.xcodeproj -no-emit-module-separately-wmo

SwiftCompile normal x86_64 Compiling\ Anim01MagicHand.swift,\ BattleMusicMix.swift,\ CombatFeedbackPlan.swift,\ GroundedLegPose.swift,\ HeroPerformance.swift,\ HeroVoiceCue.swift,\ IdleHeroPose.swift,\ MagePerformance.swift,\ MatchExamples.swift,\ MotionExamples.swift,\ MotionPlan.swift /Users/pc49-58/.codex/worktrees/cozy-02-integration/TacticalGo/swift/TacticalGoCore/Sources/TacticalGoMotion/Anim01MagicHand.swift /Users/pc49-58/.codex/worktrees/cozy-02-integration/TacticalGo/swift/TacticalGoCore/Sources/TacticalGoMotion/BattleMusicMix.swift /Users/pc49-58/.codex/worktrees/cozy-02-integration/TacticalGo/swift/TacticalGoCore/Sources/TacticalGoMotion/CombatFeedbackPlan.swift /Users/pc49-58/.codex/worktrees/cozy-02-integration/TacticalGo/swift/TacticalGoCore/Sources/TacticalGoMotion/GroundedLegPose.swift /Users/pc49-58/.codex/worktrees/cozy-02-integration/TacticalGo/swift/TacticalGoCore/Sources/TacticalGoMotion/HeroPerformance.swift /Users/pc49-58/.codex/worktrees/cozy-02-integration/TacticalGo/swift/TacticalGoCore/Sources/TacticalGoMotion/HeroVoiceCue.swift /Users/pc49-58/.codex/worktrees/cozy-02-integration/TacticalGo/swift/TacticalGoCore/Sources/TacticalGoMotion/IdleHeroPose.swift /Users/pc49-58/.codex/worktrees/cozy-02-integration/TacticalGo/swift/TacticalGoCore/Sources/TacticalGoMotion/MagePerformance.swift /Users/pc49-58/.codex/worktrees/cozy-02-integration/TacticalGo/swift/TacticalGoCore/Sources/TacticalGoMotion/MatchExamples.swift /Users/pc49-58/.codex/worktrees/cozy-02-integration/TacticalGo/swift/TacticalGoCore/Sources/TacticalGoMotion/MotionExamples.swift /Users/pc49-58/.codex/worktrees/cozy-02-integration/TacticalGo/swift/TacticalGoCore/Sources/TacticalGoMotion/MotionPlan.swift /Applications/Xcode.app/Contents/Developer/Toolchains/XcodeDefault.xctoolchain/usr/lib/swift/iphonesimulator/prebuilt-modules/26.5/_DarwinFoundation1.swiftmodule/x86_64-apple-ios-simulator.swiftmodule /Users/pc49-58/.codex/worktrees/cozy-02-integration/TacticalGo/ios/Build/Products/Release-iphonesimulator/TacticalGoCore.swiftmodule/x86_64-apple-ios-simulator.swiftmodule /Applications/Xcode.app/Contents/Developer/Toolchains/XcodeDefault.xctoolchain/usr/lib/swift/iphonesimulator/prebuilt-modules/26.5/Swift.swiftmodule/x86_64-apple-ios-simulator.swiftmodule /Applications/Xcode.app/Contents/Developer/Toolchains/XcodeDefault.xctoolchain/usr/lib/swift/iphonesimulator/prebuilt-modules/26.5/XPC.swiftmodule/x86_64-apple-ios-simulator.swiftmodule /Applications/Xcode.app/Contents/Developer/Toolchains/XcodeDefault.xctoolchain/usr/lib/swift/iphonesimulator/prebuilt-modules/26.5/_DarwinFoundation3.swiftmodule/x86_64-apple-ios-simulator.swiftmodule /Applications/Xcode.app/Contents/Developer/Toolchains/XcodeDefault.xctoolchain/usr/lib/swift/iphonesimulator/prebuilt-modules/26.5/_Concurrency.swiftmodule/x86_64-apple-ios-simulator.swiftmodule /Applications/Xcode.app/Contents/Developer/Toolchains/XcodeDefault.xctoolchain/usr/lib/swift/iphonesimulator/prebuilt-modules/26.5/Foundation.swiftmodule/x86_64-apple-ios-simulator.swiftmodule /Applications/Xcode.app/Contents/Developer/Toolchains/XcodeDefault.xctoolchain/usr/lib/swift/iphonesimulator/prebuilt-modules/26.5/CoreFoundation.swiftmodule/x86_64-apple-ios-simulator.swiftmodule /Applications/Xcode.app/Contents/Developer/Toolchains/XcodeDefault.xctoolchain/usr/lib/swift/iphonesimulator/prebuilt-modules/26.5/System.swiftmodule/x86_64-apple-ios-simulator.swiftmodule /Applications/Xcode.app/Contents/Developer/Toolchains/XcodeDefault.xctoolchain/usr/lib/swift/iphonesimulator/prebuilt-modules/26.5/_DarwinFoundation2.swiftmodule/x86_64-apple-ios-simulator.swiftmodule /Applications/Xcode.app/Contents/Developer/Toolchains/XcodeDefault.xctoolchain/usr/lib/swift/iphonesimulator/prebuilt-modules/26.5/Dispatch.swiftmodule/x86_64-apple-ios-simulator.swiftmodule /Applications/Xcode.app/Contents/Developer/Toolchains/XcodeDefault.xctoolchain/usr/lib/swift/iphonesimulator/prebuilt-modules/26.5/_StringProcessing.swiftmodule/x86_64-apple-ios-simulator.swiftmodule /Applications/Xcode.app/Contents/Developer/Toolchains/XcodeDefault.xctoolchain/usr/lib/swift/iphonesimulator/prebuilt-modules/26.5/_Builtin_float.swiftmodule/x86_64-apple-ios-simulator.swiftmodule /Applications/Xcode.app/Contents/Developer/Toolchains/XcodeDefault.xctoolchain/usr/lib/swift/iphonesimulator/prebuilt-modules/26.5/Darwin.swiftmodule/x86_64-apple-ios-simulator.swiftmodule /Applications/Xcode.app/Contents/Developer/Toolchains/XcodeDefault.xctoolchain/usr/lib/swift/iphonesimulator/prebuilt-modules/26.5/Combine.swiftmodule/x86_64-apple-ios-simulator.swiftmodule /Applications/Xcode.app/Contents/Developer/Toolchains/XcodeDefault.xctoolchain/usr/lib/swift/iphonesimulator/prebuilt-modules/26.5/ObjectiveC.swiftmodule/x86_64-apple-ios-simulator.swiftmodule /Applications/Xcode.app/Contents/Developer/Toolchains/XcodeDefault.xctoolchain/usr/lib/swift/iphonesimulator/prebuilt-modules/26.5/Observation.swiftmodule/x86_64-apple-ios-simulator.swiftmodule /Users/pc49-58/.codex/worktrees/cozy-02-integration/TacticalGo/ios/HeroBodyReleaseBuild/ModuleCache.noindex/_AvailabilityInternal-6APSPTGK7S94ELVC4TBJ1ICF2.pcm /Users/pc49-58/.codex/worktrees/cozy-02-integration/TacticalGo/ios/HeroBodyReleaseBuild/ModuleCache.noindex/_Builtin_inttypes-2TUINO38NU4G23EW6Q26FBLM3.pcm /Users/pc49-58/.codex/worktrees/cozy-02-integration/TacticalGo/ios/HeroBodyReleaseBuild/ModuleCache.noindex/Foundation-DFNFF7AN943UIZJJZSWP21GH.pcm /Users/pc49-58/.codex/worktrees/cozy-02-integration/TacticalGo/ios/HeroBodyReleaseBuild/ModuleCache.noindex/CoreFoundation-DMR4GA8B4939B2HIMT2O0KWKK.pcm /Users/pc49-58/.codex/worktrees/cozy-02-integration/TacticalGo/ios/HeroBodyReleaseBuild/ModuleCache.noindex/_SwiftConcurrencyShims-4E43R9UG28RNUUA0MQ8I8K0BJ.pcm /Users/pc49-58/.codex/worktrees/cozy-02-integration/TacticalGo/ios/HeroBodyReleaseBuild/ModuleCache.noindex/_Builtin_limits-D8GWVWPA3GJIMMNR7HJ7Z5SNT.pcm /Users/pc49-58/.codex/worktrees/cozy-02-integration/TacticalGo/ios/HeroBodyReleaseBuild/ModuleCache.noindex/ObjectiveC-F2KLEJK1BBFLE6MCXLN2X5GA8.pcm /Users/pc49-58/.codex/worktrees/cozy-02-integration/TacticalGo/ios/HeroBodyReleaseBuild/ModuleCache.noindex/_Builtin_stdint-9CDF10WV5L6VZ422S02KRJDK6.pcm /Users/pc49-58/.codex/worktrees/cozy-02-integration/TacticalGo/ios/HeroBodyReleaseBuild/ModuleCache.noindex/_Builtin_stddef-CL7NK5R2S0TQANUEBK857H94H.pcm /Users/pc49-58/.codex/worktrees/cozy-02-integration/TacticalGo/ios/HeroBodyReleaseBuild/ModuleCache.noindex/Security-6AWPX37CR9Q130UN1J09W77DQ.pcm /Users/pc49-58/.codex/worktrees/cozy-02-integration/TacticalGo/ios/HeroBodyReleaseBuild/ModuleCache.noindex/CFNetwork-9ETU4FJ6XRR0E6G1HW9VI3D7T.pcm /Users/pc49-58/.codex/worktrees/cozy-02-integration/TacticalGo/ios/HeroBodyReleaseBuild/ModuleCache.noindex/ptrcheck-644TFNVCHQB671K7U7J3PVF85.pcm /Users/pc49-58/.codex/worktrees/cozy-02-integration/TacticalGo/ios/HeroBodyReleaseBuild/ModuleCache.noindex/os_object-PQVCMCXVA770GSJVVUZD6NB9.pcm /Users/pc49-58/.codex/worktrees/cozy-02-integration/TacticalGo/ios/HeroBodyReleaseBuild/ModuleCache.noindex/os_workgroup-EHWNKUI0WOUGG3VBOXAPFTHGA.pcm /Users/pc49-58/.codex/worktrees/cozy-02-integration/TacticalGo/ios/HeroBodyReleaseBuild/ModuleCache.noindex/Darwin-VT184VHWT73D9BQAFU0VUGHV.pcm /Users/pc49-58/.codex/worktrees/cozy-02-integration/TacticalGo/ios/HeroBodyReleaseBuild/ModuleCache.noindex/_Builtin_stdbool-85PXXF9CQPUOTRYEIZMTL7RBR.pcm /Users/pc49-58/.codex/worktrees/cozy-02-integration/TacticalGo/ios/HeroBodyReleaseBuild/ModuleCache.noindex/sys_types-8EUWOG8P7Y5JXPPWAI2K1Z1W0.pcm /Users/pc49-58/.codex/worktrees/cozy-02-integration/TacticalGo/ios/HeroBodyReleaseBuild/ModuleCache.noindex/_DarwinFoundation2-7FBEKD7PD7FZWNZYT3TYJWFGW.pcm /Users/pc49-58/.codex/worktrees/cozy-02-integration/TacticalGo/ios/HeroBodyReleaseBuild/ModuleCache.noindex/SwiftShims-21GKZJ8OEMEN7POLP78VO36E8.pcm /Users/pc49-58/.codex/worktrees/cozy-02-integration/TacticalGo/ios/HeroBodyReleaseBuild/ModuleCache.noindex/Dispatch-E142OVUKOS968DX4XTVMDODYV.pcm /Users/pc49-58/.codex/worktrees/cozy-02-integration/TacticalGo/ios/HeroBodyReleaseBuild/ModuleCache.noindex/XPC-Q5C8YC43HRZ8GQQ69CVVV6UY.pcm /Users/pc49-58/.codex/worktrees/cozy-02-integration/TacticalGo/ios/HeroBodyReleaseBuild/ModuleCache.noindex/_DarwinFoundation3-7YCC7Q2K178YVWPC8Z7D9065Z.pcm /Users/pc49-58/.codex/worktrees/cozy-02-integration/TacticalGo/ios/HeroBodyReleaseBuild/ModuleCache.noindex/_Builtin_stdarg-9NOM0TKG38BKXDARY2CPU6IY3.pcm /Users/pc49-58/.codex/worktrees/cozy-02-integration/TacticalGo/ios/HeroBodyReleaseBuild/ModuleCache.noindex/ptrauth-742I6TP5T5ISDNRS0YT82OEXB.pcm /Users/pc49-58/.codex/worktrees/cozy-02-integration/TacticalGo/ios/HeroBodyReleaseBuild/ModuleCache.noindex/_Builtin_float-4213G51EJ04RE0H7G0PQRIM2Q.pcm /Users/pc49-58/.codex/worktrees/cozy-02-integration/TacticalGo/ios/HeroBodyReleaseBuild/ModuleCache.noindex/_DarwinFoundation1-2OMAYQ1NS4F44E779162OUM5B.pcm /Users/pc49-58/.codex/worktrees/cozy-02-integration/TacticalGo/ios/Build/Intermediates.noindex/TacticalGoCore.build/Release-iphonesimulator/TacticalGoMotion.build/Objects-normal/x86_64/TacticalGoMotion-dependencies-1.json (in target 'TacticalGoMotion' from project 'TacticalGoCore')

CompileSwift normal x86_64 (in target 'TacticalGoMotion' from project 'TacticalGoCore')
    cd /Users/pc49-58/.codex/worktrees/cozy-02-integration/TacticalGo/ios/TacticalGo.xcodeproj


SwiftDriver\ Compilation TacticalGoMotion normal x86_64 com.apple.xcode.tools.swift.compiler (in target 'TacticalGoMotion' from project 'TacticalGoCore')
    cd /Users/pc49-58/.codex/worktrees/cozy-02-integration/TacticalGo/ios/TacticalGo.xcodeproj
    builtin-Swift-Compilation -- /Applications/Xcode.app/Contents/Developer/Toolchains/XcodeDefault.xctoolchain/usr/bin/swiftc -module-name TacticalGoMotion -O -whole-module-optimization @/Users/pc49-58/.codex/worktrees/cozy-02-integration/TacticalGo/ios/Build/Intermediates.noindex/TacticalGoCore.build/Release-iphonesimulator/TacticalGoMotion.build/Objects-normal/x86_64/TacticalGoMotion.SwiftFileList -DSWIFT_PACKAGE -DSWIFT_MODULE_RESOURCE_BUNDLE_UNAVAILABLE -DXcode -plugin-path /Applications/Xcode.app/Contents/Developer/Toolchains/XcodeDefault.xctoolchain/usr/lib/swift/host/plugins/testing -enable-experimental-feature DebugDescriptionMacro -sdk /Applications/Xcode.app/Contents/Developer/Platforms/iPhoneSimulator.platform/Developer/SDKs/iPhoneSimulator26.5.sdk -target x86_64-apple-ios12.0-simulator -g -module-cache-path /Users/pc49-58/.codex/worktrees/cozy-02-integration/TacticalGo/ios/HeroBodyReleaseBuild/ModuleCache.noindex -Xfrontend -serialize-debugging-options -suppress-warnings -swift-version 6 -I /Users/pc49-58/.codex/worktrees/cozy-02-integration/TacticalGo/ios/Build/Products/Release-iphonesimulator -Isystem /Applications/Xcode.app/Contents/Developer/Platforms/iPhoneSimulator.platform/Developer/usr/lib -F /Users/pc49-58/.codex/worktrees/cozy-02-integration/TacticalGo/ios/Build/Products/Release-iphonesimulator/PackageFrameworks -F /Users/pc49-58/.codex/worktrees/cozy-02-integration/TacticalGo/ios/Build/Products/Release-iphonesimulator -F /Applications/Xcode.app/Contents/Developer/Platforms/iPhoneSimulator.platform/Developer/Library/Frameworks -F /Applications/Xcode.app/Contents/Developer/Platforms/iPhoneSimulator.platform/Developer/SDKs/iPhoneSimulator26.5.sdk/Developer/Library/Frameworks -c -num-threads 8 -Xcc -ivfsstatcache -Xcc /Users/pc49-58/.codex/worktrees/cozy-02-integration/TacticalGo/ios/HeroBodyReleaseBuild/SDKStatCaches.noindex/iphonesimulator26.5-23F81a-6cfe768891a92b912361537c460fe42b.sdkstatcache -output-file-map /Users/pc49-58/.codex/worktrees/cozy-02-integration/TacticalGo/ios/Build/Intermediates.noindex/TacticalGoCore.build/Release-iphonesimulator/TacticalGoMotion.build/Objects-normal/x86_64/TacticalGoMotion-OutputFileMap.json -use-frontend-parseable-output -save-temps -no-color-diagnostics -explicit-module-build -module-cache-path /Users/pc49-58/.codex/worktrees/cozy-02-integration/TacticalGo/ios/Build/Intermediates.noindex/SwiftExplicitPrecompiledModules -clang-scanner-module-cache-path /Users/pc49-58/.codex/worktrees/cozy-02-integration/TacticalGo/ios/HeroBodyReleaseBuild/ModuleCache.noindex -sdk-module-cache-path /Users/pc49-58/.codex/worktrees/cozy-02-integration/TacticalGo/ios/HeroBodyReleaseBuild/ModuleCache.noindex -serialize-diagnostics -emit-dependencies -emit-module -emit-module-path /Users/pc49-58/.codex/worktrees/cozy-02-integration/TacticalGo/ios/Build/Intermediates.noindex/TacticalGoCore.build/Release-iphonesimulator/TacticalGoMotion.build/Objects-normal/x86_64/TacticalGoMotion.swiftmodule -validate-clang-modules-once -clang-build-session-file /Users/pc49-58/.codex/worktrees/cozy-02-integration/TacticalGo/ios/HeroBodyReleaseBuild/ModuleCache.noindex/Session.modulevalidation -package-name tacticalgocore -Xcc -I/Users/pc49-58/.codex/worktrees/cozy-02-integration/TacticalGo/ios/Build/Intermediates.noindex/TacticalGoCore.build/Release-iphonesimulator/TacticalGoMotion.build/swift-overrides.hmap -emit-const-values -Xfrontend -const-gather-protocols-file -Xfrontend /Users/pc49-58/.codex/worktrees/cozy-02-integration/TacticalGo/ios/Build/Intermediates.noindex/TacticalGoCore.build/Release-iphonesimulator/TacticalGoMotion.build/Objects-normal/x86_64/TacticalGoMotion_const_extract_protocols.json -Xcc -I/Users/pc49-58/.codex/worktrees/cozy-02-integration/TacticalGo/ios/Build/Products/Release-iphonesimulator/include -Xcc -I/Users/pc49-58/.codex/worktrees/cozy-02-integration/TacticalGo/ios/Build/Intermediates.noindex/TacticalGoCore.build/Release-iphonesimulator/TacticalGoMotion.build/DerivedSources-normal/x86_64 -Xcc -I/Users/pc49-58/.codex/worktrees/cozy-02-integration/TacticalGo/ios/Build/Intermediates.noindex/TacticalGoCore.build/Release-iphonesimulator/TacticalGoMotion.build/DerivedSources/x86_64 -Xcc -I/Users/pc49-58/.codex/worktrees/cozy-02-integration/TacticalGo/ios/Build/Intermediates.noindex/TacticalGoCore.build/Release-iphonesimulator/TacticalGoMotion.build/DerivedSources -Xcc -DSWIFT_PACKAGE -emit-objc-header -emit-objc-header-path /Users/pc49-58/.codex/worktrees/cozy-02-integration/TacticalGo/ios/Build/Intermediates.noindex/TacticalGoCore.build/Release-iphonesimulator/TacticalGoMotion.build/Objects-normal/x86_64/TacticalGoMotion-Swift.h -working-directory /Users/pc49-58/.codex/worktrees/cozy-02-integration/TacticalGo/ios/TacticalGo.xcodeproj -no-emit-module-separately-wmo

SwiftCompile normal arm64 Compiling\ Anim01MagicHand.swift,\ BattleMusicMix.swift,\ CombatFeedbackPlan.swift,\ GroundedLegPose.swift,\ HeroPerformance.swift,\ HeroVoiceCue.swift,\ IdleHeroPose.swift,\ MagePerformance.swift,\ MatchExamples.swift,\ MotionExamples.swift,\ MotionPlan.swift /Users/pc49-58/.codex/worktrees/cozy-02-integration/TacticalGo/swift/TacticalGoCore/Sources/TacticalGoMotion/Anim01MagicHand.swift /Users/pc49-58/.codex/worktrees/cozy-02-integration/TacticalGo/swift/TacticalGoCore/Sources/TacticalGoMotion/BattleMusicMix.swift /Users/pc49-58/.codex/worktrees/cozy-02-integration/TacticalGo/swift/TacticalGoCore/Sources/TacticalGoMotion/CombatFeedbackPlan.swift /Users/pc49-58/.codex/worktrees/cozy-02-integration/TacticalGo/swift/TacticalGoCore/Sources/TacticalGoMotion/GroundedLegPose.swift /Users/pc49-58/.codex/worktrees/cozy-02-integration/TacticalGo/swift/TacticalGoCore/Sources/TacticalGoMotion/HeroPerformance.swift /Users/pc49-58/.codex/worktrees/cozy-02-integration/TacticalGo/swift/TacticalGoCore/Sources/TacticalGoMotion/HeroVoiceCue.swift /Users/pc49-58/.codex/worktrees/cozy-02-integration/TacticalGo/swift/TacticalGoCore/Sources/TacticalGoMotion/IdleHeroPose.swift /Users/pc49-58/.codex/worktrees/cozy-02-integration/TacticalGo/swift/TacticalGoCore/Sources/TacticalGoMotion/MagePerformance.swift /Users/pc49-58/.codex/worktrees/cozy-02-integration/TacticalGo/swift/TacticalGoCore/Sources/TacticalGoMotion/MatchExamples.swift /Users/pc49-58/.codex/worktrees/cozy-02-integration/TacticalGo/swift/TacticalGoCore/Sources/TacticalGoMotion/MotionExamples.swift /Users/pc49-58/.codex/worktrees/cozy-02-integration/TacticalGo/swift/TacticalGoCore/Sources/TacticalGoMotion/MotionPlan.swift /Applications/Xcode.app/Contents/Developer/Toolchains/XcodeDefault.xctoolchain/usr/lib/swift/iphonesimulator/prebuilt-modules/26.5/System.swiftmodule/arm64-apple-ios-simulator.swiftmodule /Applications/Xcode.app/Contents/Developer/Toolchains/XcodeDefault.xctoolchain/usr/lib/swift/iphonesimulator/prebuilt-modules/26.5/CoreFoundation.swiftmodule/arm64-apple-ios-simulator.swiftmodule /Applications/Xcode.app/Contents/Developer/Toolchains/XcodeDefault.xctoolchain/usr/lib/swift/iphonesimulator/prebuilt-modules/26.5/Observation.swiftmodule/arm64-apple-ios-simulator.swiftmodule /Applications/Xcode.app/Contents/Developer/Toolchains/XcodeDefault.xctoolchain/usr/lib/swift/iphonesimulator/prebuilt-modules/26.5/Swift.swiftmodule/arm64-apple-ios-simulator.swiftmodule /Applications/Xcode.app/Contents/Developer/Toolchains/XcodeDefault.xctoolchain/usr/lib/swift/iphonesimulator/prebuilt-modules/26.5/_DarwinFoundation1.swiftmodule/arm64-apple-ios-simulator.swiftmodule /Applications/Xcode.app/Contents/Developer/Toolchains/XcodeDefault.xctoolchain/usr/lib/swift/iphonesimulator/prebuilt-modules/26.5/Foundation.swiftmodule/arm64-apple-ios-simulator.swiftmodule /Users/pc49-58/.codex/worktrees/cozy-02-integration/TacticalGo/ios/Build/Products/Release-iphonesimulator/TacticalGoCore.swiftmodule/arm64-apple-ios-simulator.swiftmodule /Applications/Xcode.app/Contents/Developer/Toolchains/XcodeDefault.xctoolchain/usr/lib/swift/iphonesimulator/prebuilt-modules/26.5/XPC.swiftmodule/arm64-apple-ios-simulator.swiftmodule /Applications/Xcode.app/Contents/Developer/Toolchains/XcodeDefault.xctoolchain/usr/lib/swift/iphonesimulator/prebuilt-modules/26.5/Combine.swiftmodule/arm64-apple-ios-simulator.swiftmodule /Applications/Xcode.app/Contents/Developer/Toolchains/XcodeDefault.xctoolchain/usr/lib/swift/iphonesimulator/prebuilt-modules/26.5/_StringProcessing.swiftmodule/arm64-apple-ios-simulator.swiftmodule /Applications/Xcode.app/Contents/Developer/Toolchains/XcodeDefault.xctoolchain/usr/lib/swift/iphonesimulator/prebuilt-modules/26.5/_Builtin_float.swiftmodule/arm64-apple-ios-simulator.swiftmodule /Applications/Xcode.app/Contents/Developer/Toolchains/XcodeDefault.xctoolchain/usr/lib/swift/iphonesimulator/prebuilt-modules/26.5/_DarwinFoundation3.swiftmodule/arm64-apple-ios-simulator.swiftmodule /Applications/Xcode.app/Contents/Developer/Toolchains/XcodeDefault.xctoolchain/usr/lib/swift/iphonesimulator/prebuilt-modules/26.5/ObjectiveC.swiftmodule/arm64-apple-ios-simulator.swiftmodule /Applications/Xcode.app/Contents/Developer/Toolchains/XcodeDefault.xctoolchain/usr/lib/swift/iphonesimulator/prebuilt-modules/26.5/_Concurrency.swiftmodule/arm64-apple-ios-simulator.swiftmodule /Applications/Xcode.app/Contents/Developer/Toolchains/XcodeDefault.xctoolchain/usr/lib/swift/iphonesimulator/prebuilt-modules/26.5/Dispatch.swiftmodule/arm64-apple-ios-simulator.swiftmodule /Applications/Xcode.app/Contents/Developer/Toolchains/XcodeDefault.xctoolchain/usr/lib/swift/iphonesimulator/prebuilt-modules/26.5/_DarwinFoundation2.swiftmodule/arm64-apple-ios-simulator.swiftmodule /Applications/Xcode.app/Contents/Developer/Toolchains/XcodeDefault.xctoolchain/usr/lib/swift/iphonesimulator/prebuilt-modules/26.5/Darwin.swiftmodule/arm64-apple-ios-simulator.swiftmodule /Users/pc49-58/.codex/worktrees/cozy-02-integration/TacticalGo/ios/HeroBodyReleaseBuild/ModuleCache.noindex/os_workgroup-9P3OVNAVC4EMOU0CT2JEOZEEJ.pcm /Users/pc49-58/.codex/worktrees/cozy-02-integration/TacticalGo/ios/HeroBodyReleaseBuild/ModuleCache.noindex/sys_types-96V0DJMV7WZBRWVUBD273IBCC.pcm /Users/pc49-58/.codex/worktrees/cozy-02-integration/TacticalGo/ios/HeroBodyReleaseBuild/ModuleCache.noindex/Dispatch-CIB0WPQVRD2FWB6JXS1VBXT0S.pcm /Users/pc49-58/.codex/worktrees/cozy-02-integration/TacticalGo/ios/HeroBodyReleaseBuild/ModuleCache.noindex/ObjectiveC-EMVUECSR7TVD8D2LKM9UEUHXW.pcm /Users/pc49-58/.codex/worktrees/cozy-02-integration/TacticalGo/ios/HeroBodyReleaseBuild/ModuleCache.noindex/ptrauth-A3O5TJEDJ6Q85M9E85RRTXC3C.pcm /Users/pc49-58/.codex/worktrees/cozy-02-integration/TacticalGo/ios/HeroBodyReleaseBuild/ModuleCache.noindex/_Builtin_float-4BEYYCN1EYL03HP5RKP29MQS4.pcm /Users/pc49-58/.codex/worktrees/cozy-02-integration/TacticalGo/ios/HeroBodyReleaseBuild/ModuleCache.noindex/XPC-AV7EMG3JWO006UWUJUAROWO9G.pcm /Users/pc49-58/.codex/worktrees/cozy-02-integration/TacticalGo/ios/HeroBodyReleaseBuild/ModuleCache.noindex/_DarwinFoundation3-3SG0FLB21OAZQRIWS8TY6EJDT.pcm /Users/pc49-58/.codex/worktrees/cozy-02-integration/TacticalGo/ios/HeroBodyReleaseBuild/ModuleCache.noindex/CFNetwork-DY3ECJ3V9ABOQYAN3JAOWDI72.pcm /Users/pc49-58/.codex/worktrees/cozy-02-integration/TacticalGo/ios/HeroBodyReleaseBuild/ModuleCache.noindex/_DarwinFoundation1-DKTUG4G1TCSDHN2PL2UNUFIAT.pcm /Users/pc49-58/.codex/worktrees/cozy-02-integration/TacticalGo/ios/HeroBodyReleaseBuild/ModuleCache.noindex/_Builtin_stdint-5IVKFL8ZSR982IW2NO2HJX7YY.pcm /Users/pc49-58/.codex/worktrees/cozy-02-integration/TacticalGo/ios/HeroBodyReleaseBuild/ModuleCache.noindex/ptrcheck-186LASGQ0CV4PFMJXXLFJ0I20.pcm /Users/pc49-58/.codex/worktrees/cozy-02-integration/TacticalGo/ios/HeroBodyReleaseBuild/ModuleCache.noindex/_SwiftConcurrencyShims-8HPJN75BWWDZBFT8WQLGJ4AQW.pcm /Users/pc49-58/.codex/worktrees/cozy-02-integration/TacticalGo/ios/HeroBodyReleaseBuild/ModuleCache.noindex/_Builtin_stdbool-2GYBEX9FQU9KFPYV33OOL5YY8.pcm /Users/pc49-58/.codex/worktrees/cozy-02-integration/TacticalGo/ios/HeroBodyReleaseBuild/ModuleCache.noindex/Foundation-2O8THKBWEH8OHHDYO0MN2VMD2.pcm /Users/pc49-58/.codex/worktrees/cozy-02-integration/TacticalGo/ios/HeroBodyReleaseBuild/ModuleCache.noindex/_Builtin_stdarg-AXKIARCI3B82NL57FG72MDOV2.pcm /Users/pc49-58/.codex/worktrees/cozy-02-integration/TacticalGo/ios/HeroBodyReleaseBuild/ModuleCache.noindex/os_object-C246VNEZ7RCA3SHLLGHJUQSJR.pcm /Users/pc49-58/.codex/worktrees/cozy-02-integration/TacticalGo/ios/HeroBodyReleaseBuild/ModuleCache.noindex/SwiftShims-8H9FJH97JDIAYQXFI009R8YP.pcm /Users/pc49-58/.codex/worktrees/cozy-02-integration/TacticalGo/ios/HeroBodyReleaseBuild/ModuleCache.noindex/CoreFoundation-8TR659XC290E9IA75FG1SJCZN.pcm /Users/pc49-58/.codex/worktrees/cozy-02-integration/TacticalGo/ios/HeroBodyReleaseBuild/ModuleCache.noindex/Security-516FKG2D57MR3G1VV673A6HMQ.pcm /Users/pc49-58/.codex/worktrees/cozy-02-integration/TacticalGo/ios/HeroBodyReleaseBuild/ModuleCache.noindex/_Builtin_stddef-ESU2LFFEIJKBPJNOUL0ZRW7PO.pcm /Users/pc49-58/.codex/worktrees/cozy-02-integration/TacticalGo/ios/HeroBodyReleaseBuild/ModuleCache.noindex/_Builtin_limits-4BT0P8MA8Z970B0RRJ2RHQAY2.pcm /Users/pc49-58/.codex/worktrees/cozy-02-integration/TacticalGo/ios/HeroBodyReleaseBuild/ModuleCache.noindex/_Builtin_inttypes-EQW0IHY2O6BPZJ4CSB3HL8G2K.pcm /Users/pc49-58/.codex/worktrees/cozy-02-integration/TacticalGo/ios/HeroBodyReleaseBuild/ModuleCache.noindex/Darwin-9GTPFTM4TRNVH5FSRKGC8323U.pcm /Users/pc49-58/.codex/worktrees/cozy-02-integration/TacticalGo/ios/HeroBodyReleaseBuild/ModuleCache.noindex/_AvailabilityInternal-871NEHTPBMXZSKAJB4NEPFNBO.pcm /Users/pc49-58/.codex/worktrees/cozy-02-integration/TacticalGo/ios/HeroBodyReleaseBuild/ModuleCache.noindex/_DarwinFoundation2-EMO4LD4595BLXDR3YJIGW2BFG.pcm /Users/pc49-58/.codex/worktrees/cozy-02-integration/TacticalGo/ios/Build/Intermediates.noindex/TacticalGoCore.build/Release-iphonesimulator/TacticalGoMotion.build/Objects-normal/arm64/TacticalGoMotion-dependencies-2.json (in target 'TacticalGoMotion' from project 'TacticalGoCore')

CompileSwift normal arm64 (in target 'TacticalGoMotion' from project 'TacticalGoCore')
    cd /Users/pc49-58/.codex/worktrees/cozy-02-integration/TacticalGo/ios/TacticalGo.xcodeproj


SwiftDriver\ Compilation TacticalGoMotion normal arm64 com.apple.xcode.tools.swift.compiler (in target 'TacticalGoMotion' from project 'TacticalGoCore')
    cd /Users/pc49-58/.codex/worktrees/cozy-02-integration/TacticalGo/ios/TacticalGo.xcodeproj
    builtin-Swift-Compilation -- /Applications/Xcode.app/Contents/Developer/Toolchains/XcodeDefault.xctoolchain/usr/bin/swiftc -module-name TacticalGoMotion -O -whole-module-optimization @/Users/pc49-58/.codex/worktrees/cozy-02-integration/TacticalGo/ios/Build/Intermediates.noindex/TacticalGoCore.build/Release-iphonesimulator/TacticalGoMotion.build/Objects-normal/arm64/TacticalGoMotion.SwiftFileList -DSWIFT_PACKAGE -DSWIFT_MODULE_RESOURCE_BUNDLE_UNAVAILABLE -DXcode -plugin-path /Applications/Xcode.app/Contents/Developer/Toolchains/XcodeDefault.xctoolchain/usr/lib/swift/host/plugins/testing -enable-experimental-feature DebugDescriptionMacro -sdk /Applications/Xcode.app/Contents/Developer/Platforms/iPhoneSimulator.platform/Developer/SDKs/iPhoneSimulator26.5.sdk -target arm64-apple-ios12.0-simulator -g -module-cache-path /Users/pc49-58/.codex/worktrees/cozy-02-integration/TacticalGo/ios/HeroBodyReleaseBuild/ModuleCache.noindex -Xfrontend -serialize-debugging-options -suppress-warnings -swift-version 6 -I /Users/pc49-58/.codex/worktrees/cozy-02-integration/TacticalGo/ios/Build/Products/Release-iphonesimulator -Isystem /Applications/Xcode.app/Contents/Developer/Platforms/iPhoneSimulator.platform/Developer/usr/lib -F /Users/pc49-58/.codex/worktrees/cozy-02-integration/TacticalGo/ios/Build/Products/Release-iphonesimulator/PackageFrameworks -F /Users/pc49-58/.codex/worktrees/cozy-02-integration/TacticalGo/ios/Build/Products/Release-iphonesimulator -F /Applications/Xcode.app/Contents/Developer/Platforms/iPhoneSimulator.platform/Developer/Library/Frameworks -F /Applications/Xcode.app/Contents/Developer/Platforms/iPhoneSimulator.platform/Developer/SDKs/iPhoneSimulator26.5.sdk/Developer/Library/Frameworks -c -num-threads 8 -Xcc -ivfsstatcache -Xcc /Users/pc49-58/.codex/worktrees/cozy-02-integration/TacticalGo/ios/HeroBodyReleaseBuild/SDKStatCaches.noindex/iphonesimulator26.5-23F81a-6cfe768891a92b912361537c460fe42b.sdkstatcache -output-file-map /Users/pc49-58/.codex/worktrees/cozy-02-integration/TacticalGo/ios/Build/Intermediates.noindex/TacticalGoCore.build/Release-iphonesimulator/TacticalGoMotion.build/Objects-normal/arm64/TacticalGoMotion-OutputFileMap.json -use-frontend-parseable-output -save-temps -no-color-diagnostics -explicit-module-build -module-cache-path /Users/pc49-58/.codex/worktrees/cozy-02-integration/TacticalGo/ios/Build/Intermediates.noindex/SwiftExplicitPrecompiledModules -clang-scanner-module-cache-path /Users/pc49-58/.codex/worktrees/cozy-02-integration/TacticalGo/ios/HeroBodyReleaseBuild/ModuleCache.noindex -sdk-module-cache-path /Users/pc49-58/.codex/worktrees/cozy-02-integration/TacticalGo/ios/HeroBodyReleaseBuild/ModuleCache.noindex -serialize-diagnostics -emit-dependencies -emit-module -emit-module-path /Users/pc49-58/.codex/worktrees/cozy-02-integration/TacticalGo/ios/Build/Intermediates.noindex/TacticalGoCore.build/Release-iphonesimulator/TacticalGoMotion.build/Objects-normal/arm64/TacticalGoMotion.swiftmodule -validate-clang-modules-once -clang-build-session-file /Users/pc49-58/.codex/worktrees/cozy-02-integration/TacticalGo/ios/HeroBodyReleaseBuild/ModuleCache.noindex/Session.modulevalidation -package-name tacticalgocore -Xcc -I/Users/pc49-58/.codex/worktrees/cozy-02-integration/TacticalGo/ios/Build/Intermediates.noindex/TacticalGoCore.build/Release-iphonesimulator/TacticalGoMotion.build/swift-overrides.hmap -emit-const-values -Xfrontend -const-gather-protocols-file -Xfrontend /Users/pc49-58/.codex/worktrees/cozy-02-integration/TacticalGo/ios/Build/Intermediates.noindex/TacticalGoCore.build/Release-iphonesimulator/TacticalGoMotion.build/Objects-normal/arm64/TacticalGoMotion_const_extract_protocols.json -Xcc -I/Users/pc49-58/.codex/worktrees/cozy-02-integration/TacticalGo/ios/Build/Products/Release-iphonesimulator/include -Xcc -I/Users/pc49-58/.codex/worktrees/cozy-02-integration/TacticalGo/ios/Build/Intermediates.noindex/TacticalGoCore.build/Release-iphonesimulator/TacticalGoMotion.build/DerivedSources-normal/arm64 -Xcc -I/Users/pc49-58/.codex/worktrees/cozy-02-integration/TacticalGo/ios/Build/Intermediates.noindex/TacticalGoCore.build/Release-iphonesimulator/TacticalGoMotion.build/DerivedSources/arm64 -Xcc -I/Users/pc49-58/.codex/worktrees/cozy-02-integration/TacticalGo/ios/Build/Intermediates.noindex/TacticalGoCore.build/Release-iphonesimulator/TacticalGoMotion.build/DerivedSources -Xcc -DSWIFT_PACKAGE -emit-objc-header -emit-objc-header-path /Users/pc49-58/.codex/worktrees/cozy-02-integration/TacticalGo/ios/Build/Intermediates.noindex/TacticalGoCore.build/Release-iphonesimulator/TacticalGoMotion.build/Objects-normal/arm64/TacticalGoMotion-Swift.h -working-directory /Users/pc49-58/.codex/worktrees/cozy-02-integration/TacticalGo/ios/TacticalGo.xcodeproj -no-emit-module-separately-wmo

SwiftDriverJobDiscovery normal arm64 Compiling resource_bundle_accessor.swift, Onboarding.swift (in target 'TacticalGoOnboarding' from project 'TacticalGoCore')

SwiftDriver\ Compilation\ Requirements TacticalGoOnboarding normal arm64 com.apple.xcode.tools.swift.compiler (in target 'TacticalGoOnboarding' from project 'TacticalGoCore')
    cd /Users/pc49-58/.codex/worktrees/cozy-02-integration/TacticalGo/ios/TacticalGo.xcodeproj
    builtin-Swift-Compilation-Requirements -- /Applications/Xcode.app/Contents/Developer/Toolchains/XcodeDefault.xctoolchain/usr/bin/swiftc -module-name TacticalGoOnboarding -O -whole-module-optimization @/Users/pc49-58/.codex/worktrees/cozy-02-integration/TacticalGo/ios/Build/Intermediates.noindex/TacticalGoCore.build/Release-iphonesimulator/TacticalGoOnboarding.build/Objects-normal/arm64/TacticalGoOnboarding.SwiftFileList -DSWIFT_PACKAGE -DSWIFT_MODULE_RESOURCE_BUNDLE_AVAILABLE -DXcode -plugin-path /Applications/Xcode.app/Contents/Developer/Toolchains/XcodeDefault.xctoolchain/usr/lib/swift/host/plugins/testing -enable-experimental-feature DebugDescriptionMacro -sdk /Applications/Xcode.app/Contents/Developer/Platforms/iPhoneSimulator.platform/Developer/SDKs/iPhoneSimulator26.5.sdk -target arm64-apple-ios12.0-simulator -g -module-cache-path /Users/pc49-58/.codex/worktrees/cozy-02-integration/TacticalGo/ios/HeroBodyReleaseBuild/ModuleCache.noindex -Xfrontend -serialize-debugging-options -suppress-warnings -swift-version 6 -I /Users/pc49-58/.codex/worktrees/cozy-02-integration/TacticalGo/ios/Build/Products/Release-iphonesimulator -Isystem /Applications/Xcode.app/Contents/Developer/Platforms/iPhoneSimulator.platform/Developer/usr/lib -F /Users/pc49-58/.codex/worktrees/cozy-02-integration/TacticalGo/ios/Build/Products/Release-iphonesimulator/PackageFrameworks -F /Users/pc49-58/.codex/worktrees/cozy-02-integration/TacticalGo/ios/Build/Products/Release-iphonesimulator -F /Applications/Xcode.app/Contents/Developer/Platforms/iPhoneSimulator.platform/Developer/Library/Frameworks -F /Applications/Xcode.app/Contents/Developer/Platforms/iPhoneSimulator.platform/Developer/SDKs/iPhoneSimulator26.5.sdk/Developer/Library/Frameworks -c -num-threads 8 -Xcc -ivfsstatcache -Xcc /Users/pc49-58/.codex/worktrees/cozy-02-integration/TacticalGo/ios/HeroBodyReleaseBuild/SDKStatCaches.noindex/iphonesimulator26.5-23F81a-6cfe768891a92b912361537c460fe42b.sdkstatcache -output-file-map /Users/pc49-58/.codex/worktrees/cozy-02-integration/TacticalGo/ios/Build/Intermediates.noindex/TacticalGoCore.build/Release-iphonesimulator/TacticalGoOnboarding.build/Objects-normal/arm64/TacticalGoOnboarding-OutputFileMap.json -use-frontend-parseable-output -save-temps -no-color-diagnostics -explicit-module-build -module-cache-path /Users/pc49-58/.codex/worktrees/cozy-02-integration/TacticalGo/ios/Build/Intermediates.noindex/SwiftExplicitPrecompiledModules -clang-scanner-module-cache-path /Users/pc49-58/.codex/worktrees/cozy-02-integration/TacticalGo/ios/HeroBodyReleaseBuild/ModuleCache.noindex -sdk-module-cache-path /Users/pc49-58/.codex/worktrees/cozy-02-integration/TacticalGo/ios/HeroBodyReleaseBuild/ModuleCache.noindex -serialize-diagnostics -emit-dependencies -emit-module -emit-module-path /Users/pc49-58/.codex/worktrees/cozy-02-integration/TacticalGo/ios/Build/Intermediates.noindex/TacticalGoCore.build/Release-iphonesimulator/TacticalGoOnboarding.build/Objects-normal/arm64/TacticalGoOnboarding.swiftmodule -validate-clang-modules-once -clang-build-session-file /Users/pc49-58/.codex/worktrees/cozy-02-integration/TacticalGo/ios/HeroBodyReleaseBuild/ModuleCache.noindex/Session.modulevalidation -package-name tacticalgocore -Xcc -I/Users/pc49-58/.codex/worktrees/cozy-02-integration/TacticalGo/ios/Build/Intermediates.noindex/TacticalGoCore.build/Release-iphonesimulator/TacticalGoOnboarding.build/swift-overrides.hmap -emit-const-values -Xfrontend -const-gather-protocols-file -Xfrontend /Users/pc49-58/.codex/worktrees/cozy-02-integration/TacticalGo/ios/Build/Intermediates.noindex/TacticalGoCore.build/Release-iphonesimulator/TacticalGoOnboarding.build/Objects-normal/arm64/TacticalGoOnboarding_const_extract_protocols.json -Xcc -I/Users/pc49-58/.codex/worktrees/cozy-02-integration/TacticalGo/ios/Build/Products/Release-iphonesimulator/include -Xcc -I/Users/pc49-58/.codex/worktrees/cozy-02-integration/TacticalGo/ios/Build/Intermediates.noindex/TacticalGoCore.build/Release-iphonesimulator/TacticalGoOnboarding.build/DerivedSources-normal/arm64 -Xcc -I/Users/pc49-58/.codex/worktrees/cozy-02-integration/TacticalGo/ios/Build/Intermediates.noindex/TacticalGoCore.build/Release-iphonesimulator/TacticalGoOnboarding.build/DerivedSources/arm64 -Xcc -I/Users/pc49-58/.codex/worktrees/cozy-02-integration/TacticalGo/ios/Build/Intermediates.noindex/TacticalGoCore.build/Release-iphonesimulator/TacticalGoOnboarding.build/DerivedSources -Xcc -DSWIFT_PACKAGE -emit-objc-header -emit-objc-header-path /Users/pc49-58/.codex/worktrees/cozy-02-integration/TacticalGo/ios/Build/Intermediates.noindex/TacticalGoCore.build/Release-iphonesimulator/TacticalGoOnboarding.build/Objects-normal/arm64/TacticalGoOnboarding-Swift.h -working-directory /Users/pc49-58/.codex/worktrees/cozy-02-integration/TacticalGo/ios/TacticalGo.xcodeproj -no-emit-module-separately-wmo

SwiftDriver\ Compilation TacticalGoBot normal arm64 com.apple.xcode.tools.swift.compiler (in target 'TacticalGoBot' from project 'TacticalGoCore')
    cd /Users/pc49-58/.codex/worktrees/cozy-02-integration/TacticalGo/ios/TacticalGo.xcodeproj
    builtin-Swift-Compilation -- /Applications/Xcode.app/Contents/Developer/Toolchains/XcodeDefault.xctoolchain/usr/bin/swiftc -module-name TacticalGoBot -O -whole-module-optimization @/Users/pc49-58/.codex/worktrees/cozy-02-integration/TacticalGo/ios/Build/Intermediates.noindex/TacticalGoCore.build/Release-iphonesimulator/TacticalGoBot.build/Objects-normal/arm64/TacticalGoBot.SwiftFileList -DSWIFT_PACKAGE -DSWIFT_MODULE_RESOURCE_BUNDLE_UNAVAILABLE -DXcode -plugin-path /Applications/Xcode.app/Contents/Developer/Toolchains/XcodeDefault.xctoolchain/usr/lib/swift/host/plugins/testing -enable-experimental-feature DebugDescriptionMacro -sdk /Applications/Xcode.app/Contents/Developer/Platforms/iPhoneSimulator.platform/Developer/SDKs/iPhoneSimulator26.5.sdk -target arm64-apple-ios12.0-simulator -g -module-cache-path /Users/pc49-58/.codex/worktrees/cozy-02-integration/TacticalGo/ios/HeroBodyReleaseBuild/ModuleCache.noindex -Xfrontend -serialize-debugging-options -suppress-warnings -swift-version 6 -I /Users/pc49-58/.codex/worktrees/cozy-02-integration/TacticalGo/ios/Build/Products/Release-iphonesimulator -Isystem /Applications/Xcode.app/Contents/Developer/Platforms/iPhoneSimulator.platform/Developer/usr/lib -F /Users/pc49-58/.codex/worktrees/cozy-02-integration/TacticalGo/ios/Build/Products/Release-iphonesimulator/PackageFrameworks -F /Users/pc49-58/.codex/worktrees/cozy-02-integration/TacticalGo/ios/Build/Products/Release-iphonesimulator -F /Applications/Xcode.app/Contents/Developer/Platforms/iPhoneSimulator.platform/Developer/Library/Frameworks -F /Applications/Xcode.app/Contents/Developer/Platforms/iPhoneSimulator.platform/Developer/SDKs/iPhoneSimulator26.5.sdk/Developer/Library/Frameworks -parse-as-library -c -num-threads 8 -Xcc -ivfsstatcache -Xcc /Users/pc49-58/.codex/worktrees/cozy-02-integration/TacticalGo/ios/HeroBodyReleaseBuild/SDKStatCaches.noindex/iphonesimulator26.5-23F81a-6cfe768891a92b912361537c460fe42b.sdkstatcache -output-file-map /Users/pc49-58/.codex/worktrees/cozy-02-integration/TacticalGo/ios/Build/Intermediates.noindex/TacticalGoCore.build/Release-iphonesimulator/TacticalGoBot.build/Objects-normal/arm64/TacticalGoBot-OutputFileMap.json -use-frontend-parseable-output -save-temps -no-color-diagnostics -explicit-module-build -module-cache-path /Users/pc49-58/.codex/worktrees/cozy-02-integration/TacticalGo/ios/Build/Intermediates.noindex/SwiftExplicitPrecompiledModules -clang-scanner-module-cache-path /Users/pc49-58/.codex/worktrees/cozy-02-integration/TacticalGo/ios/HeroBodyReleaseBuild/ModuleCache.noindex -sdk-module-cache-path /Users/pc49-58/.codex/worktrees/cozy-02-integration/TacticalGo/ios/HeroBodyReleaseBuild/ModuleCache.noindex -serialize-diagnostics -emit-dependencies -emit-module -emit-module-path /Users/pc49-58/.codex/worktrees/cozy-02-integration/TacticalGo/ios/Build/Intermediates.noindex/TacticalGoCore.build/Release-iphonesimulator/TacticalGoBot.build/Objects-normal/arm64/TacticalGoBot.swiftmodule -validate-clang-modules-once -clang-build-session-file /Users/pc49-58/.codex/worktrees/cozy-02-integration/TacticalGo/ios/HeroBodyReleaseBuild/ModuleCache.noindex/Session.modulevalidation -package-name tacticalgocore -Xcc -I/Users/pc49-58/.codex/worktrees/cozy-02-integration/TacticalGo/ios/Build/Intermediates.noindex/TacticalGoCore.build/Release-iphonesimulator/TacticalGoBot.build/swift-overrides.hmap -emit-const-values -Xfrontend -const-gather-protocols-file -Xfrontend /Users/pc49-58/.codex/worktrees/cozy-02-integration/TacticalGo/ios/Build/Intermediates.noindex/TacticalGoCore.build/Release-iphonesimulator/TacticalGoBot.build/Objects-normal/arm64/TacticalGoBot_const_extract_protocols.json -Xcc -I/Users/pc49-58/.codex/worktrees/cozy-02-integration/TacticalGo/ios/Build/Products/Release-iphonesimulator/include -Xcc -I/Users/pc49-58/.codex/worktrees/cozy-02-integration/TacticalGo/ios/Build/Intermediates.noindex/TacticalGoCore.build/Release-iphonesimulator/TacticalGoBot.build/DerivedSources-normal/arm64 -Xcc -I/Users/pc49-58/.codex/worktrees/cozy-02-integration/TacticalGo/ios/Build/Intermediates.noindex/TacticalGoCore.build/Release-iphonesimulator/TacticalGoBot.build/DerivedSources/arm64 -Xcc -I/Users/pc49-58/.codex/worktrees/cozy-02-integration/TacticalGo/ios/Build/Intermediates.noindex/TacticalGoCore.build/Release-iphonesimulator/TacticalGoBot.build/DerivedSources -Xcc -DSWIFT_PACKAGE -emit-objc-header -emit-objc-header-path /Users/pc49-58/.codex/worktrees/cozy-02-integration/TacticalGo/ios/Build/Intermediates.noindex/TacticalGoCore.build/Release-iphonesimulator/TacticalGoBot.build/Objects-normal/arm64/TacticalGoBot-Swift.h -working-directory /Users/pc49-58/.codex/worktrees/cozy-02-integration/TacticalGo/ios/TacticalGo.xcodeproj -no-emit-module-separately-wmo

Copy /Users/pc49-58/.codex/worktrees/cozy-02-integration/TacticalGo/ios/Build/Products/Release-iphonesimulator/TacticalGoOnboarding.swiftmodule/arm64-apple-ios-simulator.swiftmodule /Users/pc49-58/.codex/worktrees/cozy-02-integration/TacticalGo/ios/Build/Intermediates.noindex/TacticalGoCore.build/Release-iphonesimulator/TacticalGoOnboarding.build/Objects-normal/arm64/TacticalGoOnboarding.swiftmodule (in target 'TacticalGoOnboarding' from project 'TacticalGoCore')
    cd /Users/pc49-58/.codex/worktrees/cozy-02-integration/TacticalGo/swift/TacticalGoCore
    builtin-copy -exclude .DS_Store -exclude CVS -exclude .svn -exclude .git -exclude .hg -strip-unsigned-binaries -strip-deterministic -strip-tool /Applications/Xcode.app/Contents/Developer/Toolchains/XcodeDefault.xctoolchain/usr/bin/strip -resolve-src-symlinks -rename /Users/pc49-58/.codex/worktrees/cozy-02-integration/TacticalGo/ios/Build/Intermediates.noindex/TacticalGoCore.build/Release-iphonesimulator/TacticalGoOnboarding.build/Objects-normal/arm64/TacticalGoOnboarding.swiftmodule /Users/pc49-58/.codex/worktrees/cozy-02-integration/TacticalGo/ios/Build/Products/Release-iphonesimulator/TacticalGoOnboarding.swiftmodule/arm64-apple-ios-simulator.swiftmodule

Copy /Users/pc49-58/.codex/worktrees/cozy-02-integration/TacticalGo/ios/Build/Products/Release-iphonesimulator/TacticalGoOnboarding.swiftmodule/arm64-apple-ios-simulator.swiftdoc /Users/pc49-58/.codex/worktrees/cozy-02-integration/TacticalGo/ios/Build/Intermediates.noindex/TacticalGoCore.build/Release-iphonesimulator/TacticalGoOnboarding.build/Objects-normal/arm64/TacticalGoOnboarding.swiftdoc (in target 'TacticalGoOnboarding' from project 'TacticalGoCore')
    cd /Users/pc49-58/.codex/worktrees/cozy-02-integration/TacticalGo/swift/TacticalGoCore
    builtin-copy -exclude .DS_Store -exclude CVS -exclude .svn -exclude .git -exclude .hg -strip-unsigned-binaries -strip-deterministic -strip-tool /Applications/Xcode.app/Contents/Developer/Toolchains/XcodeDefault.xctoolchain/usr/bin/strip -resolve-src-symlinks -rename /Users/pc49-58/.codex/worktrees/cozy-02-integration/TacticalGo/ios/Build/Intermediates.noindex/TacticalGoCore.build/Release-iphonesimulator/TacticalGoOnboarding.build/Objects-normal/arm64/TacticalGoOnboarding.swiftdoc /Users/pc49-58/.codex/worktrees/cozy-02-integration/TacticalGo/ios/Build/Products/Release-iphonesimulator/TacticalGoOnboarding.swiftmodule/arm64-apple-ios-simulator.swiftdoc

Copy /Users/pc49-58/.codex/worktrees/cozy-02-integration/TacticalGo/ios/Build/Products/Release-iphonesimulator/TacticalGoOnboarding.swiftmodule/arm64-apple-ios-simulator.abi.json /Users/pc49-58/.codex/worktrees/cozy-02-integration/TacticalGo/ios/Build/Intermediates.noindex/TacticalGoCore.build/Release-iphonesimulator/TacticalGoOnboarding.build/Objects-normal/arm64/TacticalGoOnboarding.abi.json (in target 'TacticalGoOnboarding' from project 'TacticalGoCore')
    cd /Users/pc49-58/.codex/worktrees/cozy-02-integration/TacticalGo/swift/TacticalGoCore
    builtin-copy -exclude .DS_Store -exclude CVS -exclude .svn -exclude .git -exclude .hg -strip-unsigned-binaries -strip-deterministic -strip-tool /Applications/Xcode.app/Contents/Developer/Toolchains/XcodeDefault.xctoolchain/usr/bin/strip -resolve-src-symlinks -rename /Users/pc49-58/.codex/worktrees/cozy-02-integration/TacticalGo/ios/Build/Intermediates.noindex/TacticalGoCore.build/Release-iphonesimulator/TacticalGoOnboarding.build/Objects-normal/arm64/TacticalGoOnboarding.abi.json /Users/pc49-58/.codex/worktrees/cozy-02-integration/TacticalGo/ios/Build/Products/Release-iphonesimulator/TacticalGoOnboarding.swiftmodule/arm64-apple-ios-simulator.abi.json

Copy /Users/pc49-58/.codex/worktrees/cozy-02-integration/TacticalGo/ios/Build/Products/Release-iphonesimulator/TacticalGoOnboarding.swiftmodule/Project/arm64-apple-ios-simulator.swiftsourceinfo /Users/pc49-58/.codex/worktrees/cozy-02-integration/TacticalGo/ios/Build/Intermediates.noindex/TacticalGoCore.build/Release-iphonesimulator/TacticalGoOnboarding.build/Objects-normal/arm64/TacticalGoOnboarding.swiftsourceinfo (in target 'TacticalGoOnboarding' from project 'TacticalGoCore')
    cd /Users/pc49-58/.codex/worktrees/cozy-02-integration/TacticalGo/swift/TacticalGoCore
    builtin-copy -exclude .DS_Store -exclude CVS -exclude .svn -exclude .git -exclude .hg -strip-unsigned-binaries -strip-deterministic -strip-tool /Applications/Xcode.app/Contents/Developer/Toolchains/XcodeDefault.xctoolchain/usr/bin/strip -resolve-src-symlinks -rename /Users/pc49-58/.codex/worktrees/cozy-02-integration/TacticalGo/ios/Build/Intermediates.noindex/TacticalGoCore.build/Release-iphonesimulator/TacticalGoOnboarding.build/Objects-normal/arm64/TacticalGoOnboarding.swiftsourceinfo /Users/pc49-58/.codex/worktrees/cozy-02-integration/TacticalGo/ios/Build/Products/Release-iphonesimulator/TacticalGoOnboarding.swiftmodule/Project/arm64-apple-ios-simulator.swiftsourceinfo

ExtractAppIntentsMetadata (in target 'TacticalGoVisuals' from project 'TacticalGoCore')
    cd /Users/pc49-58/.codex/worktrees/cozy-02-integration/TacticalGo/swift/TacticalGoCore
    /Applications/Xcode.app/Contents/Developer/Toolchains/XcodeDefault.xctoolchain/usr/bin/appintentsmetadataprocessor --toolchain-dir /Applications/Xcode.app/Contents/Developer/Toolchains/XcodeDefault.xctoolchain --module-name TacticalGoVisuals --sdk-root /Applications/Xcode.app/Contents/Developer/Platforms/iPhoneSimulator.platform/Developer/SDKs/iPhoneSimulator26.5.sdk --xcode-version 17F113 --platform-family iOS --deployment-target 12.0 --bundle-identifier tacticalgocore.TacticalGoVisuals --output /Users/pc49-58/.codex/worktrees/cozy-02-integration/TacticalGo/ios/Build/Products/Release-iphonesimulator/TacticalGoVisuals.appintents --target-triple arm64-apple-ios12.0-simulator --target-triple x86_64-apple-ios12.0-simulator --binary-file /Users/pc49-58/.codex/worktrees/cozy-02-integration/TacticalGo/ios/Build/Products/Release-iphonesimulator/TacticalGoVisuals.o --dependency-file /Users/pc49-58/.codex/worktrees/cozy-02-integration/TacticalGo/ios/Build/Intermediates.noindex/TacticalGoCore.build/Release-iphonesimulator/TacticalGoVisuals.build/Objects-normal/arm64/TacticalGoVisuals_dependency_info.dat --dependency-file /Users/pc49-58/.codex/worktrees/cozy-02-integration/TacticalGo/ios/Build/Intermediates.noindex/TacticalGoCore.build/Release-iphonesimulator/TacticalGoVisuals.build/Objects-normal/x86_64/TacticalGoVisuals_dependency_info.dat --stringsdata-file /Users/pc49-58/.codex/worktrees/cozy-02-integration/TacticalGo/ios/Build/Intermediates.noindex/TacticalGoCore.build/Release-iphonesimulator/TacticalGoVisuals.build/Objects-normal/arm64/ExtractedAppShortcutsMetadata.stringsdata --stringsdata-file /Users/pc49-58/.codex/worktrees/cozy-02-integration/TacticalGo/ios/Build/Intermediates.noindex/TacticalGoCore.build/Release-iphonesimulator/TacticalGoVisuals.build/Objects-normal/x86_64/ExtractedAppShortcutsMetadata.stringsdata --source-file-list /Users/pc49-58/.codex/worktrees/cozy-02-integration/TacticalGo/ios/Build/Intermediates.noindex/TacticalGoCore.build/Release-iphonesimulator/TacticalGoVisuals.build/Objects-normal/arm64/TacticalGoVisuals.SwiftFileList --source-file-list /Users/pc49-58/.codex/worktrees/cozy-02-integration/TacticalGo/ios/Build/Intermediates.noindex/TacticalGoCore.build/Release-iphonesimulator/TacticalGoVisuals.build/Objects-normal/x86_64/TacticalGoVisuals.SwiftFileList --metadata-file-list /Users/pc49-58/.codex/worktrees/cozy-02-integration/TacticalGo/ios/Build/Intermediates.noindex/TacticalGoCore.build/Release-iphonesimulator/TacticalGoVisuals.build/TacticalGoVisuals.DependencyMetadataFileList --static-metadata-file-list /Users/pc49-58/.codex/worktrees/cozy-02-integration/TacticalGo/ios/Build/Intermediates.noindex/TacticalGoCore.build/Release-iphonesimulator/TacticalGoVisuals.build/TacticalGoVisuals.DependencyStaticMetadataFileList --swift-const-vals-list /Users/pc49-58/.codex/worktrees/cozy-02-integration/TacticalGo/ios/Build/Intermediates.noindex/TacticalGoCore.build/Release-iphonesimulator/TacticalGoVisuals.build/Objects-normal/arm64/TacticalGoVisuals.SwiftConstValuesFileList --swift-const-vals-list /Users/pc49-58/.codex/worktrees/cozy-02-integration/TacticalGo/ios/Build/Intermediates.noindex/TacticalGoCore.build/Release-iphonesimulator/TacticalGoVisuals.build/Objects-normal/x86_64/TacticalGoVisuals.SwiftConstValuesFileList --force --compile-time-extraction --deployment-aware-processing --validate-assistant-intents --no-app-shortcuts-localization
2026-10-10 17:19:28.784 appintentsmetadataprocessor[14932:1389628] Starting appintentsmetadataprocessor export
2026-10-10 17:19:28.820 appintentsmetadataprocessor[14932:1389628] Extracted no relevant App Intents symbols, skipping writing output

ExtractAppIntentsMetadata (in target 'TacticalGoCore' from project 'TacticalGoCore')
    cd /Users/pc49-58/.codex/worktrees/cozy-02-integration/TacticalGo/swift/TacticalGoCore
    /Applications/Xcode.app/Contents/Developer/Toolchains/XcodeDefault.xctoolchain/usr/bin/appintentsmetadataprocessor --toolchain-dir /Applications/Xcode.app/Contents/Developer/Toolchains/XcodeDefault.xctoolchain --module-name TacticalGoCore --sdk-root /Applications/Xcode.app/Contents/Developer/Platforms/iPhoneSimulator.platform/Developer/SDKs/iPhoneSimulator26.5.sdk --xcode-version 17F113 --platform-family iOS --deployment-target 12.0 --bundle-identifier tacticalgocore.TacticalGoCore --output /Users/pc49-58/.codex/worktrees/cozy-02-integration/TacticalGo/ios/Build/Products/Release-iphonesimulator/TacticalGoCore.appintents --target-triple arm64-apple-ios12.0-simulator --target-triple x86_64-apple-ios12.0-simulator --binary-file /Users/pc49-58/.codex/worktrees/cozy-02-integration/TacticalGo/ios/Build/Products/Release-iphonesimulator/TacticalGoCore.o --dependency-file /Users/pc49-58/.codex/worktrees/cozy-02-integration/TacticalGo/ios/Build/Intermediates.noindex/TacticalGoCore.build/Release-iphonesimulator/TacticalGoCore.build/Objects-normal/arm64/TacticalGoCore_dependency_info.dat --dependency-file /Users/pc49-58/.codex/worktrees/cozy-02-integration/TacticalGo/ios/Build/Intermediates.noindex/TacticalGoCore.build/Release-iphonesimulator/TacticalGoCore.build/Objects-normal/x86_64/TacticalGoCore_dependency_info.dat --stringsdata-file /Users/pc49-58/.codex/worktrees/cozy-02-integration/TacticalGo/ios/Build/Intermediates.noindex/TacticalGoCore.build/Release-iphonesimulator/TacticalGoCore.build/Objects-normal/arm64/ExtractedAppShortcutsMetadata.stringsdata --stringsdata-file /Users/pc49-58/.codex/worktrees/cozy-02-integration/TacticalGo/ios/Build/Intermediates.noindex/TacticalGoCore.build/Release-iphonesimulator/TacticalGoCore.build/Objects-normal/x86_64/ExtractedAppShortcutsMetadata.stringsdata --source-file-list /Users/pc49-58/.codex/worktrees/cozy-02-integration/TacticalGo/ios/Build/Intermediates.noindex/TacticalGoCore.build/Release-iphonesimulator/TacticalGoCore.build/Objects-normal/arm64/TacticalGoCore.SwiftFileList --source-file-list /Users/pc49-58/.codex/worktrees/cozy-02-integration/TacticalGo/ios/Build/Intermediates.noindex/TacticalGoCore.build/Release-iphonesimulator/TacticalGoCore.build/Objects-normal/x86_64/TacticalGoCore.SwiftFileList --metadata-file-list /Users/pc49-58/.codex/worktrees/cozy-02-integration/TacticalGo/ios/Build/Intermediates.noindex/TacticalGoCore.build/Release-iphonesimulator/TacticalGoCore.build/TacticalGoCore.DependencyMetadataFileList --static-metadata-file-list /Users/pc49-58/.codex/worktrees/cozy-02-integration/TacticalGo/ios/Build/Intermediates.noindex/TacticalGoCore.build/Release-iphonesimulator/TacticalGoCore.build/TacticalGoCore.DependencyStaticMetadataFileList --swift-const-vals-list /Users/pc49-58/.codex/worktrees/cozy-02-integration/TacticalGo/ios/Build/Intermediates.noindex/TacticalGoCore.build/Release-iphonesimulator/TacticalGoCore.build/Objects-normal/arm64/TacticalGoCore.SwiftConstValuesFileList --swift-const-vals-list /Users/pc49-58/.codex/worktrees/cozy-02-integration/TacticalGo/ios/Build/Intermediates.noindex/TacticalGoCore.build/Release-iphonesimulator/TacticalGoCore.build/Objects-normal/x86_64/TacticalGoCore.SwiftConstValuesFileList --force --compile-time-extraction --deployment-aware-processing --validate-assistant-intents --no-app-shortcuts-localization
2026-10-10 17:19:28.798 appintentsmetadataprocessor[14933:1389629] Starting appintentsmetadataprocessor export
2026-10-10 17:19:28.820 appintentsmetadataprocessor[14933:1389629] Extracted no relevant App Intents symbols, skipping writing output

SwiftDriverJobDiscovery normal x86_64 Compiling resource_bundle_accessor.swift, Onboarding.swift (in target 'TacticalGoOnboarding' from project 'TacticalGoCore')

SwiftDriver\ Compilation\ Requirements TacticalGoOnboarding normal x86_64 com.apple.xcode.tools.swift.compiler (in target 'TacticalGoOnboarding' from project 'TacticalGoCore')
    cd /Users/pc49-58/.codex/worktrees/cozy-02-integration/TacticalGo/ios/TacticalGo.xcodeproj
    builtin-Swift-Compilation-Requirements -- /Applications/Xcode.app/Contents/Developer/Toolchains/XcodeDefault.xctoolchain/usr/bin/swiftc -module-name TacticalGoOnboarding -O -whole-module-optimization @/Users/pc49-58/.codex/worktrees/cozy-02-integration/TacticalGo/ios/Build/Intermediates.noindex/TacticalGoCore.build/Release-iphonesimulator/TacticalGoOnboarding.build/Objects-normal/x86_64/TacticalGoOnboarding.SwiftFileList -DSWIFT_PACKAGE -DSWIFT_MODULE_RESOURCE_BUNDLE_AVAILABLE -DXcode -plugin-path /Applications/Xcode.app/Contents/Developer/Toolchains/XcodeDefault.xctoolchain/usr/lib/swift/host/plugins/testing -enable-experimental-feature DebugDescriptionMacro -sdk /Applications/Xcode.app/Contents/Developer/Platforms/iPhoneSimulator.platform/Developer/SDKs/iPhoneSimulator26.5.sdk -target x86_64-apple-ios12.0-simulator -g -module-cache-path /Users/pc49-58/.codex/worktrees/cozy-02-integration/TacticalGo/ios/HeroBodyReleaseBuild/ModuleCache.noindex -Xfrontend -serialize-debugging-options -suppress-warnings -swift-version 6 -I /Users/pc49-58/.codex/worktrees/cozy-02-integration/TacticalGo/ios/Build/Products/Release-iphonesimulator -Isystem /Applications/Xcode.app/Contents/Developer/Platforms/iPhoneSimulator.platform/Developer/usr/lib -F /Users/pc49-58/.codex/worktrees/cozy-02-integration/TacticalGo/ios/Build/Products/Release-iphonesimulator/PackageFrameworks -F /Users/pc49-58/.codex/worktrees/cozy-02-integration/TacticalGo/ios/Build/Products/Release-iphonesimulator -F /Applications/Xcode.app/Contents/Developer/Platforms/iPhoneSimulator.platform/Developer/Library/Frameworks -F /Applications/Xcode.app/Contents/Developer/Platforms/iPhoneSimulator.platform/Developer/SDKs/iPhoneSimulator26.5.sdk/Developer/Library/Frameworks -c -num-threads 8 -Xcc -ivfsstatcache -Xcc /Users/pc49-58/.codex/worktrees/cozy-02-integration/TacticalGo/ios/HeroBodyReleaseBuild/SDKStatCaches.noindex/iphonesimulator26.5-23F81a-6cfe768891a92b912361537c460fe42b.sdkstatcache -output-file-map /Users/pc49-58/.codex/worktrees/cozy-02-integration/TacticalGo/ios/Build/Intermediates.noindex/TacticalGoCore.build/Release-iphonesimulator/TacticalGoOnboarding.build/Objects-normal/x86_64/TacticalGoOnboarding-OutputFileMap.json -use-frontend-parseable-output -save-temps -no-color-diagnostics -explicit-module-build -module-cache-path /Users/pc49-58/.codex/worktrees/cozy-02-integration/TacticalGo/ios/Build/Intermediates.noindex/SwiftExplicitPrecompiledModules -clang-scanner-module-cache-path /Users/pc49-58/.codex/worktrees/cozy-02-integration/TacticalGo/ios/HeroBodyReleaseBuild/ModuleCache.noindex -sdk-module-cache-path /Users/pc49-58/.codex/worktrees/cozy-02-integration/TacticalGo/ios/HeroBodyReleaseBuild/ModuleCache.noindex -serialize-diagnostics -emit-dependencies -emit-module -emit-module-path /Users/pc49-58/.codex/worktrees/cozy-02-integration/TacticalGo/ios/Build/Intermediates.noindex/TacticalGoCore.build/Release-iphonesimulator/TacticalGoOnboarding.build/Objects-normal/x86_64/TacticalGoOnboarding.swiftmodule -validate-clang-modules-once -clang-build-session-file /Users/pc49-58/.codex/worktrees/cozy-02-integration/TacticalGo/ios/HeroBodyReleaseBuild/ModuleCache.noindex/Session.modulevalidation -package-name tacticalgocore -Xcc -I/Users/pc49-58/.codex/worktrees/cozy-02-integration/TacticalGo/ios/Build/Intermediates.noindex/TacticalGoCore.build/Release-iphonesimulator/TacticalGoOnboarding.build/swift-overrides.hmap -emit-const-values -Xfrontend -const-gather-protocols-file -Xfrontend /Users/pc49-58/.codex/worktrees/cozy-02-integration/TacticalGo/ios/Build/Intermediates.noindex/TacticalGoCore.build/Release-iphonesimulator/TacticalGoOnboarding.build/Objects-normal/x86_64/TacticalGoOnboarding_const_extract_protocols.json -Xcc -I/Users/pc49-58/.codex/worktrees/cozy-02-integration/TacticalGo/ios/Build/Products/Release-iphonesimulator/include -Xcc -I/Users/pc49-58/.codex/worktrees/cozy-02-integration/TacticalGo/ios/Build/Intermediates.noindex/TacticalGoCore.build/Release-iphonesimulator/TacticalGoOnboarding.build/DerivedSources-normal/x86_64 -Xcc -I/Users/pc49-58/.codex/worktrees/cozy-02-integration/TacticalGo/ios/Build/Intermediates.noindex/TacticalGoCore.build/Release-iphonesimulator/TacticalGoOnboarding.build/DerivedSources/x86_64 -Xcc -I/Users/pc49-58/.codex/worktrees/cozy-02-integration/TacticalGo/ios/Build/Intermediates.noindex/TacticalGoCore.build/Release-iphonesimulator/TacticalGoOnboarding.build/DerivedSources -Xcc -DSWIFT_PACKAGE -emit-objc-header -emit-objc-header-path /Users/pc49-58/.codex/worktrees/cozy-02-integration/TacticalGo/ios/Build/Intermediates.noindex/TacticalGoCore.build/Release-iphonesimulator/TacticalGoOnboarding.build/Objects-normal/x86_64/TacticalGoOnboarding-Swift.h -working-directory /Users/pc49-58/.codex/worktrees/cozy-02-integration/TacticalGo/ios/TacticalGo.xcodeproj -no-emit-module-separately-wmo

RegisterExecutionPolicyException /Users/pc49-58/.codex/worktrees/cozy-02-integration/TacticalGo/ios/Build/Products/Release-iphonesimulator/TacticalGoVisuals.o (in target 'TacticalGoVisuals' from project 'TacticalGoCore')
    cd /Users/pc49-58/.codex/worktrees/cozy-02-integration/TacticalGo/swift/TacticalGoCore
    builtin-RegisterExecutionPolicyException /Users/pc49-58/.codex/worktrees/cozy-02-integration/TacticalGo/ios/Build/Products/Release-iphonesimulator/TacticalGoVisuals.o

SwiftMergeGeneratedHeaders /Users/pc49-58/.codex/worktrees/cozy-02-integration/TacticalGo/ios/Build/Intermediates.noindex/GeneratedModuleMaps-iphonesimulator/TacticalGoOnboarding-Swift.h /Users/pc49-58/.codex/worktrees/cozy-02-integration/TacticalGo/ios/Build/Intermediates.noindex/TacticalGoCore.build/Release-iphonesimulator/TacticalGoOnboarding.build/Objects-normal/arm64/TacticalGoOnboarding-Swift.h /Users/pc49-58/.codex/worktrees/cozy-02-integration/TacticalGo/ios/Build/Intermediates.noindex/TacticalGoCore.build/Release-iphonesimulator/TacticalGoOnboarding.build/Objects-normal/x86_64/TacticalGoOnboarding-Swift.h (in target 'TacticalGoOnboarding' from project 'TacticalGoCore')
    cd /Users/pc49-58/.codex/worktrees/cozy-02-integration/TacticalGo/swift/TacticalGoCore
    builtin-swiftHeaderTool -arch arm64 /Users/pc49-58/.codex/worktrees/cozy-02-integration/TacticalGo/ios/Build/Intermediates.noindex/TacticalGoCore.build/Release-iphonesimulator/TacticalGoOnboarding.build/Objects-normal/arm64/TacticalGoOnboarding-Swift.h -arch x86_64 /Users/pc49-58/.codex/worktrees/cozy-02-integration/TacticalGo/ios/Build/Intermediates.noindex/TacticalGoCore.build/Release-iphonesimulator/TacticalGoOnboarding.build/Objects-normal/x86_64/TacticalGoOnboarding-Swift.h -o /Users/pc49-58/.codex/worktrees/cozy-02-integration/TacticalGo/ios/Build/Intermediates.noindex/GeneratedModuleMaps-iphonesimulator/TacticalGoOnboarding-Swift.h

Copy /Users/pc49-58/.codex/worktrees/cozy-02-integration/TacticalGo/ios/Build/Products/Release-iphonesimulator/TacticalGoOnboarding.swiftmodule/x86_64-apple-ios-simulator.swiftmodule /Users/pc49-58/.codex/worktrees/cozy-02-integration/TacticalGo/ios/Build/Intermediates.noindex/TacticalGoCore.build/Release-iphonesimulator/TacticalGoOnboarding.build/Objects-normal/x86_64/TacticalGoOnboarding.swiftmodule (in target 'TacticalGoOnboarding' from project 'TacticalGoCore')
    cd /Users/pc49-58/.codex/worktrees/cozy-02-integration/TacticalGo/swift/TacticalGoCore
    builtin-copy -exclude .DS_Store -exclude CVS -exclude .svn -exclude .git -exclude .hg -strip-unsigned-binaries -strip-deterministic -strip-tool /Applications/Xcode.app/Contents/Developer/Toolchains/XcodeDefault.xctoolchain/usr/bin/strip -resolve-src-symlinks -rename /Users/pc49-58/.codex/worktrees/cozy-02-integration/TacticalGo/ios/Build/Intermediates.noindex/TacticalGoCore.build/Release-iphonesimulator/TacticalGoOnboarding.build/Objects-normal/x86_64/TacticalGoOnboarding.swiftmodule /Users/pc49-58/.codex/worktrees/cozy-02-integration/TacticalGo/ios/Build/Products/Release-iphonesimulator/TacticalGoOnboarding.swiftmodule/x86_64-apple-ios-simulator.swiftmodule

Copy /Users/pc49-58/.codex/worktrees/cozy-02-integration/TacticalGo/ios/Build/Products/Release-iphonesimulator/TacticalGoOnboarding.swiftmodule/x86_64-apple-ios-simulator.swiftdoc /Users/pc49-58/.codex/worktrees/cozy-02-integration/TacticalGo/ios/Build/Intermediates.noindex/TacticalGoCore.build/Release-iphonesimulator/TacticalGoOnboarding.build/Objects-normal/x86_64/TacticalGoOnboarding.swiftdoc (in target 'TacticalGoOnboarding' from project 'TacticalGoCore')
    cd /Users/pc49-58/.codex/worktrees/cozy-02-integration/TacticalGo/swift/TacticalGoCore
    builtin-copy -exclude .DS_Store -exclude CVS -exclude .svn -exclude .git -exclude .hg -strip-unsigned-binaries -strip-deterministic -strip-tool /Applications/Xcode.app/Contents/Developer/Toolchains/XcodeDefault.xctoolchain/usr/bin/strip -resolve-src-symlinks -rename /Users/pc49-58/.codex/worktrees/cozy-02-integration/TacticalGo/ios/Build/Intermediates.noindex/TacticalGoCore.build/Release-iphonesimulator/TacticalGoOnboarding.build/Objects-normal/x86_64/TacticalGoOnboarding.swiftdoc /Users/pc49-58/.codex/worktrees/cozy-02-integration/TacticalGo/ios/Build/Products/Release-iphonesimulator/TacticalGoOnboarding.swiftmodule/x86_64-apple-ios-simulator.swiftdoc

Copy /Users/pc49-58/.codex/worktrees/cozy-02-integration/TacticalGo/ios/Build/Products/Release-iphonesimulator/TacticalGoOnboarding.swiftmodule/x86_64-apple-ios-simulator.abi.json /Users/pc49-58/.codex/worktrees/cozy-02-integration/TacticalGo/ios/Build/Intermediates.noindex/TacticalGoCore.build/Release-iphonesimulator/TacticalGoOnboarding.build/Objects-normal/x86_64/TacticalGoOnboarding.abi.json (in target 'TacticalGoOnboarding' from project 'TacticalGoCore')
    cd /Users/pc49-58/.codex/worktrees/cozy-02-integration/TacticalGo/swift/TacticalGoCore
    builtin-copy -exclude .DS_Store -exclude CVS -exclude .svn -exclude .git -exclude .hg -strip-unsigned-binaries -strip-deterministic -strip-tool /Applications/Xcode.app/Contents/Developer/Toolchains/XcodeDefault.xctoolchain/usr/bin/strip -resolve-src-symlinks -rename /Users/pc49-58/.codex/worktrees/cozy-02-integration/TacticalGo/ios/Build/Intermediates.noindex/TacticalGoCore.build/Release-iphonesimulator/TacticalGoOnboarding.build/Objects-normal/x86_64/TacticalGoOnboarding.abi.json /Users/pc49-58/.codex/worktrees/cozy-02-integration/TacticalGo/ios/Build/Products/Release-iphonesimulator/TacticalGoOnboarding.swiftmodule/x86_64-apple-ios-simulator.abi.json

Copy /Users/pc49-58/.codex/worktrees/cozy-02-integration/TacticalGo/ios/Build/Products/Release-iphonesimulator/TacticalGoOnboarding.swiftmodule/Project/x86_64-apple-ios-simulator.swiftsourceinfo /Users/pc49-58/.codex/worktrees/cozy-02-integration/TacticalGo/ios/Build/Intermediates.noindex/TacticalGoCore.build/Release-iphonesimulator/TacticalGoOnboarding.build/Objects-normal/x86_64/TacticalGoOnboarding.swiftsourceinfo (in target 'TacticalGoOnboarding' from project 'TacticalGoCore')
    cd /Users/pc49-58/.codex/worktrees/cozy-02-integration/TacticalGo/swift/TacticalGoCore
    builtin-copy -exclude .DS_Store -exclude CVS -exclude .svn -exclude .git -exclude .hg -strip-unsigned-binaries -strip-deterministic -strip-tool /Applications/Xcode.app/Contents/Developer/Toolchains/XcodeDefault.xctoolchain/usr/bin/strip -resolve-src-symlinks -rename /Users/pc49-58/.codex/worktrees/cozy-02-integration/TacticalGo/ios/Build/Intermediates.noindex/TacticalGoCore.build/Release-iphonesimulator/TacticalGoOnboarding.build/Objects-normal/x86_64/TacticalGoOnboarding.swiftsourceinfo /Users/pc49-58/.codex/worktrees/cozy-02-integration/TacticalGo/ios/Build/Products/Release-iphonesimulator/TacticalGoOnboarding.swiftmodule/Project/x86_64-apple-ios-simulator.swiftsourceinfo

RegisterExecutionPolicyException /Users/pc49-58/.codex/worktrees/cozy-02-integration/TacticalGo/ios/Build/Products/Release-iphonesimulator/TacticalGoCore.o (in target 'TacticalGoCore' from project 'TacticalGoCore')
    cd /Users/pc49-58/.codex/worktrees/cozy-02-integration/TacticalGo/swift/TacticalGoCore
    builtin-RegisterExecutionPolicyException /Users/pc49-58/.codex/worktrees/cozy-02-integration/TacticalGo/ios/Build/Products/Release-iphonesimulator/TacticalGoCore.o

Ld /Users/pc49-58/.codex/worktrees/cozy-02-integration/TacticalGo/ios/Build/Intermediates.noindex/TacticalGoCore.build/Release-iphonesimulator/TacticalGoOnboarding.build/Objects-normal/x86_64/Binary/TacticalGoOnboarding.o normal x86_64 (in target 'TacticalGoOnboarding' from project 'TacticalGoCore')
    cd /Users/pc49-58/.codex/worktrees/cozy-02-integration/TacticalGo/swift/TacticalGoCore
    /Applications/Xcode.app/Contents/Developer/Toolchains/XcodeDefault.xctoolchain/usr/bin/clang -Xlinker -reproducible -target x86_64-apple-ios12.0-simulator -r -isysroot /Applications/Xcode.app/Contents/Developer/Platforms/iPhoneSimulator.platform/Developer/SDKs/iPhoneSimulator26.5.sdk -Os -w -F/Users/pc49-58/.codex/worktrees/cozy-02-integration/TacticalGo/ios/Build/Intermediates.noindex/EagerLinkingTBDs/Release-iphonesimulator -F/Users/pc49-58/.codex/worktrees/cozy-02-integration/TacticalGo/ios/Build/Products/Release-iphonesimulator/PackageFrameworks -F/Users/pc49-58/.codex/worktrees/cozy-02-integration/TacticalGo/ios/Build/Products/Release-iphonesimulator -iframework /Applications/Xcode.app/Contents/Developer/Platforms/iPhoneSimulator.platform/Developer/Library/Frameworks -iframework /Applications/Xcode.app/Contents/Developer/Platforms/iPhoneSimulator.platform/Developer/SDKs/iPhoneSimulator26.5.sdk/Developer/Library/Frameworks -filelist /Users/pc49-58/.codex/worktrees/cozy-02-integration/TacticalGo/ios/Build/Intermediates.noindex/TacticalGoCore.build/Release-iphonesimulator/TacticalGoOnboarding.build/Objects-normal/x86_64/TacticalGoOnboarding.LinkFileList -nostdlib -Xlinker -object_path_lto -Xlinker /Users/pc49-58/.codex/worktrees/cozy-02-integration/TacticalGo/ios/Build/Intermediates.noindex/TacticalGoCore.build/Release-iphonesimulator/TacticalGoOnboarding.build/Objects-normal/x86_64/TacticalGoOnboarding_lto.o -Xlinker -objc_abi_version -Xlinker 2 -Xlinker -dependency_info -Xlinker /Users/pc49-58/.codex/worktrees/cozy-02-integration/TacticalGo/ios/Build/Intermediates.noindex/TacticalGoCore.build/Release-iphonesimulator/TacticalGoOnboarding.build/Objects-normal/x86_64/TacticalGoOnboarding_dependency_info.dat -fobjc-link-runtime -L/Applications/Xcode.app/Contents/Developer/Toolchains/XcodeDefault.xctoolchain/usr/lib/swift/iphonesimulator -L/usr/lib/swift -Xlinker -add_ast_path -Xlinker /Users/pc49-58/.codex/worktrees/cozy-02-integration/TacticalGo/ios/Build/Intermediates.noindex/TacticalGoCore.build/Release-iphonesimulator/TacticalGoOnboarding.build/Objects-normal/x86_64/TacticalGoOnboarding.swiftmodule @/Users/pc49-58/.codex/worktrees/cozy-02-integration/TacticalGo/ios/Build/Intermediates.noindex/TacticalGoCore.build/Release-iphonesimulator/TacticalGoOnboarding.build/Objects-normal/x86_64/TacticalGoOnboarding-linker-args.resp -o /Users/pc49-58/.codex/worktrees/cozy-02-integration/TacticalGo/ios/Build/Intermediates.noindex/TacticalGoCore.build/Release-iphonesimulator/TacticalGoOnboarding.build/Objects-normal/x86_64/Binary/TacticalGoOnboarding.o

Ld /Users/pc49-58/.codex/worktrees/cozy-02-integration/TacticalGo/ios/Build/Intermediates.noindex/TacticalGoCore.build/Release-iphonesimulator/TacticalGoOnboarding.build/Objects-normal/arm64/Binary/TacticalGoOnboarding.o normal arm64 (in target 'TacticalGoOnboarding' from project 'TacticalGoCore')
    cd /Users/pc49-58/.codex/worktrees/cozy-02-integration/TacticalGo/swift/TacticalGoCore
    /Applications/Xcode.app/Contents/Developer/Toolchains/XcodeDefault.xctoolchain/usr/bin/clang -Xlinker -reproducible -target arm64-apple-ios12.0-simulator -r -isysroot /Applications/Xcode.app/Contents/Developer/Platforms/iPhoneSimulator.platform/Developer/SDKs/iPhoneSimulator26.5.sdk -Os -w -F/Users/pc49-58/.codex/worktrees/cozy-02-integration/TacticalGo/ios/Build/Intermediates.noindex/EagerLinkingTBDs/Release-iphonesimulator -F/Users/pc49-58/.codex/worktrees/cozy-02-integration/TacticalGo/ios/Build/Products/Release-iphonesimulator/PackageFrameworks -F/Users/pc49-58/.codex/worktrees/cozy-02-integration/TacticalGo/ios/Build/Products/Release-iphonesimulator -iframework /Applications/Xcode.app/Contents/Developer/Platforms/iPhoneSimulator.platform/Developer/Library/Frameworks -iframework /Applications/Xcode.app/Contents/Developer/Platforms/iPhoneSimulator.platform/Developer/SDKs/iPhoneSimulator26.5.sdk/Developer/Library/Frameworks -filelist /Users/pc49-58/.codex/worktrees/cozy-02-integration/TacticalGo/ios/Build/Intermediates.noindex/TacticalGoCore.build/Release-iphonesimulator/TacticalGoOnboarding.build/Objects-normal/arm64/TacticalGoOnboarding.LinkFileList -nostdlib -Xlinker -object_path_lto -Xlinker /Users/pc49-58/.codex/worktrees/cozy-02-integration/TacticalGo/ios/Build/Intermediates.noindex/TacticalGoCore.build/Release-iphonesimulator/TacticalGoOnboarding.build/Objects-normal/arm64/TacticalGoOnboarding_lto.o -Xlinker -objc_abi_version -Xlinker 2 -Xlinker -dependency_info -Xlinker /Users/pc49-58/.codex/worktrees/cozy-02-integration/TacticalGo/ios/Build/Intermediates.noindex/TacticalGoCore.build/Release-iphonesimulator/TacticalGoOnboarding.build/Objects-normal/arm64/TacticalGoOnboarding_dependency_info.dat -fobjc-link-runtime -L/Applications/Xcode.app/Contents/Developer/Toolchains/XcodeDefault.xctoolchain/usr/lib/swift/iphonesimulator -L/usr/lib/swift -Xlinker -add_ast_path -Xlinker /Users/pc49-58/.codex/worktrees/cozy-02-integration/TacticalGo/ios/Build/Intermediates.noindex/TacticalGoCore.build/Release-iphonesimulator/TacticalGoOnboarding.build/Objects-normal/arm64/TacticalGoOnboarding.swiftmodule @/Users/pc49-58/.codex/worktrees/cozy-02-integration/TacticalGo/ios/Build/Intermediates.noindex/TacticalGoCore.build/Release-iphonesimulator/TacticalGoOnboarding.build/Objects-normal/arm64/TacticalGoOnboarding-linker-args.resp -o /Users/pc49-58/.codex/worktrees/cozy-02-integration/TacticalGo/ios/Build/Intermediates.noindex/TacticalGoCore.build/Release-iphonesimulator/TacticalGoOnboarding.build/Objects-normal/arm64/Binary/TacticalGoOnboarding.o

CreateUniversalBinary /Users/pc49-58/.codex/worktrees/cozy-02-integration/TacticalGo/ios/Build/Products/Release-iphonesimulator/TacticalGoOnboarding.o normal arm64\ x86_64 (in target 'TacticalGoOnboarding' from project 'TacticalGoCore')
    cd /Users/pc49-58/.codex/worktrees/cozy-02-integration/TacticalGo/swift/TacticalGoCore
    /Applications/Xcode.app/Contents/Developer/Toolchains/XcodeDefault.xctoolchain/usr/bin/lipo -create /Users/pc49-58/.codex/worktrees/cozy-02-integration/TacticalGo/ios/Build/Intermediates.noindex/TacticalGoCore.build/Release-iphonesimulator/TacticalGoOnboarding.build/Objects-normal/arm64/Binary/TacticalGoOnboarding.o /Users/pc49-58/.codex/worktrees/cozy-02-integration/TacticalGo/ios/Build/Intermediates.noindex/TacticalGoCore.build/Release-iphonesimulator/TacticalGoOnboarding.build/Objects-normal/x86_64/Binary/TacticalGoOnboarding.o -output /Users/pc49-58/.codex/worktrees/cozy-02-integration/TacticalGo/ios/Build/Products/Release-iphonesimulator/TacticalGoOnboarding.o

ExtractAppIntentsMetadata (in target 'TacticalGoOnboarding' from project 'TacticalGoCore')
    cd /Users/pc49-58/.codex/worktrees/cozy-02-integration/TacticalGo/swift/TacticalGoCore
    /Applications/Xcode.app/Contents/Developer/Toolchains/XcodeDefault.xctoolchain/usr/bin/appintentsmetadataprocessor --toolchain-dir /Applications/Xcode.app/Contents/Developer/Toolchains/XcodeDefault.xctoolchain --module-name TacticalGoOnboarding --sdk-root /Applications/Xcode.app/Contents/Developer/Platforms/iPhoneSimulator.platform/Developer/SDKs/iPhoneSimulator26.5.sdk --xcode-version 17F113 --platform-family iOS --deployment-target 12.0 --bundle-identifier tacticalgocore.TacticalGoOnboarding --output /Users/pc49-58/.codex/worktrees/cozy-02-integration/TacticalGo/ios/Build/Products/Release-iphonesimulator/TacticalGoOnboarding.appintents --target-triple arm64-apple-ios12.0-simulator --target-triple x86_64-apple-ios12.0-simulator --binary-file /Users/pc49-58/.codex/worktrees/cozy-02-integration/TacticalGo/ios/Build/Products/Release-iphonesimulator/TacticalGoOnboarding.o --dependency-file /Users/pc49-58/.codex/worktrees/cozy-02-integration/TacticalGo/ios/Build/Intermediates.noindex/TacticalGoCore.build/Release-iphonesimulator/TacticalGoOnboarding.build/Objects-normal/arm64/TacticalGoOnboarding_dependency_info.dat --dependency-file /Users/pc49-58/.codex/worktrees/cozy-02-integration/TacticalGo/ios/Build/Intermediates.noindex/TacticalGoCore.build/Release-iphonesimulator/TacticalGoOnboarding.build/Objects-normal/x86_64/TacticalGoOnboarding_dependency_info.dat --stringsdata-file /Users/pc49-58/.codex/worktrees/cozy-02-integration/TacticalGo/ios/Build/Intermediates.noindex/TacticalGoCore.build/Release-iphonesimulator/TacticalGoOnboarding.build/Objects-normal/arm64/ExtractedAppShortcutsMetadata.stringsdata --stringsdata-file /Users/pc49-58/.codex/worktrees/cozy-02-integration/TacticalGo/ios/Build/Intermediates.noindex/TacticalGoCore.build/Release-iphonesimulator/TacticalGoOnboarding.build/Objects-normal/x86_64/ExtractedAppShortcutsMetadata.stringsdata --source-file-list /Users/pc49-58/.codex/worktrees/cozy-02-integration/TacticalGo/ios/Build/Intermediates.noindex/TacticalGoCore.build/Release-iphonesimulator/TacticalGoOnboarding.build/Objects-normal/arm64/TacticalGoOnboarding.SwiftFileList --source-file-list /Users/pc49-58/.codex/worktrees/cozy-02-integration/TacticalGo/ios/Build/Intermediates.noindex/TacticalGoCore.build/Release-iphonesimulator/TacticalGoOnboarding.build/Objects-normal/x86_64/TacticalGoOnboarding.SwiftFileList --metadata-file-list /Users/pc49-58/.codex/worktrees/cozy-02-integration/TacticalGo/ios/Build/Intermediates.noindex/TacticalGoCore.build/Release-iphonesimulator/TacticalGoOnboarding.build/TacticalGoOnboarding.DependencyMetadataFileList --static-metadata-file-list /Users/pc49-58/.codex/worktrees/cozy-02-integration/TacticalGo/ios/Build/Intermediates.noindex/TacticalGoCore.build/Release-iphonesimulator/TacticalGoOnboarding.build/TacticalGoOnboarding.DependencyStaticMetadataFileList --swift-const-vals-list /Users/pc49-58/.codex/worktrees/cozy-02-integration/TacticalGo/ios/Build/Intermediates.noindex/TacticalGoCore.build/Release-iphonesimulator/TacticalGoOnboarding.build/Objects-normal/arm64/TacticalGoOnboarding.SwiftConstValuesFileList --swift-const-vals-list /Users/pc49-58/.codex/worktrees/cozy-02-integration/TacticalGo/ios/Build/Intermediates.noindex/TacticalGoCore.build/Release-iphonesimulator/TacticalGoOnboarding.build/Objects-normal/x86_64/TacticalGoOnboarding.SwiftConstValuesFileList --force --compile-time-extraction --deployment-aware-processing --validate-assistant-intents --no-app-shortcuts-localization
2026-10-10 17:19:28.911 appintentsmetadataprocessor[14939:1389661] Starting appintentsmetadataprocessor export
2026-10-10 17:19:28.922 appintentsmetadataprocessor[14939:1389661] Extracted no relevant App Intents symbols, skipping writing output

RegisterExecutionPolicyException /Users/pc49-58/.codex/worktrees/cozy-02-integration/TacticalGo/ios/Build/Products/Release-iphonesimulator/TacticalGoOnboarding.o (in target 'TacticalGoOnboarding' from project 'TacticalGoCore')
    cd /Users/pc49-58/.codex/worktrees/cozy-02-integration/TacticalGo/swift/TacticalGoCore
    builtin-RegisterExecutionPolicyException /Users/pc49-58/.codex/worktrees/cozy-02-integration/TacticalGo/ios/Build/Products/Release-iphonesimulator/TacticalGoOnboarding.o

SwiftDriverJobDiscovery normal arm64 Compiling MatchRecord.swift (in target 'TacticalGoRecords' from project 'TacticalGoCore')

SwiftDriver\ Compilation\ Requirements TacticalGoRecords normal arm64 com.apple.xcode.tools.swift.compiler (in target 'TacticalGoRecords' from project 'TacticalGoCore')
    cd /Users/pc49-58/.codex/worktrees/cozy-02-integration/TacticalGo/ios/TacticalGo.xcodeproj
    builtin-Swift-Compilation-Requirements -- /Applications/Xcode.app/Contents/Developer/Toolchains/XcodeDefault.xctoolchain/usr/bin/swiftc -module-name TacticalGoRecords -O -whole-module-optimization @/Users/pc49-58/.codex/worktrees/cozy-02-integration/TacticalGo/ios/Build/Intermediates.noindex/TacticalGoCore.build/Release-iphonesimulator/TacticalGoRecords.build/Objects-normal/arm64/TacticalGoRecords.SwiftFileList -DSWIFT_PACKAGE -DSWIFT_MODULE_RESOURCE_BUNDLE_UNAVAILABLE -DXcode -plugin-path /Applications/Xcode.app/Contents/Developer/Toolchains/XcodeDefault.xctoolchain/usr/lib/swift/host/plugins/testing -enable-experimental-feature DebugDescriptionMacro -sdk /Applications/Xcode.app/Contents/Developer/Platforms/iPhoneSimulator.platform/Developer/SDKs/iPhoneSimulator26.5.sdk -target arm64-apple-ios12.0-simulator -g -module-cache-path /Users/pc49-58/.codex/worktrees/cozy-02-integration/TacticalGo/ios/HeroBodyReleaseBuild/ModuleCache.noindex -Xfrontend -serialize-debugging-options -suppress-warnings -swift-version 6 -I /Users/pc49-58/.codex/worktrees/cozy-02-integration/TacticalGo/ios/Build/Products/Release-iphonesimulator -Isystem /Applications/Xcode.app/Contents/Developer/Platforms/iPhoneSimulator.platform/Developer/usr/lib -F /Users/pc49-58/.codex/worktrees/cozy-02-integration/TacticalGo/ios/Build/Products/Release-iphonesimulator/PackageFrameworks -F /Users/pc49-58/.codex/worktrees/cozy-02-integration/TacticalGo/ios/Build/Products/Release-iphonesimulator -F /Applications/Xcode.app/Contents/Developer/Platforms/iPhoneSimulator.platform/Developer/Library/Frameworks -F /Applications/Xcode.app/Contents/Developer/Platforms/iPhoneSimulator.platform/Developer/SDKs/iPhoneSimulator26.5.sdk/Developer/Library/Frameworks -parse-as-library -c -num-threads 8 -Xcc -ivfsstatcache -Xcc /Users/pc49-58/.codex/worktrees/cozy-02-integration/TacticalGo/ios/HeroBodyReleaseBuild/SDKStatCaches.noindex/iphonesimulator26.5-23F81a-6cfe768891a92b912361537c460fe42b.sdkstatcache -output-file-map /Users/pc49-58/.codex/worktrees/cozy-02-integration/TacticalGo/ios/Build/Intermediates.noindex/TacticalGoCore.build/Release-iphonesimulator/TacticalGoRecords.build/Objects-normal/arm64/TacticalGoRecords-OutputFileMap.json -use-frontend-parseable-output -save-temps -no-color-diagnostics -explicit-module-build -module-cache-path /Users/pc49-58/.codex/worktrees/cozy-02-integration/TacticalGo/ios/Build/Intermediates.noindex/SwiftExplicitPrecompiledModules -clang-scanner-module-cache-path /Users/pc49-58/.codex/worktrees/cozy-02-integration/TacticalGo/ios/HeroBodyReleaseBuild/ModuleCache.noindex -sdk-module-cache-path /Users/pc49-58/.codex/worktrees/cozy-02-integration/TacticalGo/ios/HeroBodyReleaseBuild/ModuleCache.noindex -serialize-diagnostics -emit-dependencies -emit-module -emit-module-path /Users/pc49-58/.codex/worktrees/cozy-02-integration/TacticalGo/ios/Build/Intermediates.noindex/TacticalGoCore.build/Release-iphonesimulator/TacticalGoRecords.build/Objects-normal/arm64/TacticalGoRecords.swiftmodule -validate-clang-modules-once -clang-build-session-file /Users/pc49-58/.codex/worktrees/cozy-02-integration/TacticalGo/ios/HeroBodyReleaseBuild/ModuleCache.noindex/Session.modulevalidation -package-name tacticalgocore -Xcc -I/Users/pc49-58/.codex/worktrees/cozy-02-integration/TacticalGo/ios/Build/Intermediates.noindex/TacticalGoCore.build/Release-iphonesimulator/TacticalGoRecords.build/swift-overrides.hmap -emit-const-values -Xfrontend -const-gather-protocols-file -Xfrontend /Users/pc49-58/.codex/worktrees/cozy-02-integration/TacticalGo/ios/Build/Intermediates.noindex/TacticalGoCore.build/Release-iphonesimulator/TacticalGoRecords.build/Objects-normal/arm64/TacticalGoRecords_const_extract_protocols.json -Xcc -I/Users/pc49-58/.codex/worktrees/cozy-02-integration/TacticalGo/ios/Build/Products/Release-iphonesimulator/include -Xcc -I/Users/pc49-58/.codex/worktrees/cozy-02-integration/TacticalGo/ios/Build/Intermediates.noindex/TacticalGoCore.build/Release-iphonesimulator/TacticalGoRecords.build/DerivedSources-normal/arm64 -Xcc -I/Users/pc49-58/.codex/worktrees/cozy-02-integration/TacticalGo/ios/Build/Intermediates.noindex/TacticalGoCore.build/Release-iphonesimulator/TacticalGoRecords.build/DerivedSources/arm64 -Xcc -I/Users/pc49-58/.codex/worktrees/cozy-02-integration/TacticalGo/ios/Build/Intermediates.noindex/TacticalGoCore.build/Release-iphonesimulator/TacticalGoRecords.build/DerivedSources -Xcc -DSWIFT_PACKAGE -emit-objc-header -emit-objc-header-path /Users/pc49-58/.codex/worktrees/cozy-02-integration/TacticalGo/ios/Build/Intermediates.noindex/TacticalGoCore.build/Release-iphonesimulator/TacticalGoRecords.build/Objects-normal/arm64/TacticalGoRecords-Swift.h -working-directory /Users/pc49-58/.codex/worktrees/cozy-02-integration/TacticalGo/ios/TacticalGo.xcodeproj -no-emit-module-separately-wmo

Copy /Users/pc49-58/.codex/worktrees/cozy-02-integration/TacticalGo/ios/Build/Products/Release-iphonesimulator/TacticalGoRecords.swiftmodule/arm64-apple-ios-simulator.abi.json /Users/pc49-58/.codex/worktrees/cozy-02-integration/TacticalGo/ios/Build/Intermediates.noindex/TacticalGoCore.build/Release-iphonesimulator/TacticalGoRecords.build/Objects-normal/arm64/TacticalGoRecords.abi.json (in target 'TacticalGoRecords' from project 'TacticalGoCore')
    cd /Users/pc49-58/.codex/worktrees/cozy-02-integration/TacticalGo/swift/TacticalGoCore
    builtin-copy -exclude .DS_Store -exclude CVS -exclude .svn -exclude .git -exclude .hg -strip-unsigned-binaries -strip-deterministic -strip-tool /Applications/Xcode.app/Contents/Developer/Toolchains/XcodeDefault.xctoolchain/usr/bin/strip -resolve-src-symlinks -rename /Users/pc49-58/.codex/worktrees/cozy-02-integration/TacticalGo/ios/Build/Intermediates.noindex/TacticalGoCore.build/Release-iphonesimulator/TacticalGoRecords.build/Objects-normal/arm64/TacticalGoRecords.abi.json /Users/pc49-58/.codex/worktrees/cozy-02-integration/TacticalGo/ios/Build/Products/Release-iphonesimulator/TacticalGoRecords.swiftmodule/arm64-apple-ios-simulator.abi.json

Copy /Users/pc49-58/.codex/worktrees/cozy-02-integration/TacticalGo/ios/Build/Products/Release-iphonesimulator/TacticalGoRecords.swiftmodule/arm64-apple-ios-simulator.swiftdoc /Users/pc49-58/.codex/worktrees/cozy-02-integration/TacticalGo/ios/Build/Intermediates.noindex/TacticalGoCore.build/Release-iphonesimulator/TacticalGoRecords.build/Objects-normal/arm64/TacticalGoRecords.swiftdoc (in target 'TacticalGoRecords' from project 'TacticalGoCore')
    cd /Users/pc49-58/.codex/worktrees/cozy-02-integration/TacticalGo/swift/TacticalGoCore
    builtin-copy -exclude .DS_Store -exclude CVS -exclude .svn -exclude .git -exclude .hg -strip-unsigned-binaries -strip-deterministic -strip-tool /Applications/Xcode.app/Contents/Developer/Toolchains/XcodeDefault.xctoolchain/usr/bin/strip -resolve-src-symlinks -rename /Users/pc49-58/.codex/worktrees/cozy-02-integration/TacticalGo/ios/Build/Intermediates.noindex/TacticalGoCore.build/Release-iphonesimulator/TacticalGoRecords.build/Objects-normal/arm64/TacticalGoRecords.swiftdoc /Users/pc49-58/.codex/worktrees/cozy-02-integration/TacticalGo/ios/Build/Products/Release-iphonesimulator/TacticalGoRecords.swiftmodule/arm64-apple-ios-simulator.swiftdoc

Copy /Users/pc49-58/.codex/worktrees/cozy-02-integration/TacticalGo/ios/Build/Products/Release-iphonesimulator/TacticalGoRecords.swiftmodule/arm64-apple-ios-simulator.swiftmodule /Users/pc49-58/.codex/worktrees/cozy-02-integration/TacticalGo/ios/Build/Intermediates.noindex/TacticalGoCore.build/Release-iphonesimulator/TacticalGoRecords.build/Objects-normal/arm64/TacticalGoRecords.swiftmodule (in target 'TacticalGoRecords' from project 'TacticalGoCore')
    cd /Users/pc49-58/.codex/worktrees/cozy-02-integration/TacticalGo/swift/TacticalGoCore
    builtin-copy -exclude .DS_Store -exclude CVS -exclude .svn -exclude .git -exclude .hg -strip-unsigned-binaries -strip-deterministic -strip-tool /Applications/Xcode.app/Contents/Developer/Toolchains/XcodeDefault.xctoolchain/usr/bin/strip -resolve-src-symlinks -rename /Users/pc49-58/.codex/worktrees/cozy-02-integration/TacticalGo/ios/Build/Intermediates.noindex/TacticalGoCore.build/Release-iphonesimulator/TacticalGoRecords.build/Objects-normal/arm64/TacticalGoRecords.swiftmodule /Users/pc49-58/.codex/worktrees/cozy-02-integration/TacticalGo/ios/Build/Products/Release-iphonesimulator/TacticalGoRecords.swiftmodule/arm64-apple-ios-simulator.swiftmodule

Copy /Users/pc49-58/.codex/worktrees/cozy-02-integration/TacticalGo/ios/Build/Products/Release-iphonesimulator/TacticalGoRecords.swiftmodule/Project/arm64-apple-ios-simulator.swiftsourceinfo /Users/pc49-58/.codex/worktrees/cozy-02-integration/TacticalGo/ios/Build/Intermediates.noindex/TacticalGoCore.build/Release-iphonesimulator/TacticalGoRecords.build/Objects-normal/arm64/TacticalGoRecords.swiftsourceinfo (in target 'TacticalGoRecords' from project 'TacticalGoCore')
    cd /Users/pc49-58/.codex/worktrees/cozy-02-integration/TacticalGo/swift/TacticalGoCore
    builtin-copy -exclude .DS_Store -exclude CVS -exclude .svn -exclude .git -exclude .hg -strip-unsigned-binaries -strip-deterministic -strip-tool /Applications/Xcode.app/Contents/Developer/Toolchains/XcodeDefault.xctoolchain/usr/bin/strip -resolve-src-symlinks -rename /Users/pc49-58/.codex/worktrees/cozy-02-integration/TacticalGo/ios/Build/Intermediates.noindex/TacticalGoCore.build/Release-iphonesimulator/TacticalGoRecords.build/Objects-normal/arm64/TacticalGoRecords.swiftsourceinfo /Users/pc49-58/.codex/worktrees/cozy-02-integration/TacticalGo/ios/Build/Products/Release-iphonesimulator/TacticalGoRecords.swiftmodule/Project/arm64-apple-ios-simulator.swiftsourceinfo

SwiftDriverJobDiscovery normal x86_64 Compiling MatchRecord.swift (in target 'TacticalGoRecords' from project 'TacticalGoCore')

SwiftDriver\ Compilation\ Requirements TacticalGoRecords normal x86_64 com.apple.xcode.tools.swift.compiler (in target 'TacticalGoRecords' from project 'TacticalGoCore')
    cd /Users/pc49-58/.codex/worktrees/cozy-02-integration/TacticalGo/ios/TacticalGo.xcodeproj
    builtin-Swift-Compilation-Requirements -- /Applications/Xcode.app/Contents/Developer/Toolchains/XcodeDefault.xctoolchain/usr/bin/swiftc -module-name TacticalGoRecords -O -whole-module-optimization @/Users/pc49-58/.codex/worktrees/cozy-02-integration/TacticalGo/ios/Build/Intermediates.noindex/TacticalGoCore.build/Release-iphonesimulator/TacticalGoRecords.build/Objects-normal/x86_64/TacticalGoRecords.SwiftFileList -DSWIFT_PACKAGE -DSWIFT_MODULE_RESOURCE_BUNDLE_UNAVAILABLE -DXcode -plugin-path /Applications/Xcode.app/Contents/Developer/Toolchains/XcodeDefault.xctoolchain/usr/lib/swift/host/plugins/testing -enable-experimental-feature DebugDescriptionMacro -sdk /Applications/Xcode.app/Contents/Developer/Platforms/iPhoneSimulator.platform/Developer/SDKs/iPhoneSimulator26.5.sdk -target x86_64-apple-ios12.0-simulator -g -module-cache-path /Users/pc49-58/.codex/worktrees/cozy-02-integration/TacticalGo/ios/HeroBodyReleaseBuild/ModuleCache.noindex -Xfrontend -serialize-debugging-options -suppress-warnings -swift-version 6 -I /Users/pc49-58/.codex/worktrees/cozy-02-integration/TacticalGo/ios/Build/Products/Release-iphonesimulator -Isystem /Applications/Xcode.app/Contents/Developer/Platforms/iPhoneSimulator.platform/Developer/usr/lib -F /Users/pc49-58/.codex/worktrees/cozy-02-integration/TacticalGo/ios/Build/Products/Release-iphonesimulator/PackageFrameworks -F /Users/pc49-58/.codex/worktrees/cozy-02-integration/TacticalGo/ios/Build/Products/Release-iphonesimulator -F /Applications/Xcode.app/Contents/Developer/Platforms/iPhoneSimulator.platform/Developer/Library/Frameworks -F /Applications/Xcode.app/Contents/Developer/Platforms/iPhoneSimulator.platform/Developer/SDKs/iPhoneSimulator26.5.sdk/Developer/Library/Frameworks -parse-as-library -c -num-threads 8 -Xcc -ivfsstatcache -Xcc /Users/pc49-58/.codex/worktrees/cozy-02-integration/TacticalGo/ios/HeroBodyReleaseBuild/SDKStatCaches.noindex/iphonesimulator26.5-23F81a-6cfe768891a92b912361537c460fe42b.sdkstatcache -output-file-map /Users/pc49-58/.codex/worktrees/cozy-02-integration/TacticalGo/ios/Build/Intermediates.noindex/TacticalGoCore.build/Release-iphonesimulator/TacticalGoRecords.build/Objects-normal/x86_64/TacticalGoRecords-OutputFileMap.json -use-frontend-parseable-output -save-temps -no-color-diagnostics -explicit-module-build -module-cache-path /Users/pc49-58/.codex/worktrees/cozy-02-integration/TacticalGo/ios/Build/Intermediates.noindex/SwiftExplicitPrecompiledModules -clang-scanner-module-cache-path /Users/pc49-58/.codex/worktrees/cozy-02-integration/TacticalGo/ios/HeroBodyReleaseBuild/ModuleCache.noindex -sdk-module-cache-path /Users/pc49-58/.codex/worktrees/cozy-02-integration/TacticalGo/ios/HeroBodyReleaseBuild/ModuleCache.noindex -serialize-diagnostics -emit-dependencies -emit-module -emit-module-path /Users/pc49-58/.codex/worktrees/cozy-02-integration/TacticalGo/ios/Build/Intermediates.noindex/TacticalGoCore.build/Release-iphonesimulator/TacticalGoRecords.build/Objects-normal/x86_64/TacticalGoRecords.swiftmodule -validate-clang-modules-once -clang-build-session-file /Users/pc49-58/.codex/worktrees/cozy-02-integration/TacticalGo/ios/HeroBodyReleaseBuild/ModuleCache.noindex/Session.modulevalidation -package-name tacticalgocore -Xcc -I/Users/pc49-58/.codex/worktrees/cozy-02-integration/TacticalGo/ios/Build/Intermediates.noindex/TacticalGoCore.build/Release-iphonesimulator/TacticalGoRecords.build/swift-overrides.hmap -emit-const-values -Xfrontend -const-gather-protocols-file -Xfrontend /Users/pc49-58/.codex/worktrees/cozy-02-integration/TacticalGo/ios/Build/Intermediates.noindex/TacticalGoCore.build/Release-iphonesimulator/TacticalGoRecords.build/Objects-normal/x86_64/TacticalGoRecords_const_extract_protocols.json -Xcc -I/Users/pc49-58/.codex/worktrees/cozy-02-integration/TacticalGo/ios/Build/Products/Release-iphonesimulator/include -Xcc -I/Users/pc49-58/.codex/worktrees/cozy-02-integration/TacticalGo/ios/Build/Intermediates.noindex/TacticalGoCore.build/Release-iphonesimulator/TacticalGoRecords.build/DerivedSources-normal/x86_64 -Xcc -I/Users/pc49-58/.codex/worktrees/cozy-02-integration/TacticalGo/ios/Build/Intermediates.noindex/TacticalGoCore.build/Release-iphonesimulator/TacticalGoRecords.build/DerivedSources/x86_64 -Xcc -I/Users/pc49-58/.codex/worktrees/cozy-02-integration/TacticalGo/ios/Build/Intermediates.noindex/TacticalGoCore.build/Release-iphonesimulator/TacticalGoRecords.build/DerivedSources -Xcc -DSWIFT_PACKAGE -emit-objc-header -emit-objc-header-path /Users/pc49-58/.codex/worktrees/cozy-02-integration/TacticalGo/ios/Build/Intermediates.noindex/TacticalGoCore.build/Release-iphonesimulator/TacticalGoRecords.build/Objects-normal/x86_64/TacticalGoRecords-Swift.h -working-directory /Users/pc49-58/.codex/worktrees/cozy-02-integration/TacticalGo/ios/TacticalGo.xcodeproj -no-emit-module-separately-wmo

SwiftMergeGeneratedHeaders /Users/pc49-58/.codex/worktrees/cozy-02-integration/TacticalGo/ios/Build/Intermediates.noindex/GeneratedModuleMaps-iphonesimulator/TacticalGoRecords-Swift.h /Users/pc49-58/.codex/worktrees/cozy-02-integration/TacticalGo/ios/Build/Intermediates.noindex/TacticalGoCore.build/Release-iphonesimulator/TacticalGoRecords.build/Objects-normal/arm64/TacticalGoRecords-Swift.h /Users/pc49-58/.codex/worktrees/cozy-02-integration/TacticalGo/ios/Build/Intermediates.noindex/TacticalGoCore.build/Release-iphonesimulator/TacticalGoRecords.build/Objects-normal/x86_64/TacticalGoRecords-Swift.h (in target 'TacticalGoRecords' from project 'TacticalGoCore')
    cd /Users/pc49-58/.codex/worktrees/cozy-02-integration/TacticalGo/swift/TacticalGoCore
    builtin-swiftHeaderTool -arch arm64 /Users/pc49-58/.codex/worktrees/cozy-02-integration/TacticalGo/ios/Build/Intermediates.noindex/TacticalGoCore.build/Release-iphonesimulator/TacticalGoRecords.build/Objects-normal/arm64/TacticalGoRecords-Swift.h -arch x86_64 /Users/pc49-58/.codex/worktrees/cozy-02-integration/TacticalGo/ios/Build/Intermediates.noindex/TacticalGoCore.build/Release-iphonesimulator/TacticalGoRecords.build/Objects-normal/x86_64/TacticalGoRecords-Swift.h -o /Users/pc49-58/.codex/worktrees/cozy-02-integration/TacticalGo/ios/Build/Intermediates.noindex/GeneratedModuleMaps-iphonesimulator/TacticalGoRecords-Swift.h

Copy /Users/pc49-58/.codex/worktrees/cozy-02-integration/TacticalGo/ios/Build/Products/Release-iphonesimulator/TacticalGoRecords.swiftmodule/x86_64-apple-ios-simulator.swiftmodule /Users/pc49-58/.codex/worktrees/cozy-02-integration/TacticalGo/ios/Build/Intermediates.noindex/TacticalGoCore.build/Release-iphonesimulator/TacticalGoRecords.build/Objects-normal/x86_64/TacticalGoRecords.swiftmodule (in target 'TacticalGoRecords' from project 'TacticalGoCore')
    cd /Users/pc49-58/.codex/worktrees/cozy-02-integration/TacticalGo/swift/TacticalGoCore
    builtin-copy -exclude .DS_Store -exclude CVS -exclude .svn -exclude .git -exclude .hg -strip-unsigned-binaries -strip-deterministic -strip-tool /Applications/Xcode.app/Contents/Developer/Toolchains/XcodeDefault.xctoolchain/usr/bin/strip -resolve-src-symlinks -rename /Users/pc49-58/.codex/worktrees/cozy-02-integration/TacticalGo/ios/Build/Intermediates.noindex/TacticalGoCore.build/Release-iphonesimulator/TacticalGoRecords.build/Objects-normal/x86_64/TacticalGoRecords.swiftmodule /Users/pc49-58/.codex/worktrees/cozy-02-integration/TacticalGo/ios/Build/Products/Release-iphonesimulator/TacticalGoRecords.swiftmodule/x86_64-apple-ios-simulator.swiftmodule

Copy /Users/pc49-58/.codex/worktrees/cozy-02-integration/TacticalGo/ios/Build/Products/Release-iphonesimulator/TacticalGoRecords.swiftmodule/x86_64-apple-ios-simulator.swiftdoc /Users/pc49-58/.codex/worktrees/cozy-02-integration/TacticalGo/ios/Build/Intermediates.noindex/TacticalGoCore.build/Release-iphonesimulator/TacticalGoRecords.build/Objects-normal/x86_64/TacticalGoRecords.swiftdoc (in target 'TacticalGoRecords' from project 'TacticalGoCore')
    cd /Users/pc49-58/.codex/worktrees/cozy-02-integration/TacticalGo/swift/TacticalGoCore
    builtin-copy -exclude .DS_Store -exclude CVS -exclude .svn -exclude .git -exclude .hg -strip-unsigned-binaries -strip-deterministic -strip-tool /Applications/Xcode.app/Contents/Developer/Toolchains/XcodeDefault.xctoolchain/usr/bin/strip -resolve-src-symlinks -rename /Users/pc49-58/.codex/worktrees/cozy-02-integration/TacticalGo/ios/Build/Intermediates.noindex/TacticalGoCore.build/Release-iphonesimulator/TacticalGoRecords.build/Objects-normal/x86_64/TacticalGoRecords.swiftdoc /Users/pc49-58/.codex/worktrees/cozy-02-integration/TacticalGo/ios/Build/Products/Release-iphonesimulator/TacticalGoRecords.swiftmodule/x86_64-apple-ios-simulator.swiftdoc

Copy /Users/pc49-58/.codex/worktrees/cozy-02-integration/TacticalGo/ios/Build/Products/Release-iphonesimulator/TacticalGoRecords.swiftmodule/x86_64-apple-ios-simulator.abi.json /Users/pc49-58/.codex/worktrees/cozy-02-integration/TacticalGo/ios/Build/Intermediates.noindex/TacticalGoCore.build/Release-iphonesimulator/TacticalGoRecords.build/Objects-normal/x86_64/TacticalGoRecords.abi.json (in target 'TacticalGoRecords' from project 'TacticalGoCore')
    cd /Users/pc49-58/.codex/worktrees/cozy-02-integration/TacticalGo/swift/TacticalGoCore
    builtin-copy -exclude .DS_Store -exclude CVS -exclude .svn -exclude .git -exclude .hg -strip-unsigned-binaries -strip-deterministic -strip-tool /Applications/Xcode.app/Contents/Developer/Toolchains/XcodeDefault.xctoolchain/usr/bin/strip -resolve-src-symlinks -rename /Users/pc49-58/.codex/worktrees/cozy-02-integration/TacticalGo/ios/Build/Intermediates.noindex/TacticalGoCore.build/Release-iphonesimulator/TacticalGoRecords.build/Objects-normal/x86_64/TacticalGoRecords.abi.json /Users/pc49-58/.codex/worktrees/cozy-02-integration/TacticalGo/ios/Build/Products/Release-iphonesimulator/TacticalGoRecords.swiftmodule/x86_64-apple-ios-simulator.abi.json

Copy /Users/pc49-58/.codex/worktrees/cozy-02-integration/TacticalGo/ios/Build/Products/Release-iphonesimulator/TacticalGoRecords.swiftmodule/Project/x86_64-apple-ios-simulator.swiftsourceinfo /Users/pc49-58/.codex/worktrees/cozy-02-integration/TacticalGo/ios/Build/Intermediates.noindex/TacticalGoCore.build/Release-iphonesimulator/TacticalGoRecords.build/Objects-normal/x86_64/TacticalGoRecords.swiftsourceinfo (in target 'TacticalGoRecords' from project 'TacticalGoCore')
    cd /Users/pc49-58/.codex/worktrees/cozy-02-integration/TacticalGo/swift/TacticalGoCore
    builtin-copy -exclude .DS_Store -exclude CVS -exclude .svn -exclude .git -exclude .hg -strip-unsigned-binaries -strip-deterministic -strip-tool /Applications/Xcode.app/Contents/Developer/Toolchains/XcodeDefault.xctoolchain/usr/bin/strip -resolve-src-symlinks -rename /Users/pc49-58/.codex/worktrees/cozy-02-integration/TacticalGo/ios/Build/Intermediates.noindex/TacticalGoCore.build/Release-iphonesimulator/TacticalGoRecords.build/Objects-normal/x86_64/TacticalGoRecords.swiftsourceinfo /Users/pc49-58/.codex/worktrees/cozy-02-integration/TacticalGo/ios/Build/Products/Release-iphonesimulator/TacticalGoRecords.swiftmodule/Project/x86_64-apple-ios-simulator.swiftsourceinfo

Ld /Users/pc49-58/.codex/worktrees/cozy-02-integration/TacticalGo/ios/Build/Intermediates.noindex/TacticalGoCore.build/Release-iphonesimulator/TacticalGoRecords.build/Objects-normal/arm64/Binary/TacticalGoRecords.o normal arm64 (in target 'TacticalGoRecords' from project 'TacticalGoCore')
    cd /Users/pc49-58/.codex/worktrees/cozy-02-integration/TacticalGo/swift/TacticalGoCore
    /Applications/Xcode.app/Contents/Developer/Toolchains/XcodeDefault.xctoolchain/usr/bin/clang -Xlinker -reproducible -target arm64-apple-ios12.0-simulator -r -isysroot /Applications/Xcode.app/Contents/Developer/Platforms/iPhoneSimulator.platform/Developer/SDKs/iPhoneSimulator26.5.sdk -Os -w -F/Users/pc49-58/.codex/worktrees/cozy-02-integration/TacticalGo/ios/Build/Intermediates.noindex/EagerLinkingTBDs/Release-iphonesimulator -F/Users/pc49-58/.codex/worktrees/cozy-02-integration/TacticalGo/ios/Build/Products/Release-iphonesimulator/PackageFrameworks -F/Users/pc49-58/.codex/worktrees/cozy-02-integration/TacticalGo/ios/Build/Products/Release-iphonesimulator -iframework /Applications/Xcode.app/Contents/Developer/Platforms/iPhoneSimulator.platform/Developer/Library/Frameworks -iframework /Applications/Xcode.app/Contents/Developer/Platforms/iPhoneSimulator.platform/Developer/SDKs/iPhoneSimulator26.5.sdk/Developer/Library/Frameworks -filelist /Users/pc49-58/.codex/worktrees/cozy-02-integration/TacticalGo/ios/Build/Intermediates.noindex/TacticalGoCore.build/Release-iphonesimulator/TacticalGoRecords.build/Objects-normal/arm64/TacticalGoRecords.LinkFileList -nostdlib -Xlinker -object_path_lto -Xlinker /Users/pc49-58/.codex/worktrees/cozy-02-integration/TacticalGo/ios/Build/Intermediates.noindex/TacticalGoCore.build/Release-iphonesimulator/TacticalGoRecords.build/Objects-normal/arm64/TacticalGoRecords_lto.o -Xlinker -objc_abi_version -Xlinker 2 -Xlinker -dependency_info -Xlinker /Users/pc49-58/.codex/worktrees/cozy-02-integration/TacticalGo/ios/Build/Intermediates.noindex/TacticalGoCore.build/Release-iphonesimulator/TacticalGoRecords.build/Objects-normal/arm64/TacticalGoRecords_dependency_info.dat -fobjc-link-runtime -L/Applications/Xcode.app/Contents/Developer/Toolchains/XcodeDefault.xctoolchain/usr/lib/swift/iphonesimulator -L/usr/lib/swift -Xlinker -add_ast_path -Xlinker /Users/pc49-58/.codex/worktrees/cozy-02-integration/TacticalGo/ios/Build/Intermediates.noindex/TacticalGoCore.build/Release-iphonesimulator/TacticalGoRecords.build/Objects-normal/arm64/TacticalGoRecords.swiftmodule @/Users/pc49-58/.codex/worktrees/cozy-02-integration/TacticalGo/ios/Build/Intermediates.noindex/TacticalGoCore.build/Release-iphonesimulator/TacticalGoRecords.build/Objects-normal/arm64/TacticalGoRecords-linker-args.resp -o /Users/pc49-58/.codex/worktrees/cozy-02-integration/TacticalGo/ios/Build/Intermediates.noindex/TacticalGoCore.build/Release-iphonesimulator/TacticalGoRecords.build/Objects-normal/arm64/Binary/TacticalGoRecords.o

Ld /Users/pc49-58/.codex/worktrees/cozy-02-integration/TacticalGo/ios/Build/Intermediates.noindex/TacticalGoCore.build/Release-iphonesimulator/TacticalGoRecords.build/Objects-normal/x86_64/Binary/TacticalGoRecords.o normal x86_64 (in target 'TacticalGoRecords' from project 'TacticalGoCore')
    cd /Users/pc49-58/.codex/worktrees/cozy-02-integration/TacticalGo/swift/TacticalGoCore
    /Applications/Xcode.app/Contents/Developer/Toolchains/XcodeDefault.xctoolchain/usr/bin/clang -Xlinker -reproducible -target x86_64-apple-ios12.0-simulator -r -isysroot /Applications/Xcode.app/Contents/Developer/Platforms/iPhoneSimulator.platform/Developer/SDKs/iPhoneSimulator26.5.sdk -Os -w -F/Users/pc49-58/.codex/worktrees/cozy-02-integration/TacticalGo/ios/Build/Intermediates.noindex/EagerLinkingTBDs/Release-iphonesimulator -F/Users/pc49-58/.codex/worktrees/cozy-02-integration/TacticalGo/ios/Build/Products/Release-iphonesimulator/PackageFrameworks -F/Users/pc49-58/.codex/worktrees/cozy-02-integration/TacticalGo/ios/Build/Products/Release-iphonesimulator -iframework /Applications/Xcode.app/Contents/Developer/Platforms/iPhoneSimulator.platform/Developer/Library/Frameworks -iframework /Applications/Xcode.app/Contents/Developer/Platforms/iPhoneSimulator.platform/Developer/SDKs/iPhoneSimulator26.5.sdk/Developer/Library/Frameworks -filelist /Users/pc49-58/.codex/worktrees/cozy-02-integration/TacticalGo/ios/Build/Intermediates.noindex/TacticalGoCore.build/Release-iphonesimulator/TacticalGoRecords.build/Objects-normal/x86_64/TacticalGoRecords.LinkFileList -nostdlib -Xlinker -object_path_lto -Xlinker /Users/pc49-58/.codex/worktrees/cozy-02-integration/TacticalGo/ios/Build/Intermediates.noindex/TacticalGoCore.build/Release-iphonesimulator/TacticalGoRecords.build/Objects-normal/x86_64/TacticalGoRecords_lto.o -Xlinker -objc_abi_version -Xlinker 2 -Xlinker -dependency_info -Xlinker /Users/pc49-58/.codex/worktrees/cozy-02-integration/TacticalGo/ios/Build/Intermediates.noindex/TacticalGoCore.build/Release-iphonesimulator/TacticalGoRecords.build/Objects-normal/x86_64/TacticalGoRecords_dependency_info.dat -fobjc-link-runtime -L/Applications/Xcode.app/Contents/Developer/Toolchains/XcodeDefault.xctoolchain/usr/lib/swift/iphonesimulator -L/usr/lib/swift -Xlinker -add_ast_path -Xlinker /Users/pc49-58/.codex/worktrees/cozy-02-integration/TacticalGo/ios/Build/Intermediates.noindex/TacticalGoCore.build/Release-iphonesimulator/TacticalGoRecords.build/Objects-normal/x86_64/TacticalGoRecords.swiftmodule @/Users/pc49-58/.codex/worktrees/cozy-02-integration/TacticalGo/ios/Build/Intermediates.noindex/TacticalGoCore.build/Release-iphonesimulator/TacticalGoRecords.build/Objects-normal/x86_64/TacticalGoRecords-linker-args.resp -o /Users/pc49-58/.codex/worktrees/cozy-02-integration/TacticalGo/ios/Build/Intermediates.noindex/TacticalGoCore.build/Release-iphonesimulator/TacticalGoRecords.build/Objects-normal/x86_64/Binary/TacticalGoRecords.o

CreateUniversalBinary /Users/pc49-58/.codex/worktrees/cozy-02-integration/TacticalGo/ios/Build/Products/Release-iphonesimulator/TacticalGoRecords.o normal arm64\ x86_64 (in target 'TacticalGoRecords' from project 'TacticalGoCore')
    cd /Users/pc49-58/.codex/worktrees/cozy-02-integration/TacticalGo/swift/TacticalGoCore
    /Applications/Xcode.app/Contents/Developer/Toolchains/XcodeDefault.xctoolchain/usr/bin/lipo -create /Users/pc49-58/.codex/worktrees/cozy-02-integration/TacticalGo/ios/Build/Intermediates.noindex/TacticalGoCore.build/Release-iphonesimulator/TacticalGoRecords.build/Objects-normal/arm64/Binary/TacticalGoRecords.o /Users/pc49-58/.codex/worktrees/cozy-02-integration/TacticalGo/ios/Build/Intermediates.noindex/TacticalGoCore.build/Release-iphonesimulator/TacticalGoRecords.build/Objects-normal/x86_64/Binary/TacticalGoRecords.o -output /Users/pc49-58/.codex/worktrees/cozy-02-integration/TacticalGo/ios/Build/Products/Release-iphonesimulator/TacticalGoRecords.o

ExtractAppIntentsMetadata (in target 'TacticalGoRecords' from project 'TacticalGoCore')
    cd /Users/pc49-58/.codex/worktrees/cozy-02-integration/TacticalGo/swift/TacticalGoCore
    /Applications/Xcode.app/Contents/Developer/Toolchains/XcodeDefault.xctoolchain/usr/bin/appintentsmetadataprocessor --toolchain-dir /Applications/Xcode.app/Contents/Developer/Toolchains/XcodeDefault.xctoolchain --module-name TacticalGoRecords --sdk-root /Applications/Xcode.app/Contents/Developer/Platforms/iPhoneSimulator.platform/Developer/SDKs/iPhoneSimulator26.5.sdk --xcode-version 17F113 --platform-family iOS --deployment-target 12.0 --bundle-identifier tacticalgocore.TacticalGoRecords --output /Users/pc49-58/.codex/worktrees/cozy-02-integration/TacticalGo/ios/Build/Products/Release-iphonesimulator/TacticalGoRecords.appintents --target-triple arm64-apple-ios12.0-simulator --target-triple x86_64-apple-ios12.0-simulator --binary-file /Users/pc49-58/.codex/worktrees/cozy-02-integration/TacticalGo/ios/Build/Products/Release-iphonesimulator/TacticalGoRecords.o --dependency-file /Users/pc49-58/.codex/worktrees/cozy-02-integration/TacticalGo/ios/Build/Intermediates.noindex/TacticalGoCore.build/Release-iphonesimulator/TacticalGoRecords.build/Objects-normal/arm64/TacticalGoRecords_dependency_info.dat --dependency-file /Users/pc49-58/.codex/worktrees/cozy-02-integration/TacticalGo/ios/Build/Intermediates.noindex/TacticalGoCore.build/Release-iphonesimulator/TacticalGoRecords.build/Objects-normal/x86_64/TacticalGoRecords_dependency_info.dat --stringsdata-file /Users/pc49-58/.codex/worktrees/cozy-02-integration/TacticalGo/ios/Build/Intermediates.noindex/TacticalGoCore.build/Release-iphonesimulator/TacticalGoRecords.build/Objects-normal/arm64/ExtractedAppShortcutsMetadata.stringsdata --stringsdata-file /Users/pc49-58/.codex/worktrees/cozy-02-integration/TacticalGo/ios/Build/Intermediates.noindex/TacticalGoCore.build/Release-iphonesimulator/TacticalGoRecords.build/Objects-normal/x86_64/ExtractedAppShortcutsMetadata.stringsdata --source-file-list /Users/pc49-58/.codex/worktrees/cozy-02-integration/TacticalGo/ios/Build/Intermediates.noindex/TacticalGoCore.build/Release-iphonesimulator/TacticalGoRecords.build/Objects-normal/arm64/TacticalGoRecords.SwiftFileList --source-file-list /Users/pc49-58/.codex/worktrees/cozy-02-integration/TacticalGo/ios/Build/Intermediates.noindex/TacticalGoCore.build/Release-iphonesimulator/TacticalGoRecords.build/Objects-normal/x86_64/TacticalGoRecords.SwiftFileList --metadata-file-list /Users/pc49-58/.codex/worktrees/cozy-02-integration/TacticalGo/ios/Build/Intermediates.noindex/TacticalGoCore.build/Release-iphonesimulator/TacticalGoRecords.build/TacticalGoRecords.DependencyMetadataFileList --static-metadata-file-list /Users/pc49-58/.codex/worktrees/cozy-02-integration/TacticalGo/ios/Build/Intermediates.noindex/TacticalGoCore.build/Release-iphonesimulator/TacticalGoRecords.build/TacticalGoRecords.DependencyStaticMetadataFileList --swift-const-vals-list /Users/pc49-58/.codex/worktrees/cozy-02-integration/TacticalGo/ios/Build/Intermediates.noindex/TacticalGoCore.build/Release-iphonesimulator/TacticalGoRecords.build/Objects-normal/arm64/TacticalGoRecords.SwiftConstValuesFileList --swift-const-vals-list /Users/pc49-58/.codex/worktrees/cozy-02-integration/TacticalGo/ios/Build/Intermediates.noindex/TacticalGoCore.build/Release-iphonesimulator/TacticalGoRecords.build/Objects-normal/x86_64/TacticalGoRecords.SwiftConstValuesFileList --force --compile-time-extraction --deployment-aware-processing --validate-assistant-intents --no-app-shortcuts-localization
2026-10-10 17:19:29.506 appintentsmetadataprocessor[14953:1389725] Starting appintentsmetadataprocessor export
2026-10-10 17:19:29.514 appintentsmetadataprocessor[14953:1389725] Extracted no relevant App Intents symbols, skipping writing output

RegisterExecutionPolicyException /Users/pc49-58/.codex/worktrees/cozy-02-integration/TacticalGo/ios/Build/Products/Release-iphonesimulator/TacticalGoRecords.o (in target 'TacticalGoRecords' from project 'TacticalGoCore')
    cd /Users/pc49-58/.codex/worktrees/cozy-02-integration/TacticalGo/swift/TacticalGoCore
    builtin-RegisterExecutionPolicyException /Users/pc49-58/.codex/worktrees/cozy-02-integration/TacticalGo/ios/Build/Products/Release-iphonesimulator/TacticalGoRecords.o

SwiftDriverJobDiscovery normal x86_64 Compiling Anim01MagicHand.swift, BattleMusicMix.swift, CombatFeedbackPlan.swift, GroundedLegPose.swift, HeroPerformance.swift, HeroVoiceCue.swift, IdleHeroPose.swift, MagePerformance.swift, MatchExamples.swift, MotionExamples.swift, MotionPlan.swift (in target 'TacticalGoMotion' from project 'TacticalGoCore')

SwiftDriver\ Compilation\ Requirements TacticalGoMotion normal x86_64 com.apple.xcode.tools.swift.compiler (in target 'TacticalGoMotion' from project 'TacticalGoCore')
    cd /Users/pc49-58/.codex/worktrees/cozy-02-integration/TacticalGo/ios/TacticalGo.xcodeproj
    builtin-Swift-Compilation-Requirements -- /Applications/Xcode.app/Contents/Developer/Toolchains/XcodeDefault.xctoolchain/usr/bin/swiftc -module-name TacticalGoMotion -O -whole-module-optimization @/Users/pc49-58/.codex/worktrees/cozy-02-integration/TacticalGo/ios/Build/Intermediates.noindex/TacticalGoCore.build/Release-iphonesimulator/TacticalGoMotion.build/Objects-normal/x86_64/TacticalGoMotion.SwiftFileList -DSWIFT_PACKAGE -DSWIFT_MODULE_RESOURCE_BUNDLE_UNAVAILABLE -DXcode -plugin-path /Applications/Xcode.app/Contents/Developer/Toolchains/XcodeDefault.xctoolchain/usr/lib/swift/host/plugins/testing -enable-experimental-feature DebugDescriptionMacro -sdk /Applications/Xcode.app/Contents/Developer/Platforms/iPhoneSimulator.platform/Developer/SDKs/iPhoneSimulator26.5.sdk -target x86_64-apple-ios12.0-simulator -g -module-cache-path /Users/pc49-58/.codex/worktrees/cozy-02-integration/TacticalGo/ios/HeroBodyReleaseBuild/ModuleCache.noindex -Xfrontend -serialize-debugging-options -suppress-warnings -swift-version 6 -I /Users/pc49-58/.codex/worktrees/cozy-02-integration/TacticalGo/ios/Build/Products/Release-iphonesimulator -Isystem /Applications/Xcode.app/Contents/Developer/Platforms/iPhoneSimulator.platform/Developer/usr/lib -F /Users/pc49-58/.codex/worktrees/cozy-02-integration/TacticalGo/ios/Build/Products/Release-iphonesimulator/PackageFrameworks -F /Users/pc49-58/.codex/worktrees/cozy-02-integration/TacticalGo/ios/Build/Products/Release-iphonesimulator -F /Applications/Xcode.app/Contents/Developer/Platforms/iPhoneSimulator.platform/Developer/Library/Frameworks -F /Applications/Xcode.app/Contents/Developer/Platforms/iPhoneSimulator.platform/Developer/SDKs/iPhoneSimulator26.5.sdk/Developer/Library/Frameworks -c -num-threads 8 -Xcc -ivfsstatcache -Xcc /Users/pc49-58/.codex/worktrees/cozy-02-integration/TacticalGo/ios/HeroBodyReleaseBuild/SDKStatCaches.noindex/iphonesimulator26.5-23F81a-6cfe768891a92b912361537c460fe42b.sdkstatcache -output-file-map /Users/pc49-58/.codex/worktrees/cozy-02-integration/TacticalGo/ios/Build/Intermediates.noindex/TacticalGoCore.build/Release-iphonesimulator/TacticalGoMotion.build/Objects-normal/x86_64/TacticalGoMotion-OutputFileMap.json -use-frontend-parseable-output -save-temps -no-color-diagnostics -explicit-module-build -module-cache-path /Users/pc49-58/.codex/worktrees/cozy-02-integration/TacticalGo/ios/Build/Intermediates.noindex/SwiftExplicitPrecompiledModules -clang-scanner-module-cache-path /Users/pc49-58/.codex/worktrees/cozy-02-integration/TacticalGo/ios/HeroBodyReleaseBuild/ModuleCache.noindex -sdk-module-cache-path /Users/pc49-58/.codex/worktrees/cozy-02-integration/TacticalGo/ios/HeroBodyReleaseBuild/ModuleCache.noindex -serialize-diagnostics -emit-dependencies -emit-module -emit-module-path /Users/pc49-58/.codex/worktrees/cozy-02-integration/TacticalGo/ios/Build/Intermediates.noindex/TacticalGoCore.build/Release-iphonesimulator/TacticalGoMotion.build/Objects-normal/x86_64/TacticalGoMotion.swiftmodule -validate-clang-modules-once -clang-build-session-file /Users/pc49-58/.codex/worktrees/cozy-02-integration/TacticalGo/ios/HeroBodyReleaseBuild/ModuleCache.noindex/Session.modulevalidation -package-name tacticalgocore -Xcc -I/Users/pc49-58/.codex/worktrees/cozy-02-integration/TacticalGo/ios/Build/Intermediates.noindex/TacticalGoCore.build/Release-iphonesimulator/TacticalGoMotion.build/swift-overrides.hmap -emit-const-values -Xfrontend -const-gather-protocols-file -Xfrontend /Users/pc49-58/.codex/worktrees/cozy-02-integration/TacticalGo/ios/Build/Intermediates.noindex/TacticalGoCore.build/Release-iphonesimulator/TacticalGoMotion.build/Objects-normal/x86_64/TacticalGoMotion_const_extract_protocols.json -Xcc -I/Users/pc49-58/.codex/worktrees/cozy-02-integration/TacticalGo/ios/Build/Products/Release-iphonesimulator/include -Xcc -I/Users/pc49-58/.codex/worktrees/cozy-02-integration/TacticalGo/ios/Build/Intermediates.noindex/TacticalGoCore.build/Release-iphonesimulator/TacticalGoMotion.build/DerivedSources-normal/x86_64 -Xcc -I/Users/pc49-58/.codex/worktrees/cozy-02-integration/TacticalGo/ios/Build/Intermediates.noindex/TacticalGoCore.build/Release-iphonesimulator/TacticalGoMotion.build/DerivedSources/x86_64 -Xcc -I/Users/pc49-58/.codex/worktrees/cozy-02-integration/TacticalGo/ios/Build/Intermediates.noindex/TacticalGoCore.build/Release-iphonesimulator/TacticalGoMotion.build/DerivedSources -Xcc -DSWIFT_PACKAGE -emit-objc-header -emit-objc-header-path /Users/pc49-58/.codex/worktrees/cozy-02-integration/TacticalGo/ios/Build/Intermediates.noindex/TacticalGoCore.build/Release-iphonesimulator/TacticalGoMotion.build/Objects-normal/x86_64/TacticalGoMotion-Swift.h -working-directory /Users/pc49-58/.codex/worktrees/cozy-02-integration/TacticalGo/ios/TacticalGo.xcodeproj -no-emit-module-separately-wmo

Copy /Users/pc49-58/.codex/worktrees/cozy-02-integration/TacticalGo/ios/Build/Products/Release-iphonesimulator/TacticalGoMotion.swiftmodule/x86_64-apple-ios-simulator.swiftmodule /Users/pc49-58/.codex/worktrees/cozy-02-integration/TacticalGo/ios/Build/Intermediates.noindex/TacticalGoCore.build/Release-iphonesimulator/TacticalGoMotion.build/Objects-normal/x86_64/TacticalGoMotion.swiftmodule (in target 'TacticalGoMotion' from project 'TacticalGoCore')
    cd /Users/pc49-58/.codex/worktrees/cozy-02-integration/TacticalGo/swift/TacticalGoCore
    builtin-copy -exclude .DS_Store -exclude CVS -exclude .svn -exclude .git -exclude .hg -strip-unsigned-binaries -strip-deterministic -strip-tool /Applications/Xcode.app/Contents/Developer/Toolchains/XcodeDefault.xctoolchain/usr/bin/strip -resolve-src-symlinks -rename /Users/pc49-58/.codex/worktrees/cozy-02-integration/TacticalGo/ios/Build/Intermediates.noindex/TacticalGoCore.build/Release-iphonesimulator/TacticalGoMotion.build/Objects-normal/x86_64/TacticalGoMotion.swiftmodule /Users/pc49-58/.codex/worktrees/cozy-02-integration/TacticalGo/ios/Build/Products/Release-iphonesimulator/TacticalGoMotion.swiftmodule/x86_64-apple-ios-simulator.swiftmodule

Copy /Users/pc49-58/.codex/worktrees/cozy-02-integration/TacticalGo/ios/Build/Products/Release-iphonesimulator/TacticalGoMotion.swiftmodule/x86_64-apple-ios-simulator.swiftdoc /Users/pc49-58/.codex/worktrees/cozy-02-integration/TacticalGo/ios/Build/Intermediates.noindex/TacticalGoCore.build/Release-iphonesimulator/TacticalGoMotion.build/Objects-normal/x86_64/TacticalGoMotion.swiftdoc (in target 'TacticalGoMotion' from project 'TacticalGoCore')
    cd /Users/pc49-58/.codex/worktrees/cozy-02-integration/TacticalGo/swift/TacticalGoCore
    builtin-copy -exclude .DS_Store -exclude CVS -exclude .svn -exclude .git -exclude .hg -strip-unsigned-binaries -strip-deterministic -strip-tool /Applications/Xcode.app/Contents/Developer/Toolchains/XcodeDefault.xctoolchain/usr/bin/strip -resolve-src-symlinks -rename /Users/pc49-58/.codex/worktrees/cozy-02-integration/TacticalGo/ios/Build/Intermediates.noindex/TacticalGoCore.build/Release-iphonesimulator/TacticalGoMotion.build/Objects-normal/x86_64/TacticalGoMotion.swiftdoc /Users/pc49-58/.codex/worktrees/cozy-02-integration/TacticalGo/ios/Build/Products/Release-iphonesimulator/TacticalGoMotion.swiftmodule/x86_64-apple-ios-simulator.swiftdoc

Copy /Users/pc49-58/.codex/worktrees/cozy-02-integration/TacticalGo/ios/Build/Products/Release-iphonesimulator/TacticalGoMotion.swiftmodule/x86_64-apple-ios-simulator.abi.json /Users/pc49-58/.codex/worktrees/cozy-02-integration/TacticalGo/ios/Build/Intermediates.noindex/TacticalGoCore.build/Release-iphonesimulator/TacticalGoMotion.build/Objects-normal/x86_64/TacticalGoMotion.abi.json (in target 'TacticalGoMotion' from project 'TacticalGoCore')
    cd /Users/pc49-58/.codex/worktrees/cozy-02-integration/TacticalGo/swift/TacticalGoCore
    builtin-copy -exclude .DS_Store -exclude CVS -exclude .svn -exclude .git -exclude .hg -strip-unsigned-binaries -strip-deterministic -strip-tool /Applications/Xcode.app/Contents/Developer/Toolchains/XcodeDefault.xctoolchain/usr/bin/strip -resolve-src-symlinks -rename /Users/pc49-58/.codex/worktrees/cozy-02-integration/TacticalGo/ios/Build/Intermediates.noindex/TacticalGoCore.build/Release-iphonesimulator/TacticalGoMotion.build/Objects-normal/x86_64/TacticalGoMotion.abi.json /Users/pc49-58/.codex/worktrees/cozy-02-integration/TacticalGo/ios/Build/Products/Release-iphonesimulator/TacticalGoMotion.swiftmodule/x86_64-apple-ios-simulator.abi.json

Copy /Users/pc49-58/.codex/worktrees/cozy-02-integration/TacticalGo/ios/Build/Products/Release-iphonesimulator/TacticalGoMotion.swiftmodule/Project/x86_64-apple-ios-simulator.swiftsourceinfo /Users/pc49-58/.codex/worktrees/cozy-02-integration/TacticalGo/ios/Build/Intermediates.noindex/TacticalGoCore.build/Release-iphonesimulator/TacticalGoMotion.build/Objects-normal/x86_64/TacticalGoMotion.swiftsourceinfo (in target 'TacticalGoMotion' from project 'TacticalGoCore')
    cd /Users/pc49-58/.codex/worktrees/cozy-02-integration/TacticalGo/swift/TacticalGoCore
    builtin-copy -exclude .DS_Store -exclude CVS -exclude .svn -exclude .git -exclude .hg -strip-unsigned-binaries -strip-deterministic -strip-tool /Applications/Xcode.app/Contents/Developer/Toolchains/XcodeDefault.xctoolchain/usr/bin/strip -resolve-src-symlinks -rename /Users/pc49-58/.codex/worktrees/cozy-02-integration/TacticalGo/ios/Build/Intermediates.noindex/TacticalGoCore.build/Release-iphonesimulator/TacticalGoMotion.build/Objects-normal/x86_64/TacticalGoMotion.swiftsourceinfo /Users/pc49-58/.codex/worktrees/cozy-02-integration/TacticalGo/ios/Build/Products/Release-iphonesimulator/TacticalGoMotion.swiftmodule/Project/x86_64-apple-ios-simulator.swiftsourceinfo

SwiftDriverJobDiscovery normal arm64 Compiling Anim01MagicHand.swift, BattleMusicMix.swift, CombatFeedbackPlan.swift, GroundedLegPose.swift, HeroPerformance.swift, HeroVoiceCue.swift, IdleHeroPose.swift, MagePerformance.swift, MatchExamples.swift, MotionExamples.swift, MotionPlan.swift (in target 'TacticalGoMotion' from project 'TacticalGoCore')

SwiftDriver\ Compilation\ Requirements TacticalGoMotion normal arm64 com.apple.xcode.tools.swift.compiler (in target 'TacticalGoMotion' from project 'TacticalGoCore')
    cd /Users/pc49-58/.codex/worktrees/cozy-02-integration/TacticalGo/ios/TacticalGo.xcodeproj
    builtin-Swift-Compilation-Requirements -- /Applications/Xcode.app/Contents/Developer/Toolchains/XcodeDefault.xctoolchain/usr/bin/swiftc -module-name TacticalGoMotion -O -whole-module-optimization @/Users/pc49-58/.codex/worktrees/cozy-02-integration/TacticalGo/ios/Build/Intermediates.noindex/TacticalGoCore.build/Release-iphonesimulator/TacticalGoMotion.build/Objects-normal/arm64/TacticalGoMotion.SwiftFileList -DSWIFT_PACKAGE -DSWIFT_MODULE_RESOURCE_BUNDLE_UNAVAILABLE -DXcode -plugin-path /Applications/Xcode.app/Contents/Developer/Toolchains/XcodeDefault.xctoolchain/usr/lib/swift/host/plugins/testing -enable-experimental-feature DebugDescriptionMacro -sdk /Applications/Xcode.app/Contents/Developer/Platforms/iPhoneSimulator.platform/Developer/SDKs/iPhoneSimulator26.5.sdk -target arm64-apple-ios12.0-simulator -g -module-cache-path /Users/pc49-58/.codex/worktrees/cozy-02-integration/TacticalGo/ios/HeroBodyReleaseBuild/ModuleCache.noindex -Xfrontend -serialize-debugging-options -suppress-warnings -swift-version 6 -I /Users/pc49-58/.codex/worktrees/cozy-02-integration/TacticalGo/ios/Build/Products/Release-iphonesimulator -Isystem /Applications/Xcode.app/Contents/Developer/Platforms/iPhoneSimulator.platform/Developer/usr/lib -F /Users/pc49-58/.codex/worktrees/cozy-02-integration/TacticalGo/ios/Build/Products/Release-iphonesimulator/PackageFrameworks -F /Users/pc49-58/.codex/worktrees/cozy-02-integration/TacticalGo/ios/Build/Products/Release-iphonesimulator -F /Applications/Xcode.app/Contents/Developer/Platforms/iPhoneSimulator.platform/Developer/Library/Frameworks -F /Applications/Xcode.app/Contents/Developer/Platforms/iPhoneSimulator.platform/Developer/SDKs/iPhoneSimulator26.5.sdk/Developer/Library/Frameworks -c -num-threads 8 -Xcc -ivfsstatcache -Xcc /Users/pc49-58/.codex/worktrees/cozy-02-integration/TacticalGo/ios/HeroBodyReleaseBuild/SDKStatCaches.noindex/iphonesimulator26.5-23F81a-6cfe768891a92b912361537c460fe42b.sdkstatcache -output-file-map /Users/pc49-58/.codex/worktrees/cozy-02-integration/TacticalGo/ios/Build/Intermediates.noindex/TacticalGoCore.build/Release-iphonesimulator/TacticalGoMotion.build/Objects-normal/arm64/TacticalGoMotion-OutputFileMap.json -use-frontend-parseable-output -save-temps -no-color-diagnostics -explicit-module-build -module-cache-path /Users/pc49-58/.codex/worktrees/cozy-02-integration/TacticalGo/ios/Build/Intermediates.noindex/SwiftExplicitPrecompiledModules -clang-scanner-module-cache-path /Users/pc49-58/.codex/worktrees/cozy-02-integration/TacticalGo/ios/HeroBodyReleaseBuild/ModuleCache.noindex -sdk-module-cache-path /Users/pc49-58/.codex/worktrees/cozy-02-integration/TacticalGo/ios/HeroBodyReleaseBuild/ModuleCache.noindex -serialize-diagnostics -emit-dependencies -emit-module -emit-module-path /Users/pc49-58/.codex/worktrees/cozy-02-integration/TacticalGo/ios/Build/Intermediates.noindex/TacticalGoCore.build/Release-iphonesimulator/TacticalGoMotion.build/Objects-normal/arm64/TacticalGoMotion.swiftmodule -validate-clang-modules-once -clang-build-session-file /Users/pc49-58/.codex/worktrees/cozy-02-integration/TacticalGo/ios/HeroBodyReleaseBuild/ModuleCache.noindex/Session.modulevalidation -package-name tacticalgocore -Xcc -I/Users/pc49-58/.codex/worktrees/cozy-02-integration/TacticalGo/ios/Build/Intermediates.noindex/TacticalGoCore.build/Release-iphonesimulator/TacticalGoMotion.build/swift-overrides.hmap -emit-const-values -Xfrontend -const-gather-protocols-file -Xfrontend /Users/pc49-58/.codex/worktrees/cozy-02-integration/TacticalGo/ios/Build/Intermediates.noindex/TacticalGoCore.build/Release-iphonesimulator/TacticalGoMotion.build/Objects-normal/arm64/TacticalGoMotion_const_extract_protocols.json -Xcc -I/Users/pc49-58/.codex/worktrees/cozy-02-integration/TacticalGo/ios/Build/Products/Release-iphonesimulator/include -Xcc -I/Users/pc49-58/.codex/worktrees/cozy-02-integration/TacticalGo/ios/Build/Intermediates.noindex/TacticalGoCore.build/Release-iphonesimulator/TacticalGoMotion.build/DerivedSources-normal/arm64 -Xcc -I/Users/pc49-58/.codex/worktrees/cozy-02-integration/TacticalGo/ios/Build/Intermediates.noindex/TacticalGoCore.build/Release-iphonesimulator/TacticalGoMotion.build/DerivedSources/arm64 -Xcc -I/Users/pc49-58/.codex/worktrees/cozy-02-integration/TacticalGo/ios/Build/Intermediates.noindex/TacticalGoCore.build/Release-iphonesimulator/TacticalGoMotion.build/DerivedSources -Xcc -DSWIFT_PACKAGE -emit-objc-header -emit-objc-header-path /Users/pc49-58/.codex/worktrees/cozy-02-integration/TacticalGo/ios/Build/Intermediates.noindex/TacticalGoCore.build/Release-iphonesimulator/TacticalGoMotion.build/Objects-normal/arm64/TacticalGoMotion-Swift.h -working-directory /Users/pc49-58/.codex/worktrees/cozy-02-integration/TacticalGo/ios/TacticalGo.xcodeproj -no-emit-module-separately-wmo

SwiftMergeGeneratedHeaders /Users/pc49-58/.codex/worktrees/cozy-02-integration/TacticalGo/ios/Build/Intermediates.noindex/GeneratedModuleMaps-iphonesimulator/TacticalGoMotion-Swift.h /Users/pc49-58/.codex/worktrees/cozy-02-integration/TacticalGo/ios/Build/Intermediates.noindex/TacticalGoCore.build/Release-iphonesimulator/TacticalGoMotion.build/Objects-normal/arm64/TacticalGoMotion-Swift.h /Users/pc49-58/.codex/worktrees/cozy-02-integration/TacticalGo/ios/Build/Intermediates.noindex/TacticalGoCore.build/Release-iphonesimulator/TacticalGoMotion.build/Objects-normal/x86_64/TacticalGoMotion-Swift.h (in target 'TacticalGoMotion' from project 'TacticalGoCore')
    cd /Users/pc49-58/.codex/worktrees/cozy-02-integration/TacticalGo/swift/TacticalGoCore
    builtin-swiftHeaderTool -arch arm64 /Users/pc49-58/.codex/worktrees/cozy-02-integration/TacticalGo/ios/Build/Intermediates.noindex/TacticalGoCore.build/Release-iphonesimulator/TacticalGoMotion.build/Objects-normal/arm64/TacticalGoMotion-Swift.h -arch x86_64 /Users/pc49-58/.codex/worktrees/cozy-02-integration/TacticalGo/ios/Build/Intermediates.noindex/TacticalGoCore.build/Release-iphonesimulator/TacticalGoMotion.build/Objects-normal/x86_64/TacticalGoMotion-Swift.h -o /Users/pc49-58/.codex/worktrees/cozy-02-integration/TacticalGo/ios/Build/Intermediates.noindex/GeneratedModuleMaps-iphonesimulator/TacticalGoMotion-Swift.h

Copy /Users/pc49-58/.codex/worktrees/cozy-02-integration/TacticalGo/ios/Build/Products/Release-iphonesimulator/TacticalGoMotion.swiftmodule/Project/arm64-apple-ios-simulator.swiftsourceinfo /Users/pc49-58/.codex/worktrees/cozy-02-integration/TacticalGo/ios/Build/Intermediates.noindex/TacticalGoCore.build/Release-iphonesimulator/TacticalGoMotion.build/Objects-normal/arm64/TacticalGoMotion.swiftsourceinfo (in target 'TacticalGoMotion' from project 'TacticalGoCore')
    cd /Users/pc49-58/.codex/worktrees/cozy-02-integration/TacticalGo/swift/TacticalGoCore
    builtin-copy -exclude .DS_Store -exclude CVS -exclude .svn -exclude .git -exclude .hg -strip-unsigned-binaries -strip-deterministic -strip-tool /Applications/Xcode.app/Contents/Developer/Toolchains/XcodeDefault.xctoolchain/usr/bin/strip -resolve-src-symlinks -rename /Users/pc49-58/.codex/worktrees/cozy-02-integration/TacticalGo/ios/Build/Intermediates.noindex/TacticalGoCore.build/Release-iphonesimulator/TacticalGoMotion.build/Objects-normal/arm64/TacticalGoMotion.swiftsourceinfo /Users/pc49-58/.codex/worktrees/cozy-02-integration/TacticalGo/ios/Build/Products/Release-iphonesimulator/TacticalGoMotion.swiftmodule/Project/arm64-apple-ios-simulator.swiftsourceinfo

Copy /Users/pc49-58/.codex/worktrees/cozy-02-integration/TacticalGo/ios/Build/Products/Release-iphonesimulator/TacticalGoMotion.swiftmodule/arm64-apple-ios-simulator.abi.json /Users/pc49-58/.codex/worktrees/cozy-02-integration/TacticalGo/ios/Build/Intermediates.noindex/TacticalGoCore.build/Release-iphonesimulator/TacticalGoMotion.build/Objects-normal/arm64/TacticalGoMotion.abi.json (in target 'TacticalGoMotion' from project 'TacticalGoCore')
    cd /Users/pc49-58/.codex/worktrees/cozy-02-integration/TacticalGo/swift/TacticalGoCore
    builtin-copy -exclude .DS_Store -exclude CVS -exclude .svn -exclude .git -exclude .hg -strip-unsigned-binaries -strip-deterministic -strip-tool /Applications/Xcode.app/Contents/Developer/Toolchains/XcodeDefault.xctoolchain/usr/bin/strip -resolve-src-symlinks -rename /Users/pc49-58/.codex/worktrees/cozy-02-integration/TacticalGo/ios/Build/Intermediates.noindex/TacticalGoCore.build/Release-iphonesimulator/TacticalGoMotion.build/Objects-normal/arm64/TacticalGoMotion.abi.json /Users/pc49-58/.codex/worktrees/cozy-02-integration/TacticalGo/ios/Build/Products/Release-iphonesimulator/TacticalGoMotion.swiftmodule/arm64-apple-ios-simulator.abi.json

Copy /Users/pc49-58/.codex/worktrees/cozy-02-integration/TacticalGo/ios/Build/Products/Release-iphonesimulator/TacticalGoMotion.swiftmodule/arm64-apple-ios-simulator.swiftdoc /Users/pc49-58/.codex/worktrees/cozy-02-integration/TacticalGo/ios/Build/Intermediates.noindex/TacticalGoCore.build/Release-iphonesimulator/TacticalGoMotion.build/Objects-normal/arm64/TacticalGoMotion.swiftdoc (in target 'TacticalGoMotion' from project 'TacticalGoCore')
    cd /Users/pc49-58/.codex/worktrees/cozy-02-integration/TacticalGo/swift/TacticalGoCore
    builtin-copy -exclude .DS_Store -exclude CVS -exclude .svn -exclude .git -exclude .hg -strip-unsigned-binaries -strip-deterministic -strip-tool /Applications/Xcode.app/Contents/Developer/Toolchains/XcodeDefault.xctoolchain/usr/bin/strip -resolve-src-symlinks -rename /Users/pc49-58/.codex/worktrees/cozy-02-integration/TacticalGo/ios/Build/Intermediates.noindex/TacticalGoCore.build/Release-iphonesimulator/TacticalGoMotion.build/Objects-normal/arm64/TacticalGoMotion.swiftdoc /Users/pc49-58/.codex/worktrees/cozy-02-integration/TacticalGo/ios/Build/Products/Release-iphonesimulator/TacticalGoMotion.swiftmodule/arm64-apple-ios-simulator.swiftdoc

Copy /Users/pc49-58/.codex/worktrees/cozy-02-integration/TacticalGo/ios/Build/Products/Release-iphonesimulator/TacticalGoMotion.swiftmodule/arm64-apple-ios-simulator.swiftmodule /Users/pc49-58/.codex/worktrees/cozy-02-integration/TacticalGo/ios/Build/Intermediates.noindex/TacticalGoCore.build/Release-iphonesimulator/TacticalGoMotion.build/Objects-normal/arm64/TacticalGoMotion.swiftmodule (in target 'TacticalGoMotion' from project 'TacticalGoCore')
    cd /Users/pc49-58/.codex/worktrees/cozy-02-integration/TacticalGo/swift/TacticalGoCore
    builtin-copy -exclude .DS_Store -exclude CVS -exclude .svn -exclude .git -exclude .hg -strip-unsigned-binaries -strip-deterministic -strip-tool /Applications/Xcode.app/Contents/Developer/Toolchains/XcodeDefault.xctoolchain/usr/bin/strip -resolve-src-symlinks -rename /Users/pc49-58/.codex/worktrees/cozy-02-integration/TacticalGo/ios/Build/Intermediates.noindex/TacticalGoCore.build/Release-iphonesimulator/TacticalGoMotion.build/Objects-normal/arm64/TacticalGoMotion.swiftmodule /Users/pc49-58/.codex/worktrees/cozy-02-integration/TacticalGo/ios/Build/Products/Release-iphonesimulator/TacticalGoMotion.swiftmodule/arm64-apple-ios-simulator.swiftmodule

Ld /Users/pc49-58/.codex/worktrees/cozy-02-integration/TacticalGo/ios/Build/Intermediates.noindex/TacticalGoCore.build/Release-iphonesimulator/TacticalGoMotion.build/Objects-normal/x86_64/Binary/TacticalGoMotion.o normal x86_64 (in target 'TacticalGoMotion' from project 'TacticalGoCore')
    cd /Users/pc49-58/.codex/worktrees/cozy-02-integration/TacticalGo/swift/TacticalGoCore
    /Applications/Xcode.app/Contents/Developer/Toolchains/XcodeDefault.xctoolchain/usr/bin/clang -Xlinker -reproducible -target x86_64-apple-ios12.0-simulator -r -isysroot /Applications/Xcode.app/Contents/Developer/Platforms/iPhoneSimulator.platform/Developer/SDKs/iPhoneSimulator26.5.sdk -Os -w -F/Users/pc49-58/.codex/worktrees/cozy-02-integration/TacticalGo/ios/Build/Intermediates.noindex/EagerLinkingTBDs/Release-iphonesimulator -F/Users/pc49-58/.codex/worktrees/cozy-02-integration/TacticalGo/ios/Build/Products/Release-iphonesimulator/PackageFrameworks -F/Users/pc49-58/.codex/worktrees/cozy-02-integration/TacticalGo/ios/Build/Products/Release-iphonesimulator -iframework /Applications/Xcode.app/Contents/Developer/Platforms/iPhoneSimulator.platform/Developer/Library/Frameworks -iframework /Applications/Xcode.app/Contents/Developer/Platforms/iPhoneSimulator.platform/Developer/SDKs/iPhoneSimulator26.5.sdk/Developer/Library/Frameworks -filelist /Users/pc49-58/.codex/worktrees/cozy-02-integration/TacticalGo/ios/Build/Intermediates.noindex/TacticalGoCore.build/Release-iphonesimulator/TacticalGoMotion.build/Objects-normal/x86_64/TacticalGoMotion.LinkFileList -nostdlib -Xlinker -object_path_lto -Xlinker /Users/pc49-58/.codex/worktrees/cozy-02-integration/TacticalGo/ios/Build/Intermediates.noindex/TacticalGoCore.build/Release-iphonesimulator/TacticalGoMotion.build/Objects-normal/x86_64/TacticalGoMotion_lto.o -Xlinker -objc_abi_version -Xlinker 2 -Xlinker -dependency_info -Xlinker /Users/pc49-58/.codex/worktrees/cozy-02-integration/TacticalGo/ios/Build/Intermediates.noindex/TacticalGoCore.build/Release-iphonesimulator/TacticalGoMotion.build/Objects-normal/x86_64/TacticalGoMotion_dependency_info.dat -fobjc-link-runtime -L/Applications/Xcode.app/Contents/Developer/Toolchains/XcodeDefault.xctoolchain/usr/lib/swift/iphonesimulator -L/usr/lib/swift -Xlinker -add_ast_path -Xlinker /Users/pc49-58/.codex/worktrees/cozy-02-integration/TacticalGo/ios/Build/Intermediates.noindex/TacticalGoCore.build/Release-iphonesimulator/TacticalGoMotion.build/Objects-normal/x86_64/TacticalGoMotion.swiftmodule @/Users/pc49-58/.codex/worktrees/cozy-02-integration/TacticalGo/ios/Build/Intermediates.noindex/TacticalGoCore.build/Release-iphonesimulator/TacticalGoMotion.build/Objects-normal/x86_64/TacticalGoMotion-linker-args.resp -o /Users/pc49-58/.codex/worktrees/cozy-02-integration/TacticalGo/ios/Build/Intermediates.noindex/TacticalGoCore.build/Release-iphonesimulator/TacticalGoMotion.build/Objects-normal/x86_64/Binary/TacticalGoMotion.o

Ld /Users/pc49-58/.codex/worktrees/cozy-02-integration/TacticalGo/ios/Build/Intermediates.noindex/TacticalGoCore.build/Release-iphonesimulator/TacticalGoMotion.build/Objects-normal/arm64/Binary/TacticalGoMotion.o normal arm64 (in target 'TacticalGoMotion' from project 'TacticalGoCore')
    cd /Users/pc49-58/.codex/worktrees/cozy-02-integration/TacticalGo/swift/TacticalGoCore
    /Applications/Xcode.app/Contents/Developer/Toolchains/XcodeDefault.xctoolchain/usr/bin/clang -Xlinker -reproducible -target arm64-apple-ios12.0-simulator -r -isysroot /Applications/Xcode.app/Contents/Developer/Platforms/iPhoneSimulator.platform/Developer/SDKs/iPhoneSimulator26.5.sdk -Os -w -F/Users/pc49-58/.codex/worktrees/cozy-02-integration/TacticalGo/ios/Build/Intermediates.noindex/EagerLinkingTBDs/Release-iphonesimulator -F/Users/pc49-58/.codex/worktrees/cozy-02-integration/TacticalGo/ios/Build/Products/Release-iphonesimulator/PackageFrameworks -F/Users/pc49-58/.codex/worktrees/cozy-02-integration/TacticalGo/ios/Build/Products/Release-iphonesimulator -iframework /Applications/Xcode.app/Contents/Developer/Platforms/iPhoneSimulator.platform/Developer/Library/Frameworks -iframework /Applications/Xcode.app/Contents/Developer/Platforms/iPhoneSimulator.platform/Developer/SDKs/iPhoneSimulator26.5.sdk/Developer/Library/Frameworks -filelist /Users/pc49-58/.codex/worktrees/cozy-02-integration/TacticalGo/ios/Build/Intermediates.noindex/TacticalGoCore.build/Release-iphonesimulator/TacticalGoMotion.build/Objects-normal/arm64/TacticalGoMotion.LinkFileList -nostdlib -Xlinker -object_path_lto -Xlinker /Users/pc49-58/.codex/worktrees/cozy-02-integration/TacticalGo/ios/Build/Intermediates.noindex/TacticalGoCore.build/Release-iphonesimulator/TacticalGoMotion.build/Objects-normal/arm64/TacticalGoMotion_lto.o -Xlinker -objc_abi_version -Xlinker 2 -Xlinker -dependency_info -Xlinker /Users/pc49-58/.codex/worktrees/cozy-02-integration/TacticalGo/ios/Build/Intermediates.noindex/TacticalGoCore.build/Release-iphonesimulator/TacticalGoMotion.build/Objects-normal/arm64/TacticalGoMotion_dependency_info.dat -fobjc-link-runtime -L/Applications/Xcode.app/Contents/Developer/Toolchains/XcodeDefault.xctoolchain/usr/lib/swift/iphonesimulator -L/usr/lib/swift -Xlinker -add_ast_path -Xlinker /Users/pc49-58/.codex/worktrees/cozy-02-integration/TacticalGo/ios/Build/Intermediates.noindex/TacticalGoCore.build/Release-iphonesimulator/TacticalGoMotion.build/Objects-normal/arm64/TacticalGoMotion.swiftmodule @/Users/pc49-58/.codex/worktrees/cozy-02-integration/TacticalGo/ios/Build/Intermediates.noindex/TacticalGoCore.build/Release-iphonesimulator/TacticalGoMotion.build/Objects-normal/arm64/TacticalGoMotion-linker-args.resp -o /Users/pc49-58/.codex/worktrees/cozy-02-integration/TacticalGo/ios/Build/Intermediates.noindex/TacticalGoCore.build/Release-iphonesimulator/TacticalGoMotion.build/Objects-normal/arm64/Binary/TacticalGoMotion.o

CreateUniversalBinary /Users/pc49-58/.codex/worktrees/cozy-02-integration/TacticalGo/ios/Build/Products/Release-iphonesimulator/TacticalGoMotion.o normal arm64\ x86_64 (in target 'TacticalGoMotion' from project 'TacticalGoCore')
    cd /Users/pc49-58/.codex/worktrees/cozy-02-integration/TacticalGo/swift/TacticalGoCore
    /Applications/Xcode.app/Contents/Developer/Toolchains/XcodeDefault.xctoolchain/usr/bin/lipo -create /Users/pc49-58/.codex/worktrees/cozy-02-integration/TacticalGo/ios/Build/Intermediates.noindex/TacticalGoCore.build/Release-iphonesimulator/TacticalGoMotion.build/Objects-normal/arm64/Binary/TacticalGoMotion.o /Users/pc49-58/.codex/worktrees/cozy-02-integration/TacticalGo/ios/Build/Intermediates.noindex/TacticalGoCore.build/Release-iphonesimulator/TacticalGoMotion.build/Objects-normal/x86_64/Binary/TacticalGoMotion.o -output /Users/pc49-58/.codex/worktrees/cozy-02-integration/TacticalGo/ios/Build/Products/Release-iphonesimulator/TacticalGoMotion.o

ExtractAppIntentsMetadata (in target 'TacticalGoMotion' from project 'TacticalGoCore')
    cd /Users/pc49-58/.codex/worktrees/cozy-02-integration/TacticalGo/swift/TacticalGoCore
    /Applications/Xcode.app/Contents/Developer/Toolchains/XcodeDefault.xctoolchain/usr/bin/appintentsmetadataprocessor --toolchain-dir /Applications/Xcode.app/Contents/Developer/Toolchains/XcodeDefault.xctoolchain --module-name TacticalGoMotion --sdk-root /Applications/Xcode.app/Contents/Developer/Platforms/iPhoneSimulator.platform/Developer/SDKs/iPhoneSimulator26.5.sdk --xcode-version 17F113 --platform-family iOS --deployment-target 12.0 --bundle-identifier tacticalgocore.TacticalGoMotion --output /Users/pc49-58/.codex/worktrees/cozy-02-integration/TacticalGo/ios/Build/Products/Release-iphonesimulator/TacticalGoMotion.appintents --target-triple arm64-apple-ios12.0-simulator --target-triple x86_64-apple-ios12.0-simulator --binary-file /Users/pc49-58/.codex/worktrees/cozy-02-integration/TacticalGo/ios/Build/Products/Release-iphonesimulator/TacticalGoMotion.o --dependency-file /Users/pc49-58/.codex/worktrees/cozy-02-integration/TacticalGo/ios/Build/Intermediates.noindex/TacticalGoCore.build/Release-iphonesimulator/TacticalGoMotion.build/Objects-normal/arm64/TacticalGoMotion_dependency_info.dat --dependency-file /Users/pc49-58/.codex/worktrees/cozy-02-integration/TacticalGo/ios/Build/Intermediates.noindex/TacticalGoCore.build/Release-iphonesimulator/TacticalGoMotion.build/Objects-normal/x86_64/TacticalGoMotion_dependency_info.dat --stringsdata-file /Users/pc49-58/.codex/worktrees/cozy-02-integration/TacticalGo/ios/Build/Intermediates.noindex/TacticalGoCore.build/Release-iphonesimulator/TacticalGoMotion.build/Objects-normal/arm64/ExtractedAppShortcutsMetadata.stringsdata --stringsdata-file /Users/pc49-58/.codex/worktrees/cozy-02-integration/TacticalGo/ios/Build/Intermediates.noindex/TacticalGoCore.build/Release-iphonesimulator/TacticalGoMotion.build/Objects-normal/x86_64/ExtractedAppShortcutsMetadata.stringsdata --source-file-list /Users/pc49-58/.codex/worktrees/cozy-02-integration/TacticalGo/ios/Build/Intermediates.noindex/TacticalGoCore.build/Release-iphonesimulator/TacticalGoMotion.build/Objects-normal/arm64/TacticalGoMotion.SwiftFileList --source-file-list /Users/pc49-58/.codex/worktrees/cozy-02-integration/TacticalGo/ios/Build/Intermediates.noindex/TacticalGoCore.build/Release-iphonesimulator/TacticalGoMotion.build/Objects-normal/x86_64/TacticalGoMotion.SwiftFileList --metadata-file-list /Users/pc49-58/.codex/worktrees/cozy-02-integration/TacticalGo/ios/Build/Intermediates.noindex/TacticalGoCore.build/Release-iphonesimulator/TacticalGoMotion.build/TacticalGoMotion.DependencyMetadataFileList --static-metadata-file-list /Users/pc49-58/.codex/worktrees/cozy-02-integration/TacticalGo/ios/Build/Intermediates.noindex/TacticalGoCore.build/Release-iphonesimulator/TacticalGoMotion.build/TacticalGoMotion.DependencyStaticMetadataFileList --swift-const-vals-list /Users/pc49-58/.codex/worktrees/cozy-02-integration/TacticalGo/ios/Build/Intermediates.noindex/TacticalGoCore.build/Release-iphonesimulator/TacticalGoMotion.build/Objects-normal/arm64/TacticalGoMotion.SwiftConstValuesFileList --swift-const-vals-list /Users/pc49-58/.codex/worktrees/cozy-02-integration/TacticalGo/ios/Build/Intermediates.noindex/TacticalGoCore.build/Release-iphonesimulator/TacticalGoMotion.build/Objects-normal/x86_64/TacticalGoMotion.SwiftConstValuesFileList --force --compile-time-extraction --deployment-aware-processing --validate-assistant-intents --no-app-shortcuts-localization
2026-10-10 17:19:30.158 appintentsmetadataprocessor[14972:1389803] Starting appintentsmetadataprocessor export
2026-10-10 17:19:30.163 appintentsmetadataprocessor[14972:1389803] Extracted no relevant App Intents symbols, skipping writing output

RegisterExecutionPolicyException /Users/pc49-58/.codex/worktrees/cozy-02-integration/TacticalGo/ios/Build/Products/Release-iphonesimulator/TacticalGoMotion.o (in target 'TacticalGoMotion' from project 'TacticalGoCore')
    cd /Users/pc49-58/.codex/worktrees/cozy-02-integration/TacticalGo/swift/TacticalGoCore
    builtin-RegisterExecutionPolicyException /Users/pc49-58/.codex/worktrees/cozy-02-integration/TacticalGo/ios/Build/Products/Release-iphonesimulator/TacticalGoMotion.o

SwiftDriverJobDiscovery normal x86_64 Compiling BotPlanner.swift (in target 'TacticalGoBot' from project 'TacticalGoCore')

SwiftDriver\ Compilation\ Requirements TacticalGoBot normal x86_64 com.apple.xcode.tools.swift.compiler (in target 'TacticalGoBot' from project 'TacticalGoCore')
    cd /Users/pc49-58/.codex/worktrees/cozy-02-integration/TacticalGo/ios/TacticalGo.xcodeproj
    builtin-Swift-Compilation-Requirements -- /Applications/Xcode.app/Contents/Developer/Toolchains/XcodeDefault.xctoolchain/usr/bin/swiftc -module-name TacticalGoBot -O -whole-module-optimization @/Users/pc49-58/.codex/worktrees/cozy-02-integration/TacticalGo/ios/Build/Intermediates.noindex/TacticalGoCore.build/Release-iphonesimulator/TacticalGoBot.build/Objects-normal/x86_64/TacticalGoBot.SwiftFileList -DSWIFT_PACKAGE -DSWIFT_MODULE_RESOURCE_BUNDLE_UNAVAILABLE -DXcode -plugin-path /Applications/Xcode.app/Contents/Developer/Toolchains/XcodeDefault.xctoolchain/usr/lib/swift/host/plugins/testing -enable-experimental-feature DebugDescriptionMacro -sdk /Applications/Xcode.app/Contents/Developer/Platforms/iPhoneSimulator.platform/Developer/SDKs/iPhoneSimulator26.5.sdk -target x86_64-apple-ios12.0-simulator -g -module-cache-path /Users/pc49-58/.codex/worktrees/cozy-02-integration/TacticalGo/ios/HeroBodyReleaseBuild/ModuleCache.noindex -Xfrontend -serialize-debugging-options -suppress-warnings -swift-version 6 -I /Users/pc49-58/.codex/worktrees/cozy-02-integration/TacticalGo/ios/Build/Products/Release-iphonesimulator -Isystem /Applications/Xcode.app/Contents/Developer/Platforms/iPhoneSimulator.platform/Developer/usr/lib -F /Users/pc49-58/.codex/worktrees/cozy-02-integration/TacticalGo/ios/Build/Products/Release-iphonesimulator/PackageFrameworks -F /Users/pc49-58/.codex/worktrees/cozy-02-integration/TacticalGo/ios/Build/Products/Release-iphonesimulator -F /Applications/Xcode.app/Contents/Developer/Platforms/iPhoneSimulator.platform/Developer/Library/Frameworks -F /Applications/Xcode.app/Contents/Developer/Platforms/iPhoneSimulator.platform/Developer/SDKs/iPhoneSimulator26.5.sdk/Developer/Library/Frameworks -parse-as-library -c -num-threads 8 -Xcc -ivfsstatcache -Xcc /Users/pc49-58/.codex/worktrees/cozy-02-integration/TacticalGo/ios/HeroBodyReleaseBuild/SDKStatCaches.noindex/iphonesimulator26.5-23F81a-6cfe768891a92b912361537c460fe42b.sdkstatcache -output-file-map /Users/pc49-58/.codex/worktrees/cozy-02-integration/TacticalGo/ios/Build/Intermediates.noindex/TacticalGoCore.build/Release-iphonesimulator/TacticalGoBot.build/Objects-normal/x86_64/TacticalGoBot-OutputFileMap.json -use-frontend-parseable-output -save-temps -no-color-diagnostics -explicit-module-build -module-cache-path /Users/pc49-58/.codex/worktrees/cozy-02-integration/TacticalGo/ios/Build/Intermediates.noindex/SwiftExplicitPrecompiledModules -clang-scanner-module-cache-path /Users/pc49-58/.codex/worktrees/cozy-02-integration/TacticalGo/ios/HeroBodyReleaseBuild/ModuleCache.noindex -sdk-module-cache-path /Users/pc49-58/.codex/worktrees/cozy-02-integration/TacticalGo/ios/HeroBodyReleaseBuild/ModuleCache.noindex -serialize-diagnostics -emit-dependencies -emit-module -emit-module-path /Users/pc49-58/.codex/worktrees/cozy-02-integration/TacticalGo/ios/Build/Intermediates.noindex/TacticalGoCore.build/Release-iphonesimulator/TacticalGoBot.build/Objects-normal/x86_64/TacticalGoBot.swiftmodule -validate-clang-modules-once -clang-build-session-file /Users/pc49-58/.codex/worktrees/cozy-02-integration/TacticalGo/ios/HeroBodyReleaseBuild/ModuleCache.noindex/Session.modulevalidation -package-name tacticalgocore -Xcc -I/Users/pc49-58/.codex/worktrees/cozy-02-integration/TacticalGo/ios/Build/Intermediates.noindex/TacticalGoCore.build/Release-iphonesimulator/TacticalGoBot.build/swift-overrides.hmap -emit-const-values -Xfrontend -const-gather-protocols-file -Xfrontend /Users/pc49-58/.codex/worktrees/cozy-02-integration/TacticalGo/ios/Build/Intermediates.noindex/TacticalGoCore.build/Release-iphonesimulator/TacticalGoBot.build/Objects-normal/x86_64/TacticalGoBot_const_extract_protocols.json -Xcc -I/Users/pc49-58/.codex/worktrees/cozy-02-integration/TacticalGo/ios/Build/Products/Release-iphonesimulator/include -Xcc -I/Users/pc49-58/.codex/worktrees/cozy-02-integration/TacticalGo/ios/Build/Intermediates.noindex/TacticalGoCore.build/Release-iphonesimulator/TacticalGoBot.build/DerivedSources-normal/x86_64 -Xcc -I/Users/pc49-58/.codex/worktrees/cozy-02-integration/TacticalGo/ios/Build/Intermediates.noindex/TacticalGoCore.build/Release-iphonesimulator/TacticalGoBot.build/DerivedSources/x86_64 -Xcc -I/Users/pc49-58/.codex/worktrees/cozy-02-integration/TacticalGo/ios/Build/Intermediates.noindex/TacticalGoCore.build/Release-iphonesimulator/TacticalGoBot.build/DerivedSources -Xcc -DSWIFT_PACKAGE -emit-objc-header -emit-objc-header-path /Users/pc49-58/.codex/worktrees/cozy-02-integration/TacticalGo/ios/Build/Intermediates.noindex/TacticalGoCore.build/Release-iphonesimulator/TacticalGoBot.build/Objects-normal/x86_64/TacticalGoBot-Swift.h -working-directory /Users/pc49-58/.codex/worktrees/cozy-02-integration/TacticalGo/ios/TacticalGo.xcodeproj -no-emit-module-separately-wmo

Copy /Users/pc49-58/.codex/worktrees/cozy-02-integration/TacticalGo/ios/Build/Products/Release-iphonesimulator/TacticalGoBot.swiftmodule/x86_64-apple-ios-simulator.swiftmodule /Users/pc49-58/.codex/worktrees/cozy-02-integration/TacticalGo/ios/Build/Intermediates.noindex/TacticalGoCore.build/Release-iphonesimulator/TacticalGoBot.build/Objects-normal/x86_64/TacticalGoBot.swiftmodule (in target 'TacticalGoBot' from project 'TacticalGoCore')
    cd /Users/pc49-58/.codex/worktrees/cozy-02-integration/TacticalGo/swift/TacticalGoCore
    builtin-copy -exclude .DS_Store -exclude CVS -exclude .svn -exclude .git -exclude .hg -strip-unsigned-binaries -strip-deterministic -strip-tool /Applications/Xcode.app/Contents/Developer/Toolchains/XcodeDefault.xctoolchain/usr/bin/strip -resolve-src-symlinks -rename /Users/pc49-58/.codex/worktrees/cozy-02-integration/TacticalGo/ios/Build/Intermediates.noindex/TacticalGoCore.build/Release-iphonesimulator/TacticalGoBot.build/Objects-normal/x86_64/TacticalGoBot.swiftmodule /Users/pc49-58/.codex/worktrees/cozy-02-integration/TacticalGo/ios/Build/Products/Release-iphonesimulator/TacticalGoBot.swiftmodule/x86_64-apple-ios-simulator.swiftmodule

Copy /Users/pc49-58/.codex/worktrees/cozy-02-integration/TacticalGo/ios/Build/Products/Release-iphonesimulator/TacticalGoBot.swiftmodule/x86_64-apple-ios-simulator.abi.json /Users/pc49-58/.codex/worktrees/cozy-02-integration/TacticalGo/ios/Build/Intermediates.noindex/TacticalGoCore.build/Release-iphonesimulator/TacticalGoBot.build/Objects-normal/x86_64/TacticalGoBot.abi.json (in target 'TacticalGoBot' from project 'TacticalGoCore')
    cd /Users/pc49-58/.codex/worktrees/cozy-02-integration/TacticalGo/swift/TacticalGoCore
    builtin-copy -exclude .DS_Store -exclude CVS -exclude .svn -exclude .git -exclude .hg -strip-unsigned-binaries -strip-deterministic -strip-tool /Applications/Xcode.app/Contents/Developer/Toolchains/XcodeDefault.xctoolchain/usr/bin/strip -resolve-src-symlinks -rename /Users/pc49-58/.codex/worktrees/cozy-02-integration/TacticalGo/ios/Build/Intermediates.noindex/TacticalGoCore.build/Release-iphonesimulator/TacticalGoBot.build/Objects-normal/x86_64/TacticalGoBot.abi.json /Users/pc49-58/.codex/worktrees/cozy-02-integration/TacticalGo/ios/Build/Products/Release-iphonesimulator/TacticalGoBot.swiftmodule/x86_64-apple-ios-simulator.abi.json

Copy /Users/pc49-58/.codex/worktrees/cozy-02-integration/TacticalGo/ios/Build/Products/Release-iphonesimulator/TacticalGoBot.swiftmodule/x86_64-apple-ios-simulator.swiftdoc /Users/pc49-58/.codex/worktrees/cozy-02-integration/TacticalGo/ios/Build/Intermediates.noindex/TacticalGoCore.build/Release-iphonesimulator/TacticalGoBot.build/Objects-normal/x86_64/TacticalGoBot.swiftdoc (in target 'TacticalGoBot' from project 'TacticalGoCore')
    cd /Users/pc49-58/.codex/worktrees/cozy-02-integration/TacticalGo/swift/TacticalGoCore
    builtin-copy -exclude .DS_Store -exclude CVS -exclude .svn -exclude .git -exclude .hg -strip-unsigned-binaries -strip-deterministic -strip-tool /Applications/Xcode.app/Contents/Developer/Toolchains/XcodeDefault.xctoolchain/usr/bin/strip -resolve-src-symlinks -rename /Users/pc49-58/.codex/worktrees/cozy-02-integration/TacticalGo/ios/Build/Intermediates.noindex/TacticalGoCore.build/Release-iphonesimulator/TacticalGoBot.build/Objects-normal/x86_64/TacticalGoBot.swiftdoc /Users/pc49-58/.codex/worktrees/cozy-02-integration/TacticalGo/ios/Build/Products/Release-iphonesimulator/TacticalGoBot.swiftmodule/x86_64-apple-ios-simulator.swiftdoc

Copy /Users/pc49-58/.codex/worktrees/cozy-02-integration/TacticalGo/ios/Build/Products/Release-iphonesimulator/TacticalGoBot.swiftmodule/Project/x86_64-apple-ios-simulator.swiftsourceinfo /Users/pc49-58/.codex/worktrees/cozy-02-integration/TacticalGo/ios/Build/Intermediates.noindex/TacticalGoCore.build/Release-iphonesimulator/TacticalGoBot.build/Objects-normal/x86_64/TacticalGoBot.swiftsourceinfo (in target 'TacticalGoBot' from project 'TacticalGoCore')
    cd /Users/pc49-58/.codex/worktrees/cozy-02-integration/TacticalGo/swift/TacticalGoCore
    builtin-copy -exclude .DS_Store -exclude CVS -exclude .svn -exclude .git -exclude .hg -strip-unsigned-binaries -strip-deterministic -strip-tool /Applications/Xcode.app/Contents/Developer/Toolchains/XcodeDefault.xctoolchain/usr/bin/strip -resolve-src-symlinks -rename /Users/pc49-58/.codex/worktrees/cozy-02-integration/TacticalGo/ios/Build/Intermediates.noindex/TacticalGoCore.build/Release-iphonesimulator/TacticalGoBot.build/Objects-normal/x86_64/TacticalGoBot.swiftsourceinfo /Users/pc49-58/.codex/worktrees/cozy-02-integration/TacticalGo/ios/Build/Products/Release-iphonesimulator/TacticalGoBot.swiftmodule/Project/x86_64-apple-ios-simulator.swiftsourceinfo

SwiftDriverJobDiscovery normal arm64 Compiling BotPlanner.swift (in target 'TacticalGoBot' from project 'TacticalGoCore')

SwiftDriver\ Compilation\ Requirements TacticalGoBot normal arm64 com.apple.xcode.tools.swift.compiler (in target 'TacticalGoBot' from project 'TacticalGoCore')
    cd /Users/pc49-58/.codex/worktrees/cozy-02-integration/TacticalGo/ios/TacticalGo.xcodeproj
    builtin-Swift-Compilation-Requirements -- /Applications/Xcode.app/Contents/Developer/Toolchains/XcodeDefault.xctoolchain/usr/bin/swiftc -module-name TacticalGoBot -O -whole-module-optimization @/Users/pc49-58/.codex/worktrees/cozy-02-integration/TacticalGo/ios/Build/Intermediates.noindex/TacticalGoCore.build/Release-iphonesimulator/TacticalGoBot.build/Objects-normal/arm64/TacticalGoBot.SwiftFileList -DSWIFT_PACKAGE -DSWIFT_MODULE_RESOURCE_BUNDLE_UNAVAILABLE -DXcode -plugin-path /Applications/Xcode.app/Contents/Developer/Toolchains/XcodeDefault.xctoolchain/usr/lib/swift/host/plugins/testing -enable-experimental-feature DebugDescriptionMacro -sdk /Applications/Xcode.app/Contents/Developer/Platforms/iPhoneSimulator.platform/Developer/SDKs/iPhoneSimulator26.5.sdk -target arm64-apple-ios12.0-simulator -g -module-cache-path /Users/pc49-58/.codex/worktrees/cozy-02-integration/TacticalGo/ios/HeroBodyReleaseBuild/ModuleCache.noindex -Xfrontend -serialize-debugging-options -suppress-warnings -swift-version 6 -I /Users/pc49-58/.codex/worktrees/cozy-02-integration/TacticalGo/ios/Build/Products/Release-iphonesimulator -Isystem /Applications/Xcode.app/Contents/Developer/Platforms/iPhoneSimulator.platform/Developer/usr/lib -F /Users/pc49-58/.codex/worktrees/cozy-02-integration/TacticalGo/ios/Build/Products/Release-iphonesimulator/PackageFrameworks -F /Users/pc49-58/.codex/worktrees/cozy-02-integration/TacticalGo/ios/Build/Products/Release-iphonesimulator -F /Applications/Xcode.app/Contents/Developer/Platforms/iPhoneSimulator.platform/Developer/Library/Frameworks -F /Applications/Xcode.app/Contents/Developer/Platforms/iPhoneSimulator.platform/Developer/SDKs/iPhoneSimulator26.5.sdk/Developer/Library/Frameworks -parse-as-library -c -num-threads 8 -Xcc -ivfsstatcache -Xcc /Users/pc49-58/.codex/worktrees/cozy-02-integration/TacticalGo/ios/HeroBodyReleaseBuild/SDKStatCaches.noindex/iphonesimulator26.5-23F81a-6cfe768891a92b912361537c460fe42b.sdkstatcache -output-file-map /Users/pc49-58/.codex/worktrees/cozy-02-integration/TacticalGo/ios/Build/Intermediates.noindex/TacticalGoCore.build/Release-iphonesimulator/TacticalGoBot.build/Objects-normal/arm64/TacticalGoBot-OutputFileMap.json -use-frontend-parseable-output -save-temps -no-color-diagnostics -explicit-module-build -module-cache-path /Users/pc49-58/.codex/worktrees/cozy-02-integration/TacticalGo/ios/Build/Intermediates.noindex/SwiftExplicitPrecompiledModules -clang-scanner-module-cache-path /Users/pc49-58/.codex/worktrees/cozy-02-integration/TacticalGo/ios/HeroBodyReleaseBuild/ModuleCache.noindex -sdk-module-cache-path /Users/pc49-58/.codex/worktrees/cozy-02-integration/TacticalGo/ios/HeroBodyReleaseBuild/ModuleCache.noindex -serialize-diagnostics -emit-dependencies -emit-module -emit-module-path /Users/pc49-58/.codex/worktrees/cozy-02-integration/TacticalGo/ios/Build/Intermediates.noindex/TacticalGoCore.build/Release-iphonesimulator/TacticalGoBot.build/Objects-normal/arm64/TacticalGoBot.swiftmodule -validate-clang-modules-once -clang-build-session-file /Users/pc49-58/.codex/worktrees/cozy-02-integration/TacticalGo/ios/HeroBodyReleaseBuild/ModuleCache.noindex/Session.modulevalidation -package-name tacticalgocore -Xcc -I/Users/pc49-58/.codex/worktrees/cozy-02-integration/TacticalGo/ios/Build/Intermediates.noindex/TacticalGoCore.build/Release-iphonesimulator/TacticalGoBot.build/swift-overrides.hmap -emit-const-values -Xfrontend -const-gather-protocols-file -Xfrontend /Users/pc49-58/.codex/worktrees/cozy-02-integration/TacticalGo/ios/Build/Intermediates.noindex/TacticalGoCore.build/Release-iphonesimulator/TacticalGoBot.build/Objects-normal/arm64/TacticalGoBot_const_extract_protocols.json -Xcc -I/Users/pc49-58/.codex/worktrees/cozy-02-integration/TacticalGo/ios/Build/Products/Release-iphonesimulator/include -Xcc -I/Users/pc49-58/.codex/worktrees/cozy-02-integration/TacticalGo/ios/Build/Intermediates.noindex/TacticalGoCore.build/Release-iphonesimulator/TacticalGoBot.build/DerivedSources-normal/arm64 -Xcc -I/Users/pc49-58/.codex/worktrees/cozy-02-integration/TacticalGo/ios/Build/Intermediates.noindex/TacticalGoCore.build/Release-iphonesimulator/TacticalGoBot.build/DerivedSources/arm64 -Xcc -I/Users/pc49-58/.codex/worktrees/cozy-02-integration/TacticalGo/ios/Build/Intermediates.noindex/TacticalGoCore.build/Release-iphonesimulator/TacticalGoBot.build/DerivedSources -Xcc -DSWIFT_PACKAGE -emit-objc-header -emit-objc-header-path /Users/pc49-58/.codex/worktrees/cozy-02-integration/TacticalGo/ios/Build/Intermediates.noindex/TacticalGoCore.build/Release-iphonesimulator/TacticalGoBot.build/Objects-normal/arm64/TacticalGoBot-Swift.h -working-directory /Users/pc49-58/.codex/worktrees/cozy-02-integration/TacticalGo/ios/TacticalGo.xcodeproj -no-emit-module-separately-wmo

SwiftMergeGeneratedHeaders /Users/pc49-58/.codex/worktrees/cozy-02-integration/TacticalGo/ios/Build/Intermediates.noindex/GeneratedModuleMaps-iphonesimulator/TacticalGoBot-Swift.h /Users/pc49-58/.codex/worktrees/cozy-02-integration/TacticalGo/ios/Build/Intermediates.noindex/TacticalGoCore.build/Release-iphonesimulator/TacticalGoBot.build/Objects-normal/arm64/TacticalGoBot-Swift.h /Users/pc49-58/.codex/worktrees/cozy-02-integration/TacticalGo/ios/Build/Intermediates.noindex/TacticalGoCore.build/Release-iphonesimulator/TacticalGoBot.build/Objects-normal/x86_64/TacticalGoBot-Swift.h (in target 'TacticalGoBot' from project 'TacticalGoCore')
    cd /Users/pc49-58/.codex/worktrees/cozy-02-integration/TacticalGo/swift/TacticalGoCore
    builtin-swiftHeaderTool -arch arm64 /Users/pc49-58/.codex/worktrees/cozy-02-integration/TacticalGo/ios/Build/Intermediates.noindex/TacticalGoCore.build/Release-iphonesimulator/TacticalGoBot.build/Objects-normal/arm64/TacticalGoBot-Swift.h -arch x86_64 /Users/pc49-58/.codex/worktrees/cozy-02-integration/TacticalGo/ios/Build/Intermediates.noindex/TacticalGoCore.build/Release-iphonesimulator/TacticalGoBot.build/Objects-normal/x86_64/TacticalGoBot-Swift.h -o /Users/pc49-58/.codex/worktrees/cozy-02-integration/TacticalGo/ios/Build/Intermediates.noindex/GeneratedModuleMaps-iphonesimulator/TacticalGoBot-Swift.h

Copy /Users/pc49-58/.codex/worktrees/cozy-02-integration/TacticalGo/ios/Build/Products/Release-iphonesimulator/TacticalGoBot.swiftmodule/Project/arm64-apple-ios-simulator.swiftsourceinfo /Users/pc49-58/.codex/worktrees/cozy-02-integration/TacticalGo/ios/Build/Intermediates.noindex/TacticalGoCore.build/Release-iphonesimulator/TacticalGoBot.build/Objects-normal/arm64/TacticalGoBot.swiftsourceinfo (in target 'TacticalGoBot' from project 'TacticalGoCore')
    cd /Users/pc49-58/.codex/worktrees/cozy-02-integration/TacticalGo/swift/TacticalGoCore
    builtin-copy -exclude .DS_Store -exclude CVS -exclude .svn -exclude .git -exclude .hg -strip-unsigned-binaries -strip-deterministic -strip-tool /Applications/Xcode.app/Contents/Developer/Toolchains/XcodeDefault.xctoolchain/usr/bin/strip -resolve-src-symlinks -rename /Users/pc49-58/.codex/worktrees/cozy-02-integration/TacticalGo/ios/Build/Intermediates.noindex/TacticalGoCore.build/Release-iphonesimulator/TacticalGoBot.build/Objects-normal/arm64/TacticalGoBot.swiftsourceinfo /Users/pc49-58/.codex/worktrees/cozy-02-integration/TacticalGo/ios/Build/Products/Release-iphonesimulator/TacticalGoBot.swiftmodule/Project/arm64-apple-ios-simulator.swiftsourceinfo

Copy /Users/pc49-58/.codex/worktrees/cozy-02-integration/TacticalGo/ios/Build/Products/Release-iphonesimulator/TacticalGoBot.swiftmodule/arm64-apple-ios-simulator.swiftmodule /Users/pc49-58/.codex/worktrees/cozy-02-integration/TacticalGo/ios/Build/Intermediates.noindex/TacticalGoCore.build/Release-iphonesimulator/TacticalGoBot.build/Objects-normal/arm64/TacticalGoBot.swiftmodule (in target 'TacticalGoBot' from project 'TacticalGoCore')
    cd /Users/pc49-58/.codex/worktrees/cozy-02-integration/TacticalGo/swift/TacticalGoCore
    builtin-copy -exclude .DS_Store -exclude CVS -exclude .svn -exclude .git -exclude .hg -strip-unsigned-binaries -strip-deterministic -strip-tool /Applications/Xcode.app/Contents/Developer/Toolchains/XcodeDefault.xctoolchain/usr/bin/strip -resolve-src-symlinks -rename /Users/pc49-58/.codex/worktrees/cozy-02-integration/TacticalGo/ios/Build/Intermediates.noindex/TacticalGoCore.build/Release-iphonesimulator/TacticalGoBot.build/Objects-normal/arm64/TacticalGoBot.swiftmodule /Users/pc49-58/.codex/worktrees/cozy-02-integration/TacticalGo/ios/Build/Products/Release-iphonesimulator/TacticalGoBot.swiftmodule/arm64-apple-ios-simulator.swiftmodule

Copy /Users/pc49-58/.codex/worktrees/cozy-02-integration/TacticalGo/ios/Build/Products/Release-iphonesimulator/TacticalGoBot.swiftmodule/arm64-apple-ios-simulator.abi.json /Users/pc49-58/.codex/worktrees/cozy-02-integration/TacticalGo/ios/Build/Intermediates.noindex/TacticalGoCore.build/Release-iphonesimulator/TacticalGoBot.build/Objects-normal/arm64/TacticalGoBot.abi.json (in target 'TacticalGoBot' from project 'TacticalGoCore')
    cd /Users/pc49-58/.codex/worktrees/cozy-02-integration/TacticalGo/swift/TacticalGoCore
    builtin-copy -exclude .DS_Store -exclude CVS -exclude .svn -exclude .git -exclude .hg -strip-unsigned-binaries -strip-deterministic -strip-tool /Applications/Xcode.app/Contents/Developer/Toolchains/XcodeDefault.xctoolchain/usr/bin/strip -resolve-src-symlinks -rename /Users/pc49-58/.codex/worktrees/cozy-02-integration/TacticalGo/ios/Build/Intermediates.noindex/TacticalGoCore.build/Release-iphonesimulator/TacticalGoBot.build/Objects-normal/arm64/TacticalGoBot.abi.json /Users/pc49-58/.codex/worktrees/cozy-02-integration/TacticalGo/ios/Build/Products/Release-iphonesimulator/TacticalGoBot.swiftmodule/arm64-apple-ios-simulator.abi.json

Copy /Users/pc49-58/.codex/worktrees/cozy-02-integration/TacticalGo/ios/Build/Products/Release-iphonesimulator/TacticalGoBot.swiftmodule/arm64-apple-ios-simulator.swiftdoc /Users/pc49-58/.codex/worktrees/cozy-02-integration/TacticalGo/ios/Build/Intermediates.noindex/TacticalGoCore.build/Release-iphonesimulator/TacticalGoBot.build/Objects-normal/arm64/TacticalGoBot.swiftdoc (in target 'TacticalGoBot' from project 'TacticalGoCore')
    cd /Users/pc49-58/.codex/worktrees/cozy-02-integration/TacticalGo/swift/TacticalGoCore
    builtin-copy -exclude .DS_Store -exclude CVS -exclude .svn -exclude .git -exclude .hg -strip-unsigned-binaries -strip-deterministic -strip-tool /Applications/Xcode.app/Contents/Developer/Toolchains/XcodeDefault.xctoolchain/usr/bin/strip -resolve-src-symlinks -rename /Users/pc49-58/.codex/worktrees/cozy-02-integration/TacticalGo/ios/Build/Intermediates.noindex/TacticalGoCore.build/Release-iphonesimulator/TacticalGoBot.build/Objects-normal/arm64/TacticalGoBot.swiftdoc /Users/pc49-58/.codex/worktrees/cozy-02-integration/TacticalGo/ios/Build/Products/Release-iphonesimulator/TacticalGoBot.swiftmodule/arm64-apple-ios-simulator.swiftdoc

Ld /Users/pc49-58/.codex/worktrees/cozy-02-integration/TacticalGo/ios/Build/Intermediates.noindex/TacticalGoCore.build/Release-iphonesimulator/TacticalGoBot.build/Objects-normal/x86_64/Binary/TacticalGoBot.o normal x86_64 (in target 'TacticalGoBot' from project 'TacticalGoCore')
    cd /Users/pc49-58/.codex/worktrees/cozy-02-integration/TacticalGo/swift/TacticalGoCore
    /Applications/Xcode.app/Contents/Developer/Toolchains/XcodeDefault.xctoolchain/usr/bin/clang -Xlinker -reproducible -target x86_64-apple-ios12.0-simulator -r -isysroot /Applications/Xcode.app/Contents/Developer/Platforms/iPhoneSimulator.platform/Developer/SDKs/iPhoneSimulator26.5.sdk -Os -w -F/Users/pc49-58/.codex/worktrees/cozy-02-integration/TacticalGo/ios/Build/Intermediates.noindex/EagerLinkingTBDs/Release-iphonesimulator -F/Users/pc49-58/.codex/worktrees/cozy-02-integration/TacticalGo/ios/Build/Products/Release-iphonesimulator/PackageFrameworks -F/Users/pc49-58/.codex/worktrees/cozy-02-integration/TacticalGo/ios/Build/Products/Release-iphonesimulator -iframework /Applications/Xcode.app/Contents/Developer/Platforms/iPhoneSimulator.platform/Developer/Library/Frameworks -iframework /Applications/Xcode.app/Contents/Developer/Platforms/iPhoneSimulator.platform/Developer/SDKs/iPhoneSimulator26.5.sdk/Developer/Library/Frameworks -filelist /Users/pc49-58/.codex/worktrees/cozy-02-integration/TacticalGo/ios/Build/Intermediates.noindex/TacticalGoCore.build/Release-iphonesimulator/TacticalGoBot.build/Objects-normal/x86_64/TacticalGoBot.LinkFileList -nostdlib -Xlinker -object_path_lto -Xlinker /Users/pc49-58/.codex/worktrees/cozy-02-integration/TacticalGo/ios/Build/Intermediates.noindex/TacticalGoCore.build/Release-iphonesimulator/TacticalGoBot.build/Objects-normal/x86_64/TacticalGoBot_lto.o -Xlinker -objc_abi_version -Xlinker 2 -Xlinker -dependency_info -Xlinker /Users/pc49-58/.codex/worktrees/cozy-02-integration/TacticalGo/ios/Build/Intermediates.noindex/TacticalGoCore.build/Release-iphonesimulator/TacticalGoBot.build/Objects-normal/x86_64/TacticalGoBot_dependency_info.dat -fobjc-link-runtime -L/Applications/Xcode.app/Contents/Developer/Toolchains/XcodeDefault.xctoolchain/usr/lib/swift/iphonesimulator -L/usr/lib/swift -Xlinker -add_ast_path -Xlinker /Users/pc49-58/.codex/worktrees/cozy-02-integration/TacticalGo/ios/Build/Intermediates.noindex/TacticalGoCore.build/Release-iphonesimulator/TacticalGoBot.build/Objects-normal/x86_64/TacticalGoBot.swiftmodule @/Users/pc49-58/.codex/worktrees/cozy-02-integration/TacticalGo/ios/Build/Intermediates.noindex/TacticalGoCore.build/Release-iphonesimulator/TacticalGoBot.build/Objects-normal/x86_64/TacticalGoBot-linker-args.resp -o /Users/pc49-58/.codex/worktrees/cozy-02-integration/TacticalGo/ios/Build/Intermediates.noindex/TacticalGoCore.build/Release-iphonesimulator/TacticalGoBot.build/Objects-normal/x86_64/Binary/TacticalGoBot.o

Ld /Users/pc49-58/.codex/worktrees/cozy-02-integration/TacticalGo/ios/Build/Intermediates.noindex/TacticalGoCore.build/Release-iphonesimulator/TacticalGoBot.build/Objects-normal/arm64/Binary/TacticalGoBot.o normal arm64 (in target 'TacticalGoBot' from project 'TacticalGoCore')
    cd /Users/pc49-58/.codex/worktrees/cozy-02-integration/TacticalGo/swift/TacticalGoCore
    /Applications/Xcode.app/Contents/Developer/Toolchains/XcodeDefault.xctoolchain/usr/bin/clang -Xlinker -reproducible -target arm64-apple-ios12.0-simulator -r -isysroot /Applications/Xcode.app/Contents/Developer/Platforms/iPhoneSimulator.platform/Developer/SDKs/iPhoneSimulator26.5.sdk -Os -w -F/Users/pc49-58/.codex/worktrees/cozy-02-integration/TacticalGo/ios/Build/Intermediates.noindex/EagerLinkingTBDs/Release-iphonesimulator -F/Users/pc49-58/.codex/worktrees/cozy-02-integration/TacticalGo/ios/Build/Products/Release-iphonesimulator/PackageFrameworks -F/Users/pc49-58/.codex/worktrees/cozy-02-integration/TacticalGo/ios/Build/Products/Release-iphonesimulator -iframework /Applications/Xcode.app/Contents/Developer/Platforms/iPhoneSimulator.platform/Developer/Library/Frameworks -iframework /Applications/Xcode.app/Contents/Developer/Platforms/iPhoneSimulator.platform/Developer/SDKs/iPhoneSimulator26.5.sdk/Developer/Library/Frameworks -filelist /Users/pc49-58/.codex/worktrees/cozy-02-integration/TacticalGo/ios/Build/Intermediates.noindex/TacticalGoCore.build/Release-iphonesimulator/TacticalGoBot.build/Objects-normal/arm64/TacticalGoBot.LinkFileList -nostdlib -Xlinker -object_path_lto -Xlinker /Users/pc49-58/.codex/worktrees/cozy-02-integration/TacticalGo/ios/Build/Intermediates.noindex/TacticalGoCore.build/Release-iphonesimulator/TacticalGoBot.build/Objects-normal/arm64/TacticalGoBot_lto.o -Xlinker -objc_abi_version -Xlinker 2 -Xlinker -dependency_info -Xlinker /Users/pc49-58/.codex/worktrees/cozy-02-integration/TacticalGo/ios/Build/Intermediates.noindex/TacticalGoCore.build/Release-iphonesimulator/TacticalGoBot.build/Objects-normal/arm64/TacticalGoBot_dependency_info.dat -fobjc-link-runtime -L/Applications/Xcode.app/Contents/Developer/Toolchains/XcodeDefault.xctoolchain/usr/lib/swift/iphonesimulator -L/usr/lib/swift -Xlinker -add_ast_path -Xlinker /Users/pc49-58/.codex/worktrees/cozy-02-integration/TacticalGo/ios/Build/Intermediates.noindex/TacticalGoCore.build/Release-iphonesimulator/TacticalGoBot.build/Objects-normal/arm64/TacticalGoBot.swiftmodule @/Users/pc49-58/.codex/worktrees/cozy-02-integration/TacticalGo/ios/Build/Intermediates.noindex/TacticalGoCore.build/Release-iphonesimulator/TacticalGoBot.build/Objects-normal/arm64/TacticalGoBot-linker-args.resp -o /Users/pc49-58/.codex/worktrees/cozy-02-integration/TacticalGo/ios/Build/Intermediates.noindex/TacticalGoCore.build/Release-iphonesimulator/TacticalGoBot.build/Objects-normal/arm64/Binary/TacticalGoBot.o

MkDir /Users/pc49-58/.codex/worktrees/cozy-02-integration/TacticalGo/ios/Build/Intermediates.noindex/TacticalGo.build/Release-iphonesimulator/TacticalGo.build/assetcatalog_output/unthinned (in target 'TacticalGo' from project 'TacticalGo')
    cd /Users/pc49-58/.codex/worktrees/cozy-02-integration/TacticalGo/ios
    /bin/mkdir -p /Users/pc49-58/.codex/worktrees/cozy-02-integration/TacticalGo/ios/Build/Intermediates.noindex/TacticalGo.build/Release-iphonesimulator/TacticalGo.build/assetcatalog_output/unthinned

MkDir /Users/pc49-58/.codex/worktrees/cozy-02-integration/TacticalGo/ios/Build/Intermediates.noindex/TacticalGo.build/Release-iphonesimulator/TacticalGo.build/assetcatalog_output/thinned (in target 'TacticalGo' from project 'TacticalGo')
    cd /Users/pc49-58/.codex/worktrees/cozy-02-integration/TacticalGo/ios
    /bin/mkdir -p /Users/pc49-58/.codex/worktrees/cozy-02-integration/TacticalGo/ios/Build/Intermediates.noindex/TacticalGo.build/Release-iphonesimulator/TacticalGo.build/assetcatalog_output/thinned

GenerateAssetSymbols /Users/pc49-58/.codex/worktrees/cozy-02-integration/TacticalGo/ios/TacticalGo/Assets.xcassets (in target 'TacticalGo' from project 'TacticalGo')
    cd /Users/pc49-58/.codex/worktrees/cozy-02-integration/TacticalGo/ios
    /Applications/Xcode.app/Contents/Developer/usr/bin/actool /Users/pc49-58/.codex/worktrees/cozy-02-integration/TacticalGo/ios/TacticalGo/Assets.xcassets --compile /Users/pc49-58/.codex/worktrees/cozy-02-integration/TacticalGo/ios/Build/Products/Release-iphonesimulator/TacticalGo.app --output-format human-readable-text --notices --warnings --export-dependency-info /Users/pc49-58/.codex/worktrees/cozy-02-integration/TacticalGo/ios/Build/Intermediates.noindex/TacticalGo.build/Release-iphonesimulator/TacticalGo.build/assetcatalog_dependencies --output-partial-info-plist /Users/pc49-58/.codex/worktrees/cozy-02-integration/TacticalGo/ios/Build/Intermediates.noindex/TacticalGo.build/Release-iphonesimulator/TacticalGo.build/assetcatalog_generated_info.plist --compress-pngs --enable-on-demand-resources YES --development-region en --target-device iphone --target-device ipad --minimum-deployment-target 17.0 --platform iphonesimulator --bundle-identifier com.tacticalgo.prototype --generate-swift-asset-symbol-extensions NO --generate-swift-asset-symbols /Users/pc49-58/.codex/worktrees/cozy-02-integration/TacticalGo/ios/Build/Intermediates.noindex/TacticalGo.build/Release-iphonesimulator/TacticalGo.build/DerivedSources/GeneratedAssetSymbols.swift --generate-objc-asset-symbols /Users/pc49-58/.codex/worktrees/cozy-02-integration/TacticalGo/ios/Build/Intermediates.noindex/TacticalGo.build/Release-iphonesimulator/TacticalGo.build/DerivedSources/GeneratedAssetSymbols.h --generate-asset-symbol-index /Users/pc49-58/.codex/worktrees/cozy-02-integration/TacticalGo/ios/Build/Intermediates.noindex/TacticalGo.build/Release-iphonesimulator/TacticalGo.build/DerivedSources/GeneratedAssetSymbols-Index.plist
/* com.apple.actool.compilation-results */
/Users/pc49-58/.codex/worktrees/cozy-02-integration/TacticalGo/ios/Build/Intermediates.noindex/TacticalGo.build/Release-iphonesimulator/TacticalGo.build/DerivedSources/GeneratedAssetSymbols-Index.plist
/Users/pc49-58/.codex/worktrees/cozy-02-integration/TacticalGo/ios/Build/Intermediates.noindex/TacticalGo.build/Release-iphonesimulator/TacticalGo.build/DerivedSources/GeneratedAssetSymbols.h
/Users/pc49-58/.codex/worktrees/cozy-02-integration/TacticalGo/ios/Build/Intermediates.noindex/TacticalGo.build/Release-iphonesimulator/TacticalGo.build/DerivedSources/GeneratedAssetSymbols.swift


CompileAssetCatalogVariant thinned /Users/pc49-58/.codex/worktrees/cozy-02-integration/TacticalGo/ios/Build/Products/Release-iphonesimulator/TacticalGo.app /Users/pc49-58/.codex/worktrees/cozy-02-integration/TacticalGo/ios/TacticalGo/Assets.xcassets (in target 'TacticalGo' from project 'TacticalGo')
    cd /Users/pc49-58/.codex/worktrees/cozy-02-integration/TacticalGo/ios
    /Applications/Xcode.app/Contents/Developer/usr/bin/actool /Users/pc49-58/.codex/worktrees/cozy-02-integration/TacticalGo/ios/TacticalGo/Assets.xcassets --compile /Users/pc49-58/.codex/worktrees/cozy-02-integration/TacticalGo/ios/Build/Intermediates.noindex/TacticalGo.build/Release-iphonesimulator/TacticalGo.build/assetcatalog_output/thinned --output-format human-readable-text --notices --warnings --export-dependency-info /Users/pc49-58/.codex/worktrees/cozy-02-integration/TacticalGo/ios/Build/Intermediates.noindex/TacticalGo.build/Release-iphonesimulator/TacticalGo.build/assetcatalog_dependencies_thinned --output-partial-info-plist /Users/pc49-58/.codex/worktrees/cozy-02-integration/TacticalGo/ios/Build/Intermediates.noindex/TacticalGo.build/Release-iphonesimulator/TacticalGo.build/assetcatalog_generated_info.plist_thinned --compress-pngs --enable-on-demand-resources YES --development-region en --target-device iphone --target-device ipad --minimum-deployment-target 17.0 --platform iphonesimulator
/* com.apple.actool.compilation-results */
/Users/pc49-58/.codex/worktrees/cozy-02-integration/TacticalGo/ios/Build/Intermediates.noindex/TacticalGo.build/Release-iphonesimulator/TacticalGo.build/assetcatalog_generated_info.plist_thinned
/Users/pc49-58/.codex/worktrees/cozy-02-integration/TacticalGo/ios/Build/Intermediates.noindex/TacticalGo.build/Release-iphonesimulator/TacticalGo.build/assetcatalog_output/thinned/Assets.car


CreateUniversalBinary /Users/pc49-58/.codex/worktrees/cozy-02-integration/TacticalGo/ios/Build/Products/Release-iphonesimulator/TacticalGoBot.o normal arm64\ x86_64 (in target 'TacticalGoBot' from project 'TacticalGoCore')
    cd /Users/pc49-58/.codex/worktrees/cozy-02-integration/TacticalGo/swift/TacticalGoCore
    /Applications/Xcode.app/Contents/Developer/Toolchains/XcodeDefault.xctoolchain/usr/bin/lipo -create /Users/pc49-58/.codex/worktrees/cozy-02-integration/TacticalGo/ios/Build/Intermediates.noindex/TacticalGoCore.build/Release-iphonesimulator/TacticalGoBot.build/Objects-normal/arm64/Binary/TacticalGoBot.o /Users/pc49-58/.codex/worktrees/cozy-02-integration/TacticalGo/ios/Build/Intermediates.noindex/TacticalGoCore.build/Release-iphonesimulator/TacticalGoBot.build/Objects-normal/x86_64/Binary/TacticalGoBot.o -output /Users/pc49-58/.codex/worktrees/cozy-02-integration/TacticalGo/ios/Build/Products/Release-iphonesimulator/TacticalGoBot.o

ExtractAppIntentsMetadata (in target 'TacticalGoBot' from project 'TacticalGoCore')
    cd /Users/pc49-58/.codex/worktrees/cozy-02-integration/TacticalGo/swift/TacticalGoCore
    /Applications/Xcode.app/Contents/Developer/Toolchains/XcodeDefault.xctoolchain/usr/bin/appintentsmetadataprocessor --toolchain-dir /Applications/Xcode.app/Contents/Developer/Toolchains/XcodeDefault.xctoolchain --module-name TacticalGoBot --sdk-root /Applications/Xcode.app/Contents/Developer/Platforms/iPhoneSimulator.platform/Developer/SDKs/iPhoneSimulator26.5.sdk --xcode-version 17F113 --platform-family iOS --deployment-target 12.0 --bundle-identifier tacticalgocore.TacticalGoBot --output /Users/pc49-58/.codex/worktrees/cozy-02-integration/TacticalGo/ios/Build/Products/Release-iphonesimulator/TacticalGoBot.appintents --target-triple arm64-apple-ios12.0-simulator --target-triple x86_64-apple-ios12.0-simulator --binary-file /Users/pc49-58/.codex/worktrees/cozy-02-integration/TacticalGo/ios/Build/Products/Release-iphonesimulator/TacticalGoBot.o --dependency-file /Users/pc49-58/.codex/worktrees/cozy-02-integration/TacticalGo/ios/Build/Intermediates.noindex/TacticalGoCore.build/Release-iphonesimulator/TacticalGoBot.build/Objects-normal/arm64/TacticalGoBot_dependency_info.dat --dependency-file /Users/pc49-58/.codex/worktrees/cozy-02-integration/TacticalGo/ios/Build/Intermediates.noindex/TacticalGoCore.build/Release-iphonesimulator/TacticalGoBot.build/Objects-normal/x86_64/TacticalGoBot_dependency_info.dat --stringsdata-file /Users/pc49-58/.codex/worktrees/cozy-02-integration/TacticalGo/ios/Build/Intermediates.noindex/TacticalGoCore.build/Release-iphonesimulator/TacticalGoBot.build/Objects-normal/arm64/ExtractedAppShortcutsMetadata.stringsdata --stringsdata-file /Users/pc49-58/.codex/worktrees/cozy-02-integration/TacticalGo/ios/Build/Intermediates.noindex/TacticalGoCore.build/Release-iphonesimulator/TacticalGoBot.build/Objects-normal/x86_64/ExtractedAppShortcutsMetadata.stringsdata --source-file-list /Users/pc49-58/.codex/worktrees/cozy-02-integration/TacticalGo/ios/Build/Intermediates.noindex/TacticalGoCore.build/Release-iphonesimulator/TacticalGoBot.build/Objects-normal/arm64/TacticalGoBot.SwiftFileList --source-file-list /Users/pc49-58/.codex/worktrees/cozy-02-integration/TacticalGo/ios/Build/Intermediates.noindex/TacticalGoCore.build/Release-iphonesimulator/TacticalGoBot.build/Objects-normal/x86_64/TacticalGoBot.SwiftFileList --metadata-file-list /Users/pc49-58/.codex/worktrees/cozy-02-integration/TacticalGo/ios/Build/Intermediates.noindex/TacticalGoCore.build/Release-iphonesimulator/TacticalGoBot.build/TacticalGoBot.DependencyMetadataFileList --static-metadata-file-list /Users/pc49-58/.codex/worktrees/cozy-02-integration/TacticalGo/ios/Build/Intermediates.noindex/TacticalGoCore.build/Release-iphonesimulator/TacticalGoBot.build/TacticalGoBot.DependencyStaticMetadataFileList --swift-const-vals-list /Users/pc49-58/.codex/worktrees/cozy-02-integration/TacticalGo/ios/Build/Intermediates.noindex/TacticalGoCore.build/Release-iphonesimulator/TacticalGoBot.build/Objects-normal/arm64/TacticalGoBot.SwiftConstValuesFileList --swift-const-vals-list /Users/pc49-58/.codex/worktrees/cozy-02-integration/TacticalGo/ios/Build/Intermediates.noindex/TacticalGoCore.build/Release-iphonesimulator/TacticalGoBot.build/Objects-normal/x86_64/TacticalGoBot.SwiftConstValuesFileList --force --compile-time-extraction --deployment-aware-processing --validate-assistant-intents --no-app-shortcuts-localization
2026-10-10 17:19:30.800 appintentsmetadataprocessor[14983:1389859] Starting appintentsmetadataprocessor export
2026-10-10 17:19:30.806 appintentsmetadataprocessor[14983:1389859] Extracted no relevant App Intents symbols, skipping writing output

RegisterExecutionPolicyException /Users/pc49-58/.codex/worktrees/cozy-02-integration/TacticalGo/ios/Build/Products/Release-iphonesimulator/TacticalGoBot.o (in target 'TacticalGoBot' from project 'TacticalGoCore')
    cd /Users/pc49-58/.codex/worktrees/cozy-02-integration/TacticalGo/swift/TacticalGoCore
    builtin-RegisterExecutionPolicyException /Users/pc49-58/.codex/worktrees/cozy-02-integration/TacticalGo/ios/Build/Products/Release-iphonesimulator/TacticalGoBot.o

CpResource /Users/pc49-58/.codex/worktrees/cozy-02-integration/TacticalGo/ios/Build/Products/Release-iphonesimulator/TacticalGo.app/R2Positions.json /Users/pc49-58/.codex/worktrees/cozy-02-integration/TacticalGo/ios/TacticalGo/R2Positions.json (in target 'TacticalGo' from project 'TacticalGo')
    cd /Users/pc49-58/.codex/worktrees/cozy-02-integration/TacticalGo/ios
    builtin-copy -exclude .DS_Store -exclude CVS -exclude .svn -exclude .git -exclude .hg -strip-unsigned-binaries -strip-deterministic -strip-tool /Applications/Xcode.app/Contents/Developer/Toolchains/XcodeDefault.xctoolchain/usr/bin/strip -resolve-src-symlinks /Users/pc49-58/.codex/worktrees/cozy-02-integration/TacticalGo/ios/TacticalGo/R2Positions.json /Users/pc49-58/.codex/worktrees/cozy-02-integration/TacticalGo/ios/Build/Products/Release-iphonesimulator/TacticalGo.app

CpResource /Users/pc49-58/.codex/worktrees/cozy-02-integration/TacticalGo/ios/Build/Products/Release-iphonesimulator/TacticalGo.app/MageBody /Users/pc49-58/.codex/worktrees/cozy-02-integration/TacticalGo/ios/TacticalGo/MageBody (in target 'TacticalGo' from project 'TacticalGo')
    cd /Users/pc49-58/.codex/worktrees/cozy-02-integration/TacticalGo/ios
    builtin-copy -exclude .DS_Store -exclude CVS -exclude .svn -exclude .git -exclude .hg -strip-unsigned-binaries -strip-deterministic -strip-tool /Applications/Xcode.app/Contents/Developer/Toolchains/XcodeDefault.xctoolchain/usr/bin/strip -resolve-src-symlinks /Users/pc49-58/.codex/worktrees/cozy-02-integration/TacticalGo/ios/TacticalGo/MageBody /Users/pc49-58/.codex/worktrees/cozy-02-integration/TacticalGo/ios/Build/Products/Release-iphonesimulator/TacticalGo.app

CpResource /Users/pc49-58/.codex/worktrees/cozy-02-integration/TacticalGo/ios/Build/Products/Release-iphonesimulator/TacticalGo.app/Cozy /Users/pc49-58/.codex/worktrees/cozy-02-integration/TacticalGo/ios/TacticalGo/Cozy (in target 'TacticalGo' from project 'TacticalGo')
    cd /Users/pc49-58/.codex/worktrees/cozy-02-integration/TacticalGo/ios
    builtin-copy -exclude .DS_Store -exclude CVS -exclude .svn -exclude .git -exclude .hg -strip-unsigned-binaries -strip-deterministic -strip-tool /Applications/Xcode.app/Contents/Developer/Toolchains/XcodeDefault.xctoolchain/usr/bin/strip -resolve-src-symlinks /Users/pc49-58/.codex/worktrees/cozy-02-integration/TacticalGo/ios/TacticalGo/Cozy /Users/pc49-58/.codex/worktrees/cozy-02-integration/TacticalGo/ios/Build/Products/Release-iphonesimulator/TacticalGo.app

CpResource /Users/pc49-58/.codex/worktrees/cozy-02-integration/TacticalGo/ios/Build/Products/Release-iphonesimulator/TacticalGo.app/Models /Users/pc49-58/.codex/worktrees/cozy-02-integration/TacticalGo/ios/TacticalGo/Models (in target 'TacticalGo' from project 'TacticalGo')
    cd /Users/pc49-58/.codex/worktrees/cozy-02-integration/TacticalGo/ios
    builtin-copy -exclude .DS_Store -exclude CVS -exclude .svn -exclude .git -exclude .hg -strip-unsigned-binaries -strip-deterministic -strip-tool /Applications/Xcode.app/Contents/Developer/Toolchains/XcodeDefault.xctoolchain/usr/bin/strip -resolve-src-symlinks /Users/pc49-58/.codex/worktrees/cozy-02-integration/TacticalGo/ios/TacticalGo/Models /Users/pc49-58/.codex/worktrees/cozy-02-integration/TacticalGo/ios/Build/Products/Release-iphonesimulator/TacticalGo.app

CpResource /Users/pc49-58/.codex/worktrees/cozy-02-integration/TacticalGo/ios/Build/Products/Release-iphonesimulator/TacticalGo.app/HeroBody /Users/pc49-58/.codex/worktrees/cozy-02-integration/TacticalGo/ios/TacticalGo/HeroBody (in target 'TacticalGo' from project 'TacticalGo')
    cd /Users/pc49-58/.codex/worktrees/cozy-02-integration/TacticalGo/ios
    builtin-copy -exclude .DS_Store -exclude CVS -exclude .svn -exclude .git -exclude .hg -strip-unsigned-binaries -strip-deterministic -strip-tool /Applications/Xcode.app/Contents/Developer/Toolchains/XcodeDefault.xctoolchain/usr/bin/strip -resolve-src-symlinks /Users/pc49-58/.codex/worktrees/cozy-02-integration/TacticalGo/ios/TacticalGo/HeroBody /Users/pc49-58/.codex/worktrees/cozy-02-integration/TacticalGo/ios/Build/Products/Release-iphonesimulator/TacticalGo.app

CpResource /Users/pc49-58/.codex/worktrees/cozy-02-integration/TacticalGo/ios/Build/Products/Release-iphonesimulator/TacticalGo.app/Audio /Users/pc49-58/.codex/worktrees/cozy-02-integration/TacticalGo/ios/TacticalGo/Audio (in target 'TacticalGo' from project 'TacticalGo')
    cd /Users/pc49-58/.codex/worktrees/cozy-02-integration/TacticalGo/ios
    builtin-copy -exclude .DS_Store -exclude CVS -exclude .svn -exclude .git -exclude .hg -strip-unsigned-binaries -strip-deterministic -strip-tool /Applications/Xcode.app/Contents/Developer/Toolchains/XcodeDefault.xctoolchain/usr/bin/strip -resolve-src-symlinks /Users/pc49-58/.codex/worktrees/cozy-02-integration/TacticalGo/ios/TacticalGo/Audio /Users/pc49-58/.codex/worktrees/cozy-02-integration/TacticalGo/ios/Build/Products/Release-iphonesimulator/TacticalGo.app

CpResource /Users/pc49-58/.codex/worktrees/cozy-02-integration/TacticalGo/ios/Build/Products/Release-iphonesimulator/TacticalGo.app/Anim01 /Users/pc49-58/.codex/worktrees/cozy-02-integration/TacticalGo/ios/TacticalGo/Anim01 (in target 'TacticalGo' from project 'TacticalGo')
    cd /Users/pc49-58/.codex/worktrees/cozy-02-integration/TacticalGo/ios
    builtin-copy -exclude .DS_Store -exclude CVS -exclude .svn -exclude .git -exclude .hg -strip-unsigned-binaries -strip-deterministic -strip-tool /Applications/Xcode.app/Contents/Developer/Toolchains/XcodeDefault.xctoolchain/usr/bin/strip -resolve-src-symlinks /Users/pc49-58/.codex/worktrees/cozy-02-integration/TacticalGo/ios/TacticalGo/Anim01 /Users/pc49-58/.codex/worktrees/cozy-02-integration/TacticalGo/ios/Build/Products/Release-iphonesimulator/TacticalGo.app

Copy /Users/pc49-58/.codex/worktrees/cozy-02-integration/TacticalGo/ios/Build/Products/Release-iphonesimulator/TacticalGo.app/TacticalGoCore_TacticalGoOnboarding.bundle /Users/pc49-58/.codex/worktrees/cozy-02-integration/TacticalGo/ios/Build/Products/Release-iphonesimulator/TacticalGoCore_TacticalGoOnboarding.bundle (in target 'TacticalGo' from project 'TacticalGo')
    cd /Users/pc49-58/.codex/worktrees/cozy-02-integration/TacticalGo/ios
    builtin-copy -exclude .DS_Store -exclude CVS -exclude .svn -exclude .git -exclude .hg -strip-unsigned-binaries -strip-deterministic -strip-tool /Applications/Xcode.app/Contents/Developer/Toolchains/XcodeDefault.xctoolchain/usr/bin/strip -resolve-src-symlinks /Users/pc49-58/.codex/worktrees/cozy-02-integration/TacticalGo/ios/Build/Products/Release-iphonesimulator/TacticalGoCore_TacticalGoOnboarding.bundle /Users/pc49-58/.codex/worktrees/cozy-02-integration/TacticalGo/ios/Build/Products/Release-iphonesimulator/TacticalGo.app

SwiftDriver TacticalGo normal x86_64 com.apple.xcode.tools.swift.compiler (in target 'TacticalGo' from project 'TacticalGo')
    cd /Users/pc49-58/.codex/worktrees/cozy-02-integration/TacticalGo/ios
    builtin-SwiftDriver -- /Applications/Xcode.app/Contents/Developer/Toolchains/XcodeDefault.xctoolchain/usr/bin/swiftc -module-name TacticalGo -O @/Users/pc49-58/.codex/worktrees/cozy-02-integration/TacticalGo/ios/Build/Intermediates.noindex/TacticalGo.build/Release-iphonesimulator/TacticalGo.build/Objects-normal/x86_64/TacticalGo.SwiftFileList -enable-experimental-feature DebugDescriptionMacro -sdk /Applications/Xcode.app/Contents/Developer/Platforms/iPhoneSimulator.platform/Developer/SDKs/iPhoneSimulator26.5.sdk -target x86_64-apple-ios17.0-simulator -g -module-cache-path /Users/pc49-58/.codex/worktrees/cozy-02-integration/TacticalGo/ios/HeroBodyReleaseBuild/ModuleCache.noindex -Xfrontend -serialize-debugging-options -enable-testing -swift-version 6 -I /Users/pc49-58/.codex/worktrees/cozy-02-integration/TacticalGo/ios/Build/Products/Release-iphonesimulator -F /Users/pc49-58/.codex/worktrees/cozy-02-integration/TacticalGo/ios/Build/Products/Release-iphonesimulator/PackageFrameworks -F /Users/pc49-58/.codex/worktrees/cozy-02-integration/TacticalGo/ios/Build/Products/Release-iphonesimulator/PackageFrameworks -F /Users/pc49-58/.codex/worktrees/cozy-02-integration/TacticalGo/ios/Build/Products/Release-iphonesimulator/PackageFrameworks -F /Users/pc49-58/.codex/worktrees/cozy-02-integration/TacticalGo/ios/Build/Products/Release-iphonesimulator/PackageFrameworks -F /Users/pc49-58/.codex/worktrees/cozy-02-integration/TacticalGo/ios/Build/Products/Release-iphonesimulator/PackageFrameworks -F /Users/pc49-58/.codex/worktrees/cozy-02-integration/TacticalGo/ios/Build/Products/Release-iphonesimulator/PackageFrameworks -F /Users/pc49-58/.codex/worktrees/cozy-02-integration/TacticalGo/ios/Build/Products/Release-iphonesimulator -c -j8 -enable-batch-mode -incremental -Xcc -ivfsstatcache -Xcc /Users/pc49-58/.codex/worktrees/cozy-02-integration/TacticalGo/ios/HeroBodyReleaseBuild/SDKStatCaches.noindex/iphonesimulator26.5-23F81a-6cfe768891a92b912361537c460fe42b.sdkstatcache -output-file-map /Users/pc49-58/.codex/worktrees/cozy-02-integration/TacticalGo/ios/Build/Intermediates.noindex/TacticalGo.build/Release-iphonesimulator/TacticalGo.build/Objects-normal/x86_64/TacticalGo-OutputFileMap.json -use-frontend-parseable-output -save-temps -no-color-diagnostics -explicit-module-build -module-cache-path /Users/pc49-58/.codex/worktrees/cozy-02-integration/TacticalGo/ios/Build/Intermediates.noindex/SwiftExplicitPrecompiledModules -clang-scanner-module-cache-path /Users/pc49-58/.codex/worktrees/cozy-02-integration/TacticalGo/ios/HeroBodyReleaseBuild/ModuleCache.noindex -sdk-module-cache-path /Users/pc49-58/.codex/worktrees/cozy-02-integration/TacticalGo/ios/HeroBodyReleaseBuild/ModuleCache.noindex -serialize-diagnostics -emit-dependencies -emit-module -emit-module-path /Users/pc49-58/.codex/worktrees/cozy-02-integration/TacticalGo/ios/Build/Intermediates.noindex/TacticalGo.build/Release-iphonesimulator/TacticalGo.build/Objects-normal/x86_64/TacticalGo.swiftmodule -validate-clang-modules-once -clang-build-session-file /Users/pc49-58/.codex/worktrees/cozy-02-integration/TacticalGo/ios/HeroBodyReleaseBuild/ModuleCache.noindex/Session.modulevalidation -Xcc -I/Users/pc49-58/.codex/worktrees/cozy-02-integration/TacticalGo/ios/Build/Intermediates.noindex/TacticalGo.build/Release-iphonesimulator/TacticalGo.build/swift-overrides.hmap -emit-const-values -Xfrontend -const-gather-protocols-file -Xfrontend /Users/pc49-58/.codex/worktrees/cozy-02-integration/TacticalGo/ios/Build/Intermediates.noindex/TacticalGo.build/Release-iphonesimulator/TacticalGo.build/Objects-normal/x86_64/TacticalGo_const_extract_protocols.json -Xcc -iquote -Xcc /Users/pc49-58/.codex/worktrees/cozy-02-integration/TacticalGo/ios/Build/Intermediates.noindex/TacticalGo.build/Release-iphonesimulator/TacticalGo.build/TacticalGo-generated-files.hmap -Xcc -I/Users/pc49-58/.codex/worktrees/cozy-02-integration/TacticalGo/ios/Build/Intermediates.noindex/TacticalGo.build/Release-iphonesimulator/TacticalGo.build/TacticalGo-own-target-headers.hmap -Xcc -I/Users/pc49-58/.codex/worktrees/cozy-02-integration/TacticalGo/ios/Build/Intermediates.noindex/TacticalGo.build/Release-iphonesimulator/TacticalGo.build/TacticalGo-all-non-framework-target-headers.hmap -Xcc -ivfsoverlay -Xcc /Users/pc49-58/.codex/worktrees/cozy-02-integration/TacticalGo/ios/Build/Intermediates.noindex/TacticalGo.build/Release-iphonesimulator/TacticalGo-32580fe5d0e5965bad977075ff1df9a9-VFS-iphonesimulator/all-product-headers.yaml -Xcc -iquote -Xcc /Users/pc49-58/.codex/worktrees/cozy-02-integration/TacticalGo/ios/Build/Intermediates.noindex/TacticalGo.build/Release-iphonesimulator/TacticalGo.build/TacticalGo-project-headers.hmap -Xcc -I/Users/pc49-58/.codex/worktrees/cozy-02-integration/TacticalGo/ios/Build/Products/Release-iphonesimulator/include -Xcc -I/Users/pc49-58/.codex/worktrees/cozy-02-integration/TacticalGo/ios/Build/Intermediates.noindex/TacticalGo.build/Release-iphonesimulator/TacticalGo.build/DerivedSources-normal/x86_64 -Xcc -I/Users/pc49-58/.codex/worktrees/cozy-02-integration/TacticalGo/ios/Build/Intermediates.noindex/TacticalGo.build/Release-iphonesimulator/TacticalGo.build/DerivedSources/x86_64 -Xcc -I/Users/pc49-58/.codex/worktrees/cozy-02-integration/TacticalGo/ios/Build/Intermediates.noindex/TacticalGo.build/Release-iphonesimulator/TacticalGo.build/DerivedSources -emit-objc-header -emit-objc-header-path /Users/pc49-58/.codex/worktrees/cozy-02-integration/TacticalGo/ios/Build/Intermediates.noindex/TacticalGo.build/Release-iphonesimulator/TacticalGo.build/Objects-normal/x86_64/TacticalGo-Swift.h -working-directory /Users/pc49-58/.codex/worktrees/cozy-02-integration/TacticalGo/ios -experimental-emit-module-separately -disable-cmo

SwiftDriver TacticalGo normal arm64 com.apple.xcode.tools.swift.compiler (in target 'TacticalGo' from project 'TacticalGo')
    cd /Users/pc49-58/.codex/worktrees/cozy-02-integration/TacticalGo/ios
    builtin-SwiftDriver -- /Applications/Xcode.app/Contents/Developer/Toolchains/XcodeDefault.xctoolchain/usr/bin/swiftc -module-name TacticalGo -O @/Users/pc49-58/.codex/worktrees/cozy-02-integration/TacticalGo/ios/Build/Intermediates.noindex/TacticalGo.build/Release-iphonesimulator/TacticalGo.build/Objects-normal/arm64/TacticalGo.SwiftFileList -enable-experimental-feature DebugDescriptionMacro -sdk /Applications/Xcode.app/Contents/Developer/Platforms/iPhoneSimulator.platform/Developer/SDKs/iPhoneSimulator26.5.sdk -target arm64-apple-ios17.0-simulator -g -module-cache-path /Users/pc49-58/.codex/worktrees/cozy-02-integration/TacticalGo/ios/HeroBodyReleaseBuild/ModuleCache.noindex -Xfrontend -serialize-debugging-options -enable-testing -swift-version 6 -I /Users/pc49-58/.codex/worktrees/cozy-02-integration/TacticalGo/ios/Build/Products/Release-iphonesimulator -F /Users/pc49-58/.codex/worktrees/cozy-02-integration/TacticalGo/ios/Build/Products/Release-iphonesimulator/PackageFrameworks -F /Users/pc49-58/.codex/worktrees/cozy-02-integration/TacticalGo/ios/Build/Products/Release-iphonesimulator/PackageFrameworks -F /Users/pc49-58/.codex/worktrees/cozy-02-integration/TacticalGo/ios/Build/Products/Release-iphonesimulator/PackageFrameworks -F /Users/pc49-58/.codex/worktrees/cozy-02-integration/TacticalGo/ios/Build/Products/Release-iphonesimulator/PackageFrameworks -F /Users/pc49-58/.codex/worktrees/cozy-02-integration/TacticalGo/ios/Build/Products/Release-iphonesimulator/PackageFrameworks -F /Users/pc49-58/.codex/worktrees/cozy-02-integration/TacticalGo/ios/Build/Products/Release-iphonesimulator/PackageFrameworks -F /Users/pc49-58/.codex/worktrees/cozy-02-integration/TacticalGo/ios/Build/Products/Release-iphonesimulator -c -j8 -enable-batch-mode -incremental -Xcc -ivfsstatcache -Xcc /Users/pc49-58/.codex/worktrees/cozy-02-integration/TacticalGo/ios/HeroBodyReleaseBuild/SDKStatCaches.noindex/iphonesimulator26.5-23F81a-6cfe768891a92b912361537c460fe42b.sdkstatcache -output-file-map /Users/pc49-58/.codex/worktrees/cozy-02-integration/TacticalGo/ios/Build/Intermediates.noindex/TacticalGo.build/Release-iphonesimulator/TacticalGo.build/Objects-normal/arm64/TacticalGo-OutputFileMap.json -use-frontend-parseable-output -save-temps -no-color-diagnostics -explicit-module-build -module-cache-path /Users/pc49-58/.codex/worktrees/cozy-02-integration/TacticalGo/ios/Build/Intermediates.noindex/SwiftExplicitPrecompiledModules -clang-scanner-module-cache-path /Users/pc49-58/.codex/worktrees/cozy-02-integration/TacticalGo/ios/HeroBodyReleaseBuild/ModuleCache.noindex -sdk-module-cache-path /Users/pc49-58/.codex/worktrees/cozy-02-integration/TacticalGo/ios/HeroBodyReleaseBuild/ModuleCache.noindex -serialize-diagnostics -emit-dependencies -emit-module -emit-module-path /Users/pc49-58/.codex/worktrees/cozy-02-integration/TacticalGo/ios/Build/Intermediates.noindex/TacticalGo.build/Release-iphonesimulator/TacticalGo.build/Objects-normal/arm64/TacticalGo.swiftmodule -validate-clang-modules-once -clang-build-session-file /Users/pc49-58/.codex/worktrees/cozy-02-integration/TacticalGo/ios/HeroBodyReleaseBuild/ModuleCache.noindex/Session.modulevalidation -Xcc -I/Users/pc49-58/.codex/worktrees/cozy-02-integration/TacticalGo/ios/Build/Intermediates.noindex/TacticalGo.build/Release-iphonesimulator/TacticalGo.build/swift-overrides.hmap -emit-const-values -Xfrontend -const-gather-protocols-file -Xfrontend /Users/pc49-58/.codex/worktrees/cozy-02-integration/TacticalGo/ios/Build/Intermediates.noindex/TacticalGo.build/Release-iphonesimulator/TacticalGo.build/Objects-normal/arm64/TacticalGo_const_extract_protocols.json -Xcc -iquote -Xcc /Users/pc49-58/.codex/worktrees/cozy-02-integration/TacticalGo/ios/Build/Intermediates.noindex/TacticalGo.build/Release-iphonesimulator/TacticalGo.build/TacticalGo-generated-files.hmap -Xcc -I/Users/pc49-58/.codex/worktrees/cozy-02-integration/TacticalGo/ios/Build/Intermediates.noindex/TacticalGo.build/Release-iphonesimulator/TacticalGo.build/TacticalGo-own-target-headers.hmap -Xcc -I/Users/pc49-58/.codex/worktrees/cozy-02-integration/TacticalGo/ios/Build/Intermediates.noindex/TacticalGo.build/Release-iphonesimulator/TacticalGo.build/TacticalGo-all-non-framework-target-headers.hmap -Xcc -ivfsoverlay -Xcc /Users/pc49-58/.codex/worktrees/cozy-02-integration/TacticalGo/ios/Build/Intermediates.noindex/TacticalGo.build/Release-iphonesimulator/TacticalGo-32580fe5d0e5965bad977075ff1df9a9-VFS-iphonesimulator/all-product-headers.yaml -Xcc -iquote -Xcc /Users/pc49-58/.codex/worktrees/cozy-02-integration/TacticalGo/ios/Build/Intermediates.noindex/TacticalGo.build/Release-iphonesimulator/TacticalGo.build/TacticalGo-project-headers.hmap -Xcc -I/Users/pc49-58/.codex/worktrees/cozy-02-integration/TacticalGo/ios/Build/Products/Release-iphonesimulator/include -Xcc -I/Users/pc49-58/.codex/worktrees/cozy-02-integration/TacticalGo/ios/Build/Intermediates.noindex/TacticalGo.build/Release-iphonesimulator/TacticalGo.build/DerivedSources-normal/arm64 -Xcc -I/Users/pc49-58/.codex/worktrees/cozy-02-integration/TacticalGo/ios/Build/Intermediates.noindex/TacticalGo.build/Release-iphonesimulator/TacticalGo.build/DerivedSources/arm64 -Xcc -I/Users/pc49-58/.codex/worktrees/cozy-02-integration/TacticalGo/ios/Build/Intermediates.noindex/TacticalGo.build/Release-iphonesimulator/TacticalGo.build/DerivedSources -emit-objc-header -emit-objc-header-path /Users/pc49-58/.codex/worktrees/cozy-02-integration/TacticalGo/ios/Build/Intermediates.noindex/TacticalGo.build/Release-iphonesimulator/TacticalGo.build/Objects-normal/arm64/TacticalGo-Swift.h -working-directory /Users/pc49-58/.codex/worktrees/cozy-02-integration/TacticalGo/ios -experimental-emit-module-separately -disable-cmo

SwiftExplicitDependencyGeneratePcm x86_64 /Users/pc49-58/.codex/worktrees/cozy-02-integration/TacticalGo/ios/HeroBodyReleaseBuild/ModuleCache.noindex/_Builtin_float-ELO1OQVPWC3Z5KPDYTHZHR8WY.pcm

SwiftExplicitDependencyGeneratePcm x86_64 /Users/pc49-58/.codex/worktrees/cozy-02-integration/TacticalGo/ios/HeroBodyReleaseBuild/ModuleCache.noindex/_SwiftConcurrencyShims-6N5AYGMGTOEBWXYDVYT4I6375.pcm

SwiftExplicitDependencyGeneratePcm x86_64 /Users/pc49-58/.codex/worktrees/cozy-02-integration/TacticalGo/ios/HeroBodyReleaseBuild/ModuleCache.noindex/_AvailabilityInternal-2398OUHTQPWRZS14GW2O031TQ.pcm

SwiftExplicitDependencyGeneratePcm x86_64 /Users/pc49-58/.codex/worktrees/cozy-02-integration/TacticalGo/ios/HeroBodyReleaseBuild/ModuleCache.noindex/SwiftShims-CWNH63DLWSYUC3ZRMB2ZHF7H9.pcm

SwiftExplicitDependencyGeneratePcm x86_64 /Users/pc49-58/.codex/worktrees/cozy-02-integration/TacticalGo/ios/HeroBodyReleaseBuild/ModuleCache.noindex/ptrauth-CYMV1E8HHYJS87MOKDZ468K3O.pcm

SwiftExplicitDependencyGeneratePcm x86_64 /Users/pc49-58/.codex/worktrees/cozy-02-integration/TacticalGo/ios/HeroBodyReleaseBuild/ModuleCache.noindex/DeveloperToolsSupport-3QXJVVMSW3NP20DDBVDOL3VFR.pcm

SwiftExplicitDependencyGeneratePcm x86_64 /Users/pc49-58/.codex/worktrees/cozy-02-integration/TacticalGo/ios/HeroBodyReleaseBuild/ModuleCache.noindex/ptrcheck-492D2AG2S3GG2A1VCB70VN54X.pcm

SwiftExplicitDependencyGeneratePcm arm64 /Users/pc49-58/.codex/worktrees/cozy-02-integration/TacticalGo/ios/HeroBodyReleaseBuild/ModuleCache.noindex/_Builtin_stdbool-9ZAYLPYK3FUNUM4E675KIO0RA.pcm

SwiftExplicitDependencyGeneratePcm arm64 /Users/pc49-58/.codex/worktrees/cozy-02-integration/TacticalGo/ios/HeroBodyReleaseBuild/ModuleCache.noindex/ptrcheck-BEMVX70RH67ME2ON866F4IB5Q.pcm

SwiftExplicitDependencyGeneratePcm arm64 /Users/pc49-58/.codex/worktrees/cozy-02-integration/TacticalGo/ios/HeroBodyReleaseBuild/ModuleCache.noindex/_Builtin_stdarg-D53P0AVTG0PO2MQZXKDZHV9FR.pcm

SwiftExplicitDependencyGeneratePcm arm64 /Users/pc49-58/.codex/worktrees/cozy-02-integration/TacticalGo/ios/HeroBodyReleaseBuild/ModuleCache.noindex/_Builtin_stddef-7R2NFASLQ1FTHTZNHU0FBI8LX.pcm

SwiftExplicitDependencyGeneratePcm arm64 /Users/pc49-58/.codex/worktrees/cozy-02-integration/TacticalGo/ios/HeroBodyReleaseBuild/ModuleCache.noindex/_Builtin_float-G67MJEG4LOPFW29CIKAU3K29.pcm

SwiftExplicitDependencyGeneratePcm arm64 /Users/pc49-58/.codex/worktrees/cozy-02-integration/TacticalGo/ios/HeroBodyReleaseBuild/ModuleCache.noindex/SwiftShims-3E011CE38X6Q6K82F7UR5JKJ5.pcm

SwiftExplicitDependencyGeneratePcm x86_64 /Users/pc49-58/.codex/worktrees/cozy-02-integration/TacticalGo/ios/HeroBodyReleaseBuild/ModuleCache.noindex/_DarwinFoundation1-97PLY06BPK301ETHA34B3S8VB.pcm

SwiftExplicitDependencyGeneratePcm x86_64 /Users/pc49-58/.codex/worktrees/cozy-02-integration/TacticalGo/ios/HeroBodyReleaseBuild/ModuleCache.noindex/GroupActivities-6R3M5HKYUAID02ZTGDTDKKHDB.pcm

SwiftExplicitDependencyGeneratePcm arm64 /Users/pc49-58/.codex/worktrees/cozy-02-integration/TacticalGo/ios/HeroBodyReleaseBuild/ModuleCache.noindex/DeveloperToolsSupport-A9P380YQX8IC1JCF96N6XVAD.pcm

SwiftExplicitDependencyGeneratePcm x86_64 /Users/pc49-58/.codex/worktrees/cozy-02-integration/TacticalGo/ios/HeroBodyReleaseBuild/ModuleCache.noindex/_Builtin_stddef-3HNYBODQPDIDMSYV72BZB9G5G.pcm

SwiftExplicitDependencyGeneratePcm arm64 /Users/pc49-58/.codex/worktrees/cozy-02-integration/TacticalGo/ios/HeroBodyReleaseBuild/ModuleCache.noindex/_SwiftConcurrencyShims-EZ6QWX9YZYLL278TSGTAAXHHP.pcm

SwiftExplicitDependencyGeneratePcm x86_64 /Users/pc49-58/.codex/worktrees/cozy-02-integration/TacticalGo/ios/HeroBodyReleaseBuild/ModuleCache.noindex/_Builtin_stdarg-9S9L0W39P2H7ZNA3B4OW3K2PM.pcm

SwiftExplicitDependencyGeneratePcm x86_64 /Users/pc49-58/.codex/worktrees/cozy-02-integration/TacticalGo/ios/HeroBodyReleaseBuild/ModuleCache.noindex/_Builtin_stdbool-C06Q33W4RH99URC7BNWSFY7NY.pcm

SwiftExplicitDependencyGeneratePcm arm64 /Users/pc49-58/.codex/worktrees/cozy-02-integration/TacticalGo/ios/HeroBodyReleaseBuild/ModuleCache.noindex/_AvailabilityInternal-5YRDUZAGE4EWM548ZODXUXD9I.pcm

SwiftExplicitDependencyGeneratePcm x86_64 /Users/pc49-58/.codex/worktrees/cozy-02-integration/TacticalGo/ios/HeroBodyReleaseBuild/ModuleCache.noindex/_Builtin_limits-D0MXMWPAJJ8ISIC0TLZNGKW6S.pcm

SwiftExplicitDependencyGeneratePcm arm64 /Users/pc49-58/.codex/worktrees/cozy-02-integration/TacticalGo/ios/HeroBodyReleaseBuild/ModuleCache.noindex/GroupActivities-3X4OUCP4U6F0TE191G59AFJPJ.pcm

SwiftExplicitDependencyGeneratePcm arm64 /Users/pc49-58/.codex/worktrees/cozy-02-integration/TacticalGo/ios/HeroBodyReleaseBuild/ModuleCache.noindex/ptrauth-2NR6CU0TM7QGJNK8ZOAJM1DDE.pcm

SwiftExplicitDependencyGeneratePcm x86_64 /Users/pc49-58/.codex/worktrees/cozy-02-integration/TacticalGo/ios/HeroBodyReleaseBuild/ModuleCache.noindex/_DarwinFoundation2-3IDF6O28PIW9R7CUXTVCC6NJ9.pcm

SwiftExplicitDependencyGeneratePcm arm64 /Users/pc49-58/.codex/worktrees/cozy-02-integration/TacticalGo/ios/HeroBodyReleaseBuild/ModuleCache.noindex/_DarwinFoundation1-N93GZFKXI15MHZ8R29TH1SXT.pcm

SwiftExplicitDependencyGeneratePcm x86_64 /Users/pc49-58/.codex/worktrees/cozy-02-integration/TacticalGo/ios/HeroBodyReleaseBuild/ModuleCache.noindex/sys_types-BUM09FOTXKUWFEK1FJ23DARM0.pcm

SwiftExplicitDependencyGeneratePcm x86_64 /Users/pc49-58/.codex/worktrees/cozy-02-integration/TacticalGo/ios/HeroBodyReleaseBuild/ModuleCache.noindex/_Builtin_stdint-CMIVWIBG1HQV9KMC3JMUVBQJW.pcm

SwiftExplicitDependencyGeneratePcm x86_64 /Users/pc49-58/.codex/worktrees/cozy-02-integration/TacticalGo/ios/HeroBodyReleaseBuild/ModuleCache.noindex/_Builtin_tgmath-ATWIB345GKRAVMIL8IQ9ZZXNI.pcm

SwiftExplicitDependencyGeneratePcm arm64 /Users/pc49-58/.codex/worktrees/cozy-02-integration/TacticalGo/ios/HeroBodyReleaseBuild/ModuleCache.noindex/_Builtin_limits-7JN7W1RI2XSYFLK4DCOP3PCMX.pcm

SwiftExplicitDependencyGeneratePcm arm64 /Users/pc49-58/.codex/worktrees/cozy-02-integration/TacticalGo/ios/HeroBodyReleaseBuild/ModuleCache.noindex/_DarwinFoundation2-BAR6OAMCTTZGVKG64QWHXWZHB.pcm

SwiftExplicitDependencyGeneratePcm x86_64 /Users/pc49-58/.codex/worktrees/cozy-02-integration/TacticalGo/ios/HeroBodyReleaseBuild/ModuleCache.noindex/_DarwinFoundation3-7MCEY98DIQFEE6H1IYKWSYXUT.pcm

SwiftExplicitDependencyGeneratePcm x86_64 /Users/pc49-58/.codex/worktrees/cozy-02-integration/TacticalGo/ios/HeroBodyReleaseBuild/ModuleCache.noindex/_Builtin_stdatomic-42C4A5ERBMXDD5GIL4EM1W1H5.pcm

SwiftExplicitDependencyGeneratePcm arm64 /Users/pc49-58/.codex/worktrees/cozy-02-integration/TacticalGo/ios/HeroBodyReleaseBuild/ModuleCache.noindex/sys_types-C92BZ7CBWOK8RZ1C8CM5HRNR5.pcm

SwiftExplicitDependencyGeneratePcm arm64 /Users/pc49-58/.codex/worktrees/cozy-02-integration/TacticalGo/ios/HeroBodyReleaseBuild/ModuleCache.noindex/_Builtin_tgmath-4EWFM6DRRPX1F6X2CZQPUV6KE.pcm

SwiftExplicitDependencyGeneratePcm arm64 /Users/pc49-58/.codex/worktrees/cozy-02-integration/TacticalGo/ios/HeroBodyReleaseBuild/ModuleCache.noindex/_Builtin_stdint-5QWIFM6U06W07XZ6X8G4GHV8.pcm

SwiftExplicitDependencyGeneratePcm x86_64 /Users/pc49-58/.codex/worktrees/cozy-02-integration/TacticalGo/ios/HeroBodyReleaseBuild/ModuleCache.noindex/_Builtin_inttypes-B8VV7EE3C3QNQ23KRZJWSFQCO.pcm

SwiftExplicitDependencyGeneratePcm x86_64 /Users/pc49-58/.codex/worktrees/cozy-02-integration/TacticalGo/ios/HeroBodyReleaseBuild/ModuleCache.noindex/_Builtin_intrinsics-DO3X6HHW9R6UY42OCRL26EP3W.pcm

SwiftExplicitDependencyGeneratePcm arm64 /Users/pc49-58/.codex/worktrees/cozy-02-integration/TacticalGo/ios/HeroBodyReleaseBuild/ModuleCache.noindex/_DarwinFoundation3-7T98URCAAIXM9TL5JAKG26J04.pcm

SwiftExplicitDependencyGeneratePcm arm64 /Users/pc49-58/.codex/worktrees/cozy-02-integration/TacticalGo/ios/HeroBodyReleaseBuild/ModuleCache.noindex/_Builtin_stdatomic-A9FX6501H4KAY112OYMKPHC9I.pcm

SwiftExplicitDependencyGeneratePcm arm64 /Users/pc49-58/.codex/worktrees/cozy-02-integration/TacticalGo/ios/HeroBodyReleaseBuild/ModuleCache.noindex/_Builtin_intrinsics-5S6L7N7W1FCZNV9PN4MWZVGT.pcm

SwiftExplicitDependencyGeneratePcm x86_64 /Users/pc49-58/.codex/worktrees/cozy-02-integration/TacticalGo/ios/HeroBodyReleaseBuild/ModuleCache.noindex/Darwin-C978I8HHRRZNITB2JC8P7LY7L.pcm

SwiftExplicitDependencyGeneratePcm arm64 /Users/pc49-58/.codex/worktrees/cozy-02-integration/TacticalGo/ios/HeroBodyReleaseBuild/ModuleCache.noindex/_Builtin_inttypes-CRZM7OFC2UN3JZGW725NMVJ8R.pcm

SwiftExplicitDependencyGeneratePcm arm64 /Users/pc49-58/.codex/worktrees/cozy-02-integration/TacticalGo/ios/HeroBodyReleaseBuild/ModuleCache.noindex/Darwin-ERAQMHCJX41UXIVSFB2ZP2W2F.pcm

SwiftExplicitDependencyGeneratePcm arm64 /Users/pc49-58/.codex/worktrees/cozy-02-integration/TacticalGo/ios/HeroBodyReleaseBuild/ModuleCache.noindex/simd-7ULJ8WWJ2MHXY64I67J7C8RE.pcm

SwiftExplicitDependencyGeneratePcm x86_64 /Users/pc49-58/.codex/worktrees/cozy-02-integration/TacticalGo/ios/HeroBodyReleaseBuild/ModuleCache.noindex/MachO-8CRQBX8NYETQOGFX3FXMAW35.pcm

SwiftExplicitDependencyGeneratePcm x86_64 /Users/pc49-58/.codex/worktrees/cozy-02-integration/TacticalGo/ios/HeroBodyReleaseBuild/ModuleCache.noindex/ObjectiveC-62FBNSMJVHUUXTXPGRLQNB7D6.pcm

SwiftExplicitDependencyGeneratePcm x86_64 /Users/pc49-58/.codex/worktrees/cozy-02-integration/TacticalGo/ios/HeroBodyReleaseBuild/ModuleCache.noindex/simd-BFPA77SCN7167YIOI6XL2NO3.pcm

SwiftExplicitDependencyGeneratePcm x86_64 /Users/pc49-58/.codex/worktrees/cozy-02-integration/TacticalGo/ios/HeroBodyReleaseBuild/ModuleCache.noindex/os_object-2DP653MOUD7JJV419LPTNL9IT.pcm

SwiftExplicitDependencyGeneratePcm arm64 /Users/pc49-58/.codex/worktrees/cozy-02-integration/TacticalGo/ios/HeroBodyReleaseBuild/ModuleCache.noindex/MachO-8FK75FI0X6VH24OSLU6FXW1PV.pcm

SwiftExplicitDependencyGeneratePcm arm64 /Users/pc49-58/.codex/worktrees/cozy-02-integration/TacticalGo/ios/HeroBodyReleaseBuild/ModuleCache.noindex/ObjectiveC-95TB835DRK31WVB18H2T9GPC6.pcm

SwiftExplicitDependencyGeneratePcm x86_64 /Users/pc49-58/.codex/worktrees/cozy-02-integration/TacticalGo/ios/HeroBodyReleaseBuild/ModuleCache.noindex/os_workgroup-9MP4YVDAVOE9N157KYJBR9S1X.pcm

SwiftExplicitDependencyGeneratePcm x86_64 /Users/pc49-58/.codex/worktrees/cozy-02-integration/TacticalGo/ios/HeroBodyReleaseBuild/ModuleCache.noindex/Dispatch-AWLT21JKYI8F7HT1W9S3ME0V2.pcm

SwiftExplicitDependencyGeneratePcm arm64 /Users/pc49-58/.codex/worktrees/cozy-02-integration/TacticalGo/ios/HeroBodyReleaseBuild/ModuleCache.noindex/os_object-91U64OA07WPL618W8H7Q0CANG.pcm

SwiftExplicitDependencyGeneratePcm arm64 /Users/pc49-58/.codex/worktrees/cozy-02-integration/TacticalGo/ios/HeroBodyReleaseBuild/ModuleCache.noindex/os_workgroup-3YL6CBTN546MLT46ALHQO98NY.pcm

SwiftExplicitDependencyGeneratePcm x86_64 /Users/pc49-58/.codex/worktrees/cozy-02-integration/TacticalGo/ios/HeroBodyReleaseBuild/ModuleCache.noindex/dnssd-1MYNTN4F883JZ2MPOI2Y7EEUC.pcm

SwiftExplicitDependencyGeneratePcm x86_64 /Users/pc49-58/.codex/worktrees/cozy-02-integration/TacticalGo/ios/HeroBodyReleaseBuild/ModuleCache.noindex/XPC-18OZZAOZEHHJ0N2YI7YPP7IJ1.pcm

SwiftExplicitDependencyGeneratePcm x86_64 /Users/pc49-58/.codex/worktrees/cozy-02-integration/TacticalGo/ios/HeroBodyReleaseBuild/ModuleCache.noindex/CoreFoundation-7QIPRMTH3VSME142PVOIVLAR8.pcm

SwiftExplicitDependencyGeneratePcm arm64 /Users/pc49-58/.codex/worktrees/cozy-02-integration/TacticalGo/ios/HeroBodyReleaseBuild/ModuleCache.noindex/Dispatch-7QWP7O02FUH0L70XVOOAKM7WJ.pcm

SwiftExplicitDependencyGeneratePcm x86_64 /Users/pc49-58/.codex/worktrees/cozy-02-integration/TacticalGo/ios/HeroBodyReleaseBuild/ModuleCache.noindex/os-5GWIRVQPE6DDGAYSUEG3IWG6W.pcm

SwiftExplicitDependencyGeneratePcm arm64 /Users/pc49-58/.codex/worktrees/cozy-02-integration/TacticalGo/ios/HeroBodyReleaseBuild/ModuleCache.noindex/Spatial-AE709LLPXBC4RVUEMNNSI2BDD.pcm

SwiftExplicitDependencyGeneratePcm x86_64 /Users/pc49-58/.codex/worktrees/cozy-02-integration/TacticalGo/ios/HeroBodyReleaseBuild/ModuleCache.noindex/CoreAudioTypes-5HYOMJUM9NZ3YV05UA8G74MWI.pcm

SwiftExplicitDependencyGeneratePcm x86_64 /Users/pc49-58/.codex/worktrees/cozy-02-integration/TacticalGo/ios/HeroBodyReleaseBuild/ModuleCache.noindex/CFNetwork-1F05M0U2H5DOO60QDS5Y30CN.pcm

SwiftExplicitDependencyGeneratePcm x86_64 /Users/pc49-58/.codex/worktrees/cozy-02-integration/TacticalGo/ios/HeroBodyReleaseBuild/ModuleCache.noindex/Security-EXZGJI39AF7HHYFVOZ981YYCL.pcm

SwiftExplicitDependencyGeneratePcm x86_64 /Users/pc49-58/.codex/worktrees/cozy-02-integration/TacticalGo/ios/HeroBodyReleaseBuild/ModuleCache.noindex/CoreServices-5PE5AK752S40DIA7ZYRRTDXJE.pcm

SwiftExplicitDependencyGeneratePcm arm64 /Users/pc49-58/.codex/worktrees/cozy-02-integration/TacticalGo/ios/HeroBodyReleaseBuild/ModuleCache.noindex/CoreFoundation-8C72G5XF0EWAUK43MSL5B9MUF.pcm

SwiftExplicitDependencyGeneratePcm arm64 /Users/pc49-58/.codex/worktrees/cozy-02-integration/TacticalGo/ios/HeroBodyReleaseBuild/ModuleCache.noindex/dnssd-EZHNOEP3BYTY5LZ7SNTBC7JH9.pcm

SwiftExplicitDependencyGeneratePcm arm64 /Users/pc49-58/.codex/worktrees/cozy-02-integration/TacticalGo/ios/HeroBodyReleaseBuild/ModuleCache.noindex/XPC-CYXGU1BJ5RSGGF0SUAGBFIDRA.pcm

SwiftExplicitDependencyGeneratePcm x86_64 /Users/pc49-58/.codex/worktrees/cozy-02-integration/TacticalGo/ios/HeroBodyReleaseBuild/ModuleCache.noindex/CoreAudio-5H2RW23EXXW6XDIPBDBBAM6EB.pcm

SwiftExplicitDependencyGeneratePcm x86_64 /Users/pc49-58/.codex/worktrees/cozy-02-integration/TacticalGo/ios/HeroBodyReleaseBuild/ModuleCache.noindex/Spatial-7JOLBPH1HI52T7FM0W0JU99R7.pcm

SwiftExplicitDependencyGeneratePcm x86_64 /Users/pc49-58/.codex/worktrees/cozy-02-integration/TacticalGo/ios/HeroBodyReleaseBuild/ModuleCache.noindex/CoreGraphics-3O66KJMQ4610ZRNFIKFY9CT9D.pcm

SwiftExplicitDependencyGeneratePcm x86_64 /Users/pc49-58/.codex/worktrees/cozy-02-integration/TacticalGo/ios/HeroBodyReleaseBuild/ModuleCache.noindex/Foundation-AMPUIQYJO7E4RZ7NARHAQU2T1.pcm

SwiftExplicitDependencyGeneratePcm arm64 /Users/pc49-58/.codex/worktrees/cozy-02-integration/TacticalGo/ios/HeroBodyReleaseBuild/ModuleCache.noindex/os-9YJI4MAKMQKW7WZXTBTY7POTX.pcm

SwiftExplicitDependencyGeneratePcm arm64 /Users/pc49-58/.codex/worktrees/cozy-02-integration/TacticalGo/ios/HeroBodyReleaseBuild/ModuleCache.noindex/CFNetwork-89E95VY2NGUUIH6NVPBC4RG2P.pcm

SwiftExplicitDependencyGeneratePcm arm64 /Users/pc49-58/.codex/worktrees/cozy-02-integration/TacticalGo/ios/HeroBodyReleaseBuild/ModuleCache.noindex/Security-8A2ZSV73RYIJZ0YGF25SQ4H39.pcm

SwiftExplicitDependencyGeneratePcm arm64 /Users/pc49-58/.codex/worktrees/cozy-02-integration/TacticalGo/ios/HeroBodyReleaseBuild/ModuleCache.noindex/CoreAudioTypes-61O3LO87NVJBX9FV6SGD273F6.pcm

SwiftExplicitDependencyGeneratePcm arm64 /Users/pc49-58/.codex/worktrees/cozy-02-integration/TacticalGo/ios/HeroBodyReleaseBuild/ModuleCache.noindex/CoreServices-CY8BXWP3A7LKDEVKVLRZHA68P.pcm

SwiftExplicitDependencyGeneratePcm arm64 /Users/pc49-58/.codex/worktrees/cozy-02-integration/TacticalGo/ios/HeroBodyReleaseBuild/ModuleCache.noindex/CoreGraphics-4M1QBI3CD3WSQAL5E6IBQGS1X.pcm

SwiftExplicitDependencyGeneratePcm arm64 /Users/pc49-58/.codex/worktrees/cozy-02-integration/TacticalGo/ios/HeroBodyReleaseBuild/ModuleCache.noindex/CoreAudio-43R9LHOACBN5W7FZXREC5XX94.pcm

SwiftExplicitDependencyGeneratePcm x86_64 /Users/pc49-58/.codex/worktrees/cozy-02-integration/TacticalGo/ios/HeroBodyReleaseBuild/ModuleCache.noindex/ImageIO-7SIRP8CRPKKJ0454ILXIAEEIZ.pcm

SwiftExplicitDependencyGeneratePcm x86_64 /Users/pc49-58/.codex/worktrees/cozy-02-integration/TacticalGo/ios/HeroBodyReleaseBuild/ModuleCache.noindex/CoreText-2I1AMBHH0VF064DMIRE6NQN2B.pcm

SwiftExplicitDependencyGeneratePcm arm64 /Users/pc49-58/.codex/worktrees/cozy-02-integration/TacticalGo/ios/HeroBodyReleaseBuild/ModuleCache.noindex/Foundation-7FRV40H7FK8L6ZBL2VBAP8T50.pcm

SwiftExplicitDependencyGeneratePcm arm64 /Users/pc49-58/.codex/worktrees/cozy-02-integration/TacticalGo/ios/HeroBodyReleaseBuild/ModuleCache.noindex/CoreText-BUVPE3EBTPWFTGDX4YNM22QYP.pcm

SwiftExplicitDependencyGeneratePcm arm64 /Users/pc49-58/.codex/worktrees/cozy-02-integration/TacticalGo/ios/HeroBodyReleaseBuild/ModuleCache.noindex/ImageIO-50NJ6FVQ507Y27U4YREI7LAA3.pcm

SwiftExplicitDependencyGeneratePcm x86_64 /Users/pc49-58/.codex/worktrees/cozy-02-integration/TacticalGo/ios/HeroBodyReleaseBuild/ModuleCache.noindex/Network-2T0Y6WLAU9H13VC9BZK3NLT18.pcm

SwiftExplicitDependencyGeneratePcm x86_64 /Users/pc49-58/.codex/worktrees/cozy-02-integration/TacticalGo/ios/HeroBodyReleaseBuild/ModuleCache.noindex/Symbols-42LPA23K34ONJMIKI8BP33IBG.pcm

SwiftExplicitDependencyGeneratePcm x86_64 /Users/pc49-58/.codex/worktrees/cozy-02-integration/TacticalGo/ios/HeroBodyReleaseBuild/ModuleCache.noindex/CoreTransferable-6TPCYXJBOZ4MYAWOKTP9JHJOE.pcm

SwiftExplicitDependencyGeneratePcm x86_64 /Users/pc49-58/.codex/worktrees/cozy-02-integration/TacticalGo/ios/HeroBodyReleaseBuild/ModuleCache.noindex/UIUtilities-12AKHKQ32QDQKXNNKPSYWETSF.pcm

SwiftExplicitDependencyGeneratePcm x86_64 /Users/pc49-58/.codex/worktrees/cozy-02-integration/TacticalGo/ios/HeroBodyReleaseBuild/ModuleCache.noindex/Accessibility-86EW73OD7I12RA6WHFZM0XY83.pcm

SwiftExplicitDependencyGeneratePcm x86_64 /Users/pc49-58/.codex/worktrees/cozy-02-integration/TacticalGo/ios/HeroBodyReleaseBuild/ModuleCache.noindex/UniformTypeIdentifiers-E76EWRQH9PRPCH8KVO9BBIMWS.pcm

SwiftExplicitDependencyGeneratePcm x86_64 /Users/pc49-58/.codex/worktrees/cozy-02-integration/TacticalGo/ios/HeroBodyReleaseBuild/ModuleCache.noindex/LocalAuthentication-E8P1EOZQPDAKOLHP7MHMAMQVU.pcm

SwiftExplicitDependencyGeneratePcm x86_64 /Users/pc49-58/.codex/worktrees/cozy-02-integration/TacticalGo/ios/HeroBodyReleaseBuild/ModuleCache.noindex/UserNotifications-5GCEQUQVE5XISIVNCIQ2OQHS7.pcm

SwiftExplicitDependencyGeneratePcm x86_64 /Users/pc49-58/.codex/worktrees/cozy-02-integration/TacticalGo/ios/HeroBodyReleaseBuild/ModuleCache.noindex/ModelIO-1QB9JSM2KM887XCCBM73VB92R.pcm

SwiftExplicitDependencyGeneratePcm x86_64 /Users/pc49-58/.codex/worktrees/cozy-02-integration/TacticalGo/ios/HeroBodyReleaseBuild/ModuleCache.noindex/OSLog-VNAZX6JUXAMPCD7SNZMF7RQ3.pcm

SwiftExplicitDependencyGeneratePcm x86_64 /Users/pc49-58/.codex/worktrees/cozy-02-integration/TacticalGo/ios/HeroBodyReleaseBuild/ModuleCache.noindex/_LocationEssentials-14P3TRG7VPBNX68YV3XHJ9PB2.pcm

SwiftExplicitDependencyGeneratePcm x86_64 /Users/pc49-58/.codex/worktrees/cozy-02-integration/TacticalGo/ios/HeroBodyReleaseBuild/ModuleCache.noindex/CoreMIDI-EGEE42QM3S3WKQFF8N3XDPGXZ.pcm

SwiftExplicitDependencyGeneratePcm x86_64 /Users/pc49-58/.codex/worktrees/cozy-02-integration/TacticalGo/ios/HeroBodyReleaseBuild/ModuleCache.noindex/DataDetection-D5PF3B9OEAHT5HDEIUAMY5S78.pcm

SwiftExplicitDependencyGeneratePcm x86_64 /Users/pc49-58/.codex/worktrees/cozy-02-integration/TacticalGo/ios/HeroBodyReleaseBuild/ModuleCache.noindex/FileProvider-8LN5P77FFD883WEHI4644HF4S.pcm

SwiftExplicitDependencyGeneratePcm x86_64 /Users/pc49-58/.codex/worktrees/cozy-02-integration/TacticalGo/ios/HeroBodyReleaseBuild/ModuleCache.noindex/AVRouting-7ZMYOQY08KXXZWT39P8343OM8.pcm

SwiftExplicitDependencyGeneratePcm x86_64 /Users/pc49-58/.codex/worktrees/cozy-02-integration/TacticalGo/ios/HeroBodyReleaseBuild/ModuleCache.noindex/CoreData-57AUYGZ0E7RT56LSWFJ4ZVTAB.pcm

SwiftExplicitDependencyGeneratePcm x86_64 /Users/pc49-58/.codex/worktrees/cozy-02-integration/TacticalGo/ios/HeroBodyReleaseBuild/ModuleCache.noindex/CoreLocation-927OALBYM7AFS9EN7Z5YKKAE.pcm

SwiftExplicitDependencyGeneratePcm x86_64 /Users/pc49-58/.codex/worktrees/cozy-02-integration/TacticalGo/ios/HeroBodyReleaseBuild/ModuleCache.noindex/IOSurface-4AA4KSO41DJVXJUDJCJVSIKCC.pcm

SwiftExplicitDependencyGeneratePcm x86_64 /Users/pc49-58/.codex/worktrees/cozy-02-integration/TacticalGo/ios/HeroBodyReleaseBuild/ModuleCache.noindex/OpenGLES-A0I374I51RQ094NCWQT8A0ROQ.pcm

SwiftExplicitDependencyGeneratePcm arm64 /Users/pc49-58/.codex/worktrees/cozy-02-integration/TacticalGo/ios/HeroBodyReleaseBuild/ModuleCache.noindex/CoreTransferable-CBEW03L28T1KYEDBZYZXW9KUP.pcm

SwiftExplicitDependencyGeneratePcm arm64 /Users/pc49-58/.codex/worktrees/cozy-02-integration/TacticalGo/ios/HeroBodyReleaseBuild/ModuleCache.noindex/FileProvider-8JSKBA7FNZ08QTVY7RLRTSQSV.pcm

SwiftExplicitDependencyGeneratePcm arm64 /Users/pc49-58/.codex/worktrees/cozy-02-integration/TacticalGo/ios/HeroBodyReleaseBuild/ModuleCache.noindex/UniformTypeIdentifiers-P75V8A787PWC7MV01US9W305.pcm

SwiftExplicitDependencyGeneratePcm arm64 /Users/pc49-58/.codex/worktrees/cozy-02-integration/TacticalGo/ios/HeroBodyReleaseBuild/ModuleCache.noindex/DataDetection-1GXWTS8JDUOA0S5RZA5ZVO8XC.pcm

SwiftExplicitDependencyGeneratePcm arm64 /Users/pc49-58/.codex/worktrees/cozy-02-integration/TacticalGo/ios/HeroBodyReleaseBuild/ModuleCache.noindex/_LocationEssentials-63HHP8BXI6HJJPJMPLG7U3MUR.pcm

SwiftExplicitDependencyGeneratePcm x86_64 /Users/pc49-58/.codex/worktrees/cozy-02-integration/TacticalGo/ios/HeroBodyReleaseBuild/ModuleCache.noindex/CoreMotion-6Z7TM5UXXV5O7SQNGQC0ZVVA7.pcm

SwiftExplicitDependencyGeneratePcm arm64 /Users/pc49-58/.codex/worktrees/cozy-02-integration/TacticalGo/ios/HeroBodyReleaseBuild/ModuleCache.noindex/Network-LNKIZ3LSEHU3HO9LW9QEIH7V.pcm

SwiftExplicitDependencyGeneratePcm x86_64 /Users/pc49-58/.codex/worktrees/cozy-02-integration/TacticalGo/ios/HeroBodyReleaseBuild/ModuleCache.noindex/Metal-9AK9I5QUSHDG2BBAJPEG9381M.pcm

SwiftExplicitDependencyGeneratePcm arm64 /Users/pc49-58/.codex/worktrees/cozy-02-integration/TacticalGo/ios/HeroBodyReleaseBuild/ModuleCache.noindex/OpenGLES-27553JDDNHIGC1XET012VSXZJ.pcm

SwiftExplicitDependencyGeneratePcm arm64 /Users/pc49-58/.codex/worktrees/cozy-02-integration/TacticalGo/ios/HeroBodyReleaseBuild/ModuleCache.noindex/CoreMIDI-3P7ZVUWRS9TI2544SZJ1V5D91.pcm

SwiftExplicitDependencyGeneratePcm arm64 /Users/pc49-58/.codex/worktrees/cozy-02-integration/TacticalGo/ios/HeroBodyReleaseBuild/ModuleCache.noindex/UserNotifications-D7O1JEMJ95RCOEHQMPZ52SP82.pcm

SwiftExplicitDependencyGeneratePcm arm64 /Users/pc49-58/.codex/worktrees/cozy-02-integration/TacticalGo/ios/HeroBodyReleaseBuild/ModuleCache.noindex/UIUtilities-7ZOTZRHTKTRF6359K8D9VTT2D.pcm

SwiftExplicitDependencyGeneratePcm arm64 /Users/pc49-58/.codex/worktrees/cozy-02-integration/TacticalGo/ios/HeroBodyReleaseBuild/ModuleCache.noindex/CoreLocation-D52VU8ON3M248OFR5ACKWP55W.pcm

SwiftExplicitDependencyGeneratePcm arm64 /Users/pc49-58/.codex/worktrees/cozy-02-integration/TacticalGo/ios/HeroBodyReleaseBuild/ModuleCache.noindex/IOSurface-YTOA27EFGV5E0JH3OK5S86H0.pcm

SwiftExplicitDependencyGeneratePcm arm64 /Users/pc49-58/.codex/worktrees/cozy-02-integration/TacticalGo/ios/HeroBodyReleaseBuild/ModuleCache.noindex/AVRouting-L5TVH3OW8D08UYXBFR1U9HO5.pcm

SwiftExplicitDependencyGeneratePcm arm64 /Users/pc49-58/.codex/worktrees/cozy-02-integration/TacticalGo/ios/HeroBodyReleaseBuild/ModuleCache.noindex/CoreData-3KLWIDAQ4Z3V07PN0XBDHI4XB.pcm

SwiftExplicitDependencyGeneratePcm arm64 /Users/pc49-58/.codex/worktrees/cozy-02-integration/TacticalGo/ios/HeroBodyReleaseBuild/ModuleCache.noindex/ModelIO-6UNO0XB9VJJ4XWE0213HXPSQC.pcm

SwiftExplicitDependencyGeneratePcm arm64 /Users/pc49-58/.codex/worktrees/cozy-02-integration/TacticalGo/ios/HeroBodyReleaseBuild/ModuleCache.noindex/AudioToolbox-AY893SL97HKYN6IROC8KH7Y2X.pcm

SwiftExplicitDependencyGeneratePcm arm64 /Users/pc49-58/.codex/worktrees/cozy-02-integration/TacticalGo/ios/HeroBodyReleaseBuild/ModuleCache.noindex/LocalAuthentication-5E9B2V9GCVIFVIFW1L9APXX08.pcm

SwiftExplicitDependencyGeneratePcm arm64 /Users/pc49-58/.codex/worktrees/cozy-02-integration/TacticalGo/ios/HeroBodyReleaseBuild/ModuleCache.noindex/CloudKit-8OD3XIOAD0UBQWPZDE6IDBA6G.pcm

SwiftExplicitDependencyGeneratePcm arm64 /Users/pc49-58/.codex/worktrees/cozy-02-integration/TacticalGo/ios/HeroBodyReleaseBuild/ModuleCache.noindex/Metal-31RBI2F0MHKS6CRJA0RPW6Y3G.pcm

SwiftExplicitDependencyGeneratePcm arm64 /Users/pc49-58/.codex/worktrees/cozy-02-integration/TacticalGo/ios/HeroBodyReleaseBuild/ModuleCache.noindex/CoreMotion-7QSIU4X9SVW3X53E50DEQW6ZS.pcm

SwiftExplicitDependencyGeneratePcm x86_64 /Users/pc49-58/.codex/worktrees/cozy-02-integration/TacticalGo/ios/HeroBodyReleaseBuild/ModuleCache.noindex/CoreVideo-8SD28L4F9Q836MJBZL27YP292.pcm

SwiftExplicitDependencyGeneratePcm arm64 /Users/pc49-58/.codex/worktrees/cozy-02-integration/TacticalGo/ios/HeroBodyReleaseBuild/ModuleCache.noindex/Accessibility-4AJV5S46ZQSHD0ZWX7HX1OGS7.pcm

SwiftExplicitDependencyGeneratePcm x86_64 /Users/pc49-58/.codex/worktrees/cozy-02-integration/TacticalGo/ios/HeroBodyReleaseBuild/ModuleCache.noindex/CloudKit-68RH3CD3YVJLGS2LYYH34TZFD.pcm

SwiftExplicitDependencyGeneratePcm arm64 /Users/pc49-58/.codex/worktrees/cozy-02-integration/TacticalGo/ios/HeroBodyReleaseBuild/ModuleCache.noindex/Symbols-NOYRXWI5JDY1MVA4ELEVKRYV.pcm

SwiftExplicitDependencyGeneratePcm x86_64 /Users/pc49-58/.codex/worktrees/cozy-02-integration/TacticalGo/ios/HeroBodyReleaseBuild/ModuleCache.noindex/AudioToolbox-BWS3QAKHWC915RM69XL9FNXH7.pcm

SwiftExplicitDependencyGeneratePcm arm64 /Users/pc49-58/.codex/worktrees/cozy-02-integration/TacticalGo/ios/HeroBodyReleaseBuild/ModuleCache.noindex/OSLog-E3OII4H1576DUQO6RY4E59GR2.pcm

SwiftExplicitDependencyGeneratePcm x86_64 /Users/pc49-58/.codex/worktrees/cozy-02-integration/TacticalGo/ios/HeroBodyReleaseBuild/ModuleCache.noindex/Accelerate-8FXMMH11TRX7XBJ4W2KXAJRPH.pcm

SwiftExplicitDependencyGeneratePcm x86_64 /Users/pc49-58/.codex/worktrees/cozy-02-integration/TacticalGo/ios/HeroBodyReleaseBuild/ModuleCache.noindex/CoreImage-5AM4DTF8NZPWP0G78CEIGR0L9.pcm

SwiftExplicitDependencyGeneratePcm x86_64 /Users/pc49-58/.codex/worktrees/cozy-02-integration/TacticalGo/ios/HeroBodyReleaseBuild/ModuleCache.noindex/CoreMedia-C7YFB3QFPFLEBY80L3YFWR1XP.pcm

SwiftExplicitDependencyGeneratePcm x86_64 /Users/pc49-58/.codex/worktrees/cozy-02-integration/TacticalGo/ios/HeroBodyReleaseBuild/ModuleCache.noindex/CoreML-CCEOR6S93EY8EKGL8YUHSW6C2.pcm

SwiftExplicitDependencyGeneratePcm x86_64 /Users/pc49-58/.codex/worktrees/cozy-02-integration/TacticalGo/ios/HeroBodyReleaseBuild/ModuleCache.noindex/QuartzCore-E2FPGT1E9T4JH7PL8UBPCAA63.pcm

SwiftExplicitDependencyGeneratePcm arm64 /Users/pc49-58/.codex/worktrees/cozy-02-integration/TacticalGo/ios/HeroBodyReleaseBuild/ModuleCache.noindex/CoreVideo-8TQKQWFFFYVP6JMBHNQQHSPCT.pcm

SwiftExplicitDependencyGeneratePcm arm64 /Users/pc49-58/.codex/worktrees/cozy-02-integration/TacticalGo/ios/HeroBodyReleaseBuild/ModuleCache.noindex/CoreMedia-8AJKUZHA0IGOHQKRJR5W1VXIB.pcm

SwiftExplicitDependencyGeneratePcm arm64 /Users/pc49-58/.codex/worktrees/cozy-02-integration/TacticalGo/ios/HeroBodyReleaseBuild/ModuleCache.noindex/CoreImage-8TH7U5FKLXO22P4F52BUX3TYO.pcm

SwiftExplicitDependencyGeneratePcm arm64 /Users/pc49-58/.codex/worktrees/cozy-02-integration/TacticalGo/ios/HeroBodyReleaseBuild/ModuleCache.noindex/CoreML-2ZBKUA88C0YA01HJR433VJ3WI.pcm

SwiftExplicitDependencyGeneratePcm arm64 /Users/pc49-58/.codex/worktrees/cozy-02-integration/TacticalGo/ios/HeroBodyReleaseBuild/ModuleCache.noindex/QuartzCore-A6ERHID5ZZDKHDK04I40IHGEN.pcm

SwiftExplicitDependencyGeneratePcm x86_64 /Users/pc49-58/.codex/worktrees/cozy-02-integration/TacticalGo/ios/HeroBodyReleaseBuild/ModuleCache.noindex/SwiftUICore-3ESPJ9XQDZ813G4RTQLABPHR1.pcm

SwiftExplicitDependencyGeneratePcm x86_64 /Users/pc49-58/.codex/worktrees/cozy-02-integration/TacticalGo/ios/HeroBodyReleaseBuild/ModuleCache.noindex/UIKit-A8VAPFGD297YR9O9ODJM7J37U.pcm

SwiftExplicitDependencyGeneratePcm x86_64 /Users/pc49-58/.codex/worktrees/cozy-02-integration/TacticalGo/ios/HeroBodyReleaseBuild/ModuleCache.noindex/AVFAudio-EWE5J7K5MMBLDNNYBGDO3U0AG.pcm

SwiftExplicitDependencyGeneratePcm x86_64 /Users/pc49-58/.codex/worktrees/cozy-02-integration/TacticalGo/ios/HeroBodyReleaseBuild/ModuleCache.noindex/MediaToolbox-3ERN26ZAL8TOKAHTX2DL2J40A.pcm

SwiftExplicitDependencyGeneratePcm x86_64 /Users/pc49-58/.codex/worktrees/cozy-02-integration/TacticalGo/ios/HeroBodyReleaseBuild/ModuleCache.noindex/Vision-DJ03G4PG6XX6GVC9DES4V8L4Y.pcm

SwiftExplicitDependencyGeneratePcm arm64 /Users/pc49-58/.codex/worktrees/cozy-02-integration/TacticalGo/ios/HeroBodyReleaseBuild/ModuleCache.noindex/SwiftUICore-BZGIQPJDRY7QO5YHKSAT40Y6D.pcm

SwiftExplicitDependencyGeneratePcm arm64 /Users/pc49-58/.codex/worktrees/cozy-02-integration/TacticalGo/ios/HeroBodyReleaseBuild/ModuleCache.noindex/Vision-5PASLF52VA7Q0T2J1KEPC645F.pcm

SwiftExplicitDependencyGeneratePcm arm64 /Users/pc49-58/.codex/worktrees/cozy-02-integration/TacticalGo/ios/HeroBodyReleaseBuild/ModuleCache.noindex/AVFAudio-12I12YOXNQ8FCX5YL4AAF9E8T.pcm

SwiftExplicitDependencyGeneratePcm arm64 /Users/pc49-58/.codex/worktrees/cozy-02-integration/TacticalGo/ios/HeroBodyReleaseBuild/ModuleCache.noindex/UIKit-3P702EB46FUBXI8OSR1EH0V5M.pcm

SwiftExplicitDependencyGeneratePcm arm64 /Users/pc49-58/.codex/worktrees/cozy-02-integration/TacticalGo/ios/HeroBodyReleaseBuild/ModuleCache.noindex/MediaToolbox-4ZK2EU3YW7HNYRTCK8ZX3BY0C.pcm

SwiftExplicitDependencyGeneratePcm arm64 /Users/pc49-58/.codex/worktrees/cozy-02-integration/TacticalGo/ios/HeroBodyReleaseBuild/ModuleCache.noindex/Accelerate-83EIBSNPYB30W51APZTQ7DB6H.pcm

SwiftExplicitDependencyGeneratePcm x86_64 /Users/pc49-58/.codex/worktrees/cozy-02-integration/TacticalGo/ios/HeroBodyReleaseBuild/ModuleCache.noindex/AVFoundation-1VELP9MO28W8ZMQ5LSFHLG65V.pcm

SwiftExplicitDependencyGeneratePcm arm64 /Users/pc49-58/.codex/worktrees/cozy-02-integration/TacticalGo/ios/HeroBodyReleaseBuild/ModuleCache.noindex/AVFoundation-6MHBY3OHH56MN7M5MJ7E8ZXZ0.pcm

SwiftExplicitDependencyGeneratePcm x86_64 /Users/pc49-58/.codex/worktrees/cozy-02-integration/TacticalGo/ios/HeroBodyReleaseBuild/ModuleCache.noindex/GLKit-A7SWZ6C1INKKYX830VU4OZKK2.pcm

SwiftExplicitDependencyGeneratePcm x86_64 /Users/pc49-58/.codex/worktrees/cozy-02-integration/TacticalGo/ios/HeroBodyReleaseBuild/ModuleCache.noindex/MultipeerConnectivity-3LPTAPPDTDDRUDOREY3SD8A9M.pcm

SwiftExplicitDependencyGeneratePcm x86_64 /Users/pc49-58/.codex/worktrees/cozy-02-integration/TacticalGo/ios/HeroBodyReleaseBuild/ModuleCache.noindex/SwiftUI-BWQS6AZJ5B0VRCE497ZOLOV6E.pcm

SwiftExplicitDependencyGeneratePcm x86_64 /Users/pc49-58/.codex/worktrees/cozy-02-integration/TacticalGo/ios/HeroBodyReleaseBuild/ModuleCache.noindex/GameController-EC90L4XJLB42SHFLPUMUEVXIO.pcm

SwiftExplicitDependencyGeneratePcm x86_64 /Users/pc49-58/.codex/worktrees/cozy-02-integration/TacticalGo/ios/HeroBodyReleaseBuild/ModuleCache.noindex/SceneKit-1BQEX5L0DFRHF43CY3AKRFMMD.pcm

SwiftExplicitDependencyGeneratePcm x86_64 /Users/pc49-58/.codex/worktrees/cozy-02-integration/TacticalGo/ios/HeroBodyReleaseBuild/ModuleCache.noindex/SpriteKit-DDLMNZ3SZDMYYI2J3MAUY2CZF.pcm

SwiftExplicitDependencyGeneratePcm arm64 /Users/pc49-58/.codex/worktrees/cozy-02-integration/TacticalGo/ios/HeroBodyReleaseBuild/ModuleCache.noindex/SwiftUI-8WUUQTMH76B9ZSXISBFNTIS0E.pcm

SwiftExplicitDependencyGeneratePcm arm64 /Users/pc49-58/.codex/worktrees/cozy-02-integration/TacticalGo/ios/HeroBodyReleaseBuild/ModuleCache.noindex/MultipeerConnectivity-2IWWS3CDSNO6X7G8GL7Z18BP1.pcm

SwiftExplicitDependencyGeneratePcm arm64 /Users/pc49-58/.codex/worktrees/cozy-02-integration/TacticalGo/ios/HeroBodyReleaseBuild/ModuleCache.noindex/GLKit-B7GQ2SXF68CA67L4RMV536XZE.pcm

SwiftExplicitDependencyGeneratePcm arm64 /Users/pc49-58/.codex/worktrees/cozy-02-integration/TacticalGo/ios/HeroBodyReleaseBuild/ModuleCache.noindex/GameController-57DYNPW59AOC5IOF1MS07PWIJ.pcm

SwiftExplicitDependencyGeneratePcm x86_64 /Users/pc49-58/.codex/worktrees/cozy-02-integration/TacticalGo/ios/HeroBodyReleaseBuild/ModuleCache.noindex/ARKit-3RSVA0RC5B194X898FO3V1DDT.pcm

SwiftExplicitDependencyGeneratePcm arm64 /Users/pc49-58/.codex/worktrees/cozy-02-integration/TacticalGo/ios/HeroBodyReleaseBuild/ModuleCache.noindex/SpriteKit-6DENTMJV1ER8RZRSRKTSMB47K.pcm

SwiftExplicitDependencyGeneratePcm arm64 /Users/pc49-58/.codex/worktrees/cozy-02-integration/TacticalGo/ios/HeroBodyReleaseBuild/ModuleCache.noindex/SceneKit-D4W91QPA2TF1JELTUYNFSUA5T.pcm

SwiftCompile normal x86_64 Compiling\ CombatAudio.swift,\ GameVisualAssets.swift,\ PlayableGameView.swift,\ TacticalGoApp.swift /Users/pc49-58/.codex/worktrees/cozy-02-integration/TacticalGo/ios/TacticalGo/CombatAudio.swift /Users/pc49-58/.codex/worktrees/cozy-02-integration/TacticalGo/ios/TacticalGo/GameVisualAssets.swift /Users/pc49-58/.codex/worktrees/cozy-02-integration/TacticalGo/ios/TacticalGo/PlayableGameView.swift /Users/pc49-58/.codex/worktrees/cozy-02-integration/TacticalGo/ios/TacticalGo/TacticalGoApp.swift (in target 'TacticalGo' from project 'TacticalGo')
SwiftCompile normal x86_64 /Users/pc49-58/.codex/worktrees/cozy-02-integration/TacticalGo/ios/TacticalGo/CombatAudio.swift (in target 'TacticalGo' from project 'TacticalGo')
    cd /Users/pc49-58/.codex/worktrees/cozy-02-integration/TacticalGo/ios


SwiftCompile normal x86_64 /Users/pc49-58/.codex/worktrees/cozy-02-integration/TacticalGo/ios/TacticalGo/GameVisualAssets.swift (in target 'TacticalGo' from project 'TacticalGo')
    cd /Users/pc49-58/.codex/worktrees/cozy-02-integration/TacticalGo/ios


SwiftCompile normal x86_64 /Users/pc49-58/.codex/worktrees/cozy-02-integration/TacticalGo/ios/TacticalGo/PlayableGameView.swift (in target 'TacticalGo' from project 'TacticalGo')
    cd /Users/pc49-58/.codex/worktrees/cozy-02-integration/TacticalGo/ios


SwiftCompile normal x86_64 /Users/pc49-58/.codex/worktrees/cozy-02-integration/TacticalGo/ios/TacticalGo/TacticalGoApp.swift (in target 'TacticalGo' from project 'TacticalGo')
    cd /Users/pc49-58/.codex/worktrees/cozy-02-integration/TacticalGo/ios


SwiftEmitModule normal x86_64 Emitting\ module\ for\ TacticalGo (in target 'TacticalGo' from project 'TacticalGo')

EmitSwiftModule normal x86_64 (in target 'TacticalGo' from project 'TacticalGo')
    cd /Users/pc49-58/.codex/worktrees/cozy-02-integration/TacticalGo/ios


SwiftCompile normal x86_64 Compiling\ BoardPlayback.swift,\ ModelMotion.swift,\ AnimationGallery.swift,\ ModelExport.swift /Users/pc49-58/.codex/worktrees/cozy-02-integration/TacticalGo/ios/TacticalGo/BoardPlayback.swift /Users/pc49-58/.codex/worktrees/cozy-02-integration/TacticalGo/ios/TacticalGo/ModelMotion.swift /Users/pc49-58/.codex/worktrees/cozy-02-integration/TacticalGo/ios/TacticalGo/AnimationGallery.swift /Users/pc49-58/.codex/worktrees/cozy-02-integration/TacticalGo/ios/TacticalGo/ModelExport.swift (in target 'TacticalGo' from project 'TacticalGo')

SwiftCompile normal x86_64 /Users/pc49-58/.codex/worktrees/cozy-02-integration/TacticalGo/ios/TacticalGo/BoardPlayback.swift (in target 'TacticalGo' from project 'TacticalGo')
    cd /Users/pc49-58/.codex/worktrees/cozy-02-integration/TacticalGo/ios


SwiftCompile normal x86_64 /Users/pc49-58/.codex/worktrees/cozy-02-integration/TacticalGo/ios/TacticalGo/ModelMotion.swift (in target 'TacticalGo' from project 'TacticalGo')
    cd /Users/pc49-58/.codex/worktrees/cozy-02-integration/TacticalGo/ios


SwiftCompile normal x86_64 /Users/pc49-58/.codex/worktrees/cozy-02-integration/TacticalGo/ios/TacticalGo/AnimationGallery.swift (in target 'TacticalGo' from project 'TacticalGo')
    cd /Users/pc49-58/.codex/worktrees/cozy-02-integration/TacticalGo/ios


SwiftCompile normal x86_64 /Users/pc49-58/.codex/worktrees/cozy-02-integration/TacticalGo/ios/TacticalGo/ModelExport.swift (in target 'TacticalGo' from project 'TacticalGo')
    cd /Users/pc49-58/.codex/worktrees/cozy-02-integration/TacticalGo/ios


SwiftCompile normal x86_64 Compiling\ ModelEffects.swift,\ MatchGallery.swift,\ GeneratedAssetSymbols.swift /Users/pc49-58/.codex/worktrees/cozy-02-integration/TacticalGo/ios/TacticalGo/ModelEffects.swift /Users/pc49-58/.codex/worktrees/cozy-02-integration/TacticalGo/ios/TacticalGo/MatchGallery.swift /Users/pc49-58/.codex/worktrees/cozy-02-integration/TacticalGo/ios/Build/Intermediates.noindex/TacticalGo.build/Release-iphonesimulator/TacticalGo.build/DerivedSources/GeneratedAssetSymbols.swift (in target 'TacticalGo' from project 'TacticalGo')

SwiftCompile normal x86_64 /Users/pc49-58/.codex/worktrees/cozy-02-integration/TacticalGo/ios/TacticalGo/ModelEffects.swift (in target 'TacticalGo' from project 'TacticalGo')
    cd /Users/pc49-58/.codex/worktrees/cozy-02-integration/TacticalGo/ios


SwiftCompile normal x86_64 /Users/pc49-58/.codex/worktrees/cozy-02-integration/TacticalGo/ios/TacticalGo/MatchGallery.swift (in target 'TacticalGo' from project 'TacticalGo')
    cd /Users/pc49-58/.codex/worktrees/cozy-02-integration/TacticalGo/ios


SwiftCompile normal x86_64 /Users/pc49-58/.codex/worktrees/cozy-02-integration/TacticalGo/ios/Build/Intermediates.noindex/TacticalGo.build/Release-iphonesimulator/TacticalGo.build/DerivedSources/GeneratedAssetSymbols.swift (in target 'TacticalGo' from project 'TacticalGo')
    cd /Users/pc49-58/.codex/worktrees/cozy-02-integration/TacticalGo/ios


SwiftCompile normal x86_64 Compiling\ OnboardingView.swift,\ R2LabView.swift,\ RecordLibraryView.swift,\ IntegratedAudioAudit.swift /Users/pc49-58/.codex/worktrees/cozy-02-integration/TacticalGo/ios/TacticalGo/OnboardingView.swift /Users/pc49-58/.codex/worktrees/cozy-02-integration/TacticalGo/ios/TacticalGo/R2LabView.swift /Users/pc49-58/.codex/worktrees/cozy-02-integration/TacticalGo/ios/TacticalGo/RecordLibraryView.swift /Users/pc49-58/.codex/worktrees/cozy-02-integration/TacticalGo/ios/TacticalGo/IntegratedAudioAudit.swift (in target 'TacticalGo' from project 'TacticalGo')

SwiftCompile normal x86_64 /Users/pc49-58/.codex/worktrees/cozy-02-integration/TacticalGo/ios/TacticalGo/OnboardingView.swift (in target 'TacticalGo' from project 'TacticalGo')
    cd /Users/pc49-58/.codex/worktrees/cozy-02-integration/TacticalGo/ios


SwiftCompile normal x86_64 /Users/pc49-58/.codex/worktrees/cozy-02-integration/TacticalGo/ios/TacticalGo/R2LabView.swift (in target 'TacticalGo' from project 'TacticalGo')
    cd /Users/pc49-58/.codex/worktrees/cozy-02-integration/TacticalGo/ios


SwiftCompile normal x86_64 /Users/pc49-58/.codex/worktrees/cozy-02-integration/TacticalGo/ios/TacticalGo/RecordLibraryView.swift (in target 'TacticalGo' from project 'TacticalGo')
    cd /Users/pc49-58/.codex/worktrees/cozy-02-integration/TacticalGo/ios


SwiftCompile normal x86_64 /Users/pc49-58/.codex/worktrees/cozy-02-integration/TacticalGo/ios/TacticalGo/IntegratedAudioAudit.swift (in target 'TacticalGo' from project 'TacticalGo')
    cd /Users/pc49-58/.codex/worktrees/cozy-02-integration/TacticalGo/ios


SwiftCompile normal x86_64 Compiling\ ModelGeometry.swift,\ ModelLibrary.swift,\ ModelArena.swift,\ ModelCamera.swift /Users/pc49-58/.codex/worktrees/cozy-02-integration/TacticalGo/ios/TacticalGo/ModelGeometry.swift /Users/pc49-58/.codex/worktrees/cozy-02-integration/TacticalGo/ios/TacticalGo/ModelLibrary.swift /Users/pc49-58/.codex/worktrees/cozy-02-integration/TacticalGo/ios/TacticalGo/ModelArena.swift /Users/pc49-58/.codex/worktrees/cozy-02-integration/TacticalGo/ios/TacticalGo/ModelCamera.swift (in target 'TacticalGo' from project 'TacticalGo')

SwiftCompile normal x86_64 /Users/pc49-58/.codex/worktrees/cozy-02-integration/TacticalGo/ios/TacticalGo/ModelGeometry.swift (in target 'TacticalGo' from project 'TacticalGo')
    cd /Users/pc49-58/.codex/worktrees/cozy-02-integration/TacticalGo/ios


SwiftCompile normal x86_64 /Users/pc49-58/.codex/worktrees/cozy-02-integration/TacticalGo/ios/TacticalGo/ModelLibrary.swift (in target 'TacticalGo' from project 'TacticalGo')
    cd /Users/pc49-58/.codex/worktrees/cozy-02-integration/TacticalGo/ios


SwiftCompile normal x86_64 /Users/pc49-58/.codex/worktrees/cozy-02-integration/TacticalGo/ios/TacticalGo/ModelArena.swift (in target 'TacticalGo' from project 'TacticalGo')
    cd /Users/pc49-58/.codex/worktrees/cozy-02-integration/TacticalGo/ios


SwiftCompile normal x86_64 /Users/pc49-58/.codex/worktrees/cozy-02-integration/TacticalGo/ios/TacticalGo/ModelCamera.swift (in target 'TacticalGo' from project 'TacticalGo')
    cd /Users/pc49-58/.codex/worktrees/cozy-02-integration/TacticalGo/ios


SwiftCompile normal x86_64 Compiling\ CozyAudit.swift,\ CozyStyle.swift,\ CozyBoard.swift,\ Anim01Assets.swift /Users/pc49-58/.codex/worktrees/cozy-02-integration/TacticalGo/ios/TacticalGo/CozyAudit.swift /Users/pc49-58/.codex/worktrees/cozy-02-integration/TacticalGo/ios/TacticalGo/CozyStyle.swift /Users/pc49-58/.codex/worktrees/cozy-02-integration/TacticalGo/ios/TacticalGo/CozyBoard.swift /Users/pc49-58/.codex/worktrees/cozy-02-integration/TacticalGo/ios/TacticalGo/Anim01Assets.swift (in target 'TacticalGo' from project 'TacticalGo')

SwiftCompile normal x86_64 /Users/pc49-58/.codex/worktrees/cozy-02-integration/TacticalGo/ios/TacticalGo/CozyAudit.swift (in target 'TacticalGo' from project 'TacticalGo')
    cd /Users/pc49-58/.codex/worktrees/cozy-02-integration/TacticalGo/ios


SwiftCompile normal x86_64 /Users/pc49-58/.codex/worktrees/cozy-02-integration/TacticalGo/ios/TacticalGo/CozyStyle.swift (in target 'TacticalGo' from project 'TacticalGo')
    cd /Users/pc49-58/.codex/worktrees/cozy-02-integration/TacticalGo/ios


SwiftCompile normal x86_64 /Users/pc49-58/.codex/worktrees/cozy-02-integration/TacticalGo/ios/TacticalGo/CozyBoard.swift (in target 'TacticalGo' from project 'TacticalGo')
    cd /Users/pc49-58/.codex/worktrees/cozy-02-integration/TacticalGo/ios


SwiftCompile normal x86_64 /Users/pc49-58/.codex/worktrees/cozy-02-integration/TacticalGo/ios/TacticalGo/Anim01Assets.swift (in target 'TacticalGo' from project 'TacticalGo')
    cd /Users/pc49-58/.codex/worktrees/cozy-02-integration/TacticalGo/ios


SwiftExplicitDependencyGeneratePcm arm64 /Users/pc49-58/.codex/worktrees/cozy-02-integration/TacticalGo/ios/HeroBodyReleaseBuild/ModuleCache.noindex/ARKit-DDFCECRQ31L9MYC2CQ16R6HHV.pcm

SwiftDriverJobDiscovery normal x86_64 Compiling ModelEffects.swift, MatchGallery.swift, GeneratedAssetSymbols.swift (in target 'TacticalGo' from project 'TacticalGo')

SwiftCompile normal x86_64 Compiling\ GameStore.swift,\ BoardViews.swift,\ ContentView.swift,\ ModelBoard.swift /Users/pc49-58/.codex/worktrees/cozy-02-integration/TacticalGo/ios/TacticalGo/GameStore.swift /Users/pc49-58/.codex/worktrees/cozy-02-integration/TacticalGo/ios/TacticalGo/BoardViews.swift /Users/pc49-58/.codex/worktrees/cozy-02-integration/TacticalGo/ios/TacticalGo/ContentView.swift /Users/pc49-58/.codex/worktrees/cozy-02-integration/TacticalGo/ios/TacticalGo/ModelBoard.swift (in target 'TacticalGo' from project 'TacticalGo')
SwiftCompile normal x86_64 /Users/pc49-58/.codex/worktrees/cozy-02-integration/TacticalGo/ios/TacticalGo/GameStore.swift (in target 'TacticalGo' from project 'TacticalGo')
    cd /Users/pc49-58/.codex/worktrees/cozy-02-integration/TacticalGo/ios


SwiftCompile normal x86_64 /Users/pc49-58/.codex/worktrees/cozy-02-integration/TacticalGo/ios/TacticalGo/BoardViews.swift (in target 'TacticalGo' from project 'TacticalGo')
    cd /Users/pc49-58/.codex/worktrees/cozy-02-integration/TacticalGo/ios


SwiftCompile normal x86_64 /Users/pc49-58/.codex/worktrees/cozy-02-integration/TacticalGo/ios/TacticalGo/ContentView.swift (in target 'TacticalGo' from project 'TacticalGo')
    cd /Users/pc49-58/.codex/worktrees/cozy-02-integration/TacticalGo/ios


SwiftCompile normal x86_64 /Users/pc49-58/.codex/worktrees/cozy-02-integration/TacticalGo/ios/TacticalGo/ModelBoard.swift (in target 'TacticalGo' from project 'TacticalGo')
    cd /Users/pc49-58/.codex/worktrees/cozy-02-integration/TacticalGo/ios


SwiftEmitModule normal arm64 Emitting\ module\ for\ TacticalGo (in target 'TacticalGo' from project 'TacticalGo')

EmitSwiftModule normal arm64 (in target 'TacticalGo' from project 'TacticalGo')
    cd /Users/pc49-58/.codex/worktrees/cozy-02-integration/TacticalGo/ios


SwiftDriverJobDiscovery normal x86_64 Emitting module for TacticalGo (in target 'TacticalGo' from project 'TacticalGo')

SwiftDriver\ Compilation\ Requirements TacticalGo normal x86_64 com.apple.xcode.tools.swift.compiler (in target 'TacticalGo' from project 'TacticalGo')
    cd /Users/pc49-58/.codex/worktrees/cozy-02-integration/TacticalGo/ios
    builtin-Swift-Compilation-Requirements -- /Applications/Xcode.app/Contents/Developer/Toolchains/XcodeDefault.xctoolchain/usr/bin/swiftc -module-name TacticalGo -O @/Users/pc49-58/.codex/worktrees/cozy-02-integration/TacticalGo/ios/Build/Intermediates.noindex/TacticalGo.build/Release-iphonesimulator/TacticalGo.build/Objects-normal/x86_64/TacticalGo.SwiftFileList -enable-experimental-feature DebugDescriptionMacro -sdk /Applications/Xcode.app/Contents/Developer/Platforms/iPhoneSimulator.platform/Developer/SDKs/iPhoneSimulator26.5.sdk -target x86_64-apple-ios17.0-simulator -g -module-cache-path /Users/pc49-58/.codex/worktrees/cozy-02-integration/TacticalGo/ios/HeroBodyReleaseBuild/ModuleCache.noindex -Xfrontend -serialize-debugging-options -enable-testing -swift-version 6 -I /Users/pc49-58/.codex/worktrees/cozy-02-integration/TacticalGo/ios/Build/Products/Release-iphonesimulator -F /Users/pc49-58/.codex/worktrees/cozy-02-integration/TacticalGo/ios/Build/Products/Release-iphonesimulator/PackageFrameworks -F /Users/pc49-58/.codex/worktrees/cozy-02-integration/TacticalGo/ios/Build/Products/Release-iphonesimulator/PackageFrameworks -F /Users/pc49-58/.codex/worktrees/cozy-02-integration/TacticalGo/ios/Build/Products/Release-iphonesimulator/PackageFrameworks -F /Users/pc49-58/.codex/worktrees/cozy-02-integration/TacticalGo/ios/Build/Products/Release-iphonesimulator/PackageFrameworks -F /Users/pc49-58/.codex/worktrees/cozy-02-integration/TacticalGo/ios/Build/Products/Release-iphonesimulator/PackageFrameworks -F /Users/pc49-58/.codex/worktrees/cozy-02-integration/TacticalGo/ios/Build/Products/Release-iphonesimulator/PackageFrameworks -F /Users/pc49-58/.codex/worktrees/cozy-02-integration/TacticalGo/ios/Build/Products/Release-iphonesimulator -c -j8 -enable-batch-mode -incremental -Xcc -ivfsstatcache -Xcc /Users/pc49-58/.codex/worktrees/cozy-02-integration/TacticalGo/ios/HeroBodyReleaseBuild/SDKStatCaches.noindex/iphonesimulator26.5-23F81a-6cfe768891a92b912361537c460fe42b.sdkstatcache -output-file-map /Users/pc49-58/.codex/worktrees/cozy-02-integration/TacticalGo/ios/Build/Intermediates.noindex/TacticalGo.build/Release-iphonesimulator/TacticalGo.build/Objects-normal/x86_64/TacticalGo-OutputFileMap.json -use-frontend-parseable-output -save-temps -no-color-diagnostics -explicit-module-build -module-cache-path /Users/pc49-58/.codex/worktrees/cozy-02-integration/TacticalGo/ios/Build/Intermediates.noindex/SwiftExplicitPrecompiledModules -clang-scanner-module-cache-path /Users/pc49-58/.codex/worktrees/cozy-02-integration/TacticalGo/ios/HeroBodyReleaseBuild/ModuleCache.noindex -sdk-module-cache-path /Users/pc49-58/.codex/worktrees/cozy-02-integration/TacticalGo/ios/HeroBodyReleaseBuild/ModuleCache.noindex -serialize-diagnostics -emit-dependencies -emit-module -emit-module-path /Users/pc49-58/.codex/worktrees/cozy-02-integration/TacticalGo/ios/Build/Intermediates.noindex/TacticalGo.build/Release-iphonesimulator/TacticalGo.build/Objects-normal/x86_64/TacticalGo.swiftmodule -validate-clang-modules-once -clang-build-session-file /Users/pc49-58/.codex/worktrees/cozy-02-integration/TacticalGo/ios/HeroBodyReleaseBuild/ModuleCache.noindex/Session.modulevalidation -Xcc -I/Users/pc49-58/.codex/worktrees/cozy-02-integration/TacticalGo/ios/Build/Intermediates.noindex/TacticalGo.build/Release-iphonesimulator/TacticalGo.build/swift-overrides.hmap -emit-const-values -Xfrontend -const-gather-protocols-file -Xfrontend /Users/pc49-58/.codex/worktrees/cozy-02-integration/TacticalGo/ios/Build/Intermediates.noindex/TacticalGo.build/Release-iphonesimulator/TacticalGo.build/Objects-normal/x86_64/TacticalGo_const_extract_protocols.json -Xcc -iquote -Xcc /Users/pc49-58/.codex/worktrees/cozy-02-integration/TacticalGo/ios/Build/Intermediates.noindex/TacticalGo.build/Release-iphonesimulator/TacticalGo.build/TacticalGo-generated-files.hmap -Xcc -I/Users/pc49-58/.codex/worktrees/cozy-02-integration/TacticalGo/ios/Build/Intermediates.noindex/TacticalGo.build/Release-iphonesimulator/TacticalGo.build/TacticalGo-own-target-headers.hmap -Xcc -I/Users/pc49-58/.codex/worktrees/cozy-02-integration/TacticalGo/ios/Build/Intermediates.noindex/TacticalGo.build/Release-iphonesimulator/TacticalGo.build/TacticalGo-all-non-framework-target-headers.hmap -Xcc -ivfsoverlay -Xcc /Users/pc49-58/.codex/worktrees/cozy-02-integration/TacticalGo/ios/Build/Intermediates.noindex/TacticalGo.build/Release-iphonesimulator/TacticalGo-32580fe5d0e5965bad977075ff1df9a9-VFS-iphonesimulator/all-product-headers.yaml -Xcc -iquote -Xcc /Users/pc49-58/.codex/worktrees/cozy-02-integration/TacticalGo/ios/Build/Intermediates.noindex/TacticalGo.build/Release-iphonesimulator/TacticalGo.build/TacticalGo-project-headers.hmap -Xcc -I/Users/pc49-58/.codex/worktrees/cozy-02-integration/TacticalGo/ios/Build/Products/Release-iphonesimulator/include -Xcc -I/Users/pc49-58/.codex/worktrees/cozy-02-integration/TacticalGo/ios/Build/Intermediates.noindex/TacticalGo.build/Release-iphonesimulator/TacticalGo.build/DerivedSources-normal/x86_64 -Xcc -I/Users/pc49-58/.codex/worktrees/cozy-02-integration/TacticalGo/ios/Build/Intermediates.noindex/TacticalGo.build/Release-iphonesimulator/TacticalGo.build/DerivedSources/x86_64 -Xcc -I/Users/pc49-58/.codex/worktrees/cozy-02-integration/TacticalGo/ios/Build/Intermediates.noindex/TacticalGo.build/Release-iphonesimulator/TacticalGo.build/DerivedSources -emit-objc-header -emit-objc-header-path /Users/pc49-58/.codex/worktrees/cozy-02-integration/TacticalGo/ios/Build/Intermediates.noindex/TacticalGo.build/Release-iphonesimulator/TacticalGo.build/Objects-normal/x86_64/TacticalGo-Swift.h -working-directory /Users/pc49-58/.codex/worktrees/cozy-02-integration/TacticalGo/ios -experimental-emit-module-separately -disable-cmo

SwiftCompile normal arm64 Compiling\ OnboardingView.swift,\ R2LabView.swift,\ RecordLibraryView.swift,\ IntegratedAudioAudit.swift /Users/pc49-58/.codex/worktrees/cozy-02-integration/TacticalGo/ios/TacticalGo/OnboardingView.swift /Users/pc49-58/.codex/worktrees/cozy-02-integration/TacticalGo/ios/TacticalGo/R2LabView.swift /Users/pc49-58/.codex/worktrees/cozy-02-integration/TacticalGo/ios/TacticalGo/RecordLibraryView.swift /Users/pc49-58/.codex/worktrees/cozy-02-integration/TacticalGo/ios/TacticalGo/IntegratedAudioAudit.swift (in target 'TacticalGo' from project 'TacticalGo')

SwiftCompile normal arm64 /Users/pc49-58/.codex/worktrees/cozy-02-integration/TacticalGo/ios/TacticalGo/OnboardingView.swift (in target 'TacticalGo' from project 'TacticalGo')
    cd /Users/pc49-58/.codex/worktrees/cozy-02-integration/TacticalGo/ios


SwiftCompile normal arm64 /Users/pc49-58/.codex/worktrees/cozy-02-integration/TacticalGo/ios/TacticalGo/R2LabView.swift (in target 'TacticalGo' from project 'TacticalGo')
    cd /Users/pc49-58/.codex/worktrees/cozy-02-integration/TacticalGo/ios


SwiftCompile normal arm64 /Users/pc49-58/.codex/worktrees/cozy-02-integration/TacticalGo/ios/TacticalGo/RecordLibraryView.swift (in target 'TacticalGo' from project 'TacticalGo')
    cd /Users/pc49-58/.codex/worktrees/cozy-02-integration/TacticalGo/ios


SwiftCompile normal arm64 /Users/pc49-58/.codex/worktrees/cozy-02-integration/TacticalGo/ios/TacticalGo/IntegratedAudioAudit.swift (in target 'TacticalGo' from project 'TacticalGo')
    cd /Users/pc49-58/.codex/worktrees/cozy-02-integration/TacticalGo/ios


SwiftDriverJobDiscovery normal x86_64 Compiling ModelGeometry.swift, ModelLibrary.swift, ModelArena.swift, ModelCamera.swift (in target 'TacticalGo' from project 'TacticalGo')

Copy /Users/pc49-58/.codex/worktrees/cozy-02-integration/TacticalGo/ios/Build/Products/Release-iphonesimulator/TacticalGo.swiftmodule/x86_64-apple-ios-simulator.swiftmodule /Users/pc49-58/.codex/worktrees/cozy-02-integration/TacticalGo/ios/Build/Intermediates.noindex/TacticalGo.build/Release-iphonesimulator/TacticalGo.build/Objects-normal/x86_64/TacticalGo.swiftmodule (in target 'TacticalGo' from project 'TacticalGo')
    cd /Users/pc49-58/.codex/worktrees/cozy-02-integration/TacticalGo/ios
    builtin-copy -exclude .DS_Store -exclude CVS -exclude .svn -exclude .git -exclude .hg -strip-unsigned-binaries -strip-deterministic -strip-tool /Applications/Xcode.app/Contents/Developer/Toolchains/XcodeDefault.xctoolchain/usr/bin/strip -resolve-src-symlinks -rename /Users/pc49-58/.codex/worktrees/cozy-02-integration/TacticalGo/ios/Build/Intermediates.noindex/TacticalGo.build/Release-iphonesimulator/TacticalGo.build/Objects-normal/x86_64/TacticalGo.swiftmodule /Users/pc49-58/.codex/worktrees/cozy-02-integration/TacticalGo/ios/Build/Products/Release-iphonesimulator/TacticalGo.swiftmodule/x86_64-apple-ios-simulator.swiftmodule

Copy /Users/pc49-58/.codex/worktrees/cozy-02-integration/TacticalGo/ios/Build/Products/Release-iphonesimulator/TacticalGo.swiftmodule/x86_64-apple-ios-simulator.swiftdoc /Users/pc49-58/.codex/worktrees/cozy-02-integration/TacticalGo/ios/Build/Intermediates.noindex/TacticalGo.build/Release-iphonesimulator/TacticalGo.build/Objects-normal/x86_64/TacticalGo.swiftdoc (in target 'TacticalGo' from project 'TacticalGo')
    cd /Users/pc49-58/.codex/worktrees/cozy-02-integration/TacticalGo/ios
    builtin-copy -exclude .DS_Store -exclude CVS -exclude .svn -exclude .git -exclude .hg -strip-unsigned-binaries -strip-deterministic -strip-tool /Applications/Xcode.app/Contents/Developer/Toolchains/XcodeDefault.xctoolchain/usr/bin/strip -resolve-src-symlinks -rename /Users/pc49-58/.codex/worktrees/cozy-02-integration/TacticalGo/ios/Build/Intermediates.noindex/TacticalGo.build/Release-iphonesimulator/TacticalGo.build/Objects-normal/x86_64/TacticalGo.swiftdoc /Users/pc49-58/.codex/worktrees/cozy-02-integration/TacticalGo/ios/Build/Products/Release-iphonesimulator/TacticalGo.swiftmodule/x86_64-apple-ios-simulator.swiftdoc

Copy /Users/pc49-58/.codex/worktrees/cozy-02-integration/TacticalGo/ios/Build/Products/Release-iphonesimulator/TacticalGo.swiftmodule/x86_64-apple-ios-simulator.abi.json /Users/pc49-58/.codex/worktrees/cozy-02-integration/TacticalGo/ios/Build/Intermediates.noindex/TacticalGo.build/Release-iphonesimulator/TacticalGo.build/Objects-normal/x86_64/TacticalGo.abi.json (in target 'TacticalGo' from project 'TacticalGo')
    cd /Users/pc49-58/.codex/worktrees/cozy-02-integration/TacticalGo/ios
    builtin-copy -exclude .DS_Store -exclude CVS -exclude .svn -exclude .git -exclude .hg -strip-unsigned-binaries -strip-deterministic -strip-tool /Applications/Xcode.app/Contents/Developer/Toolchains/XcodeDefault.xctoolchain/usr/bin/strip -resolve-src-symlinks -rename /Users/pc49-58/.codex/worktrees/cozy-02-integration/TacticalGo/ios/Build/Intermediates.noindex/TacticalGo.build/Release-iphonesimulator/TacticalGo.build/Objects-normal/x86_64/TacticalGo.abi.json /Users/pc49-58/.codex/worktrees/cozy-02-integration/TacticalGo/ios/Build/Products/Release-iphonesimulator/TacticalGo.swiftmodule/x86_64-apple-ios-simulator.abi.json

Copy /Users/pc49-58/.codex/worktrees/cozy-02-integration/TacticalGo/ios/Build/Products/Release-iphonesimulator/TacticalGo.swiftmodule/Project/x86_64-apple-ios-simulator.swiftsourceinfo /Users/pc49-58/.codex/worktrees/cozy-02-integration/TacticalGo/ios/Build/Intermediates.noindex/TacticalGo.build/Release-iphonesimulator/TacticalGo.build/Objects-normal/x86_64/TacticalGo.swiftsourceinfo (in target 'TacticalGo' from project 'TacticalGo')
    cd /Users/pc49-58/.codex/worktrees/cozy-02-integration/TacticalGo/ios
    builtin-copy -exclude .DS_Store -exclude CVS -exclude .svn -exclude .git -exclude .hg -strip-unsigned-binaries -strip-deterministic -strip-tool /Applications/Xcode.app/Contents/Developer/Toolchains/XcodeDefault.xctoolchain/usr/bin/strip -resolve-src-symlinks -rename /Users/pc49-58/.codex/worktrees/cozy-02-integration/TacticalGo/ios/Build/Intermediates.noindex/TacticalGo.build/Release-iphonesimulator/TacticalGo.build/Objects-normal/x86_64/TacticalGo.swiftsourceinfo /Users/pc49-58/.codex/worktrees/cozy-02-integration/TacticalGo/ios/Build/Products/Release-iphonesimulator/TacticalGo.swiftmodule/Project/x86_64-apple-ios-simulator.swiftsourceinfo

SwiftCompile normal arm64 Compiling\ ModelEffects.swift,\ MatchGallery.swift,\ GeneratedAssetSymbols.swift /Users/pc49-58/.codex/worktrees/cozy-02-integration/TacticalGo/ios/TacticalGo/ModelEffects.swift /Users/pc49-58/.codex/worktrees/cozy-02-integration/TacticalGo/ios/TacticalGo/MatchGallery.swift /Users/pc49-58/.codex/worktrees/cozy-02-integration/TacticalGo/ios/Build/Intermediates.noindex/TacticalGo.build/Release-iphonesimulator/TacticalGo.build/DerivedSources/GeneratedAssetSymbols.swift (in target 'TacticalGo' from project 'TacticalGo')

SwiftCompile normal arm64 /Users/pc49-58/.codex/worktrees/cozy-02-integration/TacticalGo/ios/TacticalGo/ModelEffects.swift (in target 'TacticalGo' from project 'TacticalGo')
    cd /Users/pc49-58/.codex/worktrees/cozy-02-integration/TacticalGo/ios


SwiftCompile normal arm64 /Users/pc49-58/.codex/worktrees/cozy-02-integration/TacticalGo/ios/TacticalGo/MatchGallery.swift (in target 'TacticalGo' from project 'TacticalGo')
    cd /Users/pc49-58/.codex/worktrees/cozy-02-integration/TacticalGo/ios


SwiftCompile normal arm64 /Users/pc49-58/.codex/worktrees/cozy-02-integration/TacticalGo/ios/Build/Intermediates.noindex/TacticalGo.build/Release-iphonesimulator/TacticalGo.build/DerivedSources/GeneratedAssetSymbols.swift (in target 'TacticalGo' from project 'TacticalGo')
    cd /Users/pc49-58/.codex/worktrees/cozy-02-integration/TacticalGo/ios


SwiftCompile normal arm64 Compiling\ GameStore.swift,\ BoardViews.swift,\ ContentView.swift,\ ModelBoard.swift /Users/pc49-58/.codex/worktrees/cozy-02-integration/TacticalGo/ios/TacticalGo/GameStore.swift /Users/pc49-58/.codex/worktrees/cozy-02-integration/TacticalGo/ios/TacticalGo/BoardViews.swift /Users/pc49-58/.codex/worktrees/cozy-02-integration/TacticalGo/ios/TacticalGo/ContentView.swift /Users/pc49-58/.codex/worktrees/cozy-02-integration/TacticalGo/ios/TacticalGo/ModelBoard.swift (in target 'TacticalGo' from project 'TacticalGo')
SwiftCompile normal arm64 /Users/pc49-58/.codex/worktrees/cozy-02-integration/TacticalGo/ios/TacticalGo/GameStore.swift (in target 'TacticalGo' from project 'TacticalGo')
    cd /Users/pc49-58/.codex/worktrees/cozy-02-integration/TacticalGo/ios


SwiftCompile normal arm64 /Users/pc49-58/.codex/worktrees/cozy-02-integration/TacticalGo/ios/TacticalGo/BoardViews.swift (in target 'TacticalGo' from project 'TacticalGo')
    cd /Users/pc49-58/.codex/worktrees/cozy-02-integration/TacticalGo/ios


SwiftCompile normal arm64 /Users/pc49-58/.codex/worktrees/cozy-02-integration/TacticalGo/ios/TacticalGo/ContentView.swift (in target 'TacticalGo' from project 'TacticalGo')
    cd /Users/pc49-58/.codex/worktrees/cozy-02-integration/TacticalGo/ios


SwiftCompile normal arm64 /Users/pc49-58/.codex/worktrees/cozy-02-integration/TacticalGo/ios/TacticalGo/ModelBoard.swift (in target 'TacticalGo' from project 'TacticalGo')
    cd /Users/pc49-58/.codex/worktrees/cozy-02-integration/TacticalGo/ios


SwiftDriverJobDiscovery normal x86_64 Compiling OnboardingView.swift, R2LabView.swift, RecordLibraryView.swift, IntegratedAudioAudit.swift (in target 'TacticalGo' from project 'TacticalGo')

SwiftCompile normal arm64 Compiling\ CombatAudio.swift,\ GameVisualAssets.swift,\ PlayableGameView.swift,\ TacticalGoApp.swift /Users/pc49-58/.codex/worktrees/cozy-02-integration/TacticalGo/ios/TacticalGo/CombatAudio.swift /Users/pc49-58/.codex/worktrees/cozy-02-integration/TacticalGo/ios/TacticalGo/GameVisualAssets.swift /Users/pc49-58/.codex/worktrees/cozy-02-integration/TacticalGo/ios/TacticalGo/PlayableGameView.swift /Users/pc49-58/.codex/worktrees/cozy-02-integration/TacticalGo/ios/TacticalGo/TacticalGoApp.swift (in target 'TacticalGo' from project 'TacticalGo')

SwiftCompile normal arm64 /Users/pc49-58/.codex/worktrees/cozy-02-integration/TacticalGo/ios/TacticalGo/CombatAudio.swift (in target 'TacticalGo' from project 'TacticalGo')
    cd /Users/pc49-58/.codex/worktrees/cozy-02-integration/TacticalGo/ios


SwiftCompile normal arm64 /Users/pc49-58/.codex/worktrees/cozy-02-integration/TacticalGo/ios/TacticalGo/GameVisualAssets.swift (in target 'TacticalGo' from project 'TacticalGo')
    cd /Users/pc49-58/.codex/worktrees/cozy-02-integration/TacticalGo/ios


SwiftCompile normal arm64 /Users/pc49-58/.codex/worktrees/cozy-02-integration/TacticalGo/ios/TacticalGo/PlayableGameView.swift (in target 'TacticalGo' from project 'TacticalGo')
    cd /Users/pc49-58/.codex/worktrees/cozy-02-integration/TacticalGo/ios


SwiftCompile normal arm64 /Users/pc49-58/.codex/worktrees/cozy-02-integration/TacticalGo/ios/TacticalGo/TacticalGoApp.swift (in target 'TacticalGo' from project 'TacticalGo')
    cd /Users/pc49-58/.codex/worktrees/cozy-02-integration/TacticalGo/ios


SwiftDriverJobDiscovery normal arm64 Emitting module for TacticalGo (in target 'TacticalGo' from project 'TacticalGo')

SwiftDriver\ Compilation\ Requirements TacticalGo normal arm64 com.apple.xcode.tools.swift.compiler (in target 'TacticalGo' from project 'TacticalGo')
    cd /Users/pc49-58/.codex/worktrees/cozy-02-integration/TacticalGo/ios
    builtin-Swift-Compilation-Requirements -- /Applications/Xcode.app/Contents/Developer/Toolchains/XcodeDefault.xctoolchain/usr/bin/swiftc -module-name TacticalGo -O @/Users/pc49-58/.codex/worktrees/cozy-02-integration/TacticalGo/ios/Build/Intermediates.noindex/TacticalGo.build/Release-iphonesimulator/TacticalGo.build/Objects-normal/arm64/TacticalGo.SwiftFileList -enable-experimental-feature DebugDescriptionMacro -sdk /Applications/Xcode.app/Contents/Developer/Platforms/iPhoneSimulator.platform/Developer/SDKs/iPhoneSimulator26.5.sdk -target arm64-apple-ios17.0-simulator -g -module-cache-path /Users/pc49-58/.codex/worktrees/cozy-02-integration/TacticalGo/ios/HeroBodyReleaseBuild/ModuleCache.noindex -Xfrontend -serialize-debugging-options -enable-testing -swift-version 6 -I /Users/pc49-58/.codex/worktrees/cozy-02-integration/TacticalGo/ios/Build/Products/Release-iphonesimulator -F /Users/pc49-58/.codex/worktrees/cozy-02-integration/TacticalGo/ios/Build/Products/Release-iphonesimulator/PackageFrameworks -F /Users/pc49-58/.codex/worktrees/cozy-02-integration/TacticalGo/ios/Build/Products/Release-iphonesimulator/PackageFrameworks -F /Users/pc49-58/.codex/worktrees/cozy-02-integration/TacticalGo/ios/Build/Products/Release-iphonesimulator/PackageFrameworks -F /Users/pc49-58/.codex/worktrees/cozy-02-integration/TacticalGo/ios/Build/Products/Release-iphonesimulator/PackageFrameworks -F /Users/pc49-58/.codex/worktrees/cozy-02-integration/TacticalGo/ios/Build/Products/Release-iphonesimulator/PackageFrameworks -F /Users/pc49-58/.codex/worktrees/cozy-02-integration/TacticalGo/ios/Build/Products/Release-iphonesimulator/PackageFrameworks -F /Users/pc49-58/.codex/worktrees/cozy-02-integration/TacticalGo/ios/Build/Products/Release-iphonesimulator -c -j8 -enable-batch-mode -incremental -Xcc -ivfsstatcache -Xcc /Users/pc49-58/.codex/worktrees/cozy-02-integration/TacticalGo/ios/HeroBodyReleaseBuild/SDKStatCaches.noindex/iphonesimulator26.5-23F81a-6cfe768891a92b912361537c460fe42b.sdkstatcache -output-file-map /Users/pc49-58/.codex/worktrees/cozy-02-integration/TacticalGo/ios/Build/Intermediates.noindex/TacticalGo.build/Release-iphonesimulator/TacticalGo.build/Objects-normal/arm64/TacticalGo-OutputFileMap.json -use-frontend-parseable-output -save-temps -no-color-diagnostics -explicit-module-build -module-cache-path /Users/pc49-58/.codex/worktrees/cozy-02-integration/TacticalGo/ios/Build/Intermediates.noindex/SwiftExplicitPrecompiledModules -clang-scanner-module-cache-path /Users/pc49-58/.codex/worktrees/cozy-02-integration/TacticalGo/ios/HeroBodyReleaseBuild/ModuleCache.noindex -sdk-module-cache-path /Users/pc49-58/.codex/worktrees/cozy-02-integration/TacticalGo/ios/HeroBodyReleaseBuild/ModuleCache.noindex -serialize-diagnostics -emit-dependencies -emit-module -emit-module-path /Users/pc49-58/.codex/worktrees/cozy-02-integration/TacticalGo/ios/Build/Intermediates.noindex/TacticalGo.build/Release-iphonesimulator/TacticalGo.build/Objects-normal/arm64/TacticalGo.swiftmodule -validate-clang-modules-once -clang-build-session-file /Users/pc49-58/.codex/worktrees/cozy-02-integration/TacticalGo/ios/HeroBodyReleaseBuild/ModuleCache.noindex/Session.modulevalidation -Xcc -I/Users/pc49-58/.codex/worktrees/cozy-02-integration/TacticalGo/ios/Build/Intermediates.noindex/TacticalGo.build/Release-iphonesimulator/TacticalGo.build/swift-overrides.hmap -emit-const-values -Xfrontend -const-gather-protocols-file -Xfrontend /Users/pc49-58/.codex/worktrees/cozy-02-integration/TacticalGo/ios/Build/Intermediates.noindex/TacticalGo.build/Release-iphonesimulator/TacticalGo.build/Objects-normal/arm64/TacticalGo_const_extract_protocols.json -Xcc -iquote -Xcc /Users/pc49-58/.codex/worktrees/cozy-02-integration/TacticalGo/ios/Build/Intermediates.noindex/TacticalGo.build/Release-iphonesimulator/TacticalGo.build/TacticalGo-generated-files.hmap -Xcc -I/Users/pc49-58/.codex/worktrees/cozy-02-integration/TacticalGo/ios/Build/Intermediates.noindex/TacticalGo.build/Release-iphonesimulator/TacticalGo.build/TacticalGo-own-target-headers.hmap -Xcc -I/Users/pc49-58/.codex/worktrees/cozy-02-integration/TacticalGo/ios/Build/Intermediates.noindex/TacticalGo.build/Release-iphonesimulator/TacticalGo.build/TacticalGo-all-non-framework-target-headers.hmap -Xcc -ivfsoverlay -Xcc /Users/pc49-58/.codex/worktrees/cozy-02-integration/TacticalGo/ios/Build/Intermediates.noindex/TacticalGo.build/Release-iphonesimulator/TacticalGo-32580fe5d0e5965bad977075ff1df9a9-VFS-iphonesimulator/all-product-headers.yaml -Xcc -iquote -Xcc /Users/pc49-58/.codex/worktrees/cozy-02-integration/TacticalGo/ios/Build/Intermediates.noindex/TacticalGo.build/Release-iphonesimulator/TacticalGo.build/TacticalGo-project-headers.hmap -Xcc -I/Users/pc49-58/.codex/worktrees/cozy-02-integration/TacticalGo/ios/Build/Products/Release-iphonesimulator/include -Xcc -I/Users/pc49-58/.codex/worktrees/cozy-02-integration/TacticalGo/ios/Build/Intermediates.noindex/TacticalGo.build/Release-iphonesimulator/TacticalGo.build/DerivedSources-normal/arm64 -Xcc -I/Users/pc49-58/.codex/worktrees/cozy-02-integration/TacticalGo/ios/Build/Intermediates.noindex/TacticalGo.build/Release-iphonesimulator/TacticalGo.build/DerivedSources/arm64 -Xcc -I/Users/pc49-58/.codex/worktrees/cozy-02-integration/TacticalGo/ios/Build/Intermediates.noindex/TacticalGo.build/Release-iphonesimulator/TacticalGo.build/DerivedSources -emit-objc-header -emit-objc-header-path /Users/pc49-58/.codex/worktrees/cozy-02-integration/TacticalGo/ios/Build/Intermediates.noindex/TacticalGo.build/Release-iphonesimulator/TacticalGo.build/Objects-normal/arm64/TacticalGo-Swift.h -working-directory /Users/pc49-58/.codex/worktrees/cozy-02-integration/TacticalGo/ios -experimental-emit-module-separately -disable-cmo

SwiftDriverJobDiscovery normal arm64 Compiling ModelEffects.swift, MatchGallery.swift, GeneratedAssetSymbols.swift (in target 'TacticalGo' from project 'TacticalGo')

LinkAssetCatalog /Users/pc49-58/.codex/worktrees/cozy-02-integration/TacticalGo/ios/TacticalGo/Assets.xcassets (in target 'TacticalGo' from project 'TacticalGo')
    cd /Users/pc49-58/.codex/worktrees/cozy-02-integration/TacticalGo/ios
    builtin-linkAssetCatalog --thinned /Users/pc49-58/.codex/worktrees/cozy-02-integration/TacticalGo/ios/Build/Intermediates.noindex/TacticalGo.build/Release-iphonesimulator/TacticalGo.build/assetcatalog_output/thinned --thinned-dependencies /Users/pc49-58/.codex/worktrees/cozy-02-integration/TacticalGo/ios/Build/Intermediates.noindex/TacticalGo.build/Release-iphonesimulator/TacticalGo.build/assetcatalog_dependencies_thinned --thinned-info-plist-content /Users/pc49-58/.codex/worktrees/cozy-02-integration/TacticalGo/ios/Build/Intermediates.noindex/TacticalGo.build/Release-iphonesimulator/TacticalGo.build/assetcatalog_generated_info.plist_thinned --unthinned /Users/pc49-58/.codex/worktrees/cozy-02-integration/TacticalGo/ios/Build/Intermediates.noindex/TacticalGo.build/Release-iphonesimulator/TacticalGo.build/assetcatalog_output/unthinned --unthinned-dependencies /Users/pc49-58/.codex/worktrees/cozy-02-integration/TacticalGo/ios/Build/Intermediates.noindex/TacticalGo.build/Release-iphonesimulator/TacticalGo.build/assetcatalog_dependencies_unthinned --unthinned-info-plist-content /Users/pc49-58/.codex/worktrees/cozy-02-integration/TacticalGo/ios/Build/Intermediates.noindex/TacticalGo.build/Release-iphonesimulator/TacticalGo.build/assetcatalog_generated_info.plist_unthinned --output /Users/pc49-58/.codex/worktrees/cozy-02-integration/TacticalGo/ios/Build/Products/Release-iphonesimulator/TacticalGo.app --plist-output /Users/pc49-58/.codex/worktrees/cozy-02-integration/TacticalGo/ios/Build/Intermediates.noindex/TacticalGo.build/Release-iphonesimulator/TacticalGo.build/assetcatalog_generated_info.plist
note: Emplaced /Users/pc49-58/.codex/worktrees/cozy-02-integration/TacticalGo/ios/Build/Products/Release-iphonesimulator/TacticalGo.app/Assets.car (in target 'TacticalGo' from project 'TacticalGo')

SwiftCompile normal arm64 Compiling\ BoardPlayback.swift,\ ModelMotion.swift,\ AnimationGallery.swift,\ ModelExport.swift /Users/pc49-58/.codex/worktrees/cozy-02-integration/TacticalGo/ios/TacticalGo/BoardPlayback.swift /Users/pc49-58/.codex/worktrees/cozy-02-integration/TacticalGo/ios/TacticalGo/ModelMotion.swift /Users/pc49-58/.codex/worktrees/cozy-02-integration/TacticalGo/ios/TacticalGo/AnimationGallery.swift /Users/pc49-58/.codex/worktrees/cozy-02-integration/TacticalGo/ios/TacticalGo/ModelExport.swift (in target 'TacticalGo' from project 'TacticalGo')

SwiftCompile normal arm64 /Users/pc49-58/.codex/worktrees/cozy-02-integration/TacticalGo/ios/TacticalGo/BoardPlayback.swift (in target 'TacticalGo' from project 'TacticalGo')
    cd /Users/pc49-58/.codex/worktrees/cozy-02-integration/TacticalGo/ios


SwiftCompile normal arm64 /Users/pc49-58/.codex/worktrees/cozy-02-integration/TacticalGo/ios/TacticalGo/ModelMotion.swift (in target 'TacticalGo' from project 'TacticalGo')
    cd /Users/pc49-58/.codex/worktrees/cozy-02-integration/TacticalGo/ios


SwiftCompile normal arm64 /Users/pc49-58/.codex/worktrees/cozy-02-integration/TacticalGo/ios/TacticalGo/AnimationGallery.swift (in target 'TacticalGo' from project 'TacticalGo')
    cd /Users/pc49-58/.codex/worktrees/cozy-02-integration/TacticalGo/ios


SwiftCompile normal arm64 /Users/pc49-58/.codex/worktrees/cozy-02-integration/TacticalGo/ios/TacticalGo/ModelExport.swift (in target 'TacticalGo' from project 'TacticalGo')
    cd /Users/pc49-58/.codex/worktrees/cozy-02-integration/TacticalGo/ios


SwiftMergeGeneratedHeaders /Users/pc49-58/.codex/worktrees/cozy-02-integration/TacticalGo/ios/Build/Intermediates.noindex/TacticalGo.build/Release-iphonesimulator/TacticalGo.build/DerivedSources/TacticalGo-Swift.h /Users/pc49-58/.codex/worktrees/cozy-02-integration/TacticalGo/ios/Build/Intermediates.noindex/TacticalGo.build/Release-iphonesimulator/TacticalGo.build/Objects-normal/arm64/TacticalGo-Swift.h /Users/pc49-58/.codex/worktrees/cozy-02-integration/TacticalGo/ios/Build/Intermediates.noindex/TacticalGo.build/Release-iphonesimulator/TacticalGo.build/Objects-normal/x86_64/TacticalGo-Swift.h (in target 'TacticalGo' from project 'TacticalGo')
    cd /Users/pc49-58/.codex/worktrees/cozy-02-integration/TacticalGo/ios
    builtin-swiftHeaderTool -arch arm64 /Users/pc49-58/.codex/worktrees/cozy-02-integration/TacticalGo/ios/Build/Intermediates.noindex/TacticalGo.build/Release-iphonesimulator/TacticalGo.build/Objects-normal/arm64/TacticalGo-Swift.h -arch x86_64 /Users/pc49-58/.codex/worktrees/cozy-02-integration/TacticalGo/ios/Build/Intermediates.noindex/TacticalGo.build/Release-iphonesimulator/TacticalGo.build/Objects-normal/x86_64/TacticalGo-Swift.h -o /Users/pc49-58/.codex/worktrees/cozy-02-integration/TacticalGo/ios/Build/Intermediates.noindex/TacticalGo.build/Release-iphonesimulator/TacticalGo.build/DerivedSources/TacticalGo-Swift.h

SwiftDriverJobDiscovery normal arm64 Compiling OnboardingView.swift, R2LabView.swift, RecordLibraryView.swift, IntegratedAudioAudit.swift (in target 'TacticalGo' from project 'TacticalGo')

Copy /Users/pc49-58/.codex/worktrees/cozy-02-integration/TacticalGo/ios/Build/Products/Release-iphonesimulator/TacticalGo.swiftmodule/arm64-apple-ios-simulator.swiftmodule /Users/pc49-58/.codex/worktrees/cozy-02-integration/TacticalGo/ios/Build/Intermediates.noindex/TacticalGo.build/Release-iphonesimulator/TacticalGo.build/Objects-normal/arm64/TacticalGo.swiftmodule (in target 'TacticalGo' from project 'TacticalGo')
    cd /Users/pc49-58/.codex/worktrees/cozy-02-integration/TacticalGo/ios
    builtin-copy -exclude .DS_Store -exclude CVS -exclude .svn -exclude .git -exclude .hg -strip-unsigned-binaries -strip-deterministic -strip-tool /Applications/Xcode.app/Contents/Developer/Toolchains/XcodeDefault.xctoolchain/usr/bin/strip -resolve-src-symlinks -rename /Users/pc49-58/.codex/worktrees/cozy-02-integration/TacticalGo/ios/Build/Intermediates.noindex/TacticalGo.build/Release-iphonesimulator/TacticalGo.build/Objects-normal/arm64/TacticalGo.swiftmodule /Users/pc49-58/.codex/worktrees/cozy-02-integration/TacticalGo/ios/Build/Products/Release-iphonesimulator/TacticalGo.swiftmodule/arm64-apple-ios-simulator.swiftmodule

Copy /Users/pc49-58/.codex/worktrees/cozy-02-integration/TacticalGo/ios/Build/Products/Release-iphonesimulator/TacticalGo.swiftmodule/arm64-apple-ios-simulator.swiftdoc /Users/pc49-58/.codex/worktrees/cozy-02-integration/TacticalGo/ios/Build/Intermediates.noindex/TacticalGo.build/Release-iphonesimulator/TacticalGo.build/Objects-normal/arm64/TacticalGo.swiftdoc (in target 'TacticalGo' from project 'TacticalGo')
    cd /Users/pc49-58/.codex/worktrees/cozy-02-integration/TacticalGo/ios
    builtin-copy -exclude .DS_Store -exclude CVS -exclude .svn -exclude .git -exclude .hg -strip-unsigned-binaries -strip-deterministic -strip-tool /Applications/Xcode.app/Contents/Developer/Toolchains/XcodeDefault.xctoolchain/usr/bin/strip -resolve-src-symlinks -rename /Users/pc49-58/.codex/worktrees/cozy-02-integration/TacticalGo/ios/Build/Intermediates.noindex/TacticalGo.build/Release-iphonesimulator/TacticalGo.build/Objects-normal/arm64/TacticalGo.swiftdoc /Users/pc49-58/.codex/worktrees/cozy-02-integration/TacticalGo/ios/Build/Products/Release-iphonesimulator/TacticalGo.swiftmodule/arm64-apple-ios-simulator.swiftdoc

Copy /Users/pc49-58/.codex/worktrees/cozy-02-integration/TacticalGo/ios/Build/Products/Release-iphonesimulator/TacticalGo.swiftmodule/arm64-apple-ios-simulator.abi.json /Users/pc49-58/.codex/worktrees/cozy-02-integration/TacticalGo/ios/Build/Intermediates.noindex/TacticalGo.build/Release-iphonesimulator/TacticalGo.build/Objects-normal/arm64/TacticalGo.abi.json (in target 'TacticalGo' from project 'TacticalGo')
    cd /Users/pc49-58/.codex/worktrees/cozy-02-integration/TacticalGo/ios
    builtin-copy -exclude .DS_Store -exclude CVS -exclude .svn -exclude .git -exclude .hg -strip-unsigned-binaries -strip-deterministic -strip-tool /Applications/Xcode.app/Contents/Developer/Toolchains/XcodeDefault.xctoolchain/usr/bin/strip -resolve-src-symlinks -rename /Users/pc49-58/.codex/worktrees/cozy-02-integration/TacticalGo/ios/Build/Intermediates.noindex/TacticalGo.build/Release-iphonesimulator/TacticalGo.build/Objects-normal/arm64/TacticalGo.abi.json /Users/pc49-58/.codex/worktrees/cozy-02-integration/TacticalGo/ios/Build/Products/Release-iphonesimulator/TacticalGo.swiftmodule/arm64-apple-ios-simulator.abi.json

Copy /Users/pc49-58/.codex/worktrees/cozy-02-integration/TacticalGo/ios/Build/Products/Release-iphonesimulator/TacticalGo.swiftmodule/Project/arm64-apple-ios-simulator.swiftsourceinfo /Users/pc49-58/.codex/worktrees/cozy-02-integration/TacticalGo/ios/Build/Intermediates.noindex/TacticalGo.build/Release-iphonesimulator/TacticalGo.build/Objects-normal/arm64/TacticalGo.swiftsourceinfo (in target 'TacticalGo' from project 'TacticalGo')
    cd /Users/pc49-58/.codex/worktrees/cozy-02-integration/TacticalGo/ios
    builtin-copy -exclude .DS_Store -exclude CVS -exclude .svn -exclude .git -exclude .hg -strip-unsigned-binaries -strip-deterministic -strip-tool /Applications/Xcode.app/Contents/Developer/Toolchains/XcodeDefault.xctoolchain/usr/bin/strip -resolve-src-symlinks -rename /Users/pc49-58/.codex/worktrees/cozy-02-integration/TacticalGo/ios/Build/Intermediates.noindex/TacticalGo.build/Release-iphonesimulator/TacticalGo.build/Objects-normal/arm64/TacticalGo.swiftsourceinfo /Users/pc49-58/.codex/worktrees/cozy-02-integration/TacticalGo/ios/Build/Products/Release-iphonesimulator/TacticalGo.swiftmodule/Project/arm64-apple-ios-simulator.swiftsourceinfo

ProcessInfoPlistFile /Users/pc49-58/.codex/worktrees/cozy-02-integration/TacticalGo/ios/Build/Products/Release-iphonesimulator/TacticalGo.app/Info.plist /Users/pc49-58/.codex/worktrees/cozy-02-integration/TacticalGo/ios/Build/Intermediates.noindex/TacticalGo.build/Release-iphonesimulator/TacticalGo.build/empty-TacticalGo.plist (in target 'TacticalGo' from project 'TacticalGo')
    cd /Users/pc49-58/.codex/worktrees/cozy-02-integration/TacticalGo/ios
    builtin-infoPlistUtility /Users/pc49-58/.codex/worktrees/cozy-02-integration/TacticalGo/ios/Build/Intermediates.noindex/TacticalGo.build/Release-iphonesimulator/TacticalGo.build/empty-TacticalGo.plist -producttype com.apple.product-type.application -genpkginfo /Users/pc49-58/.codex/worktrees/cozy-02-integration/TacticalGo/ios/Build/Products/Release-iphonesimulator/TacticalGo.app/PkgInfo -expandbuildsettings -format binary -platform iphonesimulator -additionalcontentfile /Users/pc49-58/.codex/worktrees/cozy-02-integration/TacticalGo/ios/Build/Intermediates.noindex/TacticalGo.build/Release-iphonesimulator/TacticalGo.build/assetcatalog_generated_info.plist -scanforprivacyfile /Users/pc49-58/.codex/worktrees/cozy-02-integration/TacticalGo/ios/Build/Products/Release-iphonesimulator/TacticalGo.app/TacticalGoCore_TacticalGoOnboarding.bundle -o /Users/pc49-58/.codex/worktrees/cozy-02-integration/TacticalGo/ios/Build/Products/Release-iphonesimulator/TacticalGo.app/Info.plist

SwiftCompile normal arm64 Compiling\ ModelGeometry.swift,\ ModelLibrary.swift,\ ModelArena.swift,\ ModelCamera.swift /Users/pc49-58/.codex/worktrees/cozy-02-integration/TacticalGo/ios/TacticalGo/ModelGeometry.swift /Users/pc49-58/.codex/worktrees/cozy-02-integration/TacticalGo/ios/TacticalGo/ModelLibrary.swift /Users/pc49-58/.codex/worktrees/cozy-02-integration/TacticalGo/ios/TacticalGo/ModelArena.swift /Users/pc49-58/.codex/worktrees/cozy-02-integration/TacticalGo/ios/TacticalGo/ModelCamera.swift (in target 'TacticalGo' from project 'TacticalGo')

SwiftCompile normal arm64 /Users/pc49-58/.codex/worktrees/cozy-02-integration/TacticalGo/ios/TacticalGo/ModelGeometry.swift (in target 'TacticalGo' from project 'TacticalGo')
    cd /Users/pc49-58/.codex/worktrees/cozy-02-integration/TacticalGo/ios


SwiftCompile normal arm64 /Users/pc49-58/.codex/worktrees/cozy-02-integration/TacticalGo/ios/TacticalGo/ModelLibrary.swift (in target 'TacticalGo' from project 'TacticalGo')
    cd /Users/pc49-58/.codex/worktrees/cozy-02-integration/TacticalGo/ios


SwiftCompile normal arm64 /Users/pc49-58/.codex/worktrees/cozy-02-integration/TacticalGo/ios/TacticalGo/ModelArena.swift (in target 'TacticalGo' from project 'TacticalGo')
    cd /Users/pc49-58/.codex/worktrees/cozy-02-integration/TacticalGo/ios


SwiftCompile normal arm64 /Users/pc49-58/.codex/worktrees/cozy-02-integration/TacticalGo/ios/TacticalGo/ModelCamera.swift (in target 'TacticalGo' from project 'TacticalGo')
    cd /Users/pc49-58/.codex/worktrees/cozy-02-integration/TacticalGo/ios


SwiftCompile normal arm64 Compiling\ CozyAudit.swift,\ CozyStyle.swift,\ CozyBoard.swift,\ Anim01Assets.swift /Users/pc49-58/.codex/worktrees/cozy-02-integration/TacticalGo/ios/TacticalGo/CozyAudit.swift /Users/pc49-58/.codex/worktrees/cozy-02-integration/TacticalGo/ios/TacticalGo/CozyStyle.swift /Users/pc49-58/.codex/worktrees/cozy-02-integration/TacticalGo/ios/TacticalGo/CozyBoard.swift /Users/pc49-58/.codex/worktrees/cozy-02-integration/TacticalGo/ios/TacticalGo/Anim01Assets.swift (in target 'TacticalGo' from project 'TacticalGo')

SwiftCompile normal arm64 /Users/pc49-58/.codex/worktrees/cozy-02-integration/TacticalGo/ios/TacticalGo/CozyAudit.swift (in target 'TacticalGo' from project 'TacticalGo')
    cd /Users/pc49-58/.codex/worktrees/cozy-02-integration/TacticalGo/ios


SwiftCompile normal arm64 /Users/pc49-58/.codex/worktrees/cozy-02-integration/TacticalGo/ios/TacticalGo/CozyStyle.swift (in target 'TacticalGo' from project 'TacticalGo')
    cd /Users/pc49-58/.codex/worktrees/cozy-02-integration/TacticalGo/ios


SwiftCompile normal arm64 /Users/pc49-58/.codex/worktrees/cozy-02-integration/TacticalGo/ios/TacticalGo/CozyBoard.swift (in target 'TacticalGo' from project 'TacticalGo')
    cd /Users/pc49-58/.codex/worktrees/cozy-02-integration/TacticalGo/ios


SwiftCompile normal arm64 /Users/pc49-58/.codex/worktrees/cozy-02-integration/TacticalGo/ios/TacticalGo/Anim01Assets.swift (in target 'TacticalGo' from project 'TacticalGo')
    cd /Users/pc49-58/.codex/worktrees/cozy-02-integration/TacticalGo/ios


SwiftDriverJobDiscovery normal x86_64 Compiling BoardPlayback.swift, ModelMotion.swift, AnimationGallery.swift, ModelExport.swift (in target 'TacticalGo' from project 'TacticalGo')

SwiftCompile normal x86_64 Compiling\ HeroBodyReview.swift,\ HeroBodyView.swift,\ MagePoseReview.swift,\ MageBodyView.swift /Users/pc49-58/.codex/worktrees/cozy-02-integration/TacticalGo/ios/TacticalGo/HeroBodyReview.swift /Users/pc49-58/.codex/worktrees/cozy-02-integration/TacticalGo/ios/TacticalGo/HeroBodyView.swift /Users/pc49-58/.codex/worktrees/cozy-02-integration/TacticalGo/ios/TacticalGo/MagePoseReview.swift /Users/pc49-58/.codex/worktrees/cozy-02-integration/TacticalGo/ios/TacticalGo/MageBodyView.swift (in target 'TacticalGo' from project 'TacticalGo')

SwiftCompile normal x86_64 /Users/pc49-58/.codex/worktrees/cozy-02-integration/TacticalGo/ios/TacticalGo/HeroBodyReview.swift (in target 'TacticalGo' from project 'TacticalGo')
    cd /Users/pc49-58/.codex/worktrees/cozy-02-integration/TacticalGo/ios


SwiftCompile normal x86_64 /Users/pc49-58/.codex/worktrees/cozy-02-integration/TacticalGo/ios/TacticalGo/HeroBodyView.swift (in target 'TacticalGo' from project 'TacticalGo')
    cd /Users/pc49-58/.codex/worktrees/cozy-02-integration/TacticalGo/ios


SwiftCompile normal x86_64 /Users/pc49-58/.codex/worktrees/cozy-02-integration/TacticalGo/ios/TacticalGo/MagePoseReview.swift (in target 'TacticalGo' from project 'TacticalGo')
    cd /Users/pc49-58/.codex/worktrees/cozy-02-integration/TacticalGo/ios


SwiftCompile normal x86_64 /Users/pc49-58/.codex/worktrees/cozy-02-integration/TacticalGo/ios/TacticalGo/MageBodyView.swift (in target 'TacticalGo' from project 'TacticalGo')
    cd /Users/pc49-58/.codex/worktrees/cozy-02-integration/TacticalGo/ios


SwiftDriverJobDiscovery normal x86_64 Compiling CozyAudit.swift, CozyStyle.swift, CozyBoard.swift, Anim01Assets.swift (in target 'TacticalGo' from project 'TacticalGo')

SwiftCompile normal arm64 Compiling\ HeroBodyReview.swift,\ HeroBodyView.swift,\ MagePoseReview.swift,\ MageBodyView.swift /Users/pc49-58/.codex/worktrees/cozy-02-integration/TacticalGo/ios/TacticalGo/HeroBodyReview.swift /Users/pc49-58/.codex/worktrees/cozy-02-integration/TacticalGo/ios/TacticalGo/HeroBodyView.swift /Users/pc49-58/.codex/worktrees/cozy-02-integration/TacticalGo/ios/TacticalGo/MagePoseReview.swift /Users/pc49-58/.codex/worktrees/cozy-02-integration/TacticalGo/ios/TacticalGo/MageBodyView.swift (in target 'TacticalGo' from project 'TacticalGo')

SwiftCompile normal arm64 /Users/pc49-58/.codex/worktrees/cozy-02-integration/TacticalGo/ios/TacticalGo/HeroBodyReview.swift (in target 'TacticalGo' from project 'TacticalGo')
    cd /Users/pc49-58/.codex/worktrees/cozy-02-integration/TacticalGo/ios


SwiftCompile normal arm64 /Users/pc49-58/.codex/worktrees/cozy-02-integration/TacticalGo/ios/TacticalGo/HeroBodyView.swift (in target 'TacticalGo' from project 'TacticalGo')
    cd /Users/pc49-58/.codex/worktrees/cozy-02-integration/TacticalGo/ios


SwiftCompile normal arm64 /Users/pc49-58/.codex/worktrees/cozy-02-integration/TacticalGo/ios/TacticalGo/MagePoseReview.swift (in target 'TacticalGo' from project 'TacticalGo')
    cd /Users/pc49-58/.codex/worktrees/cozy-02-integration/TacticalGo/ios


SwiftCompile normal arm64 /Users/pc49-58/.codex/worktrees/cozy-02-integration/TacticalGo/ios/TacticalGo/MageBodyView.swift (in target 'TacticalGo' from project 'TacticalGo')
    cd /Users/pc49-58/.codex/worktrees/cozy-02-integration/TacticalGo/ios


SwiftDriverJobDiscovery normal arm64 Compiling ModelGeometry.swift, ModelLibrary.swift, ModelArena.swift, ModelCamera.swift (in target 'TacticalGo' from project 'TacticalGo')

SwiftDriverJobDiscovery normal x86_64 Compiling HeroBodyReview.swift, HeroBodyView.swift, MagePoseReview.swift, MageBodyView.swift (in target 'TacticalGo' from project 'TacticalGo')

SwiftDriverJobDiscovery normal arm64 Compiling HeroBodyReview.swift, HeroBodyView.swift, MagePoseReview.swift, MageBodyView.swift (in target 'TacticalGo' from project 'TacticalGo')

SwiftDriverJobDiscovery normal x86_64 Compiling CombatAudio.swift, GameVisualAssets.swift, PlayableGameView.swift, TacticalGoApp.swift (in target 'TacticalGo' from project 'TacticalGo')

SwiftDriverJobDiscovery normal arm64 Compiling BoardPlayback.swift, ModelMotion.swift, AnimationGallery.swift, ModelExport.swift (in target 'TacticalGo' from project 'TacticalGo')

SwiftDriverJobDiscovery normal arm64 Compiling CombatAudio.swift, GameVisualAssets.swift, PlayableGameView.swift, TacticalGoApp.swift (in target 'TacticalGo' from project 'TacticalGo')

SwiftDriverJobDiscovery normal arm64 Compiling CozyAudit.swift, CozyStyle.swift, CozyBoard.swift, Anim01Assets.swift (in target 'TacticalGo' from project 'TacticalGo')

SwiftDriverJobDiscovery normal x86_64 Compiling GameStore.swift, BoardViews.swift, ContentView.swift, ModelBoard.swift (in target 'TacticalGo' from project 'TacticalGo')

SwiftDriver\ Compilation TacticalGo normal x86_64 com.apple.xcode.tools.swift.compiler (in target 'TacticalGo' from project 'TacticalGo')
    cd /Users/pc49-58/.codex/worktrees/cozy-02-integration/TacticalGo/ios
    builtin-Swift-Compilation -- /Applications/Xcode.app/Contents/Developer/Toolchains/XcodeDefault.xctoolchain/usr/bin/swiftc -module-name TacticalGo -O @/Users/pc49-58/.codex/worktrees/cozy-02-integration/TacticalGo/ios/Build/Intermediates.noindex/TacticalGo.build/Release-iphonesimulator/TacticalGo.build/Objects-normal/x86_64/TacticalGo.SwiftFileList -enable-experimental-feature DebugDescriptionMacro -sdk /Applications/Xcode.app/Contents/Developer/Platforms/iPhoneSimulator.platform/Developer/SDKs/iPhoneSimulator26.5.sdk -target x86_64-apple-ios17.0-simulator -g -module-cache-path /Users/pc49-58/.codex/worktrees/cozy-02-integration/TacticalGo/ios/HeroBodyReleaseBuild/ModuleCache.noindex -Xfrontend -serialize-debugging-options -enable-testing -swift-version 6 -I /Users/pc49-58/.codex/worktrees/cozy-02-integration/TacticalGo/ios/Build/Products/Release-iphonesimulator -F /Users/pc49-58/.codex/worktrees/cozy-02-integration/TacticalGo/ios/Build/Products/Release-iphonesimulator/PackageFrameworks -F /Users/pc49-58/.codex/worktrees/cozy-02-integration/TacticalGo/ios/Build/Products/Release-iphonesimulator/PackageFrameworks -F /Users/pc49-58/.codex/worktrees/cozy-02-integration/TacticalGo/ios/Build/Products/Release-iphonesimulator/PackageFrameworks -F /Users/pc49-58/.codex/worktrees/cozy-02-integration/TacticalGo/ios/Build/Products/Release-iphonesimulator/PackageFrameworks -F /Users/pc49-58/.codex/worktrees/cozy-02-integration/TacticalGo/ios/Build/Products/Release-iphonesimulator/PackageFrameworks -F /Users/pc49-58/.codex/worktrees/cozy-02-integration/TacticalGo/ios/Build/Products/Release-iphonesimulator/PackageFrameworks -F /Users/pc49-58/.codex/worktrees/cozy-02-integration/TacticalGo/ios/Build/Products/Release-iphonesimulator -c -j8 -enable-batch-mode -incremental -Xcc -ivfsstatcache -Xcc /Users/pc49-58/.codex/worktrees/cozy-02-integration/TacticalGo/ios/HeroBodyReleaseBuild/SDKStatCaches.noindex/iphonesimulator26.5-23F81a-6cfe768891a92b912361537c460fe42b.sdkstatcache -output-file-map /Users/pc49-58/.codex/worktrees/cozy-02-integration/TacticalGo/ios/Build/Intermediates.noindex/TacticalGo.build/Release-iphonesimulator/TacticalGo.build/Objects-normal/x86_64/TacticalGo-OutputFileMap.json -use-frontend-parseable-output -save-temps -no-color-diagnostics -explicit-module-build -module-cache-path /Users/pc49-58/.codex/worktrees/cozy-02-integration/TacticalGo/ios/Build/Intermediates.noindex/SwiftExplicitPrecompiledModules -clang-scanner-module-cache-path /Users/pc49-58/.codex/worktrees/cozy-02-integration/TacticalGo/ios/HeroBodyReleaseBuild/ModuleCache.noindex -sdk-module-cache-path /Users/pc49-58/.codex/worktrees/cozy-02-integration/TacticalGo/ios/HeroBodyReleaseBuild/ModuleCache.noindex -serialize-diagnostics -emit-dependencies -emit-module -emit-module-path /Users/pc49-58/.codex/worktrees/cozy-02-integration/TacticalGo/ios/Build/Intermediates.noindex/TacticalGo.build/Release-iphonesimulator/TacticalGo.build/Objects-normal/x86_64/TacticalGo.swiftmodule -validate-clang-modules-once -clang-build-session-file /Users/pc49-58/.codex/worktrees/cozy-02-integration/TacticalGo/ios/HeroBodyReleaseBuild/ModuleCache.noindex/Session.modulevalidation -Xcc -I/Users/pc49-58/.codex/worktrees/cozy-02-integration/TacticalGo/ios/Build/Intermediates.noindex/TacticalGo.build/Release-iphonesimulator/TacticalGo.build/swift-overrides.hmap -emit-const-values -Xfrontend -const-gather-protocols-file -Xfrontend /Users/pc49-58/.codex/worktrees/cozy-02-integration/TacticalGo/ios/Build/Intermediates.noindex/TacticalGo.build/Release-iphonesimulator/TacticalGo.build/Objects-normal/x86_64/TacticalGo_const_extract_protocols.json -Xcc -iquote -Xcc /Users/pc49-58/.codex/worktrees/cozy-02-integration/TacticalGo/ios/Build/Intermediates.noindex/TacticalGo.build/Release-iphonesimulator/TacticalGo.build/TacticalGo-generated-files.hmap -Xcc -I/Users/pc49-58/.codex/worktrees/cozy-02-integration/TacticalGo/ios/Build/Intermediates.noindex/TacticalGo.build/Release-iphonesimulator/TacticalGo.build/TacticalGo-own-target-headers.hmap -Xcc -I/Users/pc49-58/.codex/worktrees/cozy-02-integration/TacticalGo/ios/Build/Intermediates.noindex/TacticalGo.build/Release-iphonesimulator/TacticalGo.build/TacticalGo-all-non-framework-target-headers.hmap -Xcc -ivfsoverlay -Xcc /Users/pc49-58/.codex/worktrees/cozy-02-integration/TacticalGo/ios/Build/Intermediates.noindex/TacticalGo.build/Release-iphonesimulator/TacticalGo-32580fe5d0e5965bad977075ff1df9a9-VFS-iphonesimulator/all-product-headers.yaml -Xcc -iquote -Xcc /Users/pc49-58/.codex/worktrees/cozy-02-integration/TacticalGo/ios/Build/Intermediates.noindex/TacticalGo.build/Release-iphonesimulator/TacticalGo.build/TacticalGo-project-headers.hmap -Xcc -I/Users/pc49-58/.codex/worktrees/cozy-02-integration/TacticalGo/ios/Build/Products/Release-iphonesimulator/include -Xcc -I/Users/pc49-58/.codex/worktrees/cozy-02-integration/TacticalGo/ios/Build/Intermediates.noindex/TacticalGo.build/Release-iphonesimulator/TacticalGo.build/DerivedSources-normal/x86_64 -Xcc -I/Users/pc49-58/.codex/worktrees/cozy-02-integration/TacticalGo/ios/Build/Intermediates.noindex/TacticalGo.build/Release-iphonesimulator/TacticalGo.build/DerivedSources/x86_64 -Xcc -I/Users/pc49-58/.codex/worktrees/cozy-02-integration/TacticalGo/ios/Build/Intermediates.noindex/TacticalGo.build/Release-iphonesimulator/TacticalGo.build/DerivedSources -emit-objc-header -emit-objc-header-path /Users/pc49-58/.codex/worktrees/cozy-02-integration/TacticalGo/ios/Build/Intermediates.noindex/TacticalGo.build/Release-iphonesimulator/TacticalGo.build/Objects-normal/x86_64/TacticalGo-Swift.h -working-directory /Users/pc49-58/.codex/worktrees/cozy-02-integration/TacticalGo/ios -experimental-emit-module-separately -disable-cmo

Ld /Users/pc49-58/.codex/worktrees/cozy-02-integration/TacticalGo/ios/Build/Intermediates.noindex/TacticalGo.build/Release-iphonesimulator/TacticalGo.build/Objects-normal/x86_64/Binary/TacticalGo normal x86_64 (in target 'TacticalGo' from project 'TacticalGo')
    cd /Users/pc49-58/.codex/worktrees/cozy-02-integration/TacticalGo/ios
    /Applications/Xcode.app/Contents/Developer/Toolchains/XcodeDefault.xctoolchain/usr/bin/clang -Xlinker -reproducible -target x86_64-apple-ios17.0-simulator -isysroot /Applications/Xcode.app/Contents/Developer/Platforms/iPhoneSimulator.platform/Developer/SDKs/iPhoneSimulator26.5.sdk -Os -L/Users/pc49-58/.codex/worktrees/cozy-02-integration/TacticalGo/ios/Build/Intermediates.noindex/EagerLinkingTBDs/Release-iphonesimulator -L/Users/pc49-58/.codex/worktrees/cozy-02-integration/TacticalGo/ios/Build/Products/Release-iphonesimulator -F/Users/pc49-58/.codex/worktrees/cozy-02-integration/TacticalGo/ios/Build/Intermediates.noindex/EagerLinkingTBDs/Release-iphonesimulator -F/Users/pc49-58/.codex/worktrees/cozy-02-integration/TacticalGo/ios/Build/Products/Release-iphonesimulator/PackageFrameworks -F/Users/pc49-58/.codex/worktrees/cozy-02-integration/TacticalGo/ios/Build/Products/Release-iphonesimulator/PackageFrameworks -F/Users/pc49-58/.codex/worktrees/cozy-02-integration/TacticalGo/ios/Build/Products/Release-iphonesimulator/PackageFrameworks -F/Users/pc49-58/.codex/worktrees/cozy-02-integration/TacticalGo/ios/Build/Products/Release-iphonesimulator/PackageFrameworks -F/Users/pc49-58/.codex/worktrees/cozy-02-integration/TacticalGo/ios/Build/Products/Release-iphonesimulator/PackageFrameworks -F/Users/pc49-58/.codex/worktrees/cozy-02-integration/TacticalGo/ios/Build/Products/Release-iphonesimulator/PackageFrameworks -F/Users/pc49-58/.codex/worktrees/cozy-02-integration/TacticalGo/ios/Build/Products/Release-iphonesimulator -filelist /Users/pc49-58/.codex/worktrees/cozy-02-integration/TacticalGo/ios/Build/Intermediates.noindex/TacticalGo.build/Release-iphonesimulator/TacticalGo.build/Objects-normal/x86_64/TacticalGo.LinkFileList -Xlinker -rpath -Xlinker /usr/lib/swift -Xlinker -dead_strip -Xlinker -object_path_lto -Xlinker /Users/pc49-58/.codex/worktrees/cozy-02-integration/TacticalGo/ios/Build/Intermediates.noindex/TacticalGo.build/Release-iphonesimulator/TacticalGo.build/Objects-normal/x86_64/TacticalGo_lto.o -rdynamic -Xlinker -objc_abi_version -Xlinker 2 -Xlinker -dependency_info -Xlinker /Users/pc49-58/.codex/worktrees/cozy-02-integration/TacticalGo/ios/Build/Intermediates.noindex/TacticalGo.build/Release-iphonesimulator/TacticalGo.build/Objects-normal/x86_64/TacticalGo_dependency_info.dat -fobjc-link-runtime -L/Applications/Xcode.app/Contents/Developer/Toolchains/XcodeDefault.xctoolchain/usr/lib/swift/iphonesimulator -L/usr/lib/swift -Xlinker -add_ast_path -Xlinker /Users/pc49-58/.codex/worktrees/cozy-02-integration/TacticalGo/ios/Build/Intermediates.noindex/TacticalGo.build/Release-iphonesimulator/TacticalGo.build/Objects-normal/x86_64/TacticalGo.swiftmodule @/Users/pc49-58/.codex/worktrees/cozy-02-integration/TacticalGo/ios/Build/Intermediates.noindex/TacticalGo.build/Release-iphonesimulator/TacticalGo.build/Objects-normal/x86_64/TacticalGo-linker-args.resp -Wl,-no_warn_duplicate_libraries -Wl,-no_warn_duplicate_libraries -Wl,-no_warn_duplicate_libraries -Wl,-no_warn_duplicate_libraries -Wl,-no_warn_duplicate_libraries -Wl,-no_warn_duplicate_libraries -o /Users/pc49-58/.codex/worktrees/cozy-02-integration/TacticalGo/ios/Build/Intermediates.noindex/TacticalGo.build/Release-iphonesimulator/TacticalGo.build/Objects-normal/x86_64/Binary/TacticalGo -Xlinker -add_ast_path -Xlinker /Users/pc49-58/.codex/worktrees/cozy-02-integration/TacticalGo/ios/Build/Intermediates.noindex/TacticalGoCore.build/Release-iphonesimulator/TacticalGoOnboarding.build/Objects-normal/x86_64/TacticalGoOnboarding.swiftmodule @/Users/pc49-58/.codex/worktrees/cozy-02-integration/TacticalGo/ios/Build/Intermediates.noindex/TacticalGoCore.build/Release-iphonesimulator/TacticalGoOnboarding.build/Objects-normal/x86_64/TacticalGoOnboarding-linker-args.resp -Xlinker -add_ast_path -Xlinker /Users/pc49-58/.codex/worktrees/cozy-02-integration/TacticalGo/ios/Build/Intermediates.noindex/TacticalGoCore.build/Release-iphonesimulator/TacticalGoCore.build/Objects-normal/x86_64/TacticalGoCore.swiftmodule @/Users/pc49-58/.codex/worktrees/cozy-02-integration/TacticalGo/ios/Build/Intermediates.noindex/TacticalGoCore.build/Release-iphonesimulator/TacticalGoCore.build/Objects-normal/x86_64/TacticalGoCore-linker-args.resp -Xlinker -add_ast_path -Xlinker /Users/pc49-58/.codex/worktrees/cozy-02-integration/TacticalGo/ios/Build/Intermediates.noindex/TacticalGoCore.build/Release-iphonesimulator/TacticalGoRecords.build/Objects-normal/x86_64/TacticalGoRecords.swiftmodule @/Users/pc49-58/.codex/worktrees/cozy-02-integration/TacticalGo/ios/Build/Intermediates.noindex/TacticalGoCore.build/Release-iphonesimulator/TacticalGoRecords.build/Objects-normal/x86_64/TacticalGoRecords-linker-args.resp -Xlinker -add_ast_path -Xlinker /Users/pc49-58/.codex/worktrees/cozy-02-integration/TacticalGo/ios/Build/Intermediates.noindex/TacticalGoCore.build/Release-iphonesimulator/TacticalGoBot.build/Objects-normal/x86_64/TacticalGoBot.swiftmodule @/Users/pc49-58/.codex/worktrees/cozy-02-integration/TacticalGo/ios/Build/Intermediates.noindex/TacticalGoCore.build/Release-iphonesimulator/TacticalGoBot.build/Objects-normal/x86_64/TacticalGoBot-linker-args.resp -Xlinker -add_ast_path -Xlinker /Users/pc49-58/.codex/worktrees/cozy-02-integration/TacticalGo/ios/Build/Intermediates.noindex/TacticalGoCore.build/Release-iphonesimulator/TacticalGoVisuals.build/Objects-normal/x86_64/TacticalGoVisuals.swiftmodule @/Users/pc49-58/.codex/worktrees/cozy-02-integration/TacticalGo/ios/Build/Intermediates.noindex/TacticalGoCore.build/Release-iphonesimulator/TacticalGoVisuals.build/Objects-normal/x86_64/TacticalGoVisuals-linker-args.resp -Xlinker -add_ast_path -Xlinker /Users/pc49-58/.codex/worktrees/cozy-02-integration/TacticalGo/ios/Build/Intermediates.noindex/TacticalGoCore.build/Release-iphonesimulator/TacticalGoMotion.build/Objects-normal/x86_64/TacticalGoMotion.swiftmodule @/Users/pc49-58/.codex/worktrees/cozy-02-integration/TacticalGo/ios/Build/Intermediates.noindex/TacticalGoCore.build/Release-iphonesimulator/TacticalGoMotion.build/Objects-normal/x86_64/TacticalGoMotion-linker-args.resp

SwiftDriverJobDiscovery normal arm64 Compiling GameStore.swift, BoardViews.swift, ContentView.swift, ModelBoard.swift (in target 'TacticalGo' from project 'TacticalGo')

SwiftDriver\ Compilation TacticalGo normal arm64 com.apple.xcode.tools.swift.compiler (in target 'TacticalGo' from project 'TacticalGo')
    cd /Users/pc49-58/.codex/worktrees/cozy-02-integration/TacticalGo/ios
    builtin-Swift-Compilation -- /Applications/Xcode.app/Contents/Developer/Toolchains/XcodeDefault.xctoolchain/usr/bin/swiftc -module-name TacticalGo -O @/Users/pc49-58/.codex/worktrees/cozy-02-integration/TacticalGo/ios/Build/Intermediates.noindex/TacticalGo.build/Release-iphonesimulator/TacticalGo.build/Objects-normal/arm64/TacticalGo.SwiftFileList -enable-experimental-feature DebugDescriptionMacro -sdk /Applications/Xcode.app/Contents/Developer/Platforms/iPhoneSimulator.platform/Developer/SDKs/iPhoneSimulator26.5.sdk -target arm64-apple-ios17.0-simulator -g -module-cache-path /Users/pc49-58/.codex/worktrees/cozy-02-integration/TacticalGo/ios/HeroBodyReleaseBuild/ModuleCache.noindex -Xfrontend -serialize-debugging-options -enable-testing -swift-version 6 -I /Users/pc49-58/.codex/worktrees/cozy-02-integration/TacticalGo/ios/Build/Products/Release-iphonesimulator -F /Users/pc49-58/.codex/worktrees/cozy-02-integration/TacticalGo/ios/Build/Products/Release-iphonesimulator/PackageFrameworks -F /Users/pc49-58/.codex/worktrees/cozy-02-integration/TacticalGo/ios/Build/Products/Release-iphonesimulator/PackageFrameworks -F /Users/pc49-58/.codex/worktrees/cozy-02-integration/TacticalGo/ios/Build/Products/Release-iphonesimulator/PackageFrameworks -F /Users/pc49-58/.codex/worktrees/cozy-02-integration/TacticalGo/ios/Build/Products/Release-iphonesimulator/PackageFrameworks -F /Users/pc49-58/.codex/worktrees/cozy-02-integration/TacticalGo/ios/Build/Products/Release-iphonesimulator/PackageFrameworks -F /Users/pc49-58/.codex/worktrees/cozy-02-integration/TacticalGo/ios/Build/Products/Release-iphonesimulator/PackageFrameworks -F /Users/pc49-58/.codex/worktrees/cozy-02-integration/TacticalGo/ios/Build/Products/Release-iphonesimulator -c -j8 -enable-batch-mode -incremental -Xcc -ivfsstatcache -Xcc /Users/pc49-58/.codex/worktrees/cozy-02-integration/TacticalGo/ios/HeroBodyReleaseBuild/SDKStatCaches.noindex/iphonesimulator26.5-23F81a-6cfe768891a92b912361537c460fe42b.sdkstatcache -output-file-map /Users/pc49-58/.codex/worktrees/cozy-02-integration/TacticalGo/ios/Build/Intermediates.noindex/TacticalGo.build/Release-iphonesimulator/TacticalGo.build/Objects-normal/arm64/TacticalGo-OutputFileMap.json -use-frontend-parseable-output -save-temps -no-color-diagnostics -explicit-module-build -module-cache-path /Users/pc49-58/.codex/worktrees/cozy-02-integration/TacticalGo/ios/Build/Intermediates.noindex/SwiftExplicitPrecompiledModules -clang-scanner-module-cache-path /Users/pc49-58/.codex/worktrees/cozy-02-integration/TacticalGo/ios/HeroBodyReleaseBuild/ModuleCache.noindex -sdk-module-cache-path /Users/pc49-58/.codex/worktrees/cozy-02-integration/TacticalGo/ios/HeroBodyReleaseBuild/ModuleCache.noindex -serialize-diagnostics -emit-dependencies -emit-module -emit-module-path /Users/pc49-58/.codex/worktrees/cozy-02-integration/TacticalGo/ios/Build/Intermediates.noindex/TacticalGo.build/Release-iphonesimulator/TacticalGo.build/Objects-normal/arm64/TacticalGo.swiftmodule -validate-clang-modules-once -clang-build-session-file /Users/pc49-58/.codex/worktrees/cozy-02-integration/TacticalGo/ios/HeroBodyReleaseBuild/ModuleCache.noindex/Session.modulevalidation -Xcc -I/Users/pc49-58/.codex/worktrees/cozy-02-integration/TacticalGo/ios/Build/Intermediates.noindex/TacticalGo.build/Release-iphonesimulator/TacticalGo.build/swift-overrides.hmap -emit-const-values -Xfrontend -const-gather-protocols-file -Xfrontend /Users/pc49-58/.codex/worktrees/cozy-02-integration/TacticalGo/ios/Build/Intermediates.noindex/TacticalGo.build/Release-iphonesimulator/TacticalGo.build/Objects-normal/arm64/TacticalGo_const_extract_protocols.json -Xcc -iquote -Xcc /Users/pc49-58/.codex/worktrees/cozy-02-integration/TacticalGo/ios/Build/Intermediates.noindex/TacticalGo.build/Release-iphonesimulator/TacticalGo.build/TacticalGo-generated-files.hmap -Xcc -I/Users/pc49-58/.codex/worktrees/cozy-02-integration/TacticalGo/ios/Build/Intermediates.noindex/TacticalGo.build/Release-iphonesimulator/TacticalGo.build/TacticalGo-own-target-headers.hmap -Xcc -I/Users/pc49-58/.codex/worktrees/cozy-02-integration/TacticalGo/ios/Build/Intermediates.noindex/TacticalGo.build/Release-iphonesimulator/TacticalGo.build/TacticalGo-all-non-framework-target-headers.hmap -Xcc -ivfsoverlay -Xcc /Users/pc49-58/.codex/worktrees/cozy-02-integration/TacticalGo/ios/Build/Intermediates.noindex/TacticalGo.build/Release-iphonesimulator/TacticalGo-32580fe5d0e5965bad977075ff1df9a9-VFS-iphonesimulator/all-product-headers.yaml -Xcc -iquote -Xcc /Users/pc49-58/.codex/worktrees/cozy-02-integration/TacticalGo/ios/Build/Intermediates.noindex/TacticalGo.build/Release-iphonesimulator/TacticalGo.build/TacticalGo-project-headers.hmap -Xcc -I/Users/pc49-58/.codex/worktrees/cozy-02-integration/TacticalGo/ios/Build/Products/Release-iphonesimulator/include -Xcc -I/Users/pc49-58/.codex/worktrees/cozy-02-integration/TacticalGo/ios/Build/Intermediates.noindex/TacticalGo.build/Release-iphonesimulator/TacticalGo.build/DerivedSources-normal/arm64 -Xcc -I/Users/pc49-58/.codex/worktrees/cozy-02-integration/TacticalGo/ios/Build/Intermediates.noindex/TacticalGo.build/Release-iphonesimulator/TacticalGo.build/DerivedSources/arm64 -Xcc -I/Users/pc49-58/.codex/worktrees/cozy-02-integration/TacticalGo/ios/Build/Intermediates.noindex/TacticalGo.build/Release-iphonesimulator/TacticalGo.build/DerivedSources -emit-objc-header -emit-objc-header-path /Users/pc49-58/.codex/worktrees/cozy-02-integration/TacticalGo/ios/Build/Intermediates.noindex/TacticalGo.build/Release-iphonesimulator/TacticalGo.build/Objects-normal/arm64/TacticalGo-Swift.h -working-directory /Users/pc49-58/.codex/worktrees/cozy-02-integration/TacticalGo/ios -experimental-emit-module-separately -disable-cmo

Ld /Users/pc49-58/.codex/worktrees/cozy-02-integration/TacticalGo/ios/Build/Intermediates.noindex/TacticalGo.build/Release-iphonesimulator/TacticalGo.build/Objects-normal/arm64/Binary/TacticalGo normal arm64 (in target 'TacticalGo' from project 'TacticalGo')
    cd /Users/pc49-58/.codex/worktrees/cozy-02-integration/TacticalGo/ios
    /Applications/Xcode.app/Contents/Developer/Toolchains/XcodeDefault.xctoolchain/usr/bin/clang -Xlinker -reproducible -target arm64-apple-ios17.0-simulator -isysroot /Applications/Xcode.app/Contents/Developer/Platforms/iPhoneSimulator.platform/Developer/SDKs/iPhoneSimulator26.5.sdk -Os -L/Users/pc49-58/.codex/worktrees/cozy-02-integration/TacticalGo/ios/Build/Intermediates.noindex/EagerLinkingTBDs/Release-iphonesimulator -L/Users/pc49-58/.codex/worktrees/cozy-02-integration/TacticalGo/ios/Build/Products/Release-iphonesimulator -F/Users/pc49-58/.codex/worktrees/cozy-02-integration/TacticalGo/ios/Build/Intermediates.noindex/EagerLinkingTBDs/Release-iphonesimulator -F/Users/pc49-58/.codex/worktrees/cozy-02-integration/TacticalGo/ios/Build/Products/Release-iphonesimulator/PackageFrameworks -F/Users/pc49-58/.codex/worktrees/cozy-02-integration/TacticalGo/ios/Build/Products/Release-iphonesimulator/PackageFrameworks -F/Users/pc49-58/.codex/worktrees/cozy-02-integration/TacticalGo/ios/Build/Products/Release-iphonesimulator/PackageFrameworks -F/Users/pc49-58/.codex/worktrees/cozy-02-integration/TacticalGo/ios/Build/Products/Release-iphonesimulator/PackageFrameworks -F/Users/pc49-58/.codex/worktrees/cozy-02-integration/TacticalGo/ios/Build/Products/Release-iphonesimulator/PackageFrameworks -F/Users/pc49-58/.codex/worktrees/cozy-02-integration/TacticalGo/ios/Build/Products/Release-iphonesimulator/PackageFrameworks -F/Users/pc49-58/.codex/worktrees/cozy-02-integration/TacticalGo/ios/Build/Products/Release-iphonesimulator -filelist /Users/pc49-58/.codex/worktrees/cozy-02-integration/TacticalGo/ios/Build/Intermediates.noindex/TacticalGo.build/Release-iphonesimulator/TacticalGo.build/Objects-normal/arm64/TacticalGo.LinkFileList -Xlinker -rpath -Xlinker /usr/lib/swift -Xlinker -dead_strip -Xlinker -object_path_lto -Xlinker /Users/pc49-58/.codex/worktrees/cozy-02-integration/TacticalGo/ios/Build/Intermediates.noindex/TacticalGo.build/Release-iphonesimulator/TacticalGo.build/Objects-normal/arm64/TacticalGo_lto.o -rdynamic -Xlinker -objc_abi_version -Xlinker 2 -Xlinker -dependency_info -Xlinker /Users/pc49-58/.codex/worktrees/cozy-02-integration/TacticalGo/ios/Build/Intermediates.noindex/TacticalGo.build/Release-iphonesimulator/TacticalGo.build/Objects-normal/arm64/TacticalGo_dependency_info.dat -fobjc-link-runtime -L/Applications/Xcode.app/Contents/Developer/Toolchains/XcodeDefault.xctoolchain/usr/lib/swift/iphonesimulator -L/usr/lib/swift -Xlinker -add_ast_path -Xlinker /Users/pc49-58/.codex/worktrees/cozy-02-integration/TacticalGo/ios/Build/Intermediates.noindex/TacticalGo.build/Release-iphonesimulator/TacticalGo.build/Objects-normal/arm64/TacticalGo.swiftmodule @/Users/pc49-58/.codex/worktrees/cozy-02-integration/TacticalGo/ios/Build/Intermediates.noindex/TacticalGo.build/Release-iphonesimulator/TacticalGo.build/Objects-normal/arm64/TacticalGo-linker-args.resp -Wl,-no_warn_duplicate_libraries -Wl,-no_warn_duplicate_libraries -Wl,-no_warn_duplicate_libraries -Wl,-no_warn_duplicate_libraries -Wl,-no_warn_duplicate_libraries -Wl,-no_warn_duplicate_libraries -o /Users/pc49-58/.codex/worktrees/cozy-02-integration/TacticalGo/ios/Build/Intermediates.noindex/TacticalGo.build/Release-iphonesimulator/TacticalGo.build/Objects-normal/arm64/Binary/TacticalGo -Xlinker -add_ast_path -Xlinker /Users/pc49-58/.codex/worktrees/cozy-02-integration/TacticalGo/ios/Build/Intermediates.noindex/TacticalGoCore.build/Release-iphonesimulator/TacticalGoOnboarding.build/Objects-normal/arm64/TacticalGoOnboarding.swiftmodule @/Users/pc49-58/.codex/worktrees/cozy-02-integration/TacticalGo/ios/Build/Intermediates.noindex/TacticalGoCore.build/Release-iphonesimulator/TacticalGoOnboarding.build/Objects-normal/arm64/TacticalGoOnboarding-linker-args.resp -Xlinker -add_ast_path -Xlinker /Users/pc49-58/.codex/worktrees/cozy-02-integration/TacticalGo/ios/Build/Intermediates.noindex/TacticalGoCore.build/Release-iphonesimulator/TacticalGoCore.build/Objects-normal/arm64/TacticalGoCore.swiftmodule @/Users/pc49-58/.codex/worktrees/cozy-02-integration/TacticalGo/ios/Build/Intermediates.noindex/TacticalGoCore.build/Release-iphonesimulator/TacticalGoCore.build/Objects-normal/arm64/TacticalGoCore-linker-args.resp -Xlinker -add_ast_path -Xlinker /Users/pc49-58/.codex/worktrees/cozy-02-integration/TacticalGo/ios/Build/Intermediates.noindex/TacticalGoCore.build/Release-iphonesimulator/TacticalGoRecords.build/Objects-normal/arm64/TacticalGoRecords.swiftmodule @/Users/pc49-58/.codex/worktrees/cozy-02-integration/TacticalGo/ios/Build/Intermediates.noindex/TacticalGoCore.build/Release-iphonesimulator/TacticalGoRecords.build/Objects-normal/arm64/TacticalGoRecords-linker-args.resp -Xlinker -add_ast_path -Xlinker /Users/pc49-58/.codex/worktrees/cozy-02-integration/TacticalGo/ios/Build/Intermediates.noindex/TacticalGoCore.build/Release-iphonesimulator/TacticalGoBot.build/Objects-normal/arm64/TacticalGoBot.swiftmodule @/Users/pc49-58/.codex/worktrees/cozy-02-integration/TacticalGo/ios/Build/Intermediates.noindex/TacticalGoCore.build/Release-iphonesimulator/TacticalGoBot.build/Objects-normal/arm64/TacticalGoBot-linker-args.resp -Xlinker -add_ast_path -Xlinker /Users/pc49-58/.codex/worktrees/cozy-02-integration/TacticalGo/ios/Build/Intermediates.noindex/TacticalGoCore.build/Release-iphonesimulator/TacticalGoVisuals.build/Objects-normal/arm64/TacticalGoVisuals.swiftmodule @/Users/pc49-58/.codex/worktrees/cozy-02-integration/TacticalGo/ios/Build/Intermediates.noindex/TacticalGoCore.build/Release-iphonesimulator/TacticalGoVisuals.build/Objects-normal/arm64/TacticalGoVisuals-linker-args.resp -Xlinker -add_ast_path -Xlinker /Users/pc49-58/.codex/worktrees/cozy-02-integration/TacticalGo/ios/Build/Intermediates.noindex/TacticalGoCore.build/Release-iphonesimulator/TacticalGoMotion.build/Objects-normal/arm64/TacticalGoMotion.swiftmodule @/Users/pc49-58/.codex/worktrees/cozy-02-integration/TacticalGo/ios/Build/Intermediates.noindex/TacticalGoCore.build/Release-iphonesimulator/TacticalGoMotion.build/Objects-normal/arm64/TacticalGoMotion-linker-args.resp

CreateUniversalBinary /Users/pc49-58/.codex/worktrees/cozy-02-integration/TacticalGo/ios/Build/Products/Release-iphonesimulator/TacticalGo.app/TacticalGo normal arm64\ x86_64 (in target 'TacticalGo' from project 'TacticalGo')
    cd /Users/pc49-58/.codex/worktrees/cozy-02-integration/TacticalGo/ios
    /Applications/Xcode.app/Contents/Developer/Toolchains/XcodeDefault.xctoolchain/usr/bin/lipo -create /Users/pc49-58/.codex/worktrees/cozy-02-integration/TacticalGo/ios/Build/Intermediates.noindex/TacticalGo.build/Release-iphonesimulator/TacticalGo.build/Objects-normal/arm64/Binary/TacticalGo /Users/pc49-58/.codex/worktrees/cozy-02-integration/TacticalGo/ios/Build/Intermediates.noindex/TacticalGo.build/Release-iphonesimulator/TacticalGo.build/Objects-normal/x86_64/Binary/TacticalGo -output /Users/pc49-58/.codex/worktrees/cozy-02-integration/TacticalGo/ios/Build/Products/Release-iphonesimulator/TacticalGo.app/TacticalGo

GenerateDSYMFile /Users/pc49-58/.codex/worktrees/cozy-02-integration/TacticalGo/ios/Build/Products/Release-iphonesimulator/TacticalGo.app.dSYM /Users/pc49-58/.codex/worktrees/cozy-02-integration/TacticalGo/ios/Build/Products/Release-iphonesimulator/TacticalGo.app/TacticalGo (in target 'TacticalGo' from project 'TacticalGo')
    cd /Users/pc49-58/.codex/worktrees/cozy-02-integration/TacticalGo/ios
    /Applications/Xcode.app/Contents/Developer/Toolchains/XcodeDefault.xctoolchain/usr/bin/dsymutil /Users/pc49-58/.codex/worktrees/cozy-02-integration/TacticalGo/ios/Build/Products/Release-iphonesimulator/TacticalGo.app/TacticalGo -o /Users/pc49-58/.codex/worktrees/cozy-02-integration/TacticalGo/ios/Build/Products/Release-iphonesimulator/TacticalGo.app.dSYM

CopySwiftLibs /Users/pc49-58/.codex/worktrees/cozy-02-integration/TacticalGo/ios/Build/Products/Release-iphonesimulator/TacticalGo.app (in target 'TacticalGo' from project 'TacticalGo')
    cd /Users/pc49-58/.codex/worktrees/cozy-02-integration/TacticalGo/ios
    builtin-swiftStdLibTool --copy --verbose --scan-executable /Users/pc49-58/.codex/worktrees/cozy-02-integration/TacticalGo/ios/Build/Products/Release-iphonesimulator/TacticalGo.app/TacticalGo --scan-folder /Users/pc49-58/.codex/worktrees/cozy-02-integration/TacticalGo/ios/Build/Products/Release-iphonesimulator/TacticalGo.app/Frameworks --scan-folder /Users/pc49-58/.codex/worktrees/cozy-02-integration/TacticalGo/ios/Build/Products/Release-iphonesimulator/TacticalGo.app/PlugIns --scan-folder /Users/pc49-58/.codex/worktrees/cozy-02-integration/TacticalGo/ios/Build/Products/Release-iphonesimulator/TacticalGo.app/SystemExtensions --scan-folder /Users/pc49-58/.codex/worktrees/cozy-02-integration/TacticalGo/ios/Build/Products/Release-iphonesimulator/TacticalGo.app/Extensions --platform iphonesimulator --toolchain /Applications/Xcode.app/Contents/Developer/Toolchains/XcodeDefault.xctoolchain --destination /Users/pc49-58/.codex/worktrees/cozy-02-integration/TacticalGo/ios/Build/Products/Release-iphonesimulator/TacticalGo.app/Frameworks --strip-bitcode --strip-bitcode-tool /Applications/Xcode.app/Contents/Developer/Toolchains/XcodeDefault.xctoolchain/usr/bin/bitcode_strip --emit-dependency-info /Users/pc49-58/.codex/worktrees/cozy-02-integration/TacticalGo/ios/Build/Intermediates.noindex/TacticalGo.build/Release-iphonesimulator/TacticalGo.build/SwiftStdLibToolInputDependencies.dep --filter-for-swift-os --back-deploy-swift-span
Ignoring --strip-bitcode because --sign was not passed

ExtractAppIntentsMetadata (in target 'TacticalGo' from project 'TacticalGo')
    cd /Users/pc49-58/.codex/worktrees/cozy-02-integration/TacticalGo/ios
    /Applications/Xcode.app/Contents/Developer/Toolchains/XcodeDefault.xctoolchain/usr/bin/appintentsmetadataprocessor --toolchain-dir /Applications/Xcode.app/Contents/Developer/Toolchains/XcodeDefault.xctoolchain --module-name TacticalGo --sdk-root /Applications/Xcode.app/Contents/Developer/Platforms/iPhoneSimulator.platform/Developer/SDKs/iPhoneSimulator26.5.sdk --xcode-version 17F113 --platform-family iOS --deployment-target 17.0 --bundle-identifier com.tacticalgo.prototype --output /Users/pc49-58/.codex/worktrees/cozy-02-integration/TacticalGo/ios/Build/Products/Release-iphonesimulator/TacticalGo.app --target-triple arm64-apple-ios17.0-simulator --target-triple x86_64-apple-ios17.0-simulator --binary-file /Users/pc49-58/.codex/worktrees/cozy-02-integration/TacticalGo/ios/Build/Products/Release-iphonesimulator/TacticalGo.app/TacticalGo --dependency-file /Users/pc49-58/.codex/worktrees/cozy-02-integration/TacticalGo/ios/Build/Intermediates.noindex/TacticalGo.build/Release-iphonesimulator/TacticalGo.build/Objects-normal/arm64/TacticalGo_dependency_info.dat --dependency-file /Users/pc49-58/.codex/worktrees/cozy-02-integration/TacticalGo/ios/Build/Intermediates.noindex/TacticalGo.build/Release-iphonesimulator/TacticalGo.build/Objects-normal/x86_64/TacticalGo_dependency_info.dat --stringsdata-file /Users/pc49-58/.codex/worktrees/cozy-02-integration/TacticalGo/ios/Build/Intermediates.noindex/TacticalGo.build/Release-iphonesimulator/TacticalGo.build/Objects-normal/arm64/ExtractedAppShortcutsMetadata.stringsdata --stringsdata-file /Users/pc49-58/.codex/worktrees/cozy-02-integration/TacticalGo/ios/Build/Intermediates.noindex/TacticalGo.build/Release-iphonesimulator/TacticalGo.build/Objects-normal/x86_64/ExtractedAppShortcutsMetadata.stringsdata --source-file-list /Users/pc49-58/.codex/worktrees/cozy-02-integration/TacticalGo/ios/Build/Intermediates.noindex/TacticalGo.build/Release-iphonesimulator/TacticalGo.build/Objects-normal/arm64/TacticalGo.SwiftFileList --source-file-list /Users/pc49-58/.codex/worktrees/cozy-02-integration/TacticalGo/ios/Build/Intermediates.noindex/TacticalGo.build/Release-iphonesimulator/TacticalGo.build/Objects-normal/x86_64/TacticalGo.SwiftFileList --metadata-file-list /Users/pc49-58/.codex/worktrees/cozy-02-integration/TacticalGo/ios/Build/Intermediates.noindex/TacticalGo.build/Release-iphonesimulator/TacticalGo.build/TacticalGo.DependencyMetadataFileList --static-metadata-file-list /Users/pc49-58/.codex/worktrees/cozy-02-integration/TacticalGo/ios/Build/Intermediates.noindex/TacticalGo.build/Release-iphonesimulator/TacticalGo.build/TacticalGo.DependencyStaticMetadataFileList --swift-const-vals-list /Users/pc49-58/.codex/worktrees/cozy-02-integration/TacticalGo/ios/Build/Intermediates.noindex/TacticalGo.build/Release-iphonesimulator/TacticalGo.build/Objects-normal/arm64/TacticalGo.SwiftConstValuesFileList --swift-const-vals-list /Users/pc49-58/.codex/worktrees/cozy-02-integration/TacticalGo/ios/Build/Intermediates.noindex/TacticalGo.build/Release-iphonesimulator/TacticalGo.build/Objects-normal/x86_64/TacticalGo.SwiftConstValuesFileList --compile-time-extraction --deployment-aware-processing --validate-assistant-intents --no-app-shortcuts-localization
2026-10-10 17:20:06.611 appintentsmetadataprocessor[15379:1392631] Starting appintentsmetadataprocessor export
2026-10-10 17:20:06.622 appintentsmetadataprocessor[15379:1392631] warning: Metadata extraction skipped. No AppIntents.framework dependency found.

AppIntentsSSUTraining (in target 'TacticalGo' from project 'TacticalGo')
    cd /Users/pc49-58/.codex/worktrees/cozy-02-integration/TacticalGo/ios
    /Applications/Xcode.app/Contents/Developer/Toolchains/XcodeDefault.xctoolchain/usr/bin/appintentsnltrainingprocessor --infoplist-path /Users/pc49-58/.codex/worktrees/cozy-02-integration/TacticalGo/ios/Build/Products/Release-iphonesimulator/TacticalGo.app/Info.plist --temp-dir-path /Users/pc49-58/.codex/worktrees/cozy-02-integration/TacticalGo/ios/Build/Intermediates.noindex/TacticalGo.build/Release-iphonesimulator/TacticalGo.build/ssu --bundle-id com.tacticalgo.prototype --product-path /Users/pc49-58/.codex/worktrees/cozy-02-integration/TacticalGo/ios/Build/Products/Release-iphonesimulator/TacticalGo.app --extracted-metadata-path /Users/pc49-58/.codex/worktrees/cozy-02-integration/TacticalGo/ios/Build/Products/Release-iphonesimulator/TacticalGo.app/Metadata.appintents --metadata-file-list /Users/pc49-58/.codex/worktrees/cozy-02-integration/TacticalGo/ios/Build/Intermediates.noindex/TacticalGo.build/Release-iphonesimulator/TacticalGo.build/TacticalGo.DependencyMetadataFileList --source-file /Users/pc49-58/.codex/worktrees/cozy-02-integration/TacticalGo/ios/Build/Products/Release-iphonesimulator/TacticalGo.app/Info.plist --archive-ssu-assets
2026-10-10 17:20:06.723 appintentsnltrainingprocessor[15380:1392635] Parsing options for appintentsnltrainingprocessor
2026-10-10 17:20:06.724 appintentsnltrainingprocessor[15380:1392635] Starting AppIntents SSU YAML Generation
2026-10-10 17:20:06.736 appintentsnltrainingprocessor[15380:1392635] No AppShortcuts found - Skipping.

RegisterExecutionPolicyException /Users/pc49-58/.codex/worktrees/cozy-02-integration/TacticalGo/ios/Build/Products/Release-iphonesimulator/TacticalGo.app (in target 'TacticalGo' from project 'TacticalGo')
    cd /Users/pc49-58/.codex/worktrees/cozy-02-integration/TacticalGo/ios
    builtin-RegisterExecutionPolicyException /Users/pc49-58/.codex/worktrees/cozy-02-integration/TacticalGo/ios/Build/Products/Release-iphonesimulator/TacticalGo.app

Validate /Users/pc49-58/.codex/worktrees/cozy-02-integration/TacticalGo/ios/Build/Products/Release-iphonesimulator/TacticalGo.app (in target 'TacticalGo' from project 'TacticalGo')
    cd /Users/pc49-58/.codex/worktrees/cozy-02-integration/TacticalGo/ios
    builtin-validationUtility /Users/pc49-58/.codex/worktrees/cozy-02-integration/TacticalGo/ios/Build/Products/Release-iphonesimulator/TacticalGo.app -shallow-bundle -infoplist-subpath Info.plist

Touch /Users/pc49-58/.codex/worktrees/cozy-02-integration/TacticalGo/ios/Build/Products/Release-iphonesimulator/TacticalGo.app (in target 'TacticalGo' from project 'TacticalGo')
    cd /Users/pc49-58/.codex/worktrees/cozy-02-integration/TacticalGo/ios
    /usr/bin/touch -c /Users/pc49-58/.codex/worktrees/cozy-02-integration/TacticalGo/ios/Build/Products/Release-iphonesimulator/TacticalGo.app

** BUILD SUCCEEDED **
